date,equity,cash,exposure,positions,benchmark
1996-01-03,1.0,1.0,0.0,0,1.0074351970440558
1996-01-04,1.0,1.0,0.0,0,0.9747021954232736
1996-01-05,1.0,1.0,0.0,0,0.9709052579083975
1996-01-06,1.0,1.0,0.0,0,0.972877398587766
1996-01-08,1.0,1.0,0.0,0,0.9824547484387219
1996-01-09,1.0,1.0,0.0,0,0.9996599757449365
1996-01-10,1.0,1.0,0.0,0,1.003944281358737
1996-01-11,1.0,1.0,0.0,0,1.0018928016865203
1996-01-12,1.0,1.0,0.0,0,0.9958630382300604
1996-01-13,1.0,1.0,0.0,0,0.991125366942842
1996-01-15,1.0,1.0,0.0,0,0.9809246392909362
1996-01-16,1.0,1.0,0.0,0,0.9841095331466978
1996-01-17,1.0,1.0,0.0,0,0.9714039601491573
1996-01-18,1.0,1.0,0.0,0,0.9624273198154802
1996-01-19,1.0,1.0,0.0,0,0.961214566639087
1996-01-20,1.0,1.0,0.0,0,0.9551508007571208
1996-01-22,1.0,1.0,0.0,0,0.9552414738918042
1996-01-23,1.0,1.0,0.0,0,0.9643427897856715
1996-01-24,1.0,1.0,0.0,0,0.9810266465674551
1996-01-25,1.0,1.0,0.0,0,0.9839961917283433
1996-01-26,1.0,1.0,0.0,0,0.9831007945233426
1996-01-27,1.0,1.0,0.0,0,0.98014258350429
1996-01-29,1.0,1.0,0.0,0,0.9896405943623978
1996-01-30,1.0,1.0,0.0,0,0.9922474469845517
1996-01-31,1.0,1.0,0.0,0,0.9960670527830986
1996-02-01,1.0,1.0,0.0,0,1.003218896281268
1996-02-02,1.0,1.0,0.0,0,0.9990819345113285
1996-02-03,1.0,1.0,0.0,0,1.0026521891894955
1996-02-05,1.0,1.0,0.0,0,1.0095093449999433
1996-02-06,1.0,1.0,0.0,0,0.9987759126817713
1996-02-07,1.0,1.0,0.0,0,1.0016774529916468
1996-02-08,1.0,1.0,0.0,0,1.007616543313423
1996-02-09,1.0,1.0,0.0,0,0.9995353001847466
1996-02-10,1.0,1.0,0.0,0,0.9919754275805008
1996-02-12,1.0,1.0,0.0,0,0.9805392784685308
1996-02-13,1.0,1.0,0.0,0,0.9726733840347278
1996-02-14,1.0,1.0,0.0,0,0.9860476714005599
1996-02-15,1.0,1.0,0.0,0,0.9853336204649266
1996-02-16,1.0,1.0,0.0,0,0.995171655578098
1996-02-17,1.0,1.0,0.0,0,1.007990569993993
1996-02-21,1.0,1.0,0.0,0,1.0010654093325324
1996-02-22,1.0,1.0,0.0,0,0.999217944213354
1996-02-23,1.0,1.0,0.0,0,0.9934942025864512
1996-02-24,1.0,1.0,0.0,0,0.9844948939691032
1996-02-26,1.0,1.0,0.0,0,0.973659454374412
1996-02-27,1.0,1.0,0.0,0,0.974588854004919
1996-02-28,1.0,1.0,0.0,0,0.9693071439095989
1996-02-29,1.0,1.0,0.0,0,0.9666096181527617
1996-03-02,1.0,1.0,0.0,0,0.9707805823482075
1996-03-04,1.0,1.0,0.0,0,0.969182468349409
1996-03-05,1.0,1.0,0.0,0,0.9721520135102971
1996-03-06,1.0,1.0,0.0,0,0.9646034750478867
1996-03-07,1.0,1.0,0.0,0,0.9545840936653482
1996-03-08,1.0,1.0,0.0,0,0.9624386539573156
1996-03-09,1.0,1.0,0.0,0,0.9788504913350486
1996-03-11,1.0,1.0,0.0,0,0.9614299153339605
1996-03-12,1.0,1.0,0.0,0,0.9570776048691473
1996-03-13,1.0,1.0,0.0,0,0.9507871561504722
1996-03-14,1.0,1.0,0.0,0,0.9570889390109828
1996-03-15,1.0,1.0,0.0,0,0.9707465799227012
1996-03-16,1.0,1.0,0.0,0,0.9708599213410557
1996-03-18,0.9996441330939431,0.9,0.09967960576684422,1,0.9684570832719401
1996-03-19,1.0003053486390154,0.9,0.10027472988671696,1,0.9748835416926408
1996-03-20,1.0014540211467693,0.9,0.10130671903498266,1,0.9860476714005599
1996-03-21,1.001246443779886,0.9,0.10112040288269321,1,0.9840301941538497
1996-03-22,1.0016942511331626,0.9,0.1015222469512242,1,0.9883825046186628
1996-03-23,1.0013117490189054,0.9,0.1011790275288107,1,0.9846649060966349
1996-03-25,1.0006715244435178,0.9,0.10060396642095124,1,0.9784424622289724
1996-03-26,1.0001817351508715,0.9,0.10016353191628682,1,0.9736821226580831
1996-03-27,0.9999648284641282,0.9,0.09996834450434287,1,0.9715739722766892
1996-03-28,0.9998890277402661,0.9,0.09990011388165126,1,0.9708372530573848
1996-03-29,1.0010785160224072,0.9,0.10096961867089427,1,0.9823980777295447
1996-03-30,1.0019414781094507,0.9,0.10174394446849591,1,0.9907853426877784
1996-04-01,1.0024440952169045,0.9,0.10219432256193595,1,0.9956703578188578
1996-04-02,1.0031437942063992,0.9,0.10282054756466649,1,1.0024708429201283
1996-04-03,1.0031764468259088,0.9,0.10284975006377327,1,1.002788198891521
1996-04-04,1.0027974432065991,0.9,0.10251067541405826,1,0.9991046027949995
1996-04-06,1.0022563426547233,0.9,0.10202613673052158,1,0.9938455609833502
1996-04-08,1.0022761674594256,0.9,0.10204389845832187,1,0.9940382413945528
1996-04-09,1.0014353625070496,0.9,0.1012899746750609,1,0.9858663251311928
1996-04-10,1.0011568426596211,1.0011568426596211,0.0,0,0.9851296059118884
1996-04-12,1.0011568426596211,1.0011568426596211,0.0,0,1.0085346088020946
1996-04-13,1.0011568426596211,1.0011568426596211,0.0,0,1.015051740357479
1996-04-15,1.0011568426596211,1.0011568426596211,0.0,0,1.0292420859354634
1996-04-16,1.0011568426596211,1.0011568426596211,0.0,0,1.0288340568293872
1996-04-17,1.0011568426596211,1.0011568426596211,0.0,0,1.0454612429019936
1996-04-18,1.0011568426596211,1.0011568426596211,0.0,0,1.061884414421562
1996-04-19,1.0011568426596211,1.0011568426596211,0.0,0,1.0748960092486597
1996-04-20,1.0011568426596211,1.0011568426596211,0.0,0,1.0673248025025786
1996-04-22,1.0011568426596211,1.0011568426596211,0.0,0,1.077434857019801
1996-04-23,1.0011568426596211,1.0011568426596211,0.0,0,1.0660327103333371
1996-04-24,1.0011568426596211,1.0011568426596211,0.0,0,1.0842353421210713
1996-04-25,1.0011568426596211,1.0011568426596211,0.0,0,1.0933933287241158
1996-04-26,1.0011568426596211,1.0011568426596211,0.0,0,1.0932573190220904
1996-04-27,1.0011568426596211,1.0011568426596211,0.0,0,1.0976549660542454
1996-04-29,1.0011568426596211,1.0011568426596211,0.0,0,1.116446973217423
1996-04-30,1.0011568426596211,1.0011568426596211,0.0,0,1.1117659726393816
1996-05-02,1.0011568426596211,1.0011568426596211,0.0,0,1.0898004057622777
1996-05-03,1.0011568426596211,1.0011568426596211,0.0,0,1.0945040746239898
1996-05-04,1.0011568426596211,1.0011568426596211,0.0,0,1.093347992156774
1996-05-06,1.0011568426596211,1.0011568426596211,0.0,0,1.1040587561912751
1996-05-07,1.0011568426596211,1.0011568426596211,0.0,0,1.1184984528896396
1996-05-08,1.0011568426596211,1.0011568426596211,0.0,0,1.1070623037776695
1996-05-09,1.0011568426596211,1.0011568426596211,0.0,0,1.0871028800054403
1996-05-10,1.0011568426596211,1.0011568426596211,0.0,0,1.0946854208933572
1996-05-11,1.0011568426596211,1.0011568426596211,0.0,0,1.100137143116209
1996-05-13,1.0011568426596211,1.0011568426596211,0.0,0,1.1093064638610888
1996-05-14,1.0011568426596211,1.0011568426596211,0.0,0,1.0927359484976595
1996-05-15,1.0011568426596211,1.0011568426596211,0.0,0,1.0860034682474016
1996-05-16,1.0011568426596211,1.0011568426596211,0.0,0,1.0664974101485907
1996-05-17,1.0011568426596211,1.0011568426596211,0.0,0,1.06258713121536
1996-05-18,0.9999749165848582,0.9010411583936591,0.09893623984997583,1,1.0527150936766823
1996-05-20,1.0006427833633453,0.9010411583936591,0.09953764382820686,1,1.05982160060751
1996-05-21,0.9990247775634699,0.9010411583936591,0.09807926827278886,1,1.0426050391594601
1996-05-22,0.9994636310128107,0.9010411583936591,0.09847529171163012,1,1.047274705595666
1996-05-23,0.9988362410087773,0.9010411583936591,0.09790902512342747,1,1.0405988960545853
1996-05-25,0.9981598528040894,0.9010411583936591,0.09729773656754356,1,1.0334017159890738
1996-05-27,0.9990833623686003,0.9010411583936591,0.09813215560161603,1,1.0432284169604098
1996-05-28,0.9975686788614094,0.9010411583936591,0.09676278186472692,1,1.0271112672703988
1996-05-29,0.9962989863574914,0.9010411583936591,0.09561168812596982,1,1.013600970202541
1996-05-30,0.9967538174809587,0.9010411583936591,0.0960243717241926,1,1.0184406487662787
1996-05-31,0.9972363432395785,0.9010411583936591,0.09646177207443522,1,1.023575015017738
1996-06-01,0.997757215416102,0.9010411583936591,0.09693345788745683,1,1.0291174103752736
1996-06-03,0.9966110835920954,0.9010411583936591,0.09589490501547776,1,1.0169218737603283
1996-06-04,0.9979116662659914,0.9010411583936591,0.09707322917148023,1,1.0307608609414138
1996-06-05,0.9983185643670791,0.9010411583936591,0.09744124715850867,1,1.0350905031225561
1996-06-07,0.9977412377419754,0.9010411583936591,0.09691899631928806,1,1.0289473982477417
1996-06-08,0.9972608423399059,0.9010411583936591,0.09648396874832,1,1.0238357002799534
1996-06-10,0.9960731685631704,0.9010411583936591,0.09540665602567573,1,1.0111981321334256
1996-06-11,0.9956992909886107,0.9010411583936591,0.0950669880471315,1,1.0072198483491823
1996-06-12,0.9938781961684482,0.9938781961684482,0.0,0,0.9898219406317651
1996-06-13,0.9938781961684482,0.9938781961684482,0.0,0,0.9913747180632219
1996-06-14,0.9938781961684482,0.9938781961684482,0.0,0,0.977603735733149
1996-06-15,0.9938781961684482,0.9938781961684482,0.0,0,0.9741581566151719
1996-06-17,0.9938781961684482,0.9938781961684482,0.0,0,0.9706899092135238
1996-06-18,0.9938781961684482,0.9938781961684482,0.0,0,0.977354384612769
1996-06-19,0.9938781961684482,0.9938781961684482,0.0,0,0.985571637443471
1996-06-20,0.9938781961684482,0.9938781961684482,0.0,0,0.9766856702444775
1996-06-21,0.9938781961684482,0.9938781961684482,0.0,0,0.9795758764125174
1996-06-22,0.9938781961684482,0.9938781961684482,0.0,0,0.9706105702206758
1996-06-24,0.9938781961684482,0.9938781961684482,0.0,0,0.9548787813530699
1996-06-25,0.9938781961684482,0.9938781961684482,0.0,0,0.9485996667762301
1996-06-26,0.9938781961684482,0.9938781961684482,0.0,0,0.9335139239932448
1996-06-27,0.9938781961684482,0.9938781961684482,0.0,0,0.9294563012161534
1996-06-28,0.9938781961684482,0.9938781961684482,0.0,0,0.9334005825748903
1996-06-29,0.9938781961684482,0.9938781961684482,0.0,0,0.9264867560552652
1996-07-01,0.9938781961684482,0.9938781961684482,0.0,0,0.945029412098063
1996-07-02,0.9938781961684482,0.9938781961684482,0.0,0,0.9497217468179396
1996-07-03,0.9938781961684482,0.9938781961684482,0.0,0,0.9500731052148387
1996-07-04,0.9938781961684482,0.9938781961684482,0.0,0,0.9537793695950312
1996-07-05,0.9938781961684482,0.9938781961684482,0.0,0,0.9578709947976289
1996-07-06,0.9938781961684482,0.9938781961684482,0.0,0,0.9638440875449116
1996-07-08,0.9938781961684482,0.9938781961684482,0.0,0,0.9611238935044034
1996-07-09,0.9938781961684482,0.9938781961684482,0.0,0,0.972526040190867
1996-07-10,0.9938781961684482,0.9938781961684482,0.0,0,0.9733647666866904
1996-07-11,0.9938781961684482,0.9938781961684482,0.0,0,0.9604438449942763
1996-07-12,0.9938781961684482,0.9938781961684482,0.0,0,0.95186389962484
1996-07-13,0.9938781961684482,0.9938781961684482,0.0,0,0.946740867515216
1996-07-15,0.9938781961684482,0.9938781961684482,0.0,0,0.9227238209658957
1996-07-16,0.9938781961684482,0.9938781961684482,0.0,0,0.9210803703997552
1996-07-18,0.9938781961684482,0.9938781961684482,0.0,0,0.9253986784390621
1996-07-19,0.9938781961684482,0.9938781961684482,0.0,0,0.9491097031588254
1996-07-20,0.9938781961684482,0.9938781961684482,0.0,0,0.9521245848870553
1996-07-22,0.9938781961684482,0.9938781961684482,0.0,0,0.9506511464484467
1996-07-23,0.9938781961684482,0.9938781961684482,0.0,0,0.9506851488739531
1996-07-24,0.9938781961684482,0.9938781961684482,0.0,0,0.943544639517619
1996-07-25,0.9938781961684482,0.9938781961684482,0.0,0,0.9297283206202043
1996-07-26,0.9938781961684482,0.9938781961684482,0.0,0,0.922633147831212
1996-07-27,0.9938781961684482,0.9938781961684482,0.0,0,0.9118883813712044
1996-07-29,0.9938781961684482,0.9938781961684482,0.0,0,0.9125684298813316
1996-07-30,0.9938781961684482,0.9938781961684482,0.0,0,0.9149826020922825
1996-07-31,0.9938781961684482,0.9938781961684482,0.0,0,0.9313377687608384
1996-08-01,0.9938781961684482,0.9938781961684482,0.0,0,0.9467068650897098
1996-08-02,0.9938781961684482,0.9938781961684482,0.0,0,0.9364608008704621
1996-08-03,0.9938781961684482,0.9938781961684482,0.0,0,0.9340239603758402
1996-08-05,0.9938781961684482,0.9938781961684482,0.0,0,0.9342733114962201
1996-08-06,0.9938781961684482,0.9938781961684482,0.0,0,0.9385236146845142
1996-08-07,0.9938781961684482,0.9938781961684482,0.0,0,0.9453014315021139
1996-08-08,0.9938781961684482,0.9938781961684482,0.0,0,0.9488943544639519
1996-08-09,0.9938781961684482,0.9938781961684482,0.0,0,0.9436919833614799
1996-08-10,0.9938781961684482,0.9938781961684482,0.0,0,0.9484069863650274
1996-08-12,0.9938781961684482,0.9938781961684482,0.0,0,0.9497897516689524
1996-08-13,0.9938781961684482,0.9938781961684482,0.0,0,0.9446213829919867
1996-08-14,0.9938781961684482,0.9938781961684482,0.0,0,0.9360187693388796
1996-08-16,0.9938781961684482,0.9938781961684482,0.0,0,0.923687223021909
1996-08-17,0.9938781961684482,0.9938781961684482,0.0,0,0.9188475444581714
1996-08-19,0.9938781961684482,0.9938781961684482,0.0,0,0.9073207222115178
1996-08-20,0.9938781961684482,0.9938781961684482,0.0,0,0.8998288544582846
1996-08-21,0.9938781961684482,0.9938781961684482,0.0,0,0.8943998005191037
1996-08-22,0.9938781961684482,0.9938781961684482,0.0,0,0.8836436999172608
1996-08-23,0.9938781961684482,0.9938781961684482,0.0,0,0.8856725113058065
1996-08-24,0.9938781961684482,0.9938781961684482,0.0,0,0.8864772353761236
1996-08-26,0.9938781961684482,0.9938781961684482,0.0,0,0.8692040032188963
1996-08-27,0.9938781961684482,0.9938781961684482,0.0,0,0.8633782543154745
1996-08-28,0.9938781961684482,0.9938781961684482,0.0,0,0.8538575751736958
1996-08-29,0.9938781961684482,0.9938781961684482,0.0,0,0.8683766108649084
1996-08-30,0.9938781961684482,0.9938781961684482,0.0,0,0.887315961871947
1996-08-31,0.9938781961684482,0.9938781961684482,0.0,0,0.8857518502986547
1996-09-02,0.9938781961684482,0.9938781961684482,0.0,0,0.8775572657516236
1996-09-03,0.9938781961684482,0.9938781961684482,0.0,0,0.8725022384930124
1996-09-04,0.9938781961684482,0.9938781961684482,0.0,0,0.8972560042616373
1996-09-05,0.9938781961684482,0.9938781961684482,0.0,0,0.8921556404356844
1996-09-06,0.9938781961684482,0.9938781961684482,0.0,0,0.8886533906085301
1996-09-07,0.9938781961684482,0.9938781961684482,0.0,0,0.8900248217706197
1996-09-09,0.9938781961684482,0.9938781961684482,0.0,0,0.9037618016751862
1996-09-10,0.9938781961684482,0.9938781961684482,0.0,0,0.9101769259540514
1996-09-11,0.9938781961684482,0.9938781961684482,0.0,0,0.9083747974022148
1996-09-12,0.9938781961684482,0.9938781961684482,0.0,0,0.9039771503700599
1996-09-13,0.9938781961684482,0.9938781961684482,0.0,0,0.8899454827777716
1996-09-14,0.9938781961684482,0.9938781961684482,0.0,0,0.8860238697027055
1996-09-16,0.9938781961684482,0.9938781961684482,0.0,0,0.8861938818302373
1996-09-17,0.9938781961684482,0.9938781961684482,0.0,0,0.8860578721282119
1996-09-18,0.9938781961684482,0.9938781961684482,0.0,0,0.8864432329506172
1996-09-19,0.9938781961684482,0.9938781961684482,0.0,0,0.8762991760078885
1996-09-20,0.9938781961684482,0.9938781961684482,0.0,0,0.8606580602749664
1996-09-21,0.9938781961684482,0.9938781961684482,0.0,0,0.870881456210543
1996-09-23,0.9938781961684482,0.9938781961684482,0.0,0,0.8718221899828855
1996-09-24,0.9938781961684482,0.9938781961684482,0.0,0,0.8816942275215632
1996-09-25,0.9938781961684482,0.9938781961684482,0.0,0,0.8990354645298032
1996-09-30,0.9938781961684482,0.9938781961684482,0.0,0,0.8950231783200535
1996-10-01,0.9938781961684482,0.9938781961684482,0.0,0,0.8947964954833445
1996-10-02,0.9938781961684482,0.9938781961684482,0.0,0,0.8999421958766393
1996-10-04,0.9938781961684482,0.9938781961684482,0.0,0,0.8800167745299164
1996-10-05,0.9938781961684482,0.9938781961684482,0.0,0,0.8810141790114361
1996-10-07,0.9938781961684482,0.9938781961684482,0.0,0,0.9014383025989188
1996-10-08,0.9938781961684482,0.9938781961684482,0.0,0,0.904033821079237
1996-10-09,0.9938781961684482,0.9938781961684482,0.0,0,0.9268834510195061
1996-10-10,0.9938781961684482,0.9938781961684482,0.0,0,0.9409717893209717
1996-10-11,0.9938781961684482,0.9938781961684482,0.0,0,0.9446213829919867
1996-10-12,0.9938781961684482,0.9938781961684482,0.0,0,0.9529746455247141
1996-10-14,0.9938781961684482,0.9938781961684482,0.0,0,0.9546520985163608
1996-10-15,0.9938781961684482,0.9938781961684482,0.0,0,0.9391583266272995
1996-10-16,0.9938781961684482,0.9938781961684482,0.0,0,0.9465935236713552
1996-10-17,0.9938781961684482,0.9938781961684482,0.0,0,0.9517618923483209
1996-10-18,0.9938781961684482,0.9938781961684482,0.0,0,0.9410171258883134
1996-10-19,0.9938781961684482,0.9938781961684482,0.0,0,0.9420712010790103
1996-10-21,0.9938781961684482,0.9938781961684482,0.0,0,0.9437033175033153
1996-10-22,0.9938781961684482,0.9938781961684482,0.0,0,0.928515567443811
1996-10-23,0.9938781961684482,0.9938781961684482,0.0,0,0.9203096487549446
1996-10-24,0.9928447514270016,0.8944903765516034,0.09906319667202237,1,0.9117637058110146
1996-10-25,0.9915414129105532,0.8944903765516034,0.09787895401571571,1,0.8996815106144238
1996-10-26,0.9913005520402527,0.8944903765516034,0.09765976150159376,1,0.89744868467284
1996-10-28,0.9898663906145548,0.8944903765516034,0.09635241176714525,1,0.8841537362998562
1996-10-29,0.9881840324544863,0.8944903765516034,0.09481397475140674,1,0.8685579571342756
1996-10-30,0.9870555320317078,0.8944903765516034,0.09377907572188242,1,0.8580965442201545
1996-10-31,0.9871166642322917,0.8944903765516034,0.09383519804391754,1,0.858663251311927
1996-11-01,0.9883735422762964,0.8944903765516034,0.09498753427623448,1,0.8703147491187705
1996-11-02,0.9881118964577973,0.8944903765516034,0.09474789266459621,1,0.867889242765984
1996-11-04,0.9858732352724155,0.8944903765516034,0.09269230104980113,1,0.8471364290652733
1996-11-05,0.982542618012981,0.7959371647922876,0.18992097625044504,2,0.8315293157578574
1996-11-06,0.9860119813087356,0.7959371647922876,0.1927713051358273,2,0.8469890852214125
1996-11-07,0.9846054139314978,0.7959371647922876,0.19161813094838057,2,0.8407213047864082
1996-11-08,0.983931380739874,0.7959371647922876,0.19106435634385688,2,0.8377177572000136
1996-11-09,0.9818228014347563,0.7959371647922876,0.18932707243183858,2,0.8283217536184249
1996-11-11,0.9814946871641168,0.7959371647922876,0.18905606397928665,2,0.8268596493216516
1996-11-12,0.9873473300845941,0.7959371647922876,0.19386305047880853,2,0.8529395096850242
1996-11-13,0.986019611873169,0.7959371647922876,0.19277755208111577,2,0.8470230876469189
1996-11-14,0.9849284411591817,0.7959371647922876,0.19188325615256532,2,0.8421607407995104
1996-11-15,0.9865915702369789,0.8874874548293469,0.10045100566167138,1,0.8503893277720478
1996-11-16,0.9879821212303501,0.788819051663386,0.2015857020964541,2,0.8576205102630654
1996-11-18,0.9864423430483596,0.788819051663386,0.20033942457728152,2,0.8509900372893268
1996-11-19,0.9854500415532991,0.788819051663386,0.19953420427074803,2,0.8467170658173616
1996-11-20,0.9846841006114885,0.788819051663386,0.1989115583632054,2,0.8434188305432454
1996-11-21,0.9848867722696308,0.788819051663386,0.19907640769142923,2,0.8442915594645751
1996-11-22,0.9813413343018681,0.788819051663386,0.1961827917657658,2,0.8290244704122228
1996-11-25,0.9773958172167335,0.788819051663386,0.1929379707090883,2,0.8120345918008819
1996-11-26,0.9772694764428266,0.788819051663386,0.19283363424526806,2,0.8114905529927802
1996-11-27,0.9790198225813286,0.788819051663386,0.19427673120698472,2,0.8190277573133551
1996-11-28,0.9825890485995011,0.885962477694307,0.09833874196228568,1,0.8352355801380499
1996-11-29,0.9821406106788371,0.885962477694307,0.09792705030092744,1,0.8313593036303256
1996-11-30,0.9812201328416845,0.885962477694307,0.09708082005156625,1,0.8234027360618391
1996-12-02,0.9813971478103677,0.885962477694307,0.09724367991998815,1,0.8249328452096251
1996-12-03,0.9811034340845527,0.885962477694307,0.09697342103283911,1,0.8223939974384841
1996-12-04,0.9798289263100337,0.885962477694307,0.09579881354311624,1,0.8113772115744257
1996-12-05,0.9785740868653685,0.885962477694307,0.09463934352453675,1,0.8005304378378991
1996-12-06,0.977733593569621,0.885962477694307,0.09386106448512778,1,0.7932652529213751
1996-12-07,0.977237951657308,0.885962477694307,0.09340148303512566,1,0.7889809473075746
1996-12-09,0.9767213301931512,0.885962477694307,0.09292195193576468,1,0.7845152954244069
1996-12-10,0.9779347796044723,0.9779347796044723,0.0,0,0.7965974906209977
1996-12-11,0.9779347796044723,0.9779347796044723,0.0,0,0.798694306860556
1996-12-12,0.9779347796044723,0.9779347796044723,0.0,0,0.7813530698523161
1996-12-13,0.9779347796044723,0.9779347796044723,0.0,0,0.7810017114554172
1996-12-14,0.9779347796044723,0.9779347796044723,0.0,0,0.7790409049178842
1996-12-16,0.9779347796044723,0.9779347796044723,0.0,0,0.763830486574709
1996-12-17,0.9779347796044723,0.9779347796044723,0.0,0,0.7518502986546374
1996-12-18,0.9779347796044723,0.9779347796044723,0.0,0,0.749628806854889
1996-12-19,0.9779347796044723,0.9779347796044723,0.0,0,0.7831551984041529
1996-12-20,0.9779347796044723,0.9779347796044723,0.0,0,0.7943759988212493
1996-12-21,0.9768577296999088,0.880141301644025,0.09900769079812173,1,0.7856147071824457
1996-12-23,0.9756954135073568,0.880141301644025,0.0979343661356785,1,0.776173367033515
1996-12-24,0.9747117005232642,0.880141301644025,0.09702397009133051,1,0.7681827970395222
1996-12-26,0.9720954425868475,0.880141301644025,0.094593737316701,1,0.7469312810980517
1996-12-27,0.9710084746228642,0.880141301644025,0.09358020589277727,1,0.7381019846082354
1997-01-03,0.9713670763773491,0.880141301644025,0.0939148309139164,1,0.7410148590599462
1997-01-04,0.9699187159837489,0.880141301644025,0.09256179189063926,1,0.7292500198347482
1997-01-06,0.9676108276494378,0.880141301644025,0.09039742374307405,1,0.7105033492389125
1997-01-07,0.9654034036198853,0.880141301644025,0.08831758999000903,1,0.692572736855229
1997-01-08,0.9668489733383534,0.880141301644025,0.08968067825002958,1,0.7043149077967562
1997-01-09,0.9694247664853534,0.880141301644025,0.09209942630723712,1,0.7252377336249987
1997-01-10,0.9720841875678354,0.7832250573417322,0.1942826893405506,2,0.7352344467238664
1997-01-11,0.9752430485999976,0.7832250573417322,0.196892448025049,2,0.7475319906153306
1997-01-13,0.9752430485999976,0.7832250573417322,0.196892448025049,2,0.7475319906153306
1997-01-14,0.9831183657354801,0.7832250573417322,0.20332577984565037,2,0.7781908442802253
1997-01-15,0.98695266986392,0.7832250573417322,0.20642085354536566,2,0.7931179090775142
1997-01-16,0.9904754549781285,0.7832250573417322,0.20924334529922572,2,0.8068322206984099
1997-01-17,0.9873660876211247,0.7832250573417322,0.20675313122332606,2,0.7947273572181482
1997-01-18,0.9853426697249471,0.7832250573417322,0.20512418531477472,2,0.7868501286425099
1997-01-20,0.9921964752857866,0.8832739812694065,0.10977915839199756,1,0.8143127543098075
1997-01-21,0.98796364947372,0.8832739812694065,0.10596510130719973,1,0.7826678303052285
1997-01-22,0.9862050255689933,0.8832739812694065,0.10437083733192337,1,0.7695202257761055
1997-01-23,0.985897266385666,0.8832739812694065,0.10409125637651892,1,0.7672193949835088
1997-01-24,0.9862990209845907,0.8832739812694065,0.1044561918071637,1,0.7702229425699033
1997-01-25,0.987140431559697,0.8832739812694065,0.10521952801201746,1,0.7765133912885787
1997-01-27,0.984046163120432,0.8832739812694065,0.10240594966751841,1,0.7533804078024233
1997-01-28,0.98376569292873,0.8832739812694065,0.10215004688784536,1,0.7512835915628648
1997-01-29,0.9838733328401399,0.8832739812694065,0.10224827547702105,1,0.7520883156331818
1997-01-30,0.985838140237145,0.8832739812694065,0.1040375237897233,1,0.7667773634519263
1997-01-31,0.9872511035812876,0.8832739812694065,0.10531983396594898,1,0.7773407836425665
1997-02-01,0.9866331201090563,0.9866331201090563,0.0,0,0.7742692312051593
1997-02-03,0.9866331201090563,0.9866331201090563,0.0,0,0.7789388976413651
1997-02-04,0.9866331201090563,0.9866331201090563,0.0,0,0.7887996010382075
1997-02-05,0.9866331201090563,0.9866331201090563,0.0,0,0.791803148624602
1997-02-06,0.9866331201090563,0.9866331201090563,0.0,0,0.793639279601945
1997-02-10,0.9866331201090563,0.9866331201090563,0.0,0,0.8044860533384715
1997-02-11,0.9867574344148111,0.8879698080981507,0.10011338437520419,1,0.8086116809665755
1997-02-12,0.9866286586519829,0.8879698080981507,0.09999593027089684,1,0.8075576057758788
1997-02-13,0.9872116112987641,0.8879698080981507,0.10052738649422088,1,0.8123292794886036
1997-02-14,0.9878056414305199,0.8879698080981507,0.10106829637841398,1,0.8171916263360121
1997-02-15,0.9879884199325986,0.8879698080981507,0.10123459932989007,1,0.8186877330582916
1997-02-17,0.9866882001337206,0.8879698080981507,0.100050240817911,1,0.808044973874803
1997-02-18,0.9858587734462576,0.8879698080981507,0.0992930914495159,1,0.801255822915368
1997-02-19,0.9867906668697345,0.8879698080981507,0.10014369013547733,1,0.8088837003706264
1997-02-20,0.9864389567217952,0.8879698080981507,0.09982285062107056,1,0.8060048283444219
1997-02-21,0.9830589391189615,0.8879698080981507,0.09672780261377983,1,0.7783381881240863
1997-02-22,0.9823001313982106,0.8879698080981507,0.09603004243294726,1,0.7721270783982591
1997-02-24,0.9816562525840697,0.8879698080981507,0.09543711888892152,1,0.7668567024447744
1997-02-25,0.9825175270408344,0.8879698080981507,0.0962300583353911,1,0.7739065386664249
1997-02-26,0.9820882744980739,0.8879698080981507,0.09583503728117035,1,0.7703929546974352
1997-02-27,0.9806620483076115,0.8879698080981507,0.09452006465369536,1,0.7587187886069207
1997-02-28,0.9816479444703389,0.8879698080981507,0.09542946317962643,1,0.7667886975937617
1997-03-03,0.9820785816987212,0.8879698080981507,0.09582611346414731,1,0.7703136157045869
1997-03-04,0.9821242763242409,0.8879698080981507,0.09586818134511299,1,0.7706876423851569
1997-03-05,0.9814222407139842,0.8879698080981507,0.09522143348600583,1,0.7649412324745832
1997-03-06,0.9816789309651838,0.9816789309651838,0.0,0,0.768579492003763
1997-03-07,0.9816789309651838,0.9816789309651838,0.0,0,0.7721044101145882
1997-03-08,0.9816789309651838,0.9816789309651838,0.0,0,0.7651339128857859
1997-03-10,0.9816789309651838,0.9816789309651838,0.0,0,0.7563839553888178
1997-03-11,0.9816789309651838,0.9816789309651838,0.0,0,0.7434630336964038
1997-03-12,0.9816789309651838,0.9816789309651838,0.0,0,0.7524736764555872
1997-03-13,0.9816789309651838,0.9816789309651838,0.0,0,0.7456731913543166
1997-03-14,0.9816789309651838,0.9816789309651838,0.0,0,0.7277425789706333
1997-03-15,0.9816789309651838,0.9816789309651838,0.0,0,0.7274592254247471
1997-03-17,0.9816789309651838,0.9816789309651838,0.0,0,0.7468066055378617
1997-03-18,0.9816789309651838,0.9816789309651838,0.0,0,0.7457525303471648
1997-03-19,0.9799005812500847,0.8835110378686654,0.09836665599121563,1,0.732514252683358
1997-03-20,0.9793890212169754,0.8835110378686654,0.09789570974480935,1,0.7286266420337985
1997-03-21,0.9771175753556762,0.8835110378686654,0.09579864270984739,1,0.7113647440184067
1997-03-22,0.9764464324550953,0.8835110378686654,0.09517715616284345,1,0.7062643801924537
1997-03-24,0.9755709638270044,0.8835110378686654,0.09436517626273237,1,0.6996112389350441
1997-03-25,0.9787984154644642,0.8835110378686654,0.09735138113253133,1,0.7241383218669598
1997-03-26,0.9814412270640847,0.8835110378686654,0.09978202106749774,1,0.7442224211993789
1997-03-27,0.9806999870161098,0.8835110378686654,0.09910161153682975,1,0.7385893527071598
1997-03-28,0.9808819413136006,0.8835110378686654,0.09926872882840095,1,0.7399721180110849
1997-03-29,0.9830176671661157,0.8835110378686654,0.10122567744312488,1,0.7562026091194506
1997-03-31,0.9845314672640925,0.8835110378686654,0.10260761870430819,1,0.7677067630824332
1997-04-01,0.9838826957935309,0.8835110378686654,0.10201587887864301,1,0.7627764113840121
1997-04-02,0.984758164421622,0.8835110378686654,0.10281420374150652,1,0.7694295526414218
1997-04-03,0.9847402672776064,0.8835110378686654,0.10279789785462663,1,0.7692935429393963
1997-04-04,0.9860348273613935,0.8835110378686654,0.1039758299076306,1,0.7791315780525677
1997-04-07,0.9871504160050256,0.8835110378686654,0.10498843586146314,1,0.787609516145485
1997-04-08,0.9871608560057014,0.8835110378686654,0.10499790131106795,1,0.7876888551383333
1997-04-09,0.9877111931841777,0.8835110378686654,0.10549658243680768,1,0.7918711534756145
1997-04-10,0.9861272959388069,0.8835110378686654,0.10405984956784854,1,0.7798342948463657
1997-04-11,0.9868002464509333,0.9868002464509333,0.0,0,0.7865214385292818
1997-04-12,0.9868002464509333,0.9868002464509333,0.0,0,0.7899330152217525
1997-04-14,0.9868002464509333,0.9868002464509333,0.0,0,0.7981502680524545
1997-04-15,0.9868002464509333,0.9868002464509333,0.0,0,0.7949653741966927
1997-04-16,0.9868002464509333,0.9868002464509333,0.0,0,0.7961327908057442
1997-04-17,0.9868002464509333,0.9868002464509333,0.0,0,0.7874508381597888
1997-04-18,0.9868002464509333,0.9868002464509333,0.0,0,0.7884822450668147
1997-04-19,0.9868002464509333,0.9868002464509333,0.0,0,0.7941266477008694
1997-04-21,0.9868002464509333,0.9868002464509333,0.0,0,0.7903750467533351
1997-04-22,0.9868002464509333,0.9868002464509333,0.0,0,0.7797436217116822
1997-04-23,0.9868002464509333,0.9868002464509333,0.0,0,0.7855126999059266
1997-04-24,0.9868002464509333,0.9868002464509333,0.0,0,0.7829625179929501
1997-04-25,0.9868002464509333,0.9868002464509333,0.0,0,0.7848666538213059
1997-04-26,0.9868002464509333,0.9868002464509333,0.0,0,0.7931179090775142
1997-04-28,0.9868002464509333,0.9868002464509333,0.0,0,0.7981049314851126
1997-04-29,0.9868002464509333,0.9868002464509333,0.0,0,0.7979802559249226
1997-04-30,0.9868002464509333,0.9868002464509333,0.0,0,0.7970508562944157
1997-05-02,0.9868002464509333,0.9868002464509333,0.0,0,0.8003037550011901
1997-05-03,0.9868002464509333,0.9868002464509333,0.0,0,0.7989096555554297
1997-05-06,0.9868002464509333,0.9868002464509333,0.0,0,0.7951693887497309
1997-05-07,0.9868002464509333,0.9868002464509333,0.0,0,0.7810357138809235
1997-05-08,0.9868002464509333,0.9868002464509333,0.0,0,0.7760373573314897
1997-05-09,0.9868002464509333,0.9868002464509333,0.0,0,0.7793582608892768
1997-05-10,0.9868002464509333,0.9868002464509333,0.0,0,0.7695655623434472
1997-05-12,0.9868002464509333,0.9868002464509333,0.0,0,0.7617676727606569
1997-05-13,0.9868002464509333,0.9868002464509333,0.0,0,0.7750966235591472
1997-05-15,0.9868002464509333,0.9868002464509333,0.0,0,0.7933332577723878
1997-05-16,0.9868002464509333,0.9868002464509333,0.0,0,0.7928572238152988
1997-05-17,0.9868002464509333,0.9868002464509333,0.0,0,0.8004737671287219
1997-05-19,0.9868002464509333,0.9868002464509333,0.0,0,0.8174183091727211
1997-05-20,0.9868002464509333,0.9868002464509333,0.0,0,0.8326853982250734
1997-05-21,0.9868002464509333,0.9868002464509333,0.0,0,0.8361309773430505
1997-05-22,0.9868002464509333,0.9868002464509333,0.0,0,0.8210225662763944
1997-05-23,0.9868002464509333,0.9868002464509333,0.0,0,0.8279930635051967
1997-05-24,0.9868002464509333,0.9868002464509333,0.0,0,0.821917963481395
1997-05-26,0.9868002464509333,0.9868002464509333,0.0,0,0.8149134638270864
1997-05-27,0.9868002464509333,0.9868002464509333,0.0,0,0.819855149667343
1997-05-28,0.9868002464509333,0.9868002464509333,0.0,0,0.836595677158304
1997-05-29,0.9868002464509333,0.9868002464509333,0.0,0,0.8415600312822314
1997-05-30,0.9868002464509333,0.9868002464509333,0.0,0,0.8459350100307156
1997-05-31,0.9868002464509333,0.9868002464509333,0.0,0,0.8577338516814199
1997-06-02,0.9868002464509333,0.9868002464509333,0.0,0,0.859569982658763
1997-06-03,0.9868002464509333,0.9868002464509333,0.0,0,0.8682632694465539
1997-06-04,0.9868002464509333,0.9868002464509333,0.0,0,0.8650783755907921
1997-06-05,0.9868002464509333,0.9868002464509333,0.0,0,0.8678212379149712
1997-06-07,0.9868002464509333,0.9868002464509333,0.0,0,0.8645343367826905
1997-06-09,0.9868002464509333,0.9868002464509333,0.0,0,0.8784073263892824
1997-06-10,0.9868002464509333,0.9868002464509333,0.0,0,0.8725362409185189
1997-06-11,0.9868002464509333,0.9868002464509333,0.0,0,0.8679572476169967
1997-06-12,0.9868002464509333,0.9868002464509333,0.0,0,0.8780106314250417
1997-06-13,0.9868002464509333,0.9868002464509333,0.0,0,0.8944338029446101
1997-06-14,0.9868002464509333,0.9868002464509333,0.0,0,0.8976300309422073
1997-06-16,0.9868002464509333,0.9868002464509333,0.0,0,0.8943204615262556
1997-06-17,0.9868002464509333,0.9868002464509333,0.0,0,0.8979927234809416
1997-06-18,0.9868002464509333,0.9868002464509333,0.0,0,0.8763671808589013
1997-06-19,0.9868002464509333,0.9868002464509333,0.0,0,0.8738056648040895
1997-06-20,0.9868002464509333,0.9868002464509333,0.0,0,0.8729782724501015
1997-06-21,0.9868002464509333,0.9868002464509333,0.0,0,0.8618481451676886
1997-06-23,0.9868002464509333,0.9868002464509333,0.0,0,0.8535175509186321
1997-06-24,0.9868002464509333,0.9868002464509333,0.0,0,0.8542542701379366
1997-06-25,0.9868002464509333,0.9868002464509333,0.0,0,0.8443822325992588
1997-06-26,0.9868002464509333,0.9868002464509333,0.0,0,0.8436455133799545
1997-06-27,0.9868002464509333,0.9868002464509333,0.0,0,0.8369470355552029
1997-06-28,0.9868002464509333,0.9868002464509333,0.0,0,0.8465357195479944
1997-06-30,0.9868002464509333,0.9868002464509333,0.0,0,0.8448469324145123
1997-07-01,0.9868002464509333,0.9868002464509333,0.0,0,0.8591619535526868
1997-07-02,0.9868002464509333,0.9868002464509333,0.0,0,0.8809915107277653
1997-07-03,0.9868002464509333,0.9868002464509333,0.0,0,0.8786906799351687
1997-07-04,0.9868002464509333,0.9868002464509333,0.0,0,0.8859898672771992
1997-07-05,0.9868002464509333,0.9868002464509333,0.0,0,0.8832016683856783
1997-07-07,0.9868002464509333,0.9868002464509333,0.0,0,0.8767072051139648
1997-07-08,0.9868002464509333,0.9868002464509333,0.0,0,0.8701674052749097
1997-07-09,0.9868002464509333,0.9868002464509333,0.0,0,0.8749844155549763
1997-07-10,0.9868002464509333,0.9868002464509333,0.0,0,0.870201407700416
1997-07-11,0.9868002464509333,0.9868002464509333,0.0,0,0.8708021172176948
1997-07-12,0.9868002464509333,0.9868002464509333,0.0,0,0.8696347006086435
1997-07-14,0.9868002464509333,0.9868002464509333,0.0,0,0.8664384726110463
1997-07-15,0.9868002464509333,0.9868002464509333,0.0,0,0.8557843792857224
1997-07-16,0.9868002464509333,0.9868002464509333,0.0,0,0.8384091398519762
1997-07-18,0.9868002464509333,0.9868002464509333,0.0,0,0.8470797583560961
1997-07-19,0.9868002464509333,0.9868002464509333,0.0,0,0.8411633363179907
1997-07-21,0.9868002464509333,0.9868002464509333,0.0,0,0.8397805710140657
1997-07-22,0.9868002464509333,0.9868002464509333,0.0,0,0.8228360289700666
1997-07-23,0.9868002464509333,0.9868002464509333,0.0,0,0.828049734214374
1997-07-24,0.9868002464509333,0.9868002464509333,0.0,0,0.8376384182071654
1997-07-25,0.9868002464509333,0.9868002464509333,0.0,0,0.831517981616022
1997-07-26,0.9868002464509333,0.9868002464509333,0.0,0,0.8300218748937425
1997-07-28,0.9868002464509333,0.9868002464509333,0.0,0,0.8318353375874146
1997-07-29,0.9868002464509333,0.9868002464509333,0.0,0,0.8304299039998186
1997-07-30,0.9868002464509333,0.9868002464509333,0.0,0,0.8238674358770925
1997-07-31,0.9868002464509333,0.9868002464509333,0.0,0,0.8229947069557629
1997-08-01,0.9868002464509333,0.9868002464509333,0.0,0,0.8290358045540582
1997-08-02,0.9864646021419271,0.88812022180584,0.09969377524804261,1,0.8278797220868421
1997-08-04,0.9869708448620559,0.88812022180584,0.10015556545647683,1,0.8321413594169719
1997-08-05,0.9878688871341993,0.88812022180584,0.10097358731251213,1,0.8397012320212176
1997-08-06,0.9885138080462783,0.88812022180584,0.10156012533487871,1,0.8451302859603985
1997-08-07,0.9884734163398851,0.88812022180584,0.10152341264333882,1,0.844790261705335
1997-08-08,0.9893701122218154,0.88812022180584,0.10233772899061985,1,0.8523388001677453
1997-08-09,0.9905589747799902,0.88812022180584,0.10341509751794685,1,0.8623468474084486
1997-08-11,0.9911284978401351,0.88812022180584,0.10393029386075614,1,0.8671411894048443
1997-08-12,0.9908390239443168,0.88812022180584,0.10366850684743448,1,0.8647043489102223
1997-08-13,0.9908134425302677,0.88812022180584,0.10364536482486261,1,0.8644890002153488
1997-08-14,0.9898777013321572,0.88812022180584,0.10279803190775393,1,0.8566117716397103
1997-08-16,0.9888854117450963,0.88812022180584,0.1018977413787861,1,0.848258509106983
1997-08-18,0.9887346160412281,0.88812022180584,0.10176076836293617,1,0.8469890852214125
1997-08-19,0.987926781913363,0.88812022180584,0.1010262723257922,1,0.8401886001201418
1997-08-20,0.9885918986786386,0.88812022180584,0.10163109469852016,1,0.8457876661868547
1997-08-21,0.9876817388945772,0.88812022180584,0.1008032376908855,1,0.8381257863060899
1997-08-22,0.9872980176838413,0.88812022180584,0.10045375773230873,1,0.8348955558829864
1997-08-23,0.988100466250854,0.88812022180584,0.101184290322591,1,0.8416507044169151
1997-08-25,0.987990062253379,0.88812022180584,0.1010838512077326,1,0.8407213047864082
1997-08-26,0.9867516444570206,0.9867516444570206,0.0,0,0.8319600131476045
1997-08-27,0.9867516444570206,0.9867516444570206,0.0,0,0.8277097099593105
1997-08-28,0.9867516444570206,0.9867516444570206,0.0,0,0.8124992916161353
1997-08-29,0.9867516444570206,0.9867516444570206,0.0,0,0.7982296070453025
1997-08-30,0.9867516444570206,0.9867516444570206,0.0,0,0.7881422208117512
1997-09-01,0.9867516444570206,0.9867516444570206,0.0,0,0.7732151560144624
1997-09-02,0.9867516444570206,0.9867516444570206,0.0,0,0.7806730213421891
1997-09-03,0.9867516444570206,0.9867516444570206,0.0,0,0.7805030092146573
1997-09-04,0.9867516444570206,0.9867516444570206,0.0,0,0.7797776241371885
1997-09-05,0.9867516444570206,0.9867516444570206,0.0,0,0.7944326695304265
1997-09-06,0.9867516444570206,0.9867516444570206,0.0,0,0.7966881637556812
1997-09-08,0.9867516444570206,0.9867516444570206,0.0,0,0.791100431830804
1997-09-09,0.9867516444570206,0.9867516444570206,0.0,0,0.7808883700370627
1997-09-10,0.9867516444570206,0.9867516444570206,0.0,0,0.7838919176234572
1997-09-11,0.9867516444570206,0.9867516444570206,0.0,0,0.7881422208117512
1997-09-12,0.9867516444570206,0.9867516444570206,0.0,0,0.7926305409785899
1997-09-13,0.9867516444570206,0.9867516444570206,0.0,0,0.7930952407938433
1997-09-18,0.9867516444570206,0.9867516444570206,0.0,0,0.7949653741966927
1997-09-19,0.9867516444570206,0.9867516444570206,0.0,0,0.7811037187319362
1997-09-20,0.9867516444570206,0.9867516444570206,0.0,0,0.7706876423851569
1997-09-22,0.9867516444570206,0.9867516444570206,0.0,0,0.7576307109907174
1997-09-23,0.9867516444570206,0.9867516444570206,0.0,0,0.7416722392864025
1997-09-24,0.9867516444570206,0.9867516444570206,0.0,0,0.7432363508596946
1997-09-25,0.9867516444570206,0.9867516444570206,0.0,0,0.7333189767536751
1997-09-26,0.9867516444570206,0.9867516444570206,0.0,0,0.723412936789491
1997-09-27,0.9867516444570206,0.9867516444570206,0.0,0,0.7133935554069524
1997-09-29,0.9867516444570206,0.9867516444570206,0.0,0,0.7084632037085313
1997-09-30,0.9867516444570206,0.9867516444570206,0.0,0,0.7334436523138651
1997-10-01,0.9867516444570206,0.9867516444570206,0.0,0,0.7309614752519012
1997-10-02,0.9867516444570206,0.9867516444570206,0.0,0,0.7215881399539834
1997-10-04,0.9867516444570206,0.9867516444570206,0.0,0,0.7323555746976618
1997-10-06,0.9867516444570206,0.9867516444570206,0.0,0,0.7301567511815844
1997-10-07,0.9867516444570206,0.9867516444570206,0.0,0,0.7140849380589148
1997-10-08,0.9867516444570206,0.9867516444570206,0.0,0,0.6918813542032666
1997-10-09,0.9867516444570206,0.9867516444570206,0.0,0,0.6906572668850378
1997-10-10,0.9867516444570206,0.9867516444570206,0.0,0,0.6912013056931395
1997-10-11,0.9867516444570206,0.9867516444570206,0.0,0,0.702977479060173
1997-10-13,0.9867516444570206,0.9867516444570206,0.0,0,0.694782894513142
1997-10-14,0.9867516444570206,0.9867516444570206,0.0,0,0.7034875154427682
1997-10-15,0.9867516444570206,0.9867516444570206,0.0,0,0.6854208933570595
1997-10-16,0.9867516444570206,0.9867516444570206,0.0,0,0.6565301658184951
1997-10-17,0.9867516444570206,0.9867516444570206,0.0,0,0.6636026703238165
1997-10-18,0.9867516444570206,0.9867516444570206,0.0,0,0.6627186072606513
1997-10-20,0.9867516444570206,0.9867516444570206,0.0,0,0.6411043987804463
1997-10-21,0.9867516444570206,0.9867516444570206,0.0,0,0.6424758299425359
1997-10-22,0.9867516444570206,0.9867516444570206,0.0,0,0.6815446168493353
1997-10-23,0.9867516444570206,0.9867516444570206,0.0,0,0.6846501717122487
1997-10-24,0.9867516444570206,0.9867516444570206,0.0,0,0.647077491527729
1997-10-25,0.9867516444570206,0.9867516444570206,0.0,0,0.6216436772489772
1997-10-27,0.9867516444570206,0.9867516444570206,0.0,0,0.6012422219451655
1997-10-28,0.9867516444570206,0.9867516444570206,0.0,0,0.5613573768262136
1997-10-29,0.9867516444570206,0.9867516444570206,0.0,0,0.5742329619512858
1997-10-30,0.9867516444570206,0.9867516444570206,0.0,0,0.5497965521540537
1997-10-31,0.9867516444570206,0.9867516444570206,0.0,0,0.5336000634711944
1997-11-01,0.9867516444570206,0.9867516444570206,0.0,0,0.5635562003422911
1997-11-03,0.9867516444570206,0.9867516444570206,0.0,0,0.5799227011526823
1997-11-04,0.9867516444570206,0.9867516444570206,0.0,0,0.6144578313253012
1997-11-05,0.9867516444570206,0.9867516444570206,0.0,0,0.62988359836335
1997-11-06,0.9867516444570206,0.9867516444570206,0.0,0,0.6277641138401207
1997-11-07,0.9867516444570206,0.9867516444570206,0.0,0,0.5844223554613562
1997-11-08,0.9867516444570206,0.9867516444570206,0.0,0,0.5618334107833025
1997-11-10,0.9867516444570206,0.9867516444570206,0.0,0,0.5954051388999083
1997-11-11,0.9867516444570206,0.9867516444570206,0.0,0,0.5917668793707285
1997-11-12,0.9867516444570206,0.9867516444570206,0.0,0,0.5865305058427501
1997-11-13,0.9867516444570206,0.9867516444570206,0.0,0,0.5887746659261694
1997-11-14,0.9867516444570206,0.9867516444570206,0.0,0,0.5893867095852837
1997-11-15,0.9867516444570206,0.9867516444570206,0.0,0,0.5886613245078149
1997-11-17,0.9867516444570206,0.9867516444570206,0.0,0,0.5632841809382403
1997-11-18,0.9867516444570206,0.9867516444570206,0.0,0,0.5606546600324157
1997-11-19,0.9867516444570206,0.9867516444570206,0.0,0,0.5696426345079282
1997-11-20,0.9867516444570206,0.9867516444570206,0.0,0,0.5535708213852588
1997-11-21,0.9867516444570206,0.9867516444570206,0.0,0,0.5735869158666652
1997-11-22,0.9867516444570206,0.9867516444570206,0.0,0,0.5501932471182944
1997-11-24,0.9867516444570206,0.9867516444570206,0.0,0,0.5107617676727607
1997-11-25,0.9867516444570206,0.9867516444570206,0.0,0,0.4982375409445874
1997-11-26,0.9867516444570206,0.9867516444570206,0.0,0,0.49722880232123223
1997-11-27,0.9867516444570206,0.9867516444570206,0.0,0,0.4908816828933798
1997-11-28,0.9867516444570206,0.9867516444570206,0.0,0,0.4668646363440593
1997-11-29,0.9867516444570206,0.9867516444570206,0.0,0,0.4622743089007016
1997-12-01,0.9867516444570206,0.9867516444570206,0.0,0,0.44561312040258877
1997-12-02,0.9867516444570206,0.9867516444570206,0.0,0,0.4271498033526392
1997-12-03,0.9867516444570206,0.9867516444570206,0.0,0,0.4299153339604892
1997-12-04,0.9867516444570206,0.9867516444570206,0.0,0,0.45995080982443415
1997-12-05,0.9867516444570206,0.9867516444570206,0.0,0,0.49203776536059574
1997-12-06,0.9867516444570206,0.9867516444570206,0.0,0,0.49386256219610336
1997-12-08,0.9867516444570206,0.9867516444570206,0.0,0,0.4701742057600109
1997-12-09,0.9867516444570206,0.9867516444570206,0.0,0,0.43976470321549604
1997-12-10,0.9867516444570206,0.9867516444570206,0.0,0,0.4531956612905054
1997-12-11,0.9867516444570206,0.9867516444570206,0.0,0,0.4277165104444117
1997-12-12,0.9867516444570206,0.9867516444570206,0.0,0,0.3974656858855932
1997-12-13,0.9867516444570206,0.9867516444570206,0.0,0,0.40782509152319535
1997-12-15,0.9867516444570206,0.9867516444570206,0.0,0,0.43727119201169684
1997-12-16,0.9867516444570206,0.9867516444570206,0.0,0,0.45819401783993924
1997-12-17,0.9867516444570206,0.9867516444570206,0.0,0,0.47432250167178597
1997-12-19,0.9867516444570206,0.9867516444570206,0.0,0,0.4499880991510728
1997-12-20,0.9867516444570206,0.9867516444570206,0.0,0,0.45358102211291074
1997-12-22,0.9867516444570206,0.9867516444570206,0.0,0,0.4489000215348695
1997-12-23,0.9867516444570206,0.9867516444570206,0.0,0,0.41523762028358024
1997-12-24,0.9867516444570206,0.9867516444570206,0.0,0,0.3983384148069229
1997-12-26,0.9867516444570206,0.9867516444570206,0.0,0,0.4252003309569416
1997-12-27,0.9867516444570206,0.9867516444570206,0.0,0,0.42651509140985394
1998-01-03,0.9867516444570206,0.9867516444570206,0.0,0,0.43691983361479786
1998-01-05,0.9867516444570206,0.9867516444570206,0.0,0,0.44938738963379393
1998-01-06,0.9867516444570206,0.9867516444570206,0.0,0,0.460551519341713
1998-01-07,0.9867516444570206,0.9867516444570206,0.0,0,0.46404243502703196
1998-01-08,0.9867516444570206,0.9867516444570206,0.0,0,0.48052227725577756
1998-01-09,0.9867516444570206,0.9867516444570206,0.0,0,0.46923347198766846
1998-01-10,0.9867516444570206,0.9867516444570206,0.0,0,0.499586303823006
1998-01-12,0.9867516444570206,0.9867516444570206,0.0,0,0.5170635505332714
1998-01-13,0.9867516444570206,0.9867516444570206,0.0,0,0.5256094934772014
1998-01-14,0.9867516444570206,0.9867516444570206,0.0,0,0.53851908102778
1998-01-15,0.9867516444570206,0.9867516444570206,0.0,0,0.5734849085901461
1998-01-16,0.9867516444570206,0.9867516444570206,0.0,0,0.5532194629883599
1998-01-17,0.9867516444570206,0.9867516444570206,0.0,0,0.562071427761847
1998-01-19,0.9867516444570206,0.9867516444570206,0.0,0,0.5993154178331388
1998-01-20,0.9867516444570206,0.9867516444570206,0.0,0,0.6047331376304843
1998-01-21,0.9867516444570206,0.9867516444570206,0.0,0,0.5742556302349568
1998-01-22,0.9867516444570206,0.9867516444570206,0.0,0,0.5485611306939895
1998-01-23,0.9867516444570206,0.9867516444570206,0.0,0,0.551814029400764
1998-01-24,0.9867516444570206,0.9867516444570206,0.0,0,0.5775085289417312
1998-01-26,0.9867516444570206,0.9867516444570206,0.0,0,0.587833932153827
1998-01-30,0.9867516444570206,0.9867516444570206,0.0,0,0.6328191410987318
1998-01-31,0.9867516444570206,0.9867516444570206,0.0,0,0.6430765394598148
1998-02-02,0.9867516444570206,0.9867516444570206,0.0,0,0.616214623309796
1998-02-03,0.9867516444570206,0.9867516444570206,0.0,0,0.6236158179283456
1998-02-04,0.9867516444570206,0.9867516444570206,0.0,0,0.6202949143705584
1998-02-05,0.9867516444570206,0.9867516444570206,0.0,0,0.5984993596209862
1998-02-06,0.9867516444570206,0.9867516444570206,0.0,0,0.6125536954969455
1998-02-07,0.9867516444570206,0.9867516444570206,0.0,0,0.615103877409922
1998-02-09,0.9867516444570206,0.9867516444570206,0.0,0,0.6281834770880323
1998-02-10,0.9867516444570206,0.9867516444570206,0.0,0,0.614049802219225
1998-02-11,0.9867516444570206,0.9867516444570206,0.0,0,0.5895340534291447
1998-02-12,0.9867516444570206,0.9867516444570206,0.0,0,0.5808634349250247
1998-02-13,0.9867516444570206,0.9867516444570206,0.0,0,0.573734259710526
1998-02-14,0.9867516444570206,0.9867516444570206,0.0,0,0.5487084745378504
1998-02-16,0.9867516444570206,0.9867516444570206,0.0,0,0.5406158972673385
1998-02-17,0.9867516444570206,0.9867516444570206,0.0,0,0.5346654728037267
1998-02-18,0.9867516444570206,0.9867516444570206,0.0,0,0.5528000997404482
1998-02-19,0.9867516444570206,0.9867516444570206,0.0,0,0.581951512541228
1998-02-20,0.9867516444570206,0.9867516444570206,0.0,0,0.5917895476543994
1998-02-21,0.9867516444570206,0.9867516444570206,0.0,0,0.599519432386177
1998-02-23,0.9867516444570206,0.9867516444570206,0.0,0,0.6155119065159981
1998-02-24,0.9867516444570206,0.9867516444570206,0.0,0,0.6130523977377053
1998-02-25,0.9867516444570206,0.9867516444570206,0.0,0,0.585272416099015
1998-02-26,0.9867516444570206,0.9867516444570206,0.0,0,0.595019778077503
1998-02-27,0.9867516444570206,0.9867516444570206,0.0,0,0.6215870065397998
1998-02-28,0.9867516444570206,0.9867516444570206,0.0,0,0.633555860318036
1998-03-02,0.9867516444570206,0.9867516444570206,0.0,0,0.6509764363191242
1998-03-03,0.9867516444570206,0.9867516444570206,0.0,0,0.647054823244058
1998-03-04,0.9867516444570206,0.9867516444570206,0.0,0,0.6491743077672875
1998-03-05,0.9867516444570206,0.9867516444570206,0.0,0,0.6071473098414353
1998-03-06,0.9867516444570206,0.9867516444570206,0.0,0,0.5922655816114882
1998-03-07,0.9867516444570206,0.9867516444570206,0.0,0,0.596153192261048
1998-03-09,0.9867516444570206,0.9867516444570206,0.0,0,0.5754457151276791
1998-03-10,0.9867516444570206,0.9867516444570206,0.0,0,0.595677158303959
1998-03-11,0.9867516444570206,0.9867516444570206,0.0,0,0.6018996021716215
1998-03-12,0.9867516444570206,0.9867516444570206,0.0,0,0.6073286561108027
1998-03-13,0.9867516444570206,0.9867516444570206,0.0,0,0.607691348649537
1998-03-14,0.9867516444570206,0.9867516444570206,0.0,0,0.6047444717723197
1998-03-16,0.9867516444570206,0.9867516444570206,0.0,0,0.5994400933933287
1998-03-17,0.9867516444570206,0.9867516444570206,0.0,0,0.5842863457593308
1998-03-18,0.9867516444570206,0.9867516444570206,0.0,0,0.5871992202110418
1998-03-19,0.9867516444570206,0.9867516444570206,0.0,0,0.5913361819809814
1998-03-20,0.9867516444570206,0.9867516444570206,0.0,0,0.5961191898355417
1998-03-21,0.9867516444570206,0.9867516444570206,0.0,0,0.5912115064207913
1998-03-23,0.9867516444570206,0.9867516444570206,0.0,0,0.580194720556733
1998-03-24,0.9867516444570206,0.9867516444570206,0.0,0,0.5762617733398316
1998-03-25,0.9867516444570206,0.9867516444570206,0.0,0,0.5781999115936937
1998-03-26,0.9867516444570206,0.9867516444570206,0.0,0,0.5679878497999524
1998-03-27,0.9867516444570206,0.9867516444570206,0.0,0,0.5701980074578653
1998-03-28,0.9867516444570206,0.9867516444570206,0.0,0,0.5624681227260878
1998-03-30,0.9867516444570206,0.9867516444570206,0.0,0,0.5466796631493046
1998-03-31,0.9867516444570206,0.9867516444570206,0.0,0,0.5452175588525315
1998-04-01,0.9867516444570206,0.9867516444570206,0.0,0,0.5306871890194834
1998-04-02,0.9867516444570206,0.9867516444570206,0.0,0,0.5141846785070668
1998-04-03,0.9867516444570206,0.9867516444570206,0.0,0,0.4924117920411656
1998-04-04,0.9867516444570206,0.9867516444570206,0.0,0,0.5014791055095263
1998-04-06,0.9867516444570206,0.9867516444570206,0.0,0,0.4940779108909769
1998-04-07,0.9867516444570206,0.9867516444570206,0.0,0,0.5208944904736538
1998-04-08,0.9867516444570206,0.9867516444570206,0.0,0,0.5163041630302961
1998-04-09,0.9867516444570206,0.9867516444570206,0.0,0,0.5305625134592935
1998-04-10,0.9867516444570206,0.9867516444570206,0.0,0,0.5307665280123316
1998-04-11,0.9867516444570206,0.9867516444570206,0.0,0,0.5560870008727289
1998-04-13,0.9867516444570206,0.9867516444570206,0.0,0,0.560915345294631
1998-04-14,0.9867516444570206,0.9867516444570206,0.0,0,0.5300184746511918
1998-04-15,0.9867516444570206,0.9867516444570206,0.0,0,0.5302904940552426
1998-04-16,0.9867516444570206,0.9867516444570206,0.0,0,0.514740051457004
1998-04-17,0.9867516444570206,0.9867516444570206,0.0,0,0.5102970678575072
1998-04-18,0.9867516444570206,0.9867516444570206,0.0,0,0.5006063765881966
1998-04-20,0.9867516444570206,0.9867516444570206,0.0,0,0.49386256219610336
1998-04-21,0.9867516444570206,0.9867516444570206,0.0,0,0.49780684355484023
1998-04-22,0.9867516444570206,0.9867516444570206,0.0,0,0.48941957859660656
1998-04-23,0.9837479810204318,0.8880764800113186,0.09725204305870512,1,0.47211234401387303
1998-04-24,0.9832932117977928,0.8880764800113186,0.09683452569797145,1,0.4698681839304537
1998-04-25,0.9826202452208573,0.8880764800113186,0.09621597526548904,1,0.4665472803726666
1998-04-27,0.9813845591512625,0.8880764800113186,0.09507799798749658,1,0.460449512065194
1998-04-28,0.9804979888485421,0.8880764800113186,0.09425976380202437,1,0.45607453331670994
1998-04-29,0.9838651185474752,0.8880764800113186,0.09735952289636383,1,0.472690385247481
1998-04-30,0.984822890092124,0.8880764800113186,0.09823736943376224,1,0.4774167223928641
1998-05-02,0.9814488699504236,0.8880764800113186,0.09513729425743961,1,0.4607668680365866
1998-05-04,0.9780656625517002,0.8880764800113186,0.09200730174455424,1,0.4440716771129674
1998-05-06,0.9744895227554936,0.8880764800113186,0.0886751891388541,1,0.42642441827517036
1998-05-07,0.9752336905743574,0.8880764800113186,0.08937059025484262,1,0.4300966802298564
1998-05-08,0.9737568390079085,0.8880764800113186,0.0879894811151043,1,0.4228088270296615
1998-05-09,0.974151891059898,0.8880764800113186,0.08835933270624519,1,0.42475829942535903
1998-05-11,0.9711246898708162,0.8880764800113186,0.0855175558048526,1,0.4098199004862347
1998-05-12,0.9688921864142248,0.8880764800113186,0.083410422269992,1,0.39880311462217644
1998-05-13,0.96997628274294,0.8880764800113186,0.08443485081926098,1,0.40415282956850923
1998-05-14,0.9714370566095986,0.8880764800113186,0.0858116087204001,1,0.41136134377585604
1998-05-15,0.9691149773970329,0.8880764800113186,0.08362113812684781,1,0.3999025263802151
1998-05-16,0.9689978398699894,0.8880764800113186,0.08351036145707831,1,0.3993244851466071
1998-05-18,0.9703672005292691,0.9703672005292691,0.0,0,0.40689569189268837
1998-05-19,0.9703672005292691,0.9703672005292691,0.0,0,0.4108966439606025
1998-05-20,0.9703672005292691,0.9703672005292691,0.0,0,0.41842251413934195
1998-05-21,0.9703672005292691,0.9703672005292691,0.0,0,0.4106359586983872
1998-05-22,0.9703672005292691,0.9703672005292691,0.0,0,0.400854594294393
1998-05-23,0.9703672005292691,0.9703672005292691,0.0,0,0.40355212005123037
1998-05-25,0.9703672005292691,0.9703672005292691,0.0,0,0.3761801675186163
1998-05-26,0.9703672005292691,0.9703672005292691,0.0,0,0.3536138911242335
1998-05-27,0.9703672005292691,0.9703672005292691,0.0,0,0.3553026782577158
1998-05-28,0.9703672005292691,0.9703672005292691,0.0,0,0.36619478856158405
1998-05-29,0.9703672005292691,0.9703672005292691,0.0,0,0.38154121660678464
1998-05-30,0.9703672005292691,0.9703672005292691,0.0,0,0.37632751136247716
1998-06-01,0.9703672005292691,0.9703672005292691,0.0,0,0.38162055559963276
1998-06-02,0.9703672005292691,0.9703672005292691,0.0,0,0.36733953688696463
1998-06-03,0.9703672005292691,0.9703672005292691,0.0,0,0.3768148794614016
1998-06-05,0.9703672005292691,0.9703672005292691,0.0,0,0.3870949461061556
1998-06-08,0.9703672005292691,0.9703672005292691,0.0,0,0.39202529780457673
1998-06-09,0.9703672005292691,0.9703672005292691,0.0,0,0.38447675934216646
1998-06-10,0.9703672005292691,0.9703672005292691,0.0,0,0.3678382391277245
1998-06-11,0.9703672005292691,0.9703672005292691,0.0,0,0.37255324213127206
1998-06-12,0.9703672005292691,0.9703672005292691,0.0,0,0.3423930907071371
1998-06-13,0.9703672005292691,0.9703672005292691,0.0,0,0.3432091489192896
1998-06-15,0.9703672005292691,0.9703672005292691,0.0,0,0.32666130183953124
1998-06-16,0.9703672005292691,0.9703672005292691,0.0,0,0.317355971392626
1998-06-17,0.9703672005292691,0.9703672005292691,0.0,0,0.3443425631028347
1998-06-18,0.9703672005292691,0.9703672005292691,0.0,0,0.3689149826020923
1998-06-19,0.9703672005292691,0.9703672005292691,0.0,0,0.3550533271373358
1998-06-20,0.9703672005292691,0.9703672005292691,0.0,0,0.3578755284543631
1998-06-22,0.9703672005292691,0.9703672005292691,0.0,0,0.35279783291208106
1998-06-23,0.9703672005292691,0.9703672005292691,0.0,0,0.34377585601106214
1998-06-24,0.9703672005292691,0.9703672005292691,0.0,0,0.3419737274592255
1998-06-25,0.9703672005292691,0.9703672005292691,0.0,0,0.34067030114814856
1998-06-26,0.9703672005292691,0.9703672005292691,0.0,0,0.3383694703555521
1998-06-27,0.9703672005292691,0.9703672005292691,0.0,0,0.34217774201226353
1998-06-29,0.9703672005292691,0.9703672005292691,0.0,0,0.33843747520656475
1998-06-30,0.9703672005292691,0.9703672005292691,0.0,0,0.3376214169944123
1998-07-01,0.9703672005292691,0.9703672005292691,0.0,0,0.35766017975948955
1998-07-02,0.9703672005292691,0.9703672005292691,0.0,0,0.3533645400038536
1998-07-03,0.9703672005292691,0.9703672005292691,0.0,0,0.34969227804916747
1998-07-04,0.9703672005292691,0.9703672005292691,0.0,0,0.3489215564043569
1998-07-06,0.9703672005292691,0.9703672005292691,0.0,0,0.35091636536739623
1998-07-07,0.9703672005292691,0.9703672005292691,0.0,0,0.359859003275567
1998-07-08,0.9703672005292691,0.9703672005292691,0.0,0,0.3613211075723402
1998-07-09,0.9703672005292691,0.9703672005292691,0.0,0,0.36158179283455555
1998-07-10,0.9703672005292691,0.9703672005292691,0.0,0,0.3505423386868263
1998-07-11,0.9703672005292691,0.9703672005292691,0.0,0,0.345657323555747
1998-07-13,0.9703672005292691,0.9703672005292691,0.0,0,0.34157703249498467
1998-07-14,0.9703672005292691,0.9703672005292691,0.0,0,0.34765213251878635
1998-07-15,0.9703672005292691,0.9703672005292691,0.0,0,0.35523467340670306
1998-07-16,0.9703672005292691,0.9703672005292691,0.0,0,0.37442337553412147
1998-07-18,0.9703672005292691,0.9703672005292691,0.0,0,0.3900984936925501
1998-07-20,0.9703672005292691,0.9703672005292691,0.0,0,0.41390019154699703
1998-07-21,0.9703672005292691,0.9703672005292691,0.0,0,0.4134241575899081
1998-07-22,0.9703672005292691,0.9703672005292691,0.0,0,0.4103752734361718
1998-07-23,0.9703672005292691,0.9703672005292691,0.0,0,0.3870156071133074
1998-07-24,0.9703672005292691,0.9703672005292691,0.0,0,0.3896564621609675
1998-07-25,0.9703672005292691,0.9703672005292691,0.0,0,0.3722585544435503
1998-07-27,0.9703672005292691,0.9703672005292691,0.0,0,0.3737999977331717
1998-07-28,0.9703672005292691,0.9703672005292691,0.0,0,0.380067778168176
1998-07-29,0.9703672005292691,0.9703672005292691,0.0,0,0.39035917895476546
1998-07-30,0.9703672005292691,0.9703672005292691,0.0,0,0.39092588604653805
1998-07-31,0.9703672005292691,0.9703672005292691,0.0,0,0.38913509163653676
1998-08-01,0.9703672005292691,0.9703672005292691,0.0,0,0.3825159528046334
1998-08-03,0.9703672005292691,0.9703672005292691,0.0,0,0.3734259710526018
1998-08-04,0.9703672005292691,0.9703672005292691,0.0,0,0.37765360595722497
1998-08-05,0.9703672005292691,0.9703672005292691,0.0,0,0.3659001008738623
1998-08-06,0.9703672005292691,0.9703672005292691,0.0,0,0.36333858481905046
1998-08-07,0.9703672005292691,0.9703672005292691,0.0,0,0.3646306769882918
1998-08-08,0.9703672005292691,0.9703672005292691,0.0,0,0.35624341203005816
1998-08-10,0.9703672005292691,0.9703672005292691,0.0,0,0.35356855455689173
1998-08-11,0.9703672005292691,0.9703672005292691,0.0,0,0.3527751646284102
1998-08-12,0.9703672005292691,0.9703672005292691,0.0,0,0.3460880209454942
1998-08-13,0.9703672005292691,0.9703672005292691,0.0,0,0.3434358317559986
1998-08-14,0.9703672005292691,0.9703672005292691,0.0,0,0.3452492944496708
1998-08-17,0.9692890741377835,0.8733304804763422,0.0989989428559275,1,0.34186038604087093
1998-08-18,0.9659581064445427,0.8733304804763422,0.09589197021094455,1,0.3299935395391538
1998-08-19,0.9693781544581376,0.8733304804763422,0.09908173971125238,1,0.34217774201226353
1998-08-20,0.9740516898367152,0.8733304804763422,0.10340437823916444,1,0.35882759636854095
1998-08-21,0.9740612341567532,0.8733304804763422,0.10341316351390759,1,0.35886159879404733
1998-08-22,0.9704693883824753,0.8733304804763422,0.10009476761347298,1,0.3460653526618232
1998-08-24,0.9704121224622477,0.8733304804763422,0.10004166244294035,1,0.34586133810878505
1998-08-25,0.9720282939886721,0.8733304804763422,0.10153800472960317,1,0.3516190821611942
1998-08-26,0.974360289517942,0.8733304804763422,0.10368834827164754,1,0.35992700812657974
1998-08-27,0.9732022453533387,0.8733304804763422,0.1026217986588555,1,0.3558013804984756
1998-08-28,0.9717387829475213,0.8733304804763422,0.1012703251100904,1,0.3505876752541681
1998-08-29,0.9702975906217924,0.8733304804763422,0.09993543329661483,1,0.3454533090027089
1998-08-31,0.9720060239085836,0.8733304804763422,0.10151741965080838,1,0.3515397431683461
1998-09-01,0.9718628591080145,0.8733304804763422,0.10138506447515265,1,0.3510297067857507
1998-09-02,0.9733549544739456,0.8733304804763422,0.10276258782867359,1,0.3563454193065772
1998-09-03,0.9734758491944262,0.8733304804763422,0.10287401459518138,1,0.3567761166963243
1998-09-04,0.973297688553718,0.8733304804763422,0.10270979706724993,1,0.3561414047535391
1998-09-05,0.9738099003957541,0.8733304804763422,0.10318176050436256,1,0.3579662015890467
1998-09-07,0.977751704571423,0.8733304804763422,0.10679728156633758,1,0.37200920332317045
1998-09-08,0.9769491226994327,0.9769491226994327,0.0,0,0.3698897187999411
1998-09-09,0.9769491226994327,0.9769491226994327,0.0,0,0.3731426175067155
1998-09-10,0.9769491226994327,0.9769491226994327,0.0,0,0.3841707375126092
1998-09-11,0.9769491226994327,0.9769491226994327,0.0,0,0.36338392138639225
1998-09-12,0.9769491226994327,0.9769491226994327,0.0,0,0.3630665654149996
1998-09-14,0.9769491226994327,0.9769491226994327,0.0,0,0.35616407303721004
1998-09-15,0.9769491226994327,0.9769491226994327,0.0,0,0.3516870870122069
1998-09-16,0.9769491226994327,0.9769491226994327,0.0,0,0.3549513198608168
1998-09-17,0.9769491226994327,0.9769491226994327,0.0,0,0.3523558013804985
1998-09-18,0.9769491226994327,0.9769491226994327,0.0,0,0.3425291004091625
1998-09-19,0.9769491226994327,0.9769491226994327,0.0,0,0.34141835450928837
1998-09-21,0.9769491226994327,0.9769491226994327,0.0,0,0.33713404889548787
1998-09-22,0.9769491226994327,0.9769491226994327,0.0,0,0.33164832424712964
1998-09-23,0.9769491226994327,0.9769491226994327,0.0,0,0.33087760260231897
1998-09-24,0.9769491226994327,0.9769491226994327,0.0,0,0.35220845753663765
1998-09-25,0.9769491226994327,0.9769491226994327,0.0,0,0.3443198948191638
1998-09-26,0.9769491226994327,0.9769491226994327,0.0,0,0.347164764419862
1998-09-28,0.9769491226994327,0.9769491226994327,0.0,0,0.3465187183352413
1998-09-29,0.9769491226994327,0.9769491226994327,0.0,0,0.35399925194663884
1998-09-30,0.9769491226994327,0.9769491226994327,0.0,0,0.35172108943771324
1998-10-01,0.9769491226994327,0.9769491226994327,0.0,0,0.3464167110587222
1998-10-02,0.9769491226994327,0.9769491226994327,0.0,0,0.3493749220777749
1998-10-07,0.9769491226994327,0.9769491226994327,0.0,0,0.3553140123995512
1998-10-08,0.9769491226994327,0.9769491226994327,0.0,0,0.3459406771016333
1998-10-09,0.9769491226994327,0.9769491226994327,0.0,0,0.37171451563544866
1998-10-10,0.9769491226994327,0.9769491226994327,0.0,0,0.3835813621371658
1998-10-12,0.9769491226994327,0.9769491226994327,0.0,0,0.3991544730190754
1998-10-13,0.9769491226994327,0.9769491226994327,0.0,0,0.39225198064128575
1998-10-14,0.9769491226994327,0.9769491226994327,0.0,0,0.392308651350463
1998-10-15,0.9769491226994327,0.9769491226994327,0.0,0,0.4179351460404176
1998-10-16,0.9769491226994327,0.9769491226994327,0.0,0,0.4239082387877002
1998-10-17,0.9769491226994327,0.9769491226994327,0.0,0,0.4346303369640368
1998-10-19,0.9769491226994327,0.9769491226994327,0.0,0,0.42386290222035844
1998-10-20,0.9769491226994327,0.9769491226994327,0.0,0,0.4401613981797369
1998-10-21,0.9769491226994327,0.9769491226994327,0.0,0,0.4316041210939714
1998-10-22,0.9769491226994327,0.9769491226994327,0.0,0,0.43355359348966893
1998-10-23,0.9769491226994327,0.9769491226994327,0.0,0,0.42937129515238753
1998-10-24,0.9769491226994327,0.9769491226994327,0.0,0,0.43161545523580686
1998-10-26,0.9769491226994327,0.9769491226994327,0.0,0,0.4231261830010541
1998-10-27,0.9769491226994327,0.9769491226994327,0.0,0,0.40851647417515785
1998-10-28,0.9769491226994327,0.9769491226994327,0.0,0,0.4124607555338948
1998-10-29,0.9769491226994327,0.9769491226994327,0.0,0,0.4197032721667479
1998-10-30,0.9769491226994327,0.9769491226994327,0.0,0,0.4360811071189745
1998-10-31,0.9769491226994327,0.9769491226994327,0.0,0,0.4572646182094323
1998-11-02,0.9769491226994327,0.9769491226994327,0.0,0,0.45859071280418007
1998-11-03,0.9769491226994327,0.9769491226994327,0.0,0,0.46202495778032165
1998-11-04,0.9769491226994327,0.9769491226994327,0.0,0,0.4686327624703896
1998-11-05,0.9769491226994327,0.9769491226994327,0.0,0,0.47399381155855785
1998-11-06,0.9769491226994327,0.9769491226994327,0.0,0,0.4718403246098222
1998-11-07,0.9769491226994327,0.9769491226994327,0.0,0,0.47270171938931643
1998-11-09,0.9769491226994327,0.9769491226994327,0.0,0,0.4810776502057147
1998-11-10,0.9769491226994327,0.9769491226994327,0.0,0,0.4570379353727233
1998-11-11,0.9769491226994327,0.9769491226994327,0.0,0,0.45415906334651873
1998-11-12,0.9769491226994327,0.9769491226994327,0.0,0,0.4573552913441159
1998-11-13,0.9769491226994327,0.9769491226994327,0.0,0,0.4582393544072811
1998-11-14,0.9769491226994327,0.9769491226994327,0.0,0,0.4694828231080484
1998-11-16,0.9769491226994327,0.9769491226994327,0.0,0,0.47853880243457364
1998-11-17,0.9769491226994327,0.9769491226994327,0.0,0,0.4810549819220438
1998-11-18,0.9769491226994327,0.9769491226994327,0.0,0,0.4802729261353977
1998-11-19,0.9769491226994327,0.9769491226994327,0.0,0,0.4999036597943987
1998-11-20,0.9769491226994327,0.9769491226994327,0.0,0,0.513357286153079
1998-11-21,0.9769491226994327,0.9769491226994327,0.0,0,0.5184236475535254
1998-11-23,0.9769491226994327,0.9769491226994327,0.0,0,0.514513368620295
1998-11-24,0.9769491226994327,0.9769491226994327,0.0,0,0.5222545874939079
1998-11-25,0.9769491226994327,0.9769491226994327,0.0,0,0.5259155153067585
1998-11-26,0.9769491226994327,0.9769491226994327,0.0,0,0.506171440229403
1998-11-27,0.9769491226994327,0.9769491226994327,0.0,0,0.5066361400446565
1998-11-28,0.9769491226994327,0.9769491226994327,0.0,0,0.5164515068741571
1998-11-30,0.9769491226994327,0.9769491226994327,0.0,0,0.5121672012603566
1998-12-01,0.9769491226994327,0.9769491226994327,0.0,0,0.5054573892937696
1998-12-02,0.9769491226994327,0.9769491226994327,0.0,0,0.5058994208253522
1998-12-03,0.9769491226994327,0.9769491226994327,0.0,0,0.5078942297883916
1998-12-04,0.9769491226994327,0.9769491226994327,0.0,0,0.5285563703544186
1998-12-05,0.9769491226994327,0.9769491226994327,0.0,0,0.5561776740074126
1998-12-07,0.9769491226994327,0.9769491226994327,0.0,0,0.5831642657176211
1998-12-08,0.9769491226994327,0.9769491226994327,0.0,0,0.5778712214804657
1998-12-09,0.9769491226994327,0.9769491226994327,0.0,0,0.5967652359201623
1998-12-10,0.9769491226994327,0.9769491226994327,0.0,0,0.6433372247220303
1998-12-11,0.9769491226994327,0.9769491226994327,0.0,0,0.6292375522787292
1998-12-14,0.9769491226994327,0.9769491226994327,0.0,0,0.6339185528567705
1998-12-15,0.9769491226994327,0.9769491226994327,0.0,0,0.6572215484704576
1998-12-16,0.9769491226994327,0.9769491226994327,0.0,0,0.6188101417901144
1998-12-17,0.9769491226994327,0.9769491226994327,0.0,0,0.5994514275351642
1998-12-18,0.9769491226994327,0.9769491226994327,0.0,0,0.594872434233642
1998-12-21,0.9769491226994327,0.9769491226994327,0.0,0,0.6406850355325346
1998-12-22,0.9769491226994327,0.9769491226994327,0.0,0,0.6208276190368247
1998-12-23,0.9769491226994327,0.9769491226994327,0.0,0,0.6273787530177153
1998-12-24,0.9769491226994327,0.9769491226994327,0.0,0,0.6294529009736028
1998-12-28,0.9769491226994327,0.9769491226994327,0.0,0,0.637500141676773
1999-01-04,0.9769491226994327,0.9769491226994327,0.0,0,0.6659601718255903
1999-01-05,0.9769491226994327,0.9769491226994327,0.0,0,0.6784050595609153
1999-01-06,0.9769491226994327,0.9769491226994327,0.0,0,0.6940575094356731
1999-01-07,0.9769491226994327,0.9769491226994327,0.0,0,0.7226535492865158
1999-01-08,0.9769491226994327,0.9769491226994327,0.0,0,0.7098913055797981
1999-01-11,0.9769491226994327,0.9769491226994327,0.0,0,0.7264618209432273
1999-01-12,0.9769491226994327,0.9769491226994327,0.0,0,0.7153996985118273
1999-01-13,0.9769491226994327,0.9769491226994327,0.0,0,0.7174851806095501
1999-01-14,0.9769491226994327,0.9769491226994327,0.0,0,0.685058200818325
1999-01-15,0.9769491226994327,0.9769491226994327,0.0,0,0.6965623547813078
1999-01-18,0.9769491226994327,0.9769491226994327,0.0,0,0.7055729975404912
1999-01-19,0.9769491226994327,0.9769491226994327,0.0,0,0.7005859751328929
1999-01-20,0.9769491226994327,0.9769491226994327,0.0,0,0.6952702626120663
1999-01-21,0.9769491226994327,0.9769491226994327,0.0,0,0.6596923913905859
1999-01-22,0.9769491226994327,0.9769491226994327,0.0,0,0.6240351811762573
1999-01-25,0.9769491226994327,0.9769491226994327,0.0,0,0.6117716397102994
1999-01-26,0.9769491226994327,0.9769491226994327,0.0,0,0.6021036167246597
1999-01-27,0.9769491226994327,0.9769491226994327,0.0,0,0.6406056965396866
1999-01-28,0.9769491226994327,0.9769491226994327,0.0,0,0.6477122034705143
1999-01-29,0.9769491226994327,0.9769491226994327,0.0,0,0.6476668669031724
1999-02-01,0.9769491226994327,0.9769491226994327,0.0,0,0.6592730281426742
1999-02-02,0.9769491226994327,0.9769491226994327,0.0,0,0.6429631980414603
1999-02-03,0.9769491226994327,0.9769491226994327,0.0,0,0.6271520701810063
1999-02-04,0.9769491226994327,0.9769491226994327,0.0,0,0.6235478130773329
1999-02-05,0.9769491226994327,0.9769491226994327,0.0,0,0.6249532466649288
1999-02-08,0.9769491226994327,0.9769491226994327,0.0,0,0.6181414274218228
1999-02-09,0.9769491226994327,0.9769491226994327,0.0,0,0.5932063153838307
1999-02-10,0.9769491226994327,0.9769491226994327,0.0,0,0.5944644051275658
1999-02-11,0.9769491226994327,0.9769491226994327,0.0,0,0.5938976980357933
1999-02-12,0.9769491226994327,0.9769491226994327,0.0,0,0.6253839440546759
1999-02-18,0.9769491226994327,0.9769491226994327,0.0,0,0.6079747021954233
1999-02-19,0.9769491226994327,0.9769491226994327,0.0,0,0.5918462183635765
1999-02-22,0.9769491226994327,0.9769491226994327,0.0,0,0.5763297781908443
1999-02-23,0.9769491226994327,0.9769491226994327,0.0,0,0.5699713246211563
1999-02-24,0.9769491226994327,0.9769491226994327,0.0,0,0.5649162973625452
1999-02-25,0.9769491226994327,0.9769491226994327,0.0,0,0.5657323555746977
1999-02-26,0.9769491226994327,0.9769491226994327,0.0,0,0.589443380294461
1999-03-02,0.9769491226994327,0.9769491226994327,0.0,0,0.6052091715875733
1999-03-03,0.9769491226994327,0.9769491226994327,0.0,0,0.6057985469630167
1999-03-04,0.9769491226994327,0.9769491226994327,0.0,0,0.6033050357592175
1999-03-05,0.9769491226994327,0.9769491226994327,0.0,0,0.6099921794421336
1999-03-08,0.9769491226994327,0.9769491226994327,0.0,0,0.648131566718426
1999-03-09,0.9769491226994327,0.9769491226994327,0.0,0,0.6492763150438066
1999-03-10,0.9769491226994327,0.9769491226994327,0.0,0,0.645218692266715
1999-03-11,0.9769491226994327,0.9769491226994327,0.0,0,0.659647054823244
1999-03-12,0.9769491226994327,0.9769491226994327,0.0,0,0.6696210996384409
1999-03-15,0.9769491226994327,0.9769491226994327,0.0,0,0.6710038649423659
1999-03-16,0.9769491226994327,0.9769491226994327,0.0,0,0.6821226580829434
1999-03-17,0.9769491226994327,0.9769491226994327,0.0,0,0.6806378855024992
1999-03-18,0.9769491226994327,0.9769491226994327,0.0,0,0.6562241439889379
1999-03-19,0.9769491226994327,0.9769491226994327,0.0,0,0.6848315179816161
1999-03-22,0.9769491226994327,0.9769491226994327,0.0,0,0.6888211359076948
1999-03-23,0.9769491226994327,0.9769491226994327,0.0,0,0.6963016695190924
1999-03-24,0.9769491226994327,0.9769491226994327,0.0,0,0.6930601049541535
1999-03-25,0.9769491226994327,0.9769491226994327,0.0,0,0.6925954051388999
1999-03-26,0.9769491226994327,0.9769491226994327,0.0,0,0.6911446349839622
1999-03-29,0.9769491226994327,0.9769491226994327,0.0,0,0.681261263303449
1999-03-30,0.9769491226994327,0.9769491226994327,0.0,0,0.7005066361400446
1999-03-31,0.9769491226994327,0.9769491226994327,0.0,0,0.7015607113307416
1999-04-01,0.9769491226994327,0.9769491226994327,0.0,0,0.7218601593580343
1999-04-02,0.9769491226994327,0.9769491226994327,0.0,0,0.7330696256332951
1999-04-06,0.9769491226994327,0.9769491226994327,0.0,0,0.7556812385950198
1999-04-07,0.9769491226994327,0.9769491226994327,0.0,0,0.7631957746319238
1999-04-08,0.9769491226994327,0.9769491226994327,0.0,0,0.7720704076890819
1999-04-09,0.9769491226994327,0.9769491226994327,0.0,0,0.7791315780525677
1999-04-12,0.9769491226994327,0.9769491226994327,0.0,0,0.7816477575400379
1999-04-13,0.9769491226994327,0.9769491226994327,0.0,0,0.7818291038094051
1999-04-14,0.9769491226994327,0.9769491226994327,0.0,0,0.7791202439107323
1999-04-15,0.9769491226994327,0.9769491226994327,0.0,0,0.8183363746613925
1999-04-16,0.9769491226994327,0.9769491226994327,0.0,0,0.8218839610558887
1999-04-19,0.9769491226994327,0.9769491226994327,0.0,0,0.8688639789638328
1999-04-20,0.9769491226994327,0.9769491226994327,0.0,0,0.8732162894286459
1999-04-21,0.9769491226994327,0.9769491226994327,0.0,0,0.8424214260617258
1999-04-22,0.9769491226994327,0.9769491226994327,0.0,0,0.8391798614967868
1999-04-23,0.9769491226994327,0.9769491226994327,0.0,0,0.8511827177005293
1999-04-26,0.9769491226994327,0.9769491226994327,0.0,0,0.8798694306860556
1999-04-27,0.9769491226994327,0.9769491226994327,0.0,0,0.8999081934511329
1999-04-28,0.9769491226994327,0.9769491226994327,0.0,0,0.8954312074261297
1999-04-29,0.9769491226994327,0.9769491226994327,0.0,0,0.8530188486778724
1999-04-30,0.9769491226994327,0.9769491226994327,0.0,0,0.8529961803942016
1999-05-03,0.9769491226994327,0.9769491226994327,0.0,0,0.8574618322773692
1999-05-04,0.9769491226994327,0.9769491226994327,0.0,0,0.8740550159244692
1999-05-06,0.9769491226994327,0.9769491226994327,0.0,0,0.9186775323306395
1999-05-07,0.9769491226994327,0.9769491226994327,0.0,0,0.9187682054653232
1999-05-10,0.9769491226994327,0.9769491226994327,0.0,0,0.9228711648097565
1999-05-11,0.9769491226994327,0.9769491226994327,0.0,0,0.8856611771639711
1999-05-12,0.9769491226994327,0.9769491226994327,0.0,0,0.8762765077242177
1999-05-13,0.9769491226994327,0.9769491226994327,0.0,0,0.8414126874383706
1999-05-14,0.9769491226994327,0.9769491226994327,0.0,0,0.836266987045076
1999-05-17,0.9769491226994327,0.9769491226994327,0.0,0,0.8135987033741741
1999-05-18,0.9769491226994327,0.9769491226994327,0.0,0,0.8265876299176008
1999-05-19,0.9769491226994327,0.9769491226994327,0.0,0,0.8330367566219724
1999-05-20,0.9769491226994327,0.9769491226994327,0.0,0,0.8031372904600529
1999-05-21,0.9769491226994327,0.9769491226994327,0.0,0,0.8052794432669531
1999-05-24,0.9769491226994327,0.9769491226994327,0.0,0,0.7884029060739667
1999-05-25,0.977856303160838,0.8792542104294894,0.1008349513242649,1,0.7919051559011211
1999-05-26,0.9808707168503736,0.8792542104294894,0.10359826700421858,1,0.8161148828616441
1999-05-27,0.981527660460652,0.6829056375032225,0.3042420860735394,3,0.8236067506148772
1999-05-28,0.9838207698764757,0.6829056375032225,0.3058637727388443,3,0.8299312017590589
1999-05-31,0.9853741665775175,0.6829056375032225,0.30695804632757273,3,0.8342155073728593
1999-06-01,0.9951896429554956,0.5844808215587209,0.41269402701686003,4,0.8542769384216075
1999-06-02,1.0067853067554788,0.5844808215587209,0.41945833174472846,4,0.878395992247447
1999-06-03,1.0085344646877132,0.5844808215587209,0.42046519774641306,4,0.8820342517766269
1999-06-04,1.0190457595515137,0.5844808215587209,0.4264430070186903,4,0.9038978113772116
1999-06-07,1.0434685815212152,0.5844808215587209,0.43986735019214607,4,0.9546974350837028
1999-06-08,1.0496151551896273,0.5844808215587209,0.4431475015686807,4,0.9674823470740913
1999-06-09,1.02229341726993,0.5844808215587209,0.42826510306640025,4,0.9106529599111404
1999-06-10,1.0509556313619939,0.5844808215587209,0.44385775753324747,4,0.9702705459656122
1999-06-11,1.0468960592139736,0.5844808215587209,0.4417011923824045,4,0.9618266102982014
1999-06-14,1.0323469885626786,0.5844808215587209,0.43383297666951603,4,0.9315644515975473
1999-06-15,1.0224350936133508,0.5844808215587209,0.428344326980084,4,0.9109476475988622
1999-06-16,1.0364991952429359,0.5844808215587209,0.4361010367965315,4,0.940201067676161
1999-06-17,1.0379867968488548,0.5844808215587209,0.4369091944780975,4,0.9432952883972391
1999-06-18,1.040967449150824,0.5844808215587209,0.4385215195388531,4,0.9494950639812307
1999-06-21,1.057761480069381,0.7068725090687397,0.331727877798713,3,0.9849369255006858
1999-06-22,1.060575859963368,0.7068725090687397,0.33350122725482834,3,0.992836822359995
1999-06-23,1.0652082220199959,0.9461695644007448,0.11175153848654433,1,1.007185845923676
1999-06-24,1.0636904834889693,0.9461695644007448,0.11048413134500248,1,0.99434426322411
1999-06-25,1.0643308003626064,0.9461695644007448,0.11101927701575973,1,0.9997619830214556
1999-06-28,1.0668979485916212,1.0668979485916212,0.0,0,1.0235296784503962
1999-06-29,1.0668979485916212,1.0668979485916212,0.0,0,1.0171825590225436
1999-06-30,1.0668979485916212,1.0668979485916212,0.0,0,1.000804724070317
1999-07-01,1.0668979485916212,1.0668979485916212,0.0,0,1.0427183805778146
1999-07-02,1.0668979485916212,1.0668979485916212,0.0,0,1.0579514672046606
1999-07-05,1.0668979485916212,1.0668979485916212,0.0,0,1.0912965124845573
1999-07-06,1.0668979485916212,1.0668979485916212,0.0,0,1.1214339956250212
1999-07-07,1.0668979485916212,1.0668979485916212,0.0,0,1.1401920003626926
1999-07-08,1.0668979485916212,1.0668979485916212,0.0,0,1.1324054449217378
1999-07-09,1.0668979485916212,1.0668979485916212,0.0,0,1.1650704416915074
1999-07-12,1.0668979485916212,1.0668979485916212,0.0,0,1.1382311938251595
1999-07-13,1.0668979485916212,1.0668979485916212,0.0,0,1.1192465062507793
1999-07-14,1.0668979485916212,1.0668979485916212,0.0,0,1.0809031044214488
1999-07-15,1.0668979485916212,1.0668979485916212,0.0,0,1.1131714062269775
1999-07-16,1.0668979485916212,1.0668979485916212,0.0,0,1.157011866846502
1999-07-19,1.0656731453053698,0.9602081537324592,0.09896560876805194,1,1.1612735041766313
1999-07-20,1.0629834575993828,0.9602081537324592,0.09668570393280529,1,1.131657391560598
1999-07-21,1.0595516096040667,0.9602081537324592,0.09375990274671972,1,1.0938693626812046
1999-07-22,1.0607405071549336,0.9602081537324592,0.0947756333847544,1,1.1069602965011505
1999-07-23,1.0533600782027994,0.9602081537324592,0.08843312595373112,1,1.0256944995409674
1999-07-26,1.0500641042132968,0.9602081537324592,0.08557187139365864,1,0.9894025773838535
1999-07-27,1.0558191918383153,0.9602081537324592,0.09055626081146063,1,1.0527717643858596
1999-07-28,1.05955445634342,0.8546767755613961,0.19336210569966167,2,1.0704643597909984
1999-07-29,1.0713226775305797,0.8546767755613961,0.2022228283905618,2,1.1319520792483198
1999-07-30,1.065034000439045,0.8546767755613961,0.19751221537615896,2,1.0990944020673477
1999-08-02,1.0628842663936118,0.8546767755613961,0.1958891456157009,2,1.0878622675084155
1999-08-03,1.0658171023466145,0.8546767755613961,0.19810183784849175,2,1.1031860272699454
1999-08-04,1.0658821469592903,0.7480128504727267,0.29822180378325086,3,1.1055888653390609
1999-08-05,1.0540270185506777,0.7480128504727267,0.29032858047484467,3,1.0643552573416906
1999-08-06,1.0537630643447686,0.7480128504727267,0.2901508168367599,3,1.063437191853019
1999-08-09,1.05725312551179,0.7480128504727267,0.29249407504883723,3,1.075576057758787
1999-08-10,1.0636694938011133,0.7480128504727267,0.2967619595823518,3,1.0978929830327897
1999-08-11,1.0556596241946345,0.7480128504727267,0.2914261061718756,3,1.0700336624012514
1999-08-12,1.0573769558799944,0.7480128504727267,0.292576931705308,3,1.076006755148534
1999-08-13,1.0467993604474728,0.8422636106737471,0.19539155018808305,2,1.0398735109771164
1999-08-16,1.044527657514195,0.8422636106737471,0.1936416382901754,2,1.0283240204467918
1999-08-17,1.0370415157576236,0.8422636106737471,0.1878207401770015,2,0.9902639721633477
1999-08-18,1.0359803473609208,0.8422636106737471,0.18698881419966304,2,0.9848689206496731
1999-08-19,1.036479720724075,0.8422636106737471,0.18738052097599198,2,0.987407768420814
1999-08-20,1.0380870787367278,0.8422636106737471,0.1886387684367315,2,0.9955796846841741
1999-08-23,1.0468238832465562,0.8422636106737471,0.19541039887091444,2,1.0399981865373065
1999-08-24,1.0499174299531238,0.9483372776738378,0.09675061045878756,1,1.05680671887928
1999-08-25,1.053250016324166,0.9483372776738378,0.0996085801322584,1,1.0914778587539244
1999-08-26,1.0529101121241773,0.9483372776738378,0.09931791256080796,1,1.0879416065012637
1999-08-27,1.0529536895857143,0.9483372776738378,0.09935518812136741,1,1.0883949721746817
1999-08-30,1.0510242974761637,0.9483372776738378,0.09770185146899968,1,1.0683222069840983
1999-08-31,1.0503089995915107,1.0503089995915107,0.0,0,1.0630064944632718
1999-09-01,1.0503089995915107,1.0503089995915107,0.0,0,1.0263292114837526
1999-09-02,1.0503089995915107,1.0503089995915107,0.0,0,1.0189053485815323
1999-09-03,1.0503089995915107,1.0503089995915107,0.0,0,1.0321096238198326
1999-09-06,1.0503089995915107,1.0503089995915107,0.0,0,1.0690589262034025
1999-09-07,1.0503089995915107,1.0503089995915107,0.0,0,1.069852316131884
1999-09-08,1.0503089995915107,1.0503089995915107,0.0,0,1.0619297509889039
1999-09-09,1.0503089995915107,1.0503089995915107,0.0,0,1.0773441838851172
1999-09-10,1.0503089995915107,1.0503089995915107,0.0,0,1.0903217762867086
1999-09-13,1.0503089995915107,1.0503089995915107,0.0,0,1.1117773067812171
1999-09-14,1.0503089995915107,1.0503089995915107,0.0,0,1.0977569733307642
1999-09-15,1.0503089995915107,1.0503089995915107,0.0,0,1.0797923585215747
1999-09-16,1.0503089995915107,1.0503089995915107,0.0,0,1.0383887383966723
1999-09-17,1.0503089995915107,1.0503089995915107,0.0,0,1.04863480261592
1999-09-20,1.0503089995915107,1.0503089995915107,0.0,0,1.0584728377290913
1999-09-21,1.0503089995915107,1.0503089995915107,0.0,0,1.0851534076097429
1999-09-22,1.0503089995915107,1.0503089995915107,0.0,0,1.0671887928005532
1999-09-27,1.0503089995915107,1.0503089995915107,0.0,0,1.0243684049462194
1999-09-28,1.0503089995915107,1.0503089995915107,0.0,0,1.0209001575445715
1999-09-29,1.0503089995915107,1.0503089995915107,0.0,0,0.9848009157986604
1999-09-30,1.0503089995915107,1.0503089995915107,0.0,0,0.9477382719967358
1999-10-01,1.0503089995915107,1.0503089995915107,0.0,0,0.9513311949585738
1999-10-04,1.0503089995915107,1.0503089995915107,0.0,0,0.9275521653877977
1999-10-05,1.0503089995915107,1.0503089995915107,0.0,0,0.8971539969851182
1999-10-06,1.0503089995915107,1.0503089995915107,0.0,0,0.9467522016570515
1999-10-07,1.0517391435845387,0.9452780996323596,0.10122381067736845,1,0.9647054823244058
1999-10-08,1.0502707153920947,0.9452780996323596,0.09996719343025624,1,0.9513991998095864
1999-10-11,1.0496428184989033,0.9452780996323596,0.09942879332590099,1,0.9457094606081901
1999-10-12,1.0523770468027211,0.9452780996323596,0.1017686080247989,1,0.9704858946604858
1999-10-13,1.0522857390871774,0.9452780996323596,0.1016906677340732,1,0.9696585023064979
1999-10-14,1.0535990692422592,0.9452780996323596,0.1028104264440963,1,0.9815593512337214
1999-10-15,1.0531750512207614,0.9452780996323596,0.10244920961936549,1,0.9777170771515035
1999-10-18,1.0486246749310588,0.9452780996323596,0.09855439965256751,1,0.936483469154133
1999-10-19,1.0467722540170816,0.9452780996323596,0.09695915610604805,1,0.9196976050958303
1999-10-20,1.049180025968065,0.9452780996323596,0.0990315520349678,1,0.9415158281290733
1999-10-21,1.04765656298817,0.9452780996323596,0.0977213974241733,1,0.927710843373494
1999-10-22,1.0477828928411828,0.9452780996323596,0.09783018400965642,1,0.9288555916988745
1999-10-25,1.0451962578309835,0.9452780996323596,0.09559750855401683,1,0.905416586383162
1999-10-26,1.0449673631468122,0.9452780996323596,0.09539940387635495,1,0.9033424384272745
1999-10-27,1.0440620121620292,0.8408026267582845,0.1946813340932096,2,0.8992734815083476
1999-10-28,1.0511146839880041,0.8408026267582845,0.2000847865922496,2,0.9304763739813441
1999-10-29,1.0543323214066112,0.8408026267582845,0.20252598759701418,2,0.9447120561266704
1999-11-01,1.0653583655544485,0.8408026267582845,0.2107795330253004,2,0.9934942025864512
1999-11-02,1.0688501169888123,0.8408026267582845,0.21335778198068422,2,1.0089426379081707
1999-11-03,1.0678519597993095,0.951544589176062,0.10891712990357405,1,1.0055083929320292
1999-11-04,1.071086252571981,0.951544589176062,0.11160787761850707,1,1.0334697208400867
1999-11-05,1.071252752443132,0.951544589176062,0.11174595630588563,1,1.034909156853189
1999-11-08,1.0705330010316214,0.951544589176062,0.11114875649876828,1,1.0286867129855264
1999-11-09,1.0752343281020713,0.951544589176062,0.11503514693800539,1,1.0693309456074533
1999-11-10,1.0746181474765522,0.951544589176062,0.11452771255491531,1,1.0640038989447915
1999-11-11,1.0757534930546362,0.951544589176062,0.11546223617260043,1,1.073819265774292
1999-11-12,1.0786167664293889,0.951544589176062,0.11781031151034455,1,1.0985730315429167
1999-11-15,1.0793338957956844,0.951544589176062,0.11839645462576365,1,1.1047728071269085
1999-11-16,1.0836589593777854,0.951544589176062,0.12191508136248036,1,1.142164141042061
1999-11-17,1.0784043807669759,0.951544589176062,0.11763656922525617,1,1.0967369005655736
1999-11-18,1.078738691531885,0.951544589176062,0.1179100215411747,1,1.0996271067336139
1999-11-19,1.0817435553482464,0.951544589176062,0.1203602882850264,1,1.1256049598204672
1999-11-22,1.079746867917043,0.951544589176062,0.11873364262523685,1,1.1083430618050756
1999-11-23,1.0789893459442106,1.0789893459442106,0.0,0,1.1040020854820978
1999-11-24,1.0789893459442106,1.0789893459442106,0.0,0,1.098607033968423
1999-11-25,1.0789893459442106,1.0789893459442106,0.0,0,1.1024833104761473
1999-11-26,1.0789893459442106,1.0789893459442106,0.0,0,1.0757914064536604
1999-11-29,1.0789893459442106,1.0789893459442106,0.0,0,1.0929059606251914
1999-11-30,1.0789893459442106,1.0789893459442106,0.0,0,1.1296285801720523
1999-12-01,1.0789893459442106,1.0789893459442106,0.0,0,1.132462115630915
1999-12-02,1.0789893459442106,1.0789893459442106,0.0,0,1.0970315882532955
1999-12-03,1.0789893459442106,1.0789893459442106,0.0,0,1.0955468156728514
1999-12-06,1.0789893459442106,1.0789893459442106,0.0,0,1.1312720307381927
1999-12-07,1.0789893459442106,1.0789893459442106,0.0,0,1.1333235104104094
1999-12-08,1.0789893459442106,1.0789893459442106,0.0,0,1.1201759058812863
1999-12-09,1.0789893459442106,1.0789893459442106,0.0,0,1.1113579435333054
1999-12-10,1.0818414218655035,0.9710904113497896,0.1023726844593704,1,1.1540083192601072
1999-12-13,1.0813497607798979,0.9710904113497896,0.10196455710184492,1,1.1488852871504833
1999-12-14,1.0801521526930578,0.9710904113497896,0.10096886912769938,1,1.136406396989652
1999-12-15,1.075903417736475,0.9710904113497896,0.09741860157596198,1,1.0921352389803807
1999-12-16,1.0742707113437893,0.9710904113497896,0.09604683335817,1,1.075122692085369
1999-12-17,1.0743457658015476,0.9710904113497896,0.0961099840838683,1,1.075904747872015
1999-12-20,1.0762808655167961,0.9710904113497896,0.09773513358569037,1,1.096068186197282
1999-12-21,1.0753834752609894,0.9710904113497896,0.09698220803131513,1,1.086717519183035
1999-12-22,1.076365709686436,0.9710904113497896,0.0978062543141726,1,1.0969522492604473
1999-12-23,1.0770542527554368,0.9710904113497896,0.09838301193701152,1,1.1041267610422878
1999-12-24,1.0789545446062176,0.9710904113497896,0.0999709707843112,1,1.1239275068288206
1999-12-27,1.0804882661343234,0.9710904113497896,0.10124853569759529,1,1.1399086468168063
1999-12-28,1.0829182901724714,0.9710904113497896,0.10326529696425336,1,1.1652291196772036
2000-01-04,1.0862870388054813,0.9710904113497896,0.10604621369906597,1,1.2003309569415952
2000-01-05,1.078375863859443,0.9710904113497896,0.09948799496094529,1,1.1178977433723605
2000-01-06,1.0755999366681477,0.9710904113497896,0.09716393777606011,1,1.0889730134082898
2000-01-07,1.074279413309906,0.9710904113497896,0.09605415563366923,1,1.0752133652200524
2000-01-10,1.078477024215552,0.9710904113497896,0.09957246232841337,1,1.1189518185630576
2000-01-11,1.077834166468665,0.9710904113497896,0.09903541605904247,1,1.1122533407383062
2000-01-12,1.0747634579996679,1.0747634579996679,0.0,0,1.0824218794273992
2000-01-13,1.0747634579996679,1.0747634579996679,0.0,0,1.0779335592605606
2000-01-14,1.0747634579996679,1.0747634579996679,0.0,0,1.0745106484262543
2000-01-17,1.0747634579996679,1.0747634579996679,0.0,0,1.1144521642543834
2000-01-18,1.0747634579996679,1.0747634579996679,0.0,0,1.112480023575015
2000-01-19,1.0747634579996679,1.0747634579996679,0.0,0,1.0640265672284623
2000-01-20,1.0747634579996679,1.0747634579996679,0.0,0,1.0720964762153034
2000-01-21,1.0747634579996679,1.0747634579996679,0.0,0,1.0485894660485782
2000-01-24,1.0747634579996679,1.0747634579996679,0.0,0,1.0504142628840858
2000-01-25,1.0747634579996679,1.0747634579996679,0.0,0,1.0101213886590577
2000-01-26,1.0747634579996679,1.0747634579996679,0.0,0,1.0036835960965216
2000-01-27,1.0747634579996679,1.0747634579996679,0.0,0,1.0305341781047048
2000-01-28,1.0747634579996679,1.0747634579996679,0.0,0,1.0673021342189075
2000-01-31,1.0747634579996679,1.0747634579996679,0.0,0,1.0698069795645424
2000-02-01,1.0747634579996679,1.0747634579996679,0.0,0,1.0526584229675051
2000-02-02,1.0747634579996679,1.0747634579996679,0.0,0,1.0694782894513142
2000-02-03,1.0747634579996679,1.0747634579996679,0.0,0,1.0769928254882182
2000-02-07,1.0747634579996679,1.0747634579996679,0.0,0,1.1029593444332362
2000-02-08,1.0747634579996679,1.0747634579996679,0.0,0,1.0894603815072144
2000-02-09,1.0747634579996679,1.0747634579996679,0.0,0,1.106268913849188
2000-02-10,1.0747634579996679,1.0747634579996679,0.0,0,1.0950821158575978
2000-02-11,1.0747634579996679,1.0747634579996679,0.0,0,1.0803930680388536
2000-02-14,1.0747634579996679,1.0747634579996679,0.0,0,1.0323929773657188
2000-02-15,1.0747634579996679,1.0747634579996679,0.0,0,0.9970644572646183
2000-02-16,1.0747634579996679,1.0747634579996679,0.0,0,0.9968377744279092
2000-02-17,1.0747634579996679,1.0747634579996679,0.0,0,1.0172618980153918
2000-02-18,1.0747634579996679,1.0747634579996679,0.0,0,0.996429745321833
2000-02-21,1.0747634579996679,1.0747634579996679,0.0,0,0.9580976776343381
2000-02-22,1.0747634579996679,1.0747634579996679,0.0,0,0.9634247242969999
2000-02-23,1.0747634579996679,1.0747634579996679,0.0,0,0.998163869022657
2000-02-24,1.0747634579996679,1.0747634579996679,0.0,0,0.9830894603815072
2000-02-25,1.0747634579996679,1.0747634579996679,0.0,0,0.9801312493624545
2000-02-28,1.0747634579996679,1.0747634579996679,0.0,0,0.9282775504652665
2000-02-29,1.0747634579996679,1.0747634579996679,0.0,0,0.938897641365084
2000-03-02,1.0747634579996679,1.0747634579996679,0.0,0,1.0140203334504527
2000-03-03,1.0747634579996679,1.0747634579996679,0.0,0,1.0142130138616556
2000-03-06,1.0747634579996679,1.0747634579996679,0.0,0,1.0306475195230593
2000-03-07,1.0747634579996679,1.0747634579996679,0.0,0,1.0283920252978047
2000-03-08,1.0747634579996679,1.0747634579996679,0.0,0,1.0381393872762925
2000-03-09,1.0747634579996679,1.0747634579996679,0.0,0,1.0026068526221539
2000-03-10,1.0747634579996679,1.0747634579996679,0.0,0,1.010280066644754
2000-03-13,1.0747634579996679,1.0747634579996679,0.0,0,0.968683766108649
2000-03-14,1.0747634579996679,1.0747634579996679,0.0,0,0.959707125774972
2000-03-15,1.0747634579996679,1.0747634579996679,0.0,0,0.9492683811445216
2000-03-16,1.0747634579996679,1.0747634579996679,0.0,0,0.9534506794818031
2000-03-17,1.0747634579996679,1.0747634579996679,0.0,0,0.9697151730156752
2000-03-20,1.0747634579996679,1.0747634579996679,0.0,0,0.963980097246937
2000-03-21,1.0747634579996679,1.0747634579996679,0.0,0,0.9786011402146686
2000-03-22,1.0747634579996679,1.0747634579996679,0.0,0,1.0001586779856964
2000-03-23,1.0747634579996679,1.0747634579996679,0.0,0,0.9833728139273935
2000-03-24,1.0747634579996679,1.0747634579996679,0.0,0,1.0078772285756386
2000-03-27,1.0747634579996679,1.0747634579996679,0.0,0,1.0050096906912693
2000-03-28,1.0747634579996679,1.0747634579996679,0.0,0,1.0102007276519058
2000-03-29,1.0747634579996679,1.0747634579996679,0.0,0,1.0297181198925525
2000-03-30,1.0747634579996679,1.0747634579996679,0.0,0,1.0086819526459556
2000-03-31,1.0747634579996679,1.0747634579996679,0.0,0,0.9758016071813124
2000-04-03,1.0747634579996679,1.0747634579996679,0.0,0,0.9593671015199086
2000-04-04,1.0747634579996679,1.0747634579996679,0.0,0,0.9409151186117943
2000-04-06,1.0747634579996679,1.0747634579996679,0.0,0,0.9116616985344955
2000-04-07,1.0747634579996679,1.0747634579996679,0.0,0,0.94909836901699
2000-04-10,1.0747634579996679,1.0747634579996679,0.0,0,0.9862630200954334
2000-04-11,1.0747634579996679,1.0747634579996679,0.0,0,0.9691257976402317
2000-04-12,1.0747634579996679,1.0747634579996679,0.0,0,0.9486790057690783
2000-04-14,1.0747634579996679,1.0747634579996679,0.0,0,0.9077400854594294
2000-04-17,1.0747634579996679,1.0747634579996679,0.0,0,0.8021398859785333
2000-04-18,1.0747634579996679,1.0747634579996679,0.0,0,0.8470004193632479
2000-04-19,1.0747634579996679,1.0747634579996679,0.0,0,0.8558183817112288
2000-04-20,1.0747634579996679,1.0747634579996679,0.0,0,0.862811547223702
2000-04-21,1.0747634579996679,1.0747634579996679,0.0,0,0.8695100250484534
2000-04-24,1.0747634579996679,1.0747634579996679,0.0,0,0.8473177753346406
2000-04-25,1.0747634579996679,1.0747634579996679,0.0,0,0.8355529361094426
2000-04-26,1.0747634579996679,1.0747634579996679,0.0,0,0.8083849981298666
2000-04-27,1.0747634579996679,1.0747634579996679,0.0,0,0.7844019540060525
2000-04-28,1.0747634579996679,1.0747634579996679,0.0,0,0.822167314601775
2000-05-01,1.0747634579996679,1.0747634579996679,0.0,0,0.80922372462569
2000-05-02,1.0747634579996679,1.0747634579996679,0.0,0,0.8529961803942016
2000-05-03,1.0747634579996679,1.0747634579996679,0.0,0,0.8531888608054041
2000-05-04,1.0747634579996679,1.0747634579996679,0.0,0,0.8515227419555929
2000-05-08,1.0747634579996679,1.0747634579996679,0.0,0,0.8730009407337724
2000-05-09,1.0747634579996679,1.0747634579996679,0.0,0,0.862358181550284
2000-05-10,1.0747634579996679,1.0747634579996679,0.0,0,0.8608394065443336
2000-05-12,1.0747634579996679,1.0747634579996679,0.0,0,0.8390665200784323
2000-05-15,1.0747634579996679,1.0747634579996679,0.0,0,0.8258849131238029
2000-05-16,1.0747634579996679,1.0747634579996679,0.0,0,0.846399709845969
2000-05-17,1.0747634579996679,1.0747634579996679,0.0,0,0.8241961259903207
2000-05-18,1.0747634579996679,1.0747634579996679,0.0,0,0.808067642158474
2000-05-19,1.0747634579996679,1.0747634579996679,0.0,0,0.8281630756327284
2000-05-22,1.0747634579996679,1.0747634579996679,0.0,0,0.7838805834816217
2000-05-23,1.0747634579996679,1.0747634579996679,0.0,0,0.7704496254066123
2000-05-24,1.0747634579996679,1.0747634579996679,0.0,0,0.7649979031837605
2000-05-25,1.0747634579996679,1.0747634579996679,0.0,0,0.7928572238152988
2000-05-26,1.0747634579996679,1.0747634579996679,0.0,0,0.7442677577667207
2000-05-29,1.0747634579996679,1.0747634579996679,0.0,0,0.7434403654127327
2000-05-30,1.0747634579996679,1.0747634579996679,0.0,0,0.7834838885173809
2000-05-31,1.0747634579996679,1.0747634579996679,0.0,0,0.8295231726529826
2000-06-01,1.0747634579996679,1.0747634579996679,0.0,0,0.8370150404062157
2000-06-02,1.0747634579996679,1.0747634579996679,0.0,0,0.8621768352809168
2000-06-05,1.0747634579996679,1.0747634579996679,0.0,0,0.9001688787133483
2000-06-07,1.0747634579996679,1.0747634579996679,0.0,0,0.9322785025331807
2000-06-08,1.0747634579996679,1.0747634579996679,0.0,0,0.9068560223962643
2000-06-09,1.0747634579996679,1.0747634579996679,0.0,0,0.9479876231171157
2000-06-12,1.0747634579996679,1.0747634579996679,0.0,0,0.958653050584275
2000-06-13,1.0747634579996679,1.0747634579996679,0.0,0,0.91177503995285
2000-06-14,1.0747634579996679,1.0747634579996679,0.0,0,0.9285722381529883
2000-06-15,1.0747634579996679,1.0747634579996679,0.0,0,0.8738056648040895
2000-06-16,1.0747634579996679,1.0747634579996679,0.0,0,0.8603067018780673
2000-06-19,1.0747634579996679,1.0747634579996679,0.0,0,0.8561584059662923
2000-06-20,1.0747634579996679,1.0747634579996679,0.0,0,0.8900928266216325
2000-06-21,1.0747634579996679,1.0747634579996679,0.0,0,0.8861825476884018
2000-06-22,1.0747634579996679,1.0747634579996679,0.0,0,0.8866019109363135
2000-06-23,1.0747634579996679,1.0747634579996679,0.0,0,0.8828616441306147
2000-06-26,1.0747634579996679,1.0747634579996679,0.0,0,0.8971539969851182
2000-06-27,1.0747634579996679,1.0747634579996679,0.0,0,0.9179181448276644
2000-06-28,1.0747634579996679,1.0747634579996679,0.0,0,0.9279601944938739
2000-06-29,1.0747634579996679,1.0747634579996679,0.0,0,0.9281528749050766
2000-06-30,1.0747634579996679,1.0747634579996679,0.0,0,0.9307823958109013
2000-07-03,1.0747634579996679,1.0747634579996679,0.0,0,0.9466388602386971
2000-07-04,1.0747634579996679,1.0747634579996679,0.0,0,0.9277335116571649
2000-07-05,1.0747634579996679,1.0747634579996679,0.0,0,0.9411871380158452
2000-07-06,1.0747634579996679,1.0747634579996679,0.0,0,0.9493817225628762
2000-07-07,1.0747634579996679,1.0747634579996679,0.0,0,0.9540400548572465
2000-07-10,1.0747634579996679,1.0747634579996679,0.0,0,0.9650681748631403
2000-07-11,1.0747634579996679,1.0747634579996679,0.0,0,0.9485089936415465
2000-07-12,1.0747634579996679,1.0747634579996679,0.0,0,0.9517958947738272
2000-07-13,1.0747634579996679,1.0747634579996679,0.0,0,0.9585850457332623
2000-07-14,1.0747634579996679,1.0747634579996679,0.0,0,0.9384102732661598
2000-07-18,1.0747634579996679,1.0747634579996679,0.0,0,0.9207063437191854
2000-07-19,1.0747634579996679,1.0747634579996679,0.0,0,0.9036711285405026
2000-07-20,1.0747634579996679,1.0747634579996679,0.0,0,0.8828163075632729
2000-07-21,1.0747634579996679,1.0747634579996679,0.0,0,0.8875313105668204
2000-07-24,1.0747634579996679,1.0747634579996679,0.0,0,0.8363349918960886
2000-07-25,1.0747634579996679,1.0747634579996679,0.0,0,0.8360516383502024
2000-07-26,1.0747634579996679,1.0747634579996679,0.0,0,0.843078806288182
2000-07-27,1.0747634579996679,1.0747634579996679,0.0,0,0.8247628330820932
2000-07-28,1.0747634579996679,1.0747634579996679,0.0,0,0.7850593342325086
2000-07-31,1.0747634579996679,1.0747634579996679,0.0,0,0.8001564111573293
2000-08-01,1.077124547435779,0.9672871121997011,0.10197282709558404,1,0.8241054528556371
2000-08-02,1.0773103541272113,0.9672871121997011,0.10212771232171627,1,0.8254995523013976
2000-08-03,1.0763662144349744,0.9672871121997011,0.1013401394176358,1,0.8184157136542407
2000-08-04,1.0745413812378186,0.9672871121997011,0.09981399591569565,1,0.804724070317016
2000-08-07,1.069343325748239,0.9672871121997011,0.09543821062064164,1,0.7657232882612294
2000-08-08,1.0679067227925312,0.9672871121997011,0.09422134765638898,1,0.7549445193757155
2000-08-09,1.074576125578493,0.9672871121997011,0.09984310168908078,1,0.8049847555792313
2000-08-10,1.0774538633604311,0.9672871121997011,0.10224730255932733,1,0.8265762957757653
2000-08-11,1.0763858525405727,0.9672871121997011,0.10135653500403043,1,0.8185630574981017
2000-08-14,1.0780535808929401,0.9672871121997011,0.10274671932492667,1,0.8310759500844394
2000-08-16,1.0807560863479992,0.9672871121997011,0.1049903633036414,1,0.8513527298280611
2000-08-17,1.079600459364701,0.9672871121997011,0.1040323262099126,1,0.8426821113239411
2000-08-18,1.0773088435037037,0.9672871121997011,0.1021264533076529,1,0.8254882181595622
2000-08-21,1.0764417456103532,0.9672871121997011,0.10140319609098805,1,0.8189824207460134
2000-08-22,1.0788632750930025,0.9672871121997011,0.1034201139932983,1,0.8371510501082411
2000-08-23,1.0760202816517386,0.9672871121997011,0.1010512267344323,1,0.8158201951739223
2000-08-24,1.0758797936655338,0.9672871121997011,0.10093384233554223,1,0.8147661199832256
2000-08-25,1.0775324157828252,0.9672871121997011,0.10231274898865222,1,0.8271656711512088
2000-08-28,1.0778360511078486,0.9672871121997011,0.10256563490757285,1,0.8294438336601344
2000-08-29,1.0770453128144108,0.9697648051537386,0.09960630846657614,1,0.8291604801142481
2000-08-30,1.0751931710738096,0.9697648051537386,0.09805527858289705,1,0.8148454589760736
2000-08-31,1.0707483241888036,0.9697648051537386,0.0943111623467352,1,0.7804916750728219
2000-09-01,1.071271851189116,0.9697648051537386,0.09475376947756463,1,0.7845379637080779
2000-09-04,1.069674873868835,0.9697648051537386,0.09340227685608661,1,0.7721950832492718
2000-09-05,1.069395535565803,0.8628495238206678,0.19314276605414707,2,0.769860250031169
2000-09-06,1.0686201213823772,0.8628495238206678,0.19255729275949124,2,0.766970043863129
2000-09-07,1.0624411346344513,0.8628495238206678,0.18786133584940315,2,0.7439390676534926
2000-09-08,1.0616231486919356,0.8628495238206678,0.1872355789492571,2,0.7408901834997563
2000-09-14,1.0625614342631726,0.7572035435724377,0.28737904543136716,3,0.7368778972900067
2000-09-15,1.052256650490824,0.7572035435724377,0.280400325130527,3,0.7120107901030275
2000-09-18,1.0284720447373266,0.7572035435724377,0.2637587502285211,3,0.6546146958483038
2000-09-19,1.0254707882056353,0.7572035435724377,0.2616039849390644,3,0.6473721792154506
2000-09-20,1.0418673242809628,0.7572035435724377,0.27322459786804804,3,0.68693966836301
2000-09-21,1.0371282509781827,0.7572035435724377,0.2699036566998633,3,0.6755035192510399
2000-09-22,1.0170541188710642,0.7572035435724377,0.2554933611468603,3,0.6270613970463227
2000-09-25,1.0317926838107314,0.7572035435724377,0.2661282101983421,3,0.6626279341259677
2000-09-26,1.0331876340296866,0.7572035435724377,0.26711904146669174,3,0.6659941742510966
2000-09-27,1.0386875892700786,0.7572035435724377,0.2709997198440096,3,0.6792664543404096
2000-09-28,1.0415816066099832,0.8458714638730088,0.18789708026234123,2,0.6866789831007946
2000-09-29,1.0439623671150118,0.8458714638730088,0.18974908433665738,2,0.695032245633522
2000-10-02,1.0362095513591523,0.8458714638730088,0.1836868683911329,2,0.6678303052284397
2000-10-04,1.039181464065565,0.8458714638730088,0.18602140903887382,2,0.6782577157170545
2000-10-05,1.041885258560421,0.8458714638730088,0.18813376336492713,2,0.6877443924333269
2000-10-06,1.042358996600939,0.941535741157789,0.09672603754745501,1,0.6900792256514299
2000-10-09,1.0391017190538145,0.941535741157789,0.09389453997330222,1,0.6677849686610978
2000-10-10,1.0389626182332967,0.941535741157789,0.09377322664522536,1,0.66683290074692
2000-10-11,1.033802640176947,0.941535741157789,0.08925001294576437,1,0.6315157147876548
2000-10-12,1.029904601323956,1.029904601323956,0.0,0,0.6060478980833967
2000-10-13,1.029904601323956,1.029904601323956,0.0,0,0.5945890806877557
2000-10-16,1.029904601323956,1.029904601323956,0.0,0,0.6234911423681556
2000-10-17,1.029904601323956,1.029904601323956,0.0,0,0.581271464031101
2000-10-18,1.029904601323956,1.029904601323956,0.0,0,0.5827675707533804
2000-10-19,1.029904601323956,1.029904601323956,0.0,0,0.5837536410930646
2000-10-20,1.029904601323956,1.029904601323956,0.0,0,0.6188101417901144
2000-10-23,1.029904601323956,1.029904601323956,0.0,0,0.5988620521597208
2000-10-24,1.029904601323956,1.029904601323956,0.0,0,0.6177674007412528
2000-10-25,1.029904601323956,1.029904601323956,0.0,0,0.6146845141620103
2000-10-26,1.029904601323956,1.029904601323956,0.0,0,0.5935350054970587
2000-10-27,1.029904601323956,1.029904601323956,0.0,0,0.5840936653481282
2000-10-30,1.029904601323956,1.029904601323956,0.0,0,0.5720681408607148
2000-10-31,1.029904601323956,1.029904601323956,0.0,0,0.5831189291502794
2000-11-01,1.029904601323956,1.029904601323956,0.0,0,0.6219723673622052
2000-11-02,1.029904601323956,1.029904601323956,0.0,0,0.6325584558365164
2000-11-03,1.029904601323956,1.029904601323956,0.0,0,0.6351766426005055
2000-11-06,1.029904601323956,1.029904601323956,0.0,0,0.6309263394122114
2000-11-07,1.029904601323956,1.029904601323956,0.0,0,0.6271747384646772
2000-11-08,1.029904601323956,1.029904601323956,0.0,0,0.632547121694681
2000-11-09,1.029904601323956,1.029904601323956,0.0,0,0.6354599961463918
2000-11-10,1.029904601323956,1.029904601323956,0.0,0,0.6405830282560155
2000-11-13,1.029904601323956,1.029904601323956,0.0,0,0.6108422400797925
2000-11-14,1.029904601323956,1.029904601323956,0.0,0,0.6267667093586009
2000-11-15,1.029904601323956,1.029904601323956,0.0,0,0.6318557390427184
2000-11-16,1.029904601323956,1.029904601323956,0.0,0,0.6290902084348683
2000-11-17,1.029904601323956,1.029904601323956,0.0,0,0.624805902821068
2000-11-20,1.029904601323956,1.029904601323956,0.0,0,0.6090967822371329
2000-11-21,1.029904601323956,1.029904601323956,0.0,0,0.6023529678450397
2000-11-22,1.029904601323956,1.029904601323956,0.0,0,0.5920162304911084
2000-11-23,1.029904601323956,1.029904601323956,0.0,0,0.5829262487390767
2000-11-24,1.029904601323956,1.029904601323956,0.0,0,0.6016615851930772
2000-11-27,1.029904601323956,1.029904601323956,0.0,0,0.6279567942513232
2000-11-28,1.029904601323956,1.029904601323956,0.0,0,0.6085754117127022
2000-11-29,1.029904601323956,1.029904601323956,0.0,0,0.5853404209500278
2000-11-30,1.029904601323956,1.029904601323956,0.0,0,0.5771685046866677
2000-12-01,1.029904601323956,1.029904601323956,0.0,0,0.5830962608666086
2000-12-04,1.029904601323956,1.029904601323956,0.0,0,0.5686678983100795
2000-12-05,1.029904601323956,1.029904601323956,0.0,0,0.5859297963254713
2000-12-06,1.029904601323956,1.029904601323956,0.0,0,0.5869838715161682
2000-12-07,1.029904601323956,1.029904601323956,0.0,0,0.5936596810572488
2000-12-08,1.029904601323956,1.029904601323956,0.0,0,0.606161239501751
2000-12-11,1.029904601323956,1.029904601323956,0.0,0,0.6288181890308175
2000-12-12,1.029904601323956,1.029904601323956,0.0,0,0.6155345747996691
2000-12-13,1.029904601323956,1.029904601323956,0.0,0,0.6322637681487947
2000-12-14,1.029904601323956,1.029904601323956,0.0,0,0.620408255788913
2000-12-15,1.029904601323956,1.029904601323956,0.0,0,0.6052431740130796
2000-12-18,1.029904601323956,1.029904601323956,0.0,0,0.6112162667603622
2000-12-19,1.029904601323956,1.029904601323956,0.0,0,0.6016162486257353
2000-12-20,1.029904601323956,1.029904601323956,0.0,0,0.5828129073207223
2000-12-21,1.029904601323956,1.029904601323956,0.0,0,0.580194720556733
2000-12-22,1.029904601323956,1.029904601323956,0.0,0,0.5673871402826736
2000-12-26,1.029904601323956,1.029904601323956,0.0,0,0.5719434653005248
2001-01-02,1.029904601323956,1.029904601323956,0.0,0,0.5904521189178162
2001-01-03,1.029904601323956,1.029904601323956,0.0,0,0.5909961577259177
2001-01-04,1.029904601323956,1.029904601323956,0.0,0,0.6324677827018327
2001-01-05,1.029904601323956,1.029904601323956,0.0,0,0.6583436285121672
2001-01-08,1.029904601323956,1.029904601323956,0.0,0,0.6649174307767287
2001-01-09,1.029904601323956,1.029904601323956,0.0,0,0.6686236951569212
2001-01-10,1.029904601323956,1.029904601323956,0.0,0,0.6356300082739235
2001-01-11,1.029904601323956,1.029904601323956,0.0,0,0.6367407541737977
2001-01-12,1.029904601323956,1.029904601323956,0.0,0,0.6663001960806538
2001-01-15,1.029904601323956,1.029904601323956,0.0,0,0.6789150959435106
2001-01-16,1.029904601323956,1.029904601323956,0.0,0,0.68392478663478
2001-01-17,1.029904601323956,1.029904601323956,0.0,0,0.6753221729816727
2001-01-18,1.029904601323956,1.029904601323956,0.0,0,0.6846388375704133
2001-01-19,1.029904601323956,1.029904601323956,0.0,0,0.7024674426775777
2001-01-22,1.029904601323956,1.029904601323956,0.0,0,0.7111607294653686
2001-01-26,1.029904601323956,1.029904601323956,0.0,0,0.6706751748291379
2001-01-29,1.029904601323956,1.029904601323956,0.0,0,0.6761268970519897
2001-01-30,1.029904601323956,1.029904601323956,0.0,0,0.6702331432975552
2001-01-31,1.029904601323956,1.029904601323956,0.0,0,0.7003479581543484
2001-02-01,1.029904601323956,1.029904601323956,0.0,0,0.6939895045846604
2001-02-02,1.029904601323956,1.029904601323956,0.0,0,0.6896598624035182
2001-02-05,1.029904601323956,1.029904601323956,0.0,0,0.656428158541976
2001-02-06,1.029904601323956,1.029904601323956,0.0,0,0.6648380917838806
2001-02-07,1.029904601323956,1.029904601323956,0.0,0,0.6530619184168471
2001-02-08,1.029904601323956,1.029904601323956,0.0,0,0.6704938285597707
2001-02-09,1.029904601323956,1.029904601323956,0.0,0,0.6749141438755966
2001-02-12,1.029904601323956,1.029904601323956,0.0,0,0.6791417787802198
2001-02-13,1.029904601323956,1.029904601323956,0.0,0,0.6786657448231307
2001-02-14,1.029904601323956,1.029904601323956,0.0,0,0.6843894864500335
2001-02-15,1.029904601323956,1.029904601323956,0.0,0,0.6841628036133245
2001-02-16,1.029904601323956,1.029904601323956,0.0,0,0.6856249079100976
2001-02-19,1.029904601323956,1.029904601323956,0.0,0,0.6762742408958505
2001-02-20,1.029904601323956,1.029904601323956,0.0,0,0.6899545500912398
2001-02-21,1.029904601323956,1.029904601323956,0.0,0,0.673848734543064
2001-02-22,1.029904601323956,1.029904601323956,0.0,0,0.6612451688220427
2001-02-23,1.029904601323956,1.029904601323956,0.0,0,0.6613698443822326
2001-02-26,1.029904601323956,1.029904601323956,0.0,0,0.6634099899126138
2001-02-27,1.029904601323956,1.029904601323956,0.0,0,0.6546260299901394
2001-02-28,1.029904601323956,1.029904601323956,0.0,0,0.6552267395074183
2001-03-02,1.029904601323956,1.029904601323956,0.0,0,0.6340772308424668
2001-03-05,1.029904601323956,1.029904601323956,0.0,0,0.6408097110927247
2001-03-06,1.029904601323956,1.029904601323956,0.0,0,0.6439492683811445
2001-03-07,1.029904601323956,1.029904601323956,0.0,0,0.6445046413310817
2001-03-08,1.029904601323956,1.029904601323956,0.0,0,0.6565641682440014
2001-03-09,1.02855819489692,0.9269141411915603,0.09882187921855634,1,0.6412404084824718
2001-03-12,1.024837450496047,0.9269141411915603,0.09555008870634975,1,0.6177674007412528
2001-03-13,1.0217688694063842,0.9269141411915603,0.09283384046524298,1,0.5984086864863027
2001-03-14,1.024519453509589,0.9269141411915603,0.09526935968240749,1,0.615761257636378
2001-03-15,1.0242589475037336,0.9269141411915603,0.09503925403767911,1,0.6141178070702378
2001-03-16,1.0236912240702831,0.9269141411915603,0.09453737670420656,1,0.6105362182502352
2001-03-19,1.0229115026458606,0.9269141411915603,0.09384718150689834,1,0.6056172006936495
2001-03-20,1.022419236124451,0.9269141411915603,0.09341089404275014,1,0.602511645830736
2001-03-21,1.0247187529342152,0.824867686913164,0.19503016359248884,2,0.6036450600142811
2001-03-22,1.0226399025882518,0.824867686913164,0.19339379890666883,2,0.5973659454374411
2001-03-23,1.0267375642810173,0.824867686913164,0.19661292660429192,2,0.6097428283217536
2001-03-26,1.0297432666765345,0.824867686913164,0.19895792125410083,2,0.6188214759319498
2001-03-27,1.0248350784950904,0.824867686913164,0.19512153299393947,2,0.60399641841118
2001-03-28,1.023292826704132,0.824867686913164,0.1939084635529643,2,0.5993380861168096
2001-03-29,1.0214203604177858,0.824867686913164,0.1924307377466287,2,0.5936823493409197
2001-03-30,1.021202719045826,0.824867686913164,0.19225862649103603,2,0.5930249691144636
2001-04-02,1.0181932642128608,0.824867686913164,0.18987120038468522,2,0.5839349873624319
2001-04-03,1.0137128539004416,0.824867686913164,0.18629059132540546,2,0.5704020220109035
2001-04-04,1.0094439920650733,0.7237677027505804,0.28300360550967224,3,0.559555248274377
2001-04-06,1.0165126475368607,0.8145329466013189,0.1986986599969654,2,0.573756927994197
2001-04-09,1.013017443514508,0.8145329466013189,0.19593393794343536,2,0.5638282197463419
2001-04-10,1.0105237191834917,0.8145329466013189,0.19394970039944662,2,0.5567443810991851
2001-04-11,1.0170353321566417,0.8145329466013189,0.19911047252007744,2,0.575241700574641
2001-04-12,1.019700624721632,0.8145329466013189,0.20120383683821114,2,0.5828129073207223
2001-04-13,1.0204547269593314,0.8145329466013189,0.20179413639603755,2,0.5849550601276224
2001-04-16,1.0173625087888711,0.8145329466013189,0.19936803296301195,2,0.5761711002051481
2001-04-17,1.0196048657073211,0.8145329466013189,0.20112881568463242,2,0.5825408879166715
2001-04-18,1.0297794976163326,0.9199373078193743,0.10666573771493205,1,0.6120436591143502
2001-04-19,1.0345210188092346,0.9199373078193743,0.11076015750917231,1,0.6384635437327862
2001-04-20,1.0330930703418741,0.9199373078193743,0.10953104397946833,1,0.6305069761642997
2001-04-23,1.0340389336429034,0.9199373078193743,0.11034557994982924,1,0.6357773521177845
2001-04-24,1.0329608528911927,0.9199373078193743,0.10941706527935928,1,0.6297702569449954
2001-04-25,1.0351373555408732,0.9199373078193743,0.1112896246134458,1,0.641897788708928
2001-04-26,1.0341772534374627,0.9199373078193743,0.11046457001289717,1,0.6365480737625951
2001-04-27,1.0331622302391537,0.9199373078193743,0.10959065198654266,1,0.6308923369867051
2001-04-30,1.0373789498585815,0.9199373078193743,0.11320997216611829,1,0.6543880130115949
2001-05-02,1.0386685785313827,0.9199373078193743,0.11431102583259765,1,0.6615738589352708
2001-05-03,1.038573219237722,1.038573219237722,0.0,0,0.6623672488637523
2001-05-04,1.038573219237722,1.038573219237722,0.0,0,0.6637273458840064
2001-05-07,1.038573219237722,1.038573219237722,0.0,0,0.676081560484648
2001-05-08,1.038573219237722,1.038573219237722,0.0,0,0.6697457751986309
2001-05-09,1.038573219237722,1.038573219237722,0.0,0,0.6560654660032417
2001-05-10,1.038573219237722,1.038573219237722,0.0,0,0.6589443380294461
2001-05-11,1.038573219237722,1.038573219237722,0.0,0,0.6608484738578019
2001-05-14,1.038573219237722,1.038573219237722,0.0,0,0.662004556325018
2001-05-15,1.038573219237722,1.038573219237722,0.0,0,0.6588536648947625
2001-05-16,1.038573219237722,1.038573219237722,0.0,0,0.6487662786612112
2001-05-17,1.038573219237722,1.038573219237722,0.0,0,0.6759568849244579
2001-05-18,1.038573219237722,1.038573219237722,0.0,0,0.6806605537861701
2001-05-21,1.038573219237722,1.038573219237722,0.0,0,0.7015380430470708
2001-05-22,1.038573219237722,1.038573219237722,0.0,0,0.7004386312890319
2001-05-23,1.038573219237722,1.038573219237722,0.0,0,0.7056636706751749
2001-05-24,1.038573219237722,1.038573219237722,0.0,0,0.7053009781364404
2001-05-25,1.038573219237722,1.038573219237722,0.0,0,0.707375126092328
2001-05-28,1.038573219237722,1.038573219237722,0.0,0,0.7009826700971337
2001-05-29,1.038573219237722,1.038573219237722,0.0,0,0.716374434709676
2001-05-30,1.038573219237722,1.038573219237722,0.0,0,0.7122601412234073
2001-05-31,1.038573219237722,1.038573219237722,0.0,0,0.693830826598964
2001-06-01,1.038573219237722,1.038573219237722,0.0,0,0.6880617484047197
2001-06-04,1.038573219237722,1.038573219237722,0.0,0,0.6924140588695327
2001-06-05,1.038573219237722,1.038573219237722,0.0,0,0.6773963209375602
2001-06-07,1.038573219237722,1.038573219237722,0.0,0,0.6813406022962971
2001-06-08,1.038573219237722,1.038573219237722,0.0,0,0.7047342710446679
2001-06-11,1.038573219237722,1.038573219237722,0.0,0,0.6893765088576319
2001-06-12,1.038573219237722,1.038573219237722,0.0,0,0.6881524215394031
2001-06-13,1.038573219237722,1.038573219237722,0.0,0,0.6959729794058642
2001-06-14,1.038573219237722,1.038573219237722,0.0,0,0.6956329551508008
2001-06-15,1.038573219237722,1.038573219237722,0.0,0,0.7015380430470708
2001-06-18,1.036875759244646,0.9347158973139498,0.09852661808307553,1,0.6899998866585817
2001-06-19,1.0368975746493094,0.9347158973139498,0.09854558428292073,1,0.6901472305024425
2001-06-20,1.0331800659626635,0.8311204495214868,0.19557057196308564,2,0.6751974974214828
2001-06-21,1.0331156207079737,0.8311204495214868,0.1955203920429192,2,0.6749821487266091
2001-06-22,1.0343197294140203,0.8311204495214868,0.1964569311731619,2,0.6790057690781943
2001-06-25,1.0339601927299613,0.8311204495214868,0.19617751692443547,2,0.6778043500436365
2001-06-26,1.029025342191086,0.7277315531450617,0.29279530512288904,3,0.6672522639948317
2001-06-27,1.0270037857936547,0.7277315531450617,0.2914032419240981,3,0.6627752779698285
2001-06-28,1.0256176837609143,0.6249851137870206,0.3906256457131122,4,0.6610864908363463
2001-06-29,1.0337504566197535,0.5216849566497689,0.4953473023309519,5,0.6745287830531912
2001-07-02,1.0351357429520704,0.5216849566497689,0.49602266156707875,5,0.6763535798886988
2001-07-03,1.0330449070591947,0.5216849566497689,0.49500263436284886,5,0.6735993834226841
2001-07-04,1.03645447070164,0.4186644066206597,0.5960609766705528,6,0.6769316211223068
2001-07-05,1.0326892872219335,0.4186644066206597,0.5945882156413953,6,0.6728059934942027
2001-07-06,1.0171010138595218,0.4186644066206597,0.5883748016020718,6,0.655725441748178
2001-07-09,0.9967771862276398,0.3183197014416341,0.6806510965140231,7,0.634711942785252
2001-07-10,0.9950810425156749,0.3183197014416341,0.6801067572979917,7,0.6331251629282889
2001-07-11,0.9890839629626555,0.3183197014416341,0.6781671593499967,7,0.6275147627197407
2001-07-12,0.9967166096664981,0.3183197014416341,0.6806316877290287,7,0.6346552720760749
2001-07-13,0.9826483767558596,0.41017816483567926,0.5825789015295055,6,0.621666345532648
2001-07-16,0.9831076137396604,0.41017816483567926,0.5827738905658605,6,0.6221650477734078
2001-07-18,0.9741550958479386,0.5026260898520118,0.48403894616543724,5,0.6126443686316291
2001-07-19,0.9787000167981889,0.5026260898520118,0.48643498393271717,5,0.618549456527899
2001-07-20,0.9710419183361008,0.4052341336003575,0.5826811119598895,6,0.609448140634032
2001-07-23,0.954694460197194,0.30841510274508777,0.676948892443155,7,0.5941470491561732
2001-07-24,0.9574838710004652,0.3991283873525569,0.5831487094027896,6,0.5968785773385168
2001-07-25,0.9569113292034013,0.3991283873525569,0.5828992978013764,6,0.5962665336794025
2001-07-26,0.9600552348158806,0.4916025240359711,0.4879434992818402,5,0.5998254542157341
2001-07-27,0.9704098485074091,0.5853294441286796,0.396822440509052,4,0.6133244171417561
2001-07-30,0.9650015158086522,0.5853294441286796,0.39344194331323395,4,0.6047104693468134
2001-07-31,0.9707087300512878,0.5853294441286796,0.39700815908212395,4,0.6138004510988451
2001-08-01,0.9856277854302482,0.6830392671691532,0.3070007996264112,3,0.6378741683573428
2001-08-02,0.988138648061566,0.6830392671691532,0.30876171222624177,3,0.6431672125944985
2001-08-03,0.9887999673413349,0.6830392671691532,0.30922401928704024,3,0.644561312040259
2001-08-06,0.9889638581656786,0.7836958417657524,0.2075586632464562,2,0.6453320336850695
2001-08-07,0.9882896898907995,0.7836958417657524,0.20701809420642,2,0.6432125491618402
2001-08-08,0.987727282132077,0.7836958417657524,0.2065665736456208,2,0.64144442303551
2001-08-09,0.9818616576228354,0.7836958417657524,0.2018266161211124,2,0.6230037742692311
2001-08-10,0.9839057935151156,0.7836958417657524,0.20348487941522372,2,0.6294302326899319
2001-08-13,0.9863068420235083,0.7836958417657524,0.20542390220276577,2,0.6369787711523422
2001-08-14,0.9917686866034104,0.7836958417657524,0.20979977251576853,2,0.6541499960330504
2001-08-16,0.9931386542208116,0.7836958417657524,0.2108898002961955,2,0.6584569699305218
2001-08-17,0.9929440244345151,0.8880120402969899,0.1056776430043822,1,0.6585023064978636
2001-08-20,0.990228717222204,0.990228717222204,0.0,0,0.6427478493465868
2001-08-21,0.990228717222204,0.990228717222204,0.0,0,0.6445499778984234
2001-08-22,0.990228717222204,0.990228717222204,0.0,0,0.6515658116945676
2001-08-23,0.990228717222204,0.990228717222204,0.0,0,0.6461254236135512
2001-08-24,0.990228717222204,0.990228717222204,0.0,0,0.6452640288340568
2001-08-27,0.990228717222204,0.990228717222204,0.0,0,0.655952124584887
2001-08-28,0.990228717222204,0.990228717222204,0.0,0,0.6534246109555815
2001-08-29,0.990228717222204,0.990228717222204,0.0,0,0.6410930646386109
2001-08-30,0.990228717222204,0.990228717222204,0.0,0,0.6396536286255087
2001-08-31,0.990228717222204,0.990228717222204,0.0,0,0.6178354055922656
2001-09-03,0.990228717222204,0.990228717222204,0.0,0,0.6141178070702378
2001-09-04,0.990228717222204,0.990228717222204,0.0,0,0.6333405116231624
2001-09-05,0.990228717222204,0.990228717222204,0.0,0,0.6255426220403723
2001-09-06,0.9900632684773517,0.8912058454999836,0.09984960166172403,1,0.626313343685183
2001-09-07,0.9905087252956323,0.8912058454999836,0.10025442205570699,1,0.6291355450022103
2001-09-10,0.9906190838493718,0.5944337446391985,0.3999371157586291,4,0.6242051933037891
2001-09-11,0.9833101610625701,0.5944337446391985,0.3954768615460555,4,0.6126897051989709
2001-09-12,0.9365719018638974,0.5944337446391985,0.36530901316151,4,0.5390517856940462
2001-09-13,0.9535852900438052,0.5944337446391985,0.3766328498923345,4,0.5658570311348876
2001-09-14,0.9413845685414274,0.5944337446391985,0.3685537616574609,4,0.5466343265819629
2001-09-17,0.9316513278617592,0.5944337446391985,0.36195685353286794,4,0.5312992326785978
2001-09-18,0.9432837374545333,0.5944337446391985,0.3698250896985803,4,0.5496265400265219
2001-09-19,0.9445930129931139,0.5944337446391985,0.3706985585721966,4,0.5516893538405739
2001-09-20,0.9399314165700356,0.5944337446391985,0.36757753367965396,4,0.5443448299312018
2001-09-21,0.9342051345441555,0.5944337446391985,0.3637010516654334,4,0.5353228530301829
2001-09-24,0.9413126303250219,0.5944337446391985,0.36850550445291586,4,0.5465209851636084
2001-09-25,0.9340756457546255,0.5944337446391985,0.36361284298450525,4,0.5351188384771447
2001-09-26,0.9345936009127453,0.5944337446391985,0.3639655310515063,4,0.5359348966892972
2001-09-27,0.9342554912956393,0.5944337446391985,0.36373534843790006,4,0.535402192023031
2001-09-28,0.939506981093243,0.5944337446391985,0.3672918279462972,4,0.5436761155629102
2001-10-04,0.954585231251842,0.5944337446391985,0.3772858355878199,4,0.5674324768500153
2001-10-05,0.9555060404218328,0.5944337446391985,0.3778859374067689,4,0.5688832470049531
2001-10-08,0.9511633040443594,0.6830130547882025,0.2819182028112086,3,0.562320778882227
2001-10-09,0.9584297313346286,0.5876324277843142,0.38688000948590495,4,0.5753323737093247
2001-10-10,0.9548540288265238,0.8592001996213806,0.10017638960239589,1,0.5706287048476124
2001-10-11,0.9574360324393191,0.8592001996213806,0.10260302462991384,1,0.5860318036019903
2001-10-12,0.9573125370494503,0.8592001996213806,0.10248725847721937,1,0.585295084382686
2001-10-15,0.9567454926022289,0.7635230938950703,0.2019579921736737,2,0.5825635562003423
2001-10-16,0.9597228295110416,0.7635230938950703,0.2044337485604369,2,0.5915401965340195
2001-10-17,0.9621212397986965,0.7635230938950703,0.20641696460747352,2,0.5987713790250371
2001-10-18,0.960587460179005,0.7635230938950703,0.20514984262569053,2,0.5941470491561732
2001-10-19,0.9620272582043525,0.7635230938950703,0.20633943853087397,2,0.5984880254791508
2001-10-22,0.9622753696134203,0.7635230938950703,0.20654407459082708,2,0.5992360788402907
2001-10-23,0.962952037092696,0.7635230938950703,0.20710163696182943,2,0.6012762243706719
2001-10-24,0.9670834679800511,0.7635230938950703,0.21048894001895993,2,0.6137324462478324
2001-10-25,0.9673466164442139,0.7635230938950703,0.21070371166269322,2,0.614525836176314
2001-10-26,0.9678052466246118,0.7635230938950703,0.21107774879502955,2,0.615908601480239
2001-10-29,0.9694818782677058,0.7635230938950703,0.21244211881572017,2,0.62096362873885
2001-10-30,0.9642189089844508,0.7635230938950703,0.20814341351256058,2,0.6050958301692188
2001-10-31,0.9657000589113098,0.7635230938950703,0.20935792967038375,2,0.6095614820523864
2001-11-01,0.9680608765612271,0.7635230938950703,0.21128607468646138,2,0.6166793231250497
2001-11-02,0.9704968794866193,0.7635230938950703,0.21326579195291748,2,0.6240238470344218
2001-11-05,0.9744374583232074,0.8700135029664486,0.10716332224794538,1,0.6365480737625951
2001-11-06,0.9751533021822643,0.8700135029664486,0.10781873883883346,1,0.6409117183692438
2001-11-07,0.9745136910458602,0.8700135029664486,0.10723316566980257,1,0.6370127735778486
2001-11-08,0.9765608185492929,0.8700135029664486,0.10910463901380271,1,0.6494916637386801
2001-11-09,0.9770361574650537,0.9770361574650537,0.0,0,0.6536966303596323
2001-11-12,0.9770361574650537,0.9770361574650537,0.0,0,0.6624579219984359
2001-11-13,0.9770361574650537,0.9770361574650537,0.0,0,0.6673882736968572
2001-11-14,0.9770361574650537,0.9770361574650537,0.0,0,0.6876197168731369
2001-11-15,0.9770361574650537,0.9770361574650537,0.0,0,0.6873476974690862
2001-11-16,0.9770361574650537,0.9770361574650537,0.0,0,0.6923800564440263
2001-11-19,0.9770361574650537,0.9770361574650537,0.0,0,0.7100046469981525
2001-11-20,0.9770361574650537,0.9770361574650537,0.0,0,0.6985571637443472
2001-11-21,0.9770361574650537,0.9770361574650537,0.0,0,0.6975597592628275
2001-11-22,0.9770361574650537,0.9770361574650537,0.0,0,0.7078851624749232
2001-11-23,0.9770361574650537,0.9770361574650537,0.0,0,0.731256162939623
2001-11-26,0.9770361574650537,0.9770361574650537,0.0,0,0.7645558716521779
2001-11-27,0.9770361574650537,0.9770361574650537,0.0,0,0.7595008443935668
2001-11-28,0.9770361574650537,0.9770361574650537,0.0,0,0.7163404322841697
2001-11-29,0.9770361574650537,0.9770361574650537,0.0,0,0.7127588434641672
2001-11-30,0.9770361574650537,0.9770361574650537,0.0,0,0.7297940586428499
2001-12-03,0.9770361574650537,0.9770361574650537,0.0,0,0.7374672726654501
2001-12-04,0.9770361574650537,0.9770361574650537,0.0,0,0.7366058778859559
2001-12-05,0.9770361574650537,0.9770361574650537,0.0,0,0.7801403166759229
2001-12-06,0.9770361574650537,0.9770361574650537,0.0,0,0.7782135125638963
2001-12-07,0.9770361574650537,0.9770361574650537,0.0,0,0.798490292307518
2001-12-10,0.9770361574650537,0.9770361574650537,0.0,0,0.7579934035294518
2001-12-11,0.9770361574650537,0.9770361574650537,0.0,0,0.7594781761098959
2001-12-12,0.9770361574650537,0.9770361574650537,0.0,0,0.7723424270931326
2001-12-13,0.9770361574650537,0.9770361574650537,0.0,0,0.7668567024447744
2001-12-14,0.9770361574650537,0.9770361574650537,0.0,0,0.7539471148941959
2001-12-17,0.9770361574650537,0.9770361574650537,0.0,0,0.7347697469086129
2001-12-18,0.9770361574650537,0.9770361574650537,0.0,0,0.729646714798989
2001-12-19,0.9770361574650537,0.9770361574650537,0.0,0,0.7333756474628523
2001-12-20,0.9770361574650537,0.9770361574650537,0.0,0,0.7531650591075497
2001-12-21,0.9770361574650537,0.9770361574650537,0.0,0,0.7307234582733569
2001-12-24,0.9770361574650537,0.9770361574650537,0.0,0,0.7327409355200671
2001-12-26,0.9770361574650537,0.9770361574650537,0.0,0,0.7411055321946299
2001-12-27,0.9770361574650537,0.9770361574650537,0.0,0,0.7577440524090718
2001-12-28,0.9787734796705687,0.8793325417185484,0.10159749933711915,1,0.786249419125231
2002-01-02,0.9832531240571921,0.8793325417185484,0.10569056918917974,1,0.8216686123610152
2002-01-03,0.9836415988184001,0.8793325417185484,0.1060437635264237,1,0.8247401647984223
2002-01-04,0.9865171721430614,0.8793325417185484,0.10864953337980972,1,0.8474764533203369
2002-01-07,0.9870561629556599,0.8793325417185484,0.10913626324417233,1,0.8517380906504665
2002-01-08,0.9846593740230409,0.8793325417185484,0.10696778508709749,1,0.8327874055015925
2002-01-09,0.9870747982763083,0.8793325417185484,0.10915308216348567,1,0.8518854344943273
2002-01-10,0.9837233075320121,0.8793325417185484,0.10611801612728049,1,0.8253862108830431
2002-01-11,0.9835985942322886,0.8793325417185484,0.1060046782550774,1,0.8244001405433589
2002-01-14,0.9859882157338888,0.8793325417185484,0.10817134760171022,1,0.8432941549830555
2002-01-15,0.9823485942626451,0.8793325417185484,0.10486710435150676,1,0.8145167688628455
2002-01-16,0.9812462433719848,0.8793325417185484,0.10386149485089198,1,0.8058008137913839
2002-01-17,0.9816117823539333,0.8793325417185484,0.10419520473777975,1,0.8086910199594238
2002-01-18,0.9808907387934624,0.8793325417185484,0.10353670705448295,1,0.802989946616192
2002-01-21,0.9821636745423653,0.8793325417185484,0.10469857060406014,1,0.8130546645660724
2002-01-22,0.9831685483711727,0.8793325417185484,0.10561363748326845,1,0.8209998979927235
2002-01-23,0.9857860941791645,0.8793325417185484,0.10798849069711913,1,0.8416960409842569
2002-01-24,0.9879492248605771,0.8793325417185484,0.10994156421080968,1,0.8587992610139524
2002-01-25,0.9903818509482891,0.8793325417185484,0.11212777084254039,1,0.8780332997087126
2002-01-28,0.9909551766224391,0.9909551766224391,0.0,0,0.8843350825692233
2002-01-29,0.9909551766224391,0.9909551766224391,0.0,0,0.8772965804894083
2002-01-30,0.9909551766224391,0.9909551766224391,0.0,0,0.84943725985787
2002-01-31,0.9909551766224391,0.9909551766224391,0.0,0,0.8478731482845777
2002-02-01,0.9909551766224391,0.9909551766224391,0.0,0,0.8414693581475479
2002-02-04,0.9909551766224391,0.9909551766224391,0.0,0,0.8276303709664623
2002-02-05,0.9909551766224391,0.9909551766224391,0.0,0,0.8386244885468497
2002-02-06,0.9909551766224391,0.9909551766224391,0.0,0,0.8404832878078636
2002-02-07,0.9909551766224391,0.9909551766224391,0.0,0,0.8247968355075996
2002-02-08,0.9909551766224391,0.9909551766224391,0.0,0,0.8383411350009634
2002-02-14,0.9909551766224391,0.9909551766224391,0.0,0,0.9024017046549321
2002-02-15,0.9909551766224391,0.9909551766224391,0.0,0,0.8881320200840994
2002-02-18,0.9909551766224391,0.9909551766224391,0.0,0,0.8958165682485351
2002-02-19,0.9909551766224391,0.9909551766224391,0.0,0,0.8866359133618198
2002-02-20,0.9909551766224391,0.9909551766224391,0.0,0,0.8805381450543472
2002-02-21,0.9909551766224391,0.9909551766224391,0.0,0,0.8926996792437861
2002-02-22,0.9909551766224391,0.9909551766224391,0.0,0,0.8976640333677136
2002-02-25,0.9909551766224391,0.9909551766224391,0.0,0,0.8970746579922702
2002-02-26,0.9909551766224391,0.9909551766224391,0.0,0,0.9080234390053157
2002-02-27,0.9909551766224391,0.9909551766224391,0.0,0,0.9317911344342563
2002-02-28,0.9909551766224391,0.9909551766224391,0.0,0,0.9293882963651408
2002-03-04,0.9909551766224391,0.9909551766224391,0.0,0,0.945505446055152
2002-03-05,0.9909551766224391,0.9909551766224391,0.0,0,0.954278071835791
2002-03-06,0.9909551766224391,0.9909551766224391,0.0,0,0.955536161579526
2002-03-07,0.9909551766224391,0.9909551766224391,0.0,0,0.940099060399642
2002-03-08,0.9909551766224391,0.9909551766224391,0.0,0,0.9353727232542588
2002-03-11,0.9909551766224391,0.9909551766224391,0.0,0,0.9373561980754628
2002-03-12,0.9909551766224391,0.9909551766224391,0.0,0,0.9589024017046549
2002-03-13,0.9909551766224391,0.9909551766224391,0.0,0,0.9624159856736447
2002-03-14,0.9909551766224391,0.9909551766224391,0.0,0,0.9711772773124483
2002-03-15,0.9909551766224391,0.9909551766224391,0.0,0,0.9751442269548561
2002-03-18,0.9909551766224391,0.9909551766224391,0.0,0,0.9857416495710029
2002-03-19,0.9909551766224391,0.9909551766224391,0.0,0,1.0087159550714617
2002-03-20,0.9909551766224391,0.9909551766224391,0.0,0,1.005882419612599
2002-03-21,0.9909551766224391,0.9909551766224391,0.0,0,1.003796937514876
2002-03-22,0.9909551766224391,0.9909551766224391,0.0,0,1.0155164401727323
2002-03-25,0.9909551766224391,0.9909551766224391,0.0,0,0.9967357671513901
2002-03-26,0.9909551766224391,0.9909551766224391,0.0,0,0.9985718981287331
2002-03-27,0.9909551766224391,0.9909551766224391,0.0,0,1.0228609640821047
2002-03-28,0.9909551766224391,0.9909551766224391,0.0,0,1.011764839225198
2002-03-29,0.9909551766224391,0.9909551766224391,0.0,0,1.0150630744993143
2002-04-01,0.9909551766224391,0.9909551766224391,0.0,0,0.9926781443742988
2002-04-02,0.9909551766224391,0.9909551766224391,0.0,0,1.0261251969307146
2002-04-03,0.9909551766224391,0.9909551766224391,0.0,0,1.041142934862687
2002-04-04,0.9909551766224391,0.9909551766224391,0.0,0,1.0404855546362308
2002-04-08,0.9909551766224391,0.9909551766224391,0.0,0,1.02085482097723
2002-04-09,0.9891028667886728,0.8918596589601953,0.0983145546268587,1,1.0072311824910176
2002-04-10,0.9855312166783714,0.8918596589601953,0.09504676882167795,1,0.9702365435401059
2002-04-11,0.9862785932179964,0.8918596589601953,0.09573251909456355,1,0.9779777624137189
2002-04-12,0.9876825230867209,0.8918596589601953,0.09701787961890676,1,0.9925194663886024
2002-04-15,0.9912290997306169,0.7930547490906484,0.1999278982969988,2,1.0135896360607057
2002-04-16,0.9927825306448566,0.7930547490906484,0.20117979052721238,2,1.0215348694873567
2002-04-17,0.9992577448123431,0.7930547490906484,0.20635616465541512,2,1.0546532319305444
2002-04-18,1.0018060033077825,0.6932136266221445,0.3080360625377785,3,1.0627004726337146
2002-04-19,0.9973068429006914,0.6932136266221445,0.30491439865596864,3,1.0472067007446533
2002-04-22,0.9963030068186411,0.6932136266221445,0.30421405749272074,3,1.0437497874848407
2002-04-23,0.997886105689022,0.6932136266221445,0.3053178888150836,3,1.0492015097076925
2002-04-24,0.9945915485803913,0.6932136266221445,0.30301677345681466,3,1.0378560337304061
2002-04-25,0.9804029015321327,0.6932136266221445,0.2929298500251078,3,0.9889945482777772
2002-04-26,0.9794385606401959,0.6932136266221445,0.29223367908954345,3,0.9856736447199901
2002-04-29,0.9691895588057542,0.6932136266221445,0.2847491800506706,3,0.9503791270443959
2002-04-30,0.9704501136235419,0.6932136266221445,0.28567824673257075,3,0.9547201033673736
2002-05-02,0.9762164113801064,0.6932136266221445,0.2898975897750709,3,0.9745775198630836
2002-05-03,0.975182953905471,0.6932136266221445,0.2891450534015991,3,0.971018599326752
2002-05-06,0.9653585253647491,0.6932136266221445,0.28191070114575095,3,0.937186185947931
2002-05-07,0.965003242849092,0.7834554941908372,0.18813174981904737,2,0.9365854764306522
2002-05-08,0.9690303627185232,0.7834554941908372,0.19150573157178816,2,0.9573609584150335
2002-05-09,0.9645276293750173,0.6860992146952731,0.28866815858883876,3,0.950560473313763
2002-05-10,0.9576421972974923,0.6860992146952731,0.28355369402948744,3,0.9270534631470378
2002-05-13,0.9587724763536181,0.7781116244384193,0.18842932642610272,2,0.9315417833138764
2002-05-14,0.9621751579626501,0.7781116244384193,0.19129940323337233,2,0.9490870348751544
2002-05-15,0.9688961141476202,0.6816037376857247,0.2965151498358924,3,0.9777057430096681
2002-05-16,0.9665543588636191,0.676812204639221,0.299768090193136,3,0.9725147060490315
2002-05-17,0.9722915263619554,0.676812204639221,0.3038999247770223,3,0.9917714130274626
2002-05-20,0.9691679949105363,0.676812204639221,0.30165646390159906,3,0.9812873318296705
2002-05-21,0.9596386913906392,0.676812204639221,0.29472184613728575,3,0.9493023835700279
2002-05-22,0.9682495078242812,0.676812204639221,0.30099401118203356,3,0.9782044452504278
2002-05-23,0.9623232400434805,0.676812204639221,0.29668932799685827,3,0.9583130263292116
2002-05-24,0.9653826124704922,0.676812204639221,0.2989181741038366,3,0.9685817588321302
2002-05-27,0.9606551054088848,0.676812204639221,0.29546806046364726,3,0.9527139602624988
2002-05-28,0.9635850658794645,0.5805707632998256,0.39748883221852505,4,0.9620419589930749
2002-05-29,0.9574436607685917,0.5805707632998256,0.39362409811792987,4,0.9466161919550262
2002-05-30,0.9486083402637503,0.5805707632998256,0.38797632420309086,4,0.9244239422412133
2002-05-31,0.9399399793394396,0.5805707632998256,0.3823320892171939,4,0.902651055775312
2002-06-03,0.9437890745338368,0.5805707632998256,0.38485115057452285,4,0.9123190787609516
2002-06-04,0.9444208134871963,0.5805707632998256,0.3852626339776272,4,0.9139058586179148
2002-06-05,0.945710049872541,0.6712953962899186,0.29016785178460025,3,0.9176007888562718
2002-06-07,0.9408189278833894,0.6712953962899186,0.2864775820357189,3,0.9012456221877161
2002-06-10,0.9464930361369166,0.6712953962899186,0.29075506035438886,3,0.9202189756202609
2002-06-11,0.947655652105232,0.6712953962899186,0.29162518600651477,3,0.9241065862698207
2002-06-12,0.9500893769035166,0.7643080327632292,0.195540912946292,2,0.9328678779086241
2002-06-14,0.9496679818191621,0.8563180324764414,0.09829745882755954,1,0.9316777930159018
2002-06-17,0.9482086968359453,0.8563180324764414,0.09690974641566955,1,0.9171134207573474
2002-06-18,0.9482359519640366,0.8563180324764414,0.0969357039218033,1,0.9173854401613982
2002-06-19,0.9444849649604843,0.8563180324764414,0.09334921756825591,1,0.8799487696789038
2002-06-20,0.9445349326953181,0.8563180324764414,0.09339718115786524,1,0.8804474719196635
2002-06-21,0.9447302611133052,0.8563180324764414,0.09358462650775622,1,0.8823969443153612
2002-06-24,0.9435253573256064,0.8563180324764414,0.09242711303101739,1,0.8703714198279477
2002-06-25,0.942162600921046,0.8563180324764414,0.09111438764464223,1,0.8567704496254066
2002-06-26,0.935865105975894,0.935865105975894,0.0,0,0.7955094130047944
2002-06-27,0.935865105975894,0.935865105975894,0.0,0,0.8052114384159403
2002-06-28,0.935865105975894,0.935865105975894,0.0,0,0.8418093824026115
2002-07-02,0.935865105975894,0.935865105975894,0.0,0,0.8457876661868547
2002-07-03,0.935865105975894,0.935865105975894,0.0,0,0.8538689093155313
2002-07-04,0.935865105975894,0.935865105975894,0.0,0,0.8713008194584547
2002-07-05,0.935865105975894,0.935865105975894,0.0,0,0.8929376962223307
2002-07-08,0.935865105975894,0.935865105975894,0.0,0,0.8878600006800486
2002-07-09,0.935865105975894,0.935865105975894,0.0,0,0.9089868410613291
2002-07-10,0.935865105975894,0.935865105975894,0.0,0,0.9007355858051208
2002-07-11,0.935865105975894,0.935865105975894,0.0,0,0.8669258407099707
2002-07-12,0.935865105975894,0.935865105975894,0.0,0,0.8987181085584105
2002-07-15,0.935865105975894,0.935865105975894,0.0,0,0.8880526810912512
2002-07-16,0.935865105975894,0.935865105975894,0.0,0,0.874372371895862
2002-07-18,0.935865105975894,0.935865105975894,0.0,0,0.8770925659363702
2002-07-19,0.935865105975894,0.935865105975894,0.0,0,0.855297011186798
2002-07-22,0.935865105975894,0.935865105975894,0.0,0,0.8170782849176574
2002-07-23,0.935865105975894,0.935865105975894,0.0,0,0.8427161137494474
2002-07-24,0.935865105975894,0.935865105975894,0.0,0,0.8176563261512655
2002-07-25,0.935865105975894,0.935865105975894,0.0,0,0.8200478300785456
2002-07-26,0.935865105975894,0.935865105975894,0.0,0,0.7909417538451077
2002-07-29,0.935865105975894,0.935865105975894,0.0,0,0.7937866234458059
2002-07-30,0.935865105975894,0.935865105975894,0.0,0,0.820682542021331
2002-07-31,0.935865105975894,0.935865105975894,0.0,0,0.8137800496435413
2002-08-01,0.935865105975894,0.935865105975894,0.0,0,0.8022305591132167
2002-08-02,0.9365841067642351,0.8422785953783046,0.10069091574887229,1,0.7941606501263757
2002-08-05,0.9332300887478261,0.8422785953783046,0.09745880942561216,1,0.765915968672432
2002-08-06,0.9329635977497327,0.8422785953783046,0.09720100826029685,1,0.7636718085890127
2002-08-07,0.9337159637494006,0.8422785953783046,0.09792846210310356,1,0.7700075938750298
2002-08-08,0.9344050717848746,0.8422785953783046,0.09859372470077953,1,0.7758106744947807
2002-08-09,0.9354764194337758,0.8422785953783046,0.09962605376187016,1,0.7848326513957996
2002-08-12,0.9358721181885207,0.8422785953783046,0.1000067434334684,1,0.7881648890954221
2002-08-13,0.9376541084990043,0.8422785953783046,0.10171716015128085,1,0.8031712928855592
2002-08-14,0.9380053920874003,0.8422785953783046,0.10205356761976497,1,0.8061295039046119
2002-08-16,0.9389542615503089,0.8422785953783046,0.10296099621762504,1,0.8141200738986047
2002-08-19,0.9388587016469522,0.8422785953783046,0.10286969285071977,1,0.8133153498282878
2002-08-20,0.9414320894669256,0.8422785953783046,0.1053219825391393,1,0.8349862290176701
2002-08-21,0.9425653491658887,0.8422785953783046,0.10639766661943562,1,0.8445295764431197
2002-08-22,0.9426501417561912,0.8422785953783046,0.10647804729641351,1,0.845243627378753
2002-08-23,0.9419448827511357,0.8422785953783046,0.10580904381765534,1,0.8393045370569767
2002-08-26,0.9411750198677546,0.8422785953783046,0.10507761298567612,1,0.8328214079270988
2002-08-27,0.9397456590597987,0.8422785953783046,0.10371642873988728,1,0.8207845492978499
2002-08-28,0.9397295080902173,0.8422785953783046,0.10370102446815681,1,0.8206485395958245
2002-08-29,0.9398492944479461,0.8422785953783046,0.103815260218877,1,0.8216572782191798
2002-08-30,0.9411934858096427,0.9411934858096427,0.0,0,0.8346462047626064
2002-09-02,0.9411934858096427,0.9411934858096427,0.0,0,0.852304797742239
2002-09-03,0.9411934858096427,0.9411934858096427,0.0,0,0.8393952101916604
2002-09-04,0.9411934858096427,0.9411934858096427,0.0,0,0.8195151254122794
2002-09-05,0.9411934858096427,0.9411934858096427,0.0,0,0.8171689580523411
2002-09-06,0.9411934858096427,0.9411934858096427,0.0,0,0.8032846343039137
2002-09-09,0.9411934858096427,0.9411934858096427,0.0,0,0.7909984245542849
2002-09-10,0.9411934858096427,0.9411934858096427,0.0,0,0.8084643371227147
2002-09-11,0.9411934858096427,0.9411934858096427,0.0,0,0.8213965929569643
2002-09-12,0.9411934858096427,0.9411934858096427,0.0,0,0.8378424327602036
2002-09-13,0.9411934858096427,0.9411934858096427,0.0,0,0.8139840641965793
2002-09-16,0.9411934858096427,0.9411934858096427,0.0,0,0.7983542826054926
2002-09-17,0.9411934858096427,0.9411934858096427,0.0,0,0.8237654286005734
2002-09-18,0.9411934858096427,0.9411934858096427,0.0,0,0.7977762413718845
2002-09-19,0.9411934858096427,0.9411934858096427,0.0,0,0.7980595949177708
2002-09-23,0.9411934858096427,0.9411934858096427,0.0,0,0.7700755987260425
2002-09-24,0.9411934858096427,0.9411934858096427,0.0,0,0.761971687313695
2002-09-25,0.9411934858096427,0.9411934858096427,0.0,0,0.7457411962053294
2002-09-26,0.9411934858096427,0.9411934858096427,0.0,0,0.750784889322105
2002-09-27,0.9411934858096427,0.9411934858096427,0.0,0,0.7522696619025491
2002-09-30,0.9411934858096427,0.9411934858096427,0.0,0,0.732661596527219
2002-10-01,0.9411934858096427,0.9411934858096427,0.0,0,0.7391333915152615
2002-10-02,0.9411934858096427,0.9411934858096427,0.0,0,0.7345657323555748
2002-10-04,0.9411934858096427,0.9411934858096427,0.0,0,0.7377619603531719
2002-10-07,0.9411934858096427,0.9411934858096427,0.0,0,0.7111040587561913
2002-10-08,0.9411934858096427,0.9411934858096427,0.0,0,0.7195366602817669
2002-10-09,0.9411934858096427,0.9411934858096427,0.0,0,0.7026487889469449
2002-10-10,0.9411934858096427,0.9411934858096427,0.0,0,0.661959219757676
2002-10-11,0.9411934858096427,0.9411934858096427,0.0,0,0.6658921669745775
2002-10-14,0.9411934858096427,0.9411934858096427,0.0,0,0.6962223305262442
2002-10-15,0.9411934858096427,0.9411934858096427,0.0,0,0.7135635675344842
2002-10-16,0.9411934858096427,0.9411934858096427,0.0,0,0.7211347742805654
2002-10-17,0.9411934858096427,0.9411934858096427,0.0,0,0.7306667875641796
2002-10-18,0.9411934858096427,0.9411934858096427,0.0,0,0.7602829001802128
2002-10-21,0.9411934858096427,0.9411934858096427,0.0,0,0.7397454351743757
2002-10-22,0.9411934858096427,0.9411934858096427,0.0,0,0.7245576851148715
2002-10-23,0.9411934858096427,0.9411934858096427,0.0,0,0.7451404866880504
2002-10-24,0.9411934858096427,0.9411934858096427,0.0,0,0.742363621938365
2002-10-25,0.9411934858096427,0.9411934858096427,0.0,0,0.7433836947035556
2002-10-28,0.9425801610552832,0.8470741372286784,0.10132403351209857,1,0.7686134944292693
2002-10-29,0.9418816181612201,0.8470741372286784,0.10065753392409198,1,0.7629917600788856
2002-10-30,0.9397479639585877,0.8470741372286784,0.0986156185319421,1,0.7458205351981775
2002-10-31,0.9398733073407887,0.8470741372286784,0.09873582895408493,1,0.7468292738215326
2002-11-01,0.9382860939504476,0.8470741372286784,0.09721124218919339,1,0.7340556959729794
2002-11-04,0.9418112005307702,0.8470741372286784,0.1005902916090841,1,0.762425052987113
2002-11-05,0.9407155022009696,0.8470741372286784,0.09954270420036736,1,0.7536070906391322
2002-11-06,0.9432026529084604,0.8470741372286784,0.10191713878598625,1,0.7736231851205385
2002-11-07,0.9430209754218997,0.8470741372286784,0.10174411884136024,1,0.7721610808237654
2002-11-08,0.9421168130469227,0.8470741372286784,0.1008820504018653,1,0.764884561765406
2002-11-11,0.9397127551433628,0.8470741372286784,0.09858184579026114,1,0.7455371816522912
2002-11-12,0.9392409570193484,0.8470741372286784,0.09812904676043782,1,0.7417402441374151
2002-11-13,0.9391592725680266,0.8470741372286784,0.09805060550331528,1,0.741082863910959
2002-11-14,0.9389198526244968,0.8470741372286784,0.09782061284473699,1,0.7391560597989323
2002-11-15,0.9418492260512131,0.8470741372286784,0.10062660370799234,1,0.7627310748166704
2002-11-18,0.9410295648327761,0.8470741372286784,0.0998432260954457,1,0.7561346042684378
2002-11-19,0.9416365648072544,0.8470741372286784,0.1004234872696688,1,0.7610196193995172
2002-11-20,0.9431237851623565,0.8470741372286784,0.10184203754032496,1,0.7729884731777534
2002-11-21,0.944303984648697,0.8470741372286784,0.10296456331928996,1,0.7824864840358613
2002-11-22,0.9444595033938983,0.9444595033938983,0.0,0,0.7853086853528886
2002-11-25,0.9444595033938983,0.9444595033938983,0.0,0,0.8000317355971394
2002-11-26,0.9444595033938983,0.9444595033938983,0.0,0,0.7959627786782124
2002-11-27,0.9444595033938983,0.9444595033938983,0.0,0,0.802536580942774
2002-11-28,0.9444595033938983,0.9444595033938983,0.0,0,0.8098697707103106
2002-11-29,0.9444595033938983,0.9444595033938983,0.0,0,0.8214986002334833
2002-12-02,0.9444595033938983,0.9444595033938983,0.0,0,0.827573700257285
2002-12-03,0.9444595033938983,0.9444595033938983,0.0,0,0.8348388851738091
2002-12-04,0.9444595033938983,0.9444595033938983,0.0,0,0.8098244341429689
2002-12-05,0.9444595033938983,0.9444595033938983,0.0,0,0.8191864352990513
2002-12-06,0.9444595033938983,0.9444595033938983,0.0,0,0.8138933910618958
2002-12-09,0.9444595033938983,0.9444595033938983,0.0,0,0.8037153316936608
2002-12-10,0.9444595033938983,0.9444595033938983,0.0,0,0.7961554590894151
2002-12-11,0.9444595033938983,0.9444595033938983,0.0,0,0.7918144827664374
2002-12-12,0.9444595033938983,0.9444595033938983,0.0,0,0.8108218386244885
2002-12-13,0.9444595033938983,0.9444595033938983,0.0,0,0.8026045857937867
2002-12-16,0.9444595033938983,0.9444595033938983,0.0,0,0.7847986489702932
2002-12-17,0.9444595033938983,0.9444595033938983,0.0,0,0.7984789581656825
2002-12-18,0.9444595033938983,0.9444595033938983,0.0,0,0.8038400072538509
2002-12-20,0.9444595033938983,0.9444595033938983,0.0,0,0.8040893583742308
2002-12-23,0.9444595033938983,0.9444595033938983,0.0,0,0.7836198982194064
2002-12-24,0.9428439245952889,0.8500135530545084,0.09845783498114756,1,0.768250801890535
2002-12-26,0.9420317855270454,0.8500135530545084,0.0976806025935259,1,0.7615296557821125
2002-12-27,0.9399815794812434,0.8500135530545084,0.09571254202277718,1,0.7445624454544424
2002-12-30,0.9359592313472953,0.8500135530545084,0.09182630547814534,1,0.711274070883723
2003-01-02,0.9370028232022727,0.8500135530545084,0.09283778873842907,1,0.7199106869623366
2003-01-03,0.9405540485040526,0.8500135530545084,0.09626293735436935,1,0.749300116741661
2003-01-06,0.9413223621925595,0.8500135530545084,0.09700057366678456,1,0.755658570311349
2003-01-07,0.9393351551301289,0.8500135530545084,0.09509023652292288,1,0.7392127305081096
2003-01-08,0.939269417060524,0.8500135530545084,0.09502690323437213,1,0.738668691700008
2003-01-09,0.9363495511355742,0.8500135530545084,0.0922048800860323,1,0.7145043013068265
2003-01-10,0.9360701643397535,0.8500135530545084,0.09193393248031159,1,0.7121921363723946
2003-01-13,0.9387681642797868,0.8500135530545084,0.09454369524063483,1,0.7345203957882329
2003-01-14,0.9390407033600237,0.8500135530545084,0.0948064870744827,1,0.7367758900134876
2003-01-15,0.9387996637714725,0.8500135530545084,0.09457407596449334,1,0.7347810810504483
2003-01-16,0.9388544454961432,0.8500135530545084,0.09462690715032648,1,0.7352344467238664
2003-01-17,0.9371794942643358,0.8500135530545084,0.09300880113499554,1,0.7213727912591099
2003-01-20,0.9369110638134491,0.8500135530545084,0.09274894289885677,1,0.7191512994593615
2003-01-21,0.9366864587422992,0.8500135530545084,0.0925313960491834,1,0.7172925001983476
2003-01-22,0.9352662425302106,0.8500135530545084,0.09115339097994693,1,0.7055389951149849
2003-01-23,0.935463407435473,0.935463407435473,0.0,0,0.7085878792687211
2003-01-24,0.935463407435473,0.935463407435473,0.0,0,0.6907366058778859
2003-01-27,0.935463407435473,0.935463407435473,0.0,0,0.6722166181187592
2003-01-28,0.935463407435473,0.935463407435473,0.0,0,0.680683222069841
2003-01-29,0.935463407435473,0.935463407435473,0.0,0,0.66117716397103
2003-01-30,0.935463407435473,0.935463407435473,0.0,0,0.6708225186729987
2003-02-03,0.935463407435473,0.935463407435473,0.0,0,0.6805132099423092
2003-02-04,0.9355961343768237,0.6548243852048311,0.3000993044493577,3,0.6843328157408561
2003-02-05,0.9345104348771734,0.4682111036458053,0.4989771262347175,5,0.6808192317718663
2003-02-06,0.923746101824032,0.37467777386736656,0.5943931204391265,6,0.6681476611998323
2003-02-07,0.9125505101327018,0.37467777386736656,0.5894169476570875,6,0.6545240227136203
2003-02-10,0.912336285000505,0.37467777386736656,0.5893205388984839,6,0.6542633374514049
2003-02-11,0.9111533897053312,0.37467777386736656,0.5887873786119173,6,0.6528239014383026
2003-02-12,0.9179620232547174,0.37467777386736656,0.5918373915525257,6,0.6611091591200172
2003-02-13,0.9108646514836746,0.37467777386736656,0.5886570268622594,6,0.6524725430414036
2003-02-14,0.9104641436278283,0.37467777386736656,0.5884760794923473,6,0.6519851749424793
2003-02-17,0.9352676882817487,0.37467777386736656,0.5993898019125246,6,0.6821679946502851
2003-02-18,0.9367393217985791,0.37467777386736656,0.6000191673944365,6,0.6839587890602864
2003-02-19,0.9342990181187717,0.37467777386736656,0.5989744540010465,6,0.6809892438993982
2003-02-20,0.9386580338521681,0.37467777386736656,0.6008367687114734,6,0.6862936222783892
2003-02-21,0.9368790338413161,0.37467777386736656,0.600078814517662,6,0.6841288011878182
2003-02-24,0.9486986726568718,0.37467777386736656,0.6050613491235682,6,0.6985118271770053
2003-02-25,0.9263074892742115,0.37467777386736656,0.5955146879348483,6,0.6712645502045813
2003-02-26,0.9244539761738998,0.37467777386736656,0.594703702375676,6,0.6690090559793266
2003-02-27,0.9171889499515724,0.37467777386736656,0.5914933625321701,6,0.6601684253476748
2003-02-28,0.9106411122152952,0.37467777386736656,0.5885560526079294,6,0.6522005236373528
2003-03-03,0.923700300518965,0.6485113386685848,0.29792018222335764,3,0.6687597048589466
2003-03-04,0.9170637509577485,0.8276201313275102,0.09753260832393235,1,0.6535039499484298
2003-03-05,0.9130414906988275,0.8227958240252524,0.09884070723281416,1,0.6350066304729738
2003-03-06,0.9122473752226187,0.8227958240252524,0.0980562439826556,1,0.6294188985480965
2003-03-07,0.9107477372746463,0.8227958240252524,0.09657110267721809,1,0.6188668124992917
2003-03-10,0.9104610180966237,0.8227958240252524,0.09628659802990895,1,0.6168493352525813
2003-03-11,0.9085747924928905,0.8227958240252524,0.09441046480310455,1,0.6035770551632683
2003-03-12,0.9084588161961622,0.8227958240252524,0.09429485480650861,1,0.6027609969511158
2003-03-13,0.9084539838504653,0.8227958240252524,0.09429003708272848,1,0.6027269945256095
2003-03-14,0.9093995128251804,0.8227958240252524,0.0952317299256969,1,0.6093801357830192
2003-03-17,0.9057897505895133,0.8227958240252524,0.0916260385042402,1,0.5839803239297737
2003-03-18,0.9093447462406142,0.8227958240252524,0.09517723896593645,1,0.6089947749606138
2003-03-19,0.9100647657494688,0.8227958240252524,0.09589311113736777,1,0.6140611363610604
2003-03-20,0.9143623318560103,0.8227958240252524,0.10014247595358887,1,0.6443006267780436
2003-03-21,0.915539813424182,0.8227958240252524,0.1012997884298015,1,0.6525858844597582
2003-03-24,0.9145862305399719,0.8227958240252524,0.10036276892177394,1,0.6458760724931712
2003-03-25,0.9121909978561535,0.8227958240252524,0.09800049994025282,1,0.6290222035838557
2003-03-26,0.9121603930000725,0.8227958240252524,0.09797023600301505,1,0.628806854888982
2003-03-27,0.9112696306099235,0.8227958240252524,0.09708850554522981,1,0.6225390744539777
2003-03-28,0.9124084534125191,0.8227958240252524,0.0982154747165093,1,0.6305523127316416
2003-03-31,0.9090854103548747,0.8227958240252524,0.09491911909128299,1,0.6071699781251063
2003-04-01,0.9093725934380842,0.9093725934380842,0.0,0,0.6104115426900452
2003-04-02,0.9093725934380842,0.9093725934380842,0.0,0,0.6153532285303018
2003-04-03,0.9093725934380842,0.9093725934380842,0.0,0,0.6179827494361265
2003-04-04,0.9093725934380842,0.9093725934380842,0.0,0,0.6324564485599973
2003-04-07,0.9093725934380842,0.9093725934380842,0.0,0,0.6640673701390699
2003-04-08,0.9093725934380842,0.9093725934380842,0.0,0,0.665676818279704
2003-04-09,0.9093725934380842,0.9093725934380842,0.0,0,0.6454453751034241
2003-04-10,0.9093725934380842,0.9093725934380842,0.0,0,0.6548073762595066
2003-04-11,0.9093725934380842,0.9093725934380842,0.0,0,0.6607464665812829
2003-04-14,0.9093725934380842,0.9093725934380842,0.0,0,0.6737013906992032
2003-04-15,0.9093725934380842,0.9093725934380842,0.0,0,0.6857042469029457
2003-04-16,0.9093725934380842,0.9093725934380842,0.0,0,0.704235568803908
2003-04-17,0.9093725934380842,0.9093725934380842,0.0,0,0.6944655385417494
2003-04-18,0.9093725934380842,0.9093725934380842,0.0,0,0.7081231794534677
2003-04-21,0.9093725934380842,0.9093725934380842,0.0,0,0.7036575275703001
2003-04-22,0.9093725934380842,0.9093725934380842,0.0,0,0.6838114452164256
2003-04-23,0.9093725934380842,0.9093725934380842,0.0,0,0.6778836890364847
2003-04-24,0.9093725934380842,0.9093725934380842,0.0,0,0.6668442348887554
2003-04-25,0.9093725934380842,0.9093725934380842,0.0,0,0.642226478822156
2003-04-28,0.9093725934380842,0.9093725934380842,0.0,0,0.6449353387208288
2003-04-29,0.9093725934380842,0.9093725934380842,0.0,0,0.6770562966824968
2003-04-30,0.9093725934380842,0.9093725934380842,0.0,0,0.6793117909077515
2003-05-02,0.9093725934380842,0.9093725934380842,0.0,0,0.6771469698171804
2003-05-06,0.9093725934380842,0.9093725934380842,0.0,0,0.684956193541806
2003-05-07,0.9093725934380842,0.9093725934380842,0.0,0,0.700540638565551
2003-05-09,0.9093725934380842,0.9093725934380842,0.0,0,0.7017080551746026
2003-05-12,0.9093725934380842,0.9093725934380842,0.0,0,0.7152296863842954
2003-05-13,0.9093725934380842,0.9093725934380842,0.0,0,0.6959956476895353
2003-05-14,0.9093725934380842,0.9093725934380842,0.0,0,0.6913486495370004
2003-05-15,0.9093725934380842,0.9093725934380842,0.0,0,0.7019800745786533
2003-05-16,0.9093725934380842,0.9093725934380842,0.0,0,0.6923007174511782
2003-05-19,0.9093725934380842,0.9093725934380842,0.0,0,0.6759228824989516
2003-05-20,0.9093725934380842,0.9093725934380842,0.0,0,0.6824060116288296
2003-05-21,0.9093725934380842,0.9093725934380842,0.0,0,0.6806945562116765
2003-05-22,0.9086335732586484,0.8184353340942758,0.09926800177644006,1,0.6748121365990775
2003-05-23,0.9110772186577571,0.8184353340942758,0.10168389974668202,1,0.6930941073796598
2003-05-26,0.9120074097768226,0.8184353340942758,0.1026001265773102,1,0.7000532704666266
2003-05-27,0.9114998950783096,0.8184353340942758,0.10210046264024901,1,0.6962563329517505
2003-05-28,0.9136299418428149,0.8184353340942758,0.10419383536897779,1,0.7121921363723946
2003-05-29,0.9142465343272769,0.8184353340942758,0.10479799117149627,1,0.7168051320994231
2003-05-30,0.9143965162829568,0.8184353340942758,0.10494482478866543,1,0.7179272121411328
2003-06-02,0.916712904265125,0.8184353340942758,0.10720648712764928,1,0.7352571150075373
2003-06-03,0.9149297854587077,0.8184353340942758,0.10546650999677928,1,0.7219168300672115
2003-06-04,0.9154342702187221,0.8184353340942758,0.10595947658947769,1,0.7256910992984166
2003-06-05,0.9157539287303228,0.8184353340942758,0.10627155569070565,1,0.7280826032256968
2003-06-09,0.9169613592220089,0.8184353340942758,0.10744839369384873,1,0.7371159142685512
2003-06-10,0.9168704610670513,0.8184353340942758,0.10735990650000544,1,0.7364358657584241
2003-06-11,0.9171037663314423,0.8184353340942758,0.10758698836431084,1,0.7381813236010836
2003-06-12,0.9181127358514711,0.8184353340942758,0.1085677149056788,1,0.7457298620634939
2003-06-13,0.9192171484342053,0.8184353340942758,0.10963874478582264,1,0.7539924514615376
2003-06-16,0.9180930412512304,0.8184353340942758,0.10854859222234732,1,0.7455825182196331
2003-06-17,0.9206442494670388,0.8184353340942758,0.1110189038077756,1,0.7646692130705324
2003-06-18,0.9208093811152116,0.8184353340942758,0.11117832758930894,1,0.7659046345305965
2003-06-19,0.9228332315652799,0.9228332315652799,0.0,0,0.7826111595960512
2003-06-20,0.9228332315652799,0.9228332315652799,0.0,0,0.7777714810323137
2003-06-23,0.9228332315652799,0.9228332315652799,0.0,0,0.7645898740776843
2003-06-24,0.9228332315652799,0.9228332315652799,0.0,0,0.7525983520157772
2003-06-25,0.9228332315652799,0.9228332315652799,0.0,0,0.763955162134899
2003-06-26,0.9228332315652799,0.9228332315652799,0.0,0,0.7659046345305965
2003-06-27,0.9228332315652799,0.9228332315652799,0.0,0,0.7676387582314205
2003-06-30,0.9228332315652799,0.9228332315652799,0.0,0,0.759308163982364
2003-07-01,0.9228332315652799,0.9228332315652799,0.0,0,0.7647712203470515
2003-07-02,0.9228332315652799,0.9228332315652799,0.0,0,0.7772954470752247
2003-07-03,0.9213651407854693,0.8305499084087519,0.09856595214715515,1,0.7784628636842762
2003-07-04,0.9222140172059206,0.8305499084087519,0.09939570109212625,1,0.7857393827426357
2003-07-07,0.923673767312117,0.8305499084087519,0.10081899280776896,1,0.7982522753289735
2003-07-08,0.9242092734652054,0.8305499084087519,0.10133999706071947,1,0.8028426027723312
2003-07-09,0.9238337580393361,0.8305499084087519,0.10097471413965395,1,0.7996237064910631
2003-07-10,0.9231739615692346,0.8305499084087519,0.1003321768337551,1,0.793967969715173
2003-07-11,0.9236552559883066,0.8305499084087519,0.10080097198162151,1,0.7980935973432771
2003-07-14,0.9257642246652844,0.8305499084087519,0.10284942290890296,1,0.8161715535708215
2003-07-15,0.9248849367842874,0.8305499084087519,0.1019965020768172,1,0.8086343492502466
2003-07-16,0.9252855747210424,0.8305499084087519,0.10238532719031276,1,0.8120685942263882
2003-07-18,0.9230205820290908,0.8305499084087519,0.10018267785216567,1,0.7926532092622608
2003-07-21,0.9222470731412964,0.8305499084087519,0.0994279812894518,1,0.7860227362885219
2003-07-22,0.9230668603386168,0.8305499084087519,0.10022779053721655,1,0.7930499042265016
2003-07-23,0.9225432543222638,0.8305499084087519,0.0997171086369211,1,0.7885615840596629
2003-07-24,0.9268427787688169,0.5538896699592208,0.40239090960498497,4,0.7967221661811877
2003-07-25,0.9286654367642431,0.4614393698343308,0.5031155983987862,5,0.7991590066758096
2003-07-28,0.9372089365397048,0.36788698608178505,0.6074653455182888,6,0.8135647009486676
2003-07-29,0.9411240580073615,0.27411691722451503,0.7087345553519249,7,0.818699067200127
2003-07-30,0.9335705597287303,0.27411691722451503,0.7063779332285651,7,0.8094277391787281
2003-07-31,0.9328001225157241,0.3682725126938809,0.6051967577998759,6,0.8087136882430946
2003-08-01,0.943671029230255,0.3682725126938809,0.6097448143615495,6,0.8242867991250042
2003-08-04,0.936450797933601,0.2745138324246745,0.7068571749520376,7,0.814403427444491
2003-08-05,0.9394908402223803,0.2745138324246745,0.707805738308533,7,0.81814369425019
2003-08-06,0.9266305401159081,0.2745138324246745,0.7037505019094915,7,0.8023212322479004
2003-08-07,0.9284085042423758,0.2745138324246745,0.7043178394313714,7,0.8045087216221424
2003-08-08,0.9231851588552915,0.2745138324246745,0.7026448813745452,7,0.7980822632014417
2003-08-11,0.9235904978271288,0.2745138324246745,0.7027753825201696,7,0.7985809654422016
2003-08-12,0.9205688800370693,0.2745138324246745,0.7017997910013855,7,0.7948633669201737
2003-08-13,0.9314209097830755,0.2745138324246745,0.7052741359557756,7,0.8082149860023349
2003-08-14,0.9442535731414679,0.2745138324246745,0.7092795407579072,7,0.824003445579118
2003-08-18,0.9471001581936884,0.2745138324246745,0.7101533242817445,7,0.8275056954062724
2003-08-19,0.9563400443017054,0.2745138324246745,0.7129537406068599,7,0.8388738396672296
2003-08-20,0.9536408552392439,0.2745138324246745,0.7121412836745484,7,0.8355529361094426
2003-08-21,0.9688296859862697,0.5743951957219927,0.40712469484535063,4,0.8549796552154054
2003-08-22,0.9688290076820534,0.6738834800144109,0.30443507092475147,3,0.8554103526051525
2003-08-25,0.9694170101371338,0.772440011654181,0.20319119266855898,2,0.8576885151140782
2003-08-26,0.9682499155190077,0.8703312036387223,0.10112958473928547,1,0.853460880209455
2003-08-27,0.9690275435363307,0.8703312036387223,0.10185091286201199,1,0.8602386970270547
2003-08-28,0.9682252082743102,0.8703312036387223,0.10110664729548474,1,0.8532455315145814
2003-08-29,0.9690912622200243,0.8703312036387223,0.10190996702937909,1,0.8607940699769917
2003-09-01,0.9694959122721556,0.9694959122721556,0.0,0,0.866053111788641
2003-09-02,0.9694959122721556,0.9694959122721556,0.0,0,0.8687619716873137
2003-09-03,0.9694959122721556,0.9694959122721556,0.0,0,0.8685579571342756
2003-09-04,0.9694959122721556,0.9694959122721556,0.0,0,0.8660984483559827
2003-09-05,0.9694959122721556,0.9694959122721556,0.0,0,0.8631515714787654
2003-09-08,0.9694959122721556,0.9694959122721556,0.0,0,0.861678133040157
2003-09-09,0.9694959122721556,0.9694959122721556,0.0,0,0.8698500493035171
2003-09-15,0.9679016968194436,0.87254632104494,0.0985176243495021,1,0.8541522628614175
2003-09-16,0.9691695420779467,0.87254632104494,0.09969692281687044,1,0.8655090729805394
2003-09-17,0.9687204997798418,0.7755283947297316,0.1994301814548328,2,0.8688639789638328
2003-09-18,0.9666010544394754,0.7755283947297316,0.19767478923406034,2,0.8593319656802185
2003-09-19,0.9640985464454399,0.7755283947297316,0.19559219585067586,2,0.8480771628376158
2003-09-22,0.9556913292570189,0.7755283947297316,0.1885158199220569,2,0.8102664656745515
2003-09-23,0.956686788126751,0.7755283947297316,0.18936019149144753,2,0.8147434516995546
2003-09-24,0.9581635954626068,0.7755283947297316,0.1906096219870448,2,0.8213852588151289
2003-09-25,0.9559548197594445,0.680143484698656,0.28851921592925633,3,0.8087136882430946
2003-09-26,0.9486412374783736,0.584915612011369,0.38341747237748197,4,0.7904430516043478
2003-09-29,0.9479423669046343,0.584915612011369,0.38296289686753376,4,0.7889242765983974
2003-09-30,0.9487038229028876,0.584915612011369,0.38345814795853006,4,0.7905790613063732
2003-10-01,0.9522346839358838,0.584915612011369,0.38574426884585866,4,0.7982522753289735
2003-10-02,0.9579456039227834,0.584915612011369,0.3894062359948812,4,0.8106631606387923
2003-10-06,0.9620605955845767,0.584915612011369,0.3920179095829646,4,0.819605798546963
2003-10-07,0.9641259145935376,0.584915612011369,0.39332030893707337,4,0.8240941187138017
2003-10-08,0.9618676238589919,0.584915612011369,0.39189593505112447,4,0.8191864352990513
2003-10-09,0.9703943678152325,0.4887095524529113,0.4963804730717854,5,0.8343741853585556
2003-10-10,0.9846127592489198,0.4887095524529113,0.5036530373365183,5,0.8590032755669905
2003-10-13,0.9838519264387896,0.5843048268198612,0.4061049116050964,4,0.8580172052273062
2003-10-14,0.9888659253376031,0.5843048268198612,0.40911622915879425,4,0.8687846399709847
2003-10-15,0.9874654912883771,0.6800112403664749,0.3113569574170709,3,0.8661891214906664
2003-10-16,0.9925908686705069,0.6800112403664749,0.3149128590339608,3,0.8806288181890309
2003-10-17,0.9888816081160927,0.6800112403664749,0.31234312097081407,3,0.8701787394167451
2003-10-20,0.9923776465345157,0.6800112403664749,0.3147656612972453,3,0.880028108671752
2003-10-21,0.9937656019480438,0.6800112403664749,0.3157227025835139,3,0.8839383876049826
2003-10-22,0.9935201953386953,0.6800112403664749,0.3155536811864643,3,0.88324700495302
2003-10-23,0.983203307612692,0.7812668101488323,0.20538630810160732,2,0.8547529723786964
2003-10-24,0.9814027189628789,0.8820639860324745,0.10122117150376657,1,0.8479864897029321
2003-10-27,0.9831872232474461,0.8820639860324745,0.1028524728799503,1,0.8632195763297782
2003-10-28,0.9850128879731007,0.8820639860324745,0.1045152842136596,1,0.8788040213535233
2003-10-29,0.9855838231236691,0.8820639860324745,0.1050340261907943,1,0.8836777023427671
2003-10-30,0.9864176539947318,0.8820639860324745,0.10579055184145622,1,0.8907955434154304
2003-10-31,0.9859423172879795,0.8820639860324745,0.10535944084562875,1,0.8867379206383389
2003-11-03,0.9872169632055275,0.8820639860324745,0.106514556670114,1,0.8976186968003719
2003-11-04,0.9877613432328136,0.8820639860324745,0.10700697888662611,1,0.9022656949529066
2003-11-05,0.9888021686343491,0.9888021686343491,0.0,0,0.9129764589874078
2003-11-06,0.9888021686343491,0.9888021686343491,0.0,0,0.8954425415679652
2003-11-07,0.9888021686343491,0.9888021686343491,0.0,0,0.9113216742794319
2003-11-10,0.9888021686343491,0.9888021686343491,0.0,0,0.9028324020446792
2003-11-11,0.9888021686343491,0.9888021686343491,0.0,0,0.8928696913713179
2003-11-12,0.9888021686343491,0.9888021686343491,0.0,0,0.9025490484987929
2003-11-13,0.9888021686343491,0.9888021686343491,0.0,0,0.9215904067823505
2003-11-14,0.9888021686343491,0.9888021686343491,0.0,0,0.9179408131113354
2003-11-17,0.9888021686343491,0.9888021686343491,0.0,0,0.9004635664010701
2003-11-18,0.9888021686343491,0.9888021686343491,0.0,0,0.9078307585941131
2003-11-19,0.9888021686343491,0.9888021686343491,0.0,0,0.8746557254417483
2003-11-20,0.9888021686343491,0.9888021686343491,0.0,0,0.8721055435287718
2003-11-21,0.9888021686343491,0.9888021686343491,0.0,0,0.8736129843928867
2003-11-24,0.9888021686343491,0.9888021686343491,0.0,0,0.8541975994287593
2003-11-25,0.9888021686343491,0.9888021686343491,0.0,0,0.8705867685228214
2003-11-26,0.9888021686343491,0.9888021686343491,0.0,0,0.887066610751567
2003-11-27,0.9884220872472955,0.8899219517709142,0.09965391986605558,1,0.8859671989935282
2003-11-28,0.9902492440946085,0.8899219517709142,0.10131519203069343,1,0.9024017046549321
2003-12-01,0.9928330067042752,0.7908947591667463,0.2033959851998334,2,0.9151072776524726
2003-12-02,0.9929305505387785,0.7908947591667463,0.20347424224423816,2,0.9155493091840551
2003-12-03,0.9930706134806295,0.7908947591667463,0.20358658444767955,2,0.9161840211268405
2003-12-04,0.9922677526889483,0.7908947591667463,0.20294219274636396,2,0.9125457615976607
2003-12-05,0.9883359858212759,0.7908947591667463,0.19977136266111187,2,0.8947284906323317
2003-12-08,0.9871829676749675,0.7908947591667463,0.19883670498339626,2,0.8895034512461889
2003-12-09,0.9878207542851816,0.7908947591667463,0.19935397617853967,2,0.8923936574142289
2003-12-10,0.9896440736532051,0.7908947591667463,0.20082908570632768,2,0.9006562468122726
2003-12-11,0.9887661791426752,0.7908947591667463,0.20011952689107584,2,0.8966779630280294
2003-12-12,0.9925053594653026,0.7908947591667463,0.20313300918311505,2,0.9136225050720286
2003-12-15,0.9965271667955933,0.7908947591667463,0.20634902336889935,2,0.9318478051434336
2003-12-16,0.9936833888512272,0.7908947591667463,0.20407770921774168,2,0.9189608858765258
2003-12-17,0.99100718621229,0.7908947591667463,0.2019283309240063,2,0.9068333541125935
2003-12-18,0.992860519067853,0.7908947591667463,0.20341805925642228,2,0.9152319532126625
2003-12-19,0.9937859349336537,0.7908947591667463,0.20415983828595108,2,0.9194255856917795
2003-12-22,0.9921201863752125,0.7908947591667463,0.20282363968790793,2,0.911877047229369
2003-12-23,0.9914548874014206,0.7908947591667463,0.20228870802214466,2,0.9088621655011391
2003-12-24,0.9889215989991101,0.8905648924784115,0.09945854820063159,1,0.8982874111686634
2003-12-26,0.9884624231564169,0.8905648924784115,0.09904021476647858,1,0.8940937786895465
2003-12-29,0.9887112617147145,0.9887112617147145,0.0,0,0.8981627356084735
2003-12-30,0.989523399169851,0.889840135543243,0.10073866238053197,1,0.9188702127418423
2004-01-02,0.990820605854437,0.889840135543243,0.10191599742126194,1,0.930827732378243
2004-01-05,0.9911698065164488,0.889840135543243,0.10223240287084367,1,0.9340466286595112
2004-01-06,0.9910874246701291,0.889840135543243,0.10215777801901277,1,0.9332872411565358
2004-01-07,0.9915349917158062,0.889840135543243,0.10256305326813009,1,0.93741286878464
2004-01-08,0.9911759544154279,0.889840135543243,0.102237971392224,1,0.9341032993686883
2004-01-09,0.9937728269441916,0.889840135543243,0.10458395377999719,1,0.9580410069251607
2004-01-12,0.994451554991482,0.889840135543243,0.10519508861257201,1,0.9642974532183296
2004-01-13,0.9941613741596694,0.889840135543243,0.10493390844580493,1,0.9616225957451632
2004-01-14,0.9943076941553716,0.889840135543243,0.10506562427928298,1,0.9629713586235819
2004-01-15,0.9938207805562284,0.889840135543243,0.10462715918939501,1,0.9584830384567432
2004-01-16,0.9941023543294703,0.889840135543243,0.10488076839587898,1,0.9610785569370616
2004-01-19,0.9951905324487675,0.889840135543243,0.10585952485530492,1,0.9711092724614355
2004-01-20,0.9957524504154555,0.889840135543243,0.10636410166806305,1,0.9762889752802367
2004-01-26,0.9966955381188464,0.889840135543243,0.10720967285283652,1,0.9849822620680275
2004-01-27,0.9959565606615609,0.889840135543243,0.10654724242976059,1,0.9781704428249215
2004-01-28,0.9955335852118001,0.889840135543243,0.10616763837863977,1,0.9742714980335264
2004-01-29,0.9947810823767608,0.889840135543243,0.10549149827295634,1,0.9673350032302305
2004-01-30,0.9941699812182401,0.889840135543243,0.10494165750926511,1,0.9617019347380114
2004-02-02,0.9947454516134375,0.9947454516134375,0.0,0,0.9689444513708645
2004-02-03,0.9947454516134375,0.9947454516134375,0.0,0,0.9519205703340172
2004-02-04,0.9947454516134375,0.9947454516134375,0.0,0,0.9469675503519251
2004-02-05,0.9947454516134375,0.9947454516134375,0.0,0,0.9531106552267395
2004-02-06,0.9947454516134375,0.9947454516134375,0.0,0,0.9636627412755444
2004-02-09,0.9947454516134375,0.9947454516134375,0.0,0,0.98014258350429
2004-02-10,0.9947454516134375,0.9947454516134375,0.0,0,0.9824434142968865
2004-02-11,0.9947454516134375,0.9947454516134375,0.0,0,0.9932561856079067
2004-02-12,0.9947454516134375,0.9947454516134375,0.0,0,0.9950809824434144
2004-02-13,0.9947454516134375,0.9947454516134375,0.0,0,0.99987532443981
2004-02-16,0.9947454516134375,0.9947454516134375,0.0,0,0.9988552516746194
2004-02-17,0.9947454516134375,0.9947454516134375,0.0,0,1.0028448696006982
2004-02-18,0.9931926742891967,0.8952709064520937,0.09859292196973071,1,0.9941175803874011
2004-02-19,0.9937006483442176,0.8952709064520937,0.09905371608253975,1,0.9992746149225311
2004-02-20,0.9932362149224842,0.8952709064520937,0.09863243707644713,1,0.9945596119189836
2004-02-23,0.9932395642019678,0.8952709064520937,0.0986354765565429,1,0.9945936143444899
2004-02-24,0.9917960247445129,0.8952709064520937,0.09732355835695555,1,0.979938568951252
2004-02-25,0.9920505699852706,0.8952709064520937,0.0975551715419243,1,0.9825227532897347
2004-02-26,0.9918261682598657,0.8952709064520937,0.0973509924397093,1,0.980244590780809
2004-02-27,0.9938982558337531,0.8952709064520937,0.09923284280132247,1,1.001280758027406
2004-03-02,0.9956610932686498,0.8952709064520937,0.10082766866684097,1,1.0191773679855831
2004-03-03,0.9952815082605023,0.8952709064520937,0.10048473821562459,1,1.0153237597615297
2004-03-04,0.996578795847171,0.8952709064520937,0.10165567420984264,1,1.0284940325743237
2004-03-05,0.996349928415788,0.8952709064520937,0.10144931924109384,1,1.0261705334980562
2004-03-08,0.9957604552266649,0.8952709064520937,0.10091739257881727,1,1.0201861066089382
2004-03-09,0.994809259853307,0.8952709064520937,0.10005772706206124,1,1.010529417765134
2004-03-10,0.9930721002277851,0.8952709064520937,0.09848347743659126,1,0.9928934930691723
2004-03-11,0.9923921964926032,0.8952709064520937,0.09786583407624916,1,0.9859910006913827
2004-03-12,0.9900331873096162,0.8952709064520937,0.09571626696175303,1,0.9620419589930749
2004-03-15,0.990419470876731,0.8952709064520937,0.09606895585403892,1,0.9659635720681409
2004-03-16,0.9901816720333916,0.8952709064520937,0.09585187068388513,1,0.9635493998571898
2004-03-17,0.9924709313547051,0.9924709313547051,0.0,0,0.9887678654410682
2004-03-18,0.9924709313547051,0.9924709313547051,0.0,0,0.9892665676818281
2004-03-19,0.9924709313547051,0.9924709313547051,0.0,0,1.001178750750887
2004-03-22,0.9924709313547051,0.9924709313547051,0.0,0,0.9789184961860614
2004-03-23,0.9924709313547051,0.9924709313547051,0.0,0,0.981729363361253
2004-03-24,0.9924709313547051,0.9924709313547051,0.0,0,0.9766856702444775
2004-03-25,0.9912482281960336,0.8932238382192346,0.09888985138989154,1,0.9672329959537114
2004-03-26,0.9924623623473552,0.8932238382192346,0.09999222932082111,1,0.9792131838737831
2004-03-29,0.9936937264062167,0.8932238382192346,0.10110749974274327,1,0.9913633839213863
2004-03-30,0.9935547384853938,0.8932238382192346,0.1009817540794046,1,0.989991952759297
2004-03-31,0.9940241876710924,0.7937731404150239,0.2014549039548407,2,0.9979711886114543
2004-04-01,0.9945359024426155,0.7937731404150239,0.20186577632291722,2,1.0005213705244307
2004-04-02,0.9947496855027185,0.7937731404150239,0.20203730447637866,2,1.0015867798569633
2004-04-06,0.9998668332179503,0.7937731404150239,0.20612114129202466,2,1.0270885989867278
2004-04-07,1.0007174168826154,0.7937731404150239,0.20679591758506008,2,1.0313275680331864
2004-04-08,1.002293498378907,0.7937731404150239,0.2080432111962617,2,1.0391821283251539
2004-04-09,0.9996962616274425,0.7937731404150239,0.20598568696974898,2,1.026238538349069
2004-04-12,1.0027483559535941,0.7937731404150239,0.20840245142046512,2,1.041448956692244
2004-04-13,1.0024686185451614,0.7937731404150239,0.2081815572770827,2,1.0400548572464836
2004-04-14,1.0021684125458679,0.7937731404150239,0.20794436296534735,2,1.038558750524204
2004-04-16,0.9982043287824682,0.7937731404150239,0.20479893992925638,2,1.018803341305013
2004-04-19,0.9989366494777148,0.7937731404150239,0.205381902015467,2,1.0224529349760283
2004-04-20,1.0027574531050878,0.7937731404150239,0.2084096329006917,2,1.0414942932595859
2004-04-21,1.005270541205235,0.7937731404150239,0.21038853932459162,2,1.0540185199877592
2004-04-22,1.0039196142084137,0.7937731404150239,0.20932599664275858,2,1.0472860397375012
2004-04-23,1.0064450880658788,0.9010796123978676,0.10469073466342388,1,1.0609436806492196
2004-04-26,1.0046080641967872,0.9010796123978676,0.1030535743127779,1,1.0424463611737638
2004-04-27,1.0041274213094697,0.9010796123978676,0.10262423545531575,1,1.0376066826100263
2004-04-28,1.0025920655757437,0.9010796123978676,0.10125000652142793,1,1.022146913146471
2004-04-29,0.9994210809708486,0.9994210809708486,0.0,0,0.9922021104172097
2004-04-30,0.9994210809708486,0.9994210809708486,0.0,0,0.977955094130048
2004-05-03,0.9994210809708486,0.9994210809708486,0.0,0,0.9816613585102405
2004-05-04,0.9994210809708486,0.9994210809708486,0.0,0,0.9832141359416973
2004-05-06,0.9994210809708486,0.9994210809708486,0.0,0,0.9494383932720534
2004-05-07,0.9994210809708486,0.9994210809708486,0.0,0,0.9506398123066112
2004-05-10,0.9994210809708486,0.9994210809708486,0.0,0,0.896167926645434
2004-05-11,0.9994210809708486,0.9994210809708486,0.0,0,0.8965532874678394
2004-05-12,0.9994210809708486,0.9994210809708486,0.0,0,0.9261013952328601
2004-05-13,0.9994210809708486,0.9994210809708486,0.0,0,0.8955445488444843
2004-05-14,0.9994210809708486,0.9994210809708486,0.0,0,0.8709834634870621
2004-05-17,0.9994210809708486,0.9994210809708486,0.0,0,0.8262362715207019
2004-05-18,0.9994210809708486,0.9994210809708486,0.0,0,0.8409819900486235
2004-05-19,0.9994210809708486,0.9994210809708486,0.0,0,0.8817395640889051
2004-05-20,0.9994210809708486,0.9994210809708486,0.0,0,0.8702240759840869
2004-05-21,0.9994210809708486,0.9994210809708486,0.0,0,0.8912715773725193
2004-05-24,0.9994210809708486,0.9994210809708486,0.0,0,0.9063233177299981
2004-05-25,0.9994210809708486,0.9994210809708486,0.0,0,0.8886647247503655
2004-05-27,0.9994210809708486,0.9994210809708486,0.0,0,0.9095195457275953
2004-05-28,0.9994210809708486,0.9994210809708486,0.0,0,0.9254440150064038
2004-05-31,0.9994210809708486,0.9994210809708486,0.0,0,0.9110836573008876
2004-06-01,0.9994210809708486,0.9994210809708486,0.0,0,0.9246052885105804
2004-06-02,0.9994210809708486,0.9994210809708486,0.0,0,0.9117070351018373
2004-06-03,0.9994210809708486,0.9994210809708486,0.0,0,0.8727969261807342
2004-06-04,0.9994210809708486,0.9994210809708486,0.0,0,0.8849017896609959
2004-06-07,0.9994210809708486,0.9994210809708486,0.0,0,0.9174421108705755
2004-06-08,0.9994210809708486,0.9994210809708486,0.0,0,0.9172834328848791
2004-06-09,0.9994210809708486,0.9994210809708486,0.0,0,0.9005315712520826
2004-06-10,0.9994210809708486,0.9994210809708486,0.0,0,0.8866699157873261
2004-06-11,0.9994210809708486,0.9994210809708486,0.0,0,0.8517947613596436
2004-06-14,0.9994210809708486,0.9994210809708486,0.0,0,0.8373550646612792
2004-06-15,0.9994210809708486,0.9994210809708486,0.0,0,0.8524408074442644
2004-06-16,0.9994210809708486,0.9994210809708486,0.0,0,0.8527128268483153
2004-06-17,0.9994210809708486,0.9994210809708486,0.0,0,0.8614967867707897
2004-06-18,0.9994210809708486,0.9994210809708486,0.0,0,0.8406873023609018
2004-06-21,0.9994210809708486,0.9994210809708486,0.0,0,0.8492672477303381
2004-06-22,0.9994210809708486,0.9994210809708486,0.0,0,0.846071019732741
2004-06-23,0.9994210809708486,0.9994210809708486,0.0,0,0.8375137426469754
2004-06-24,0.9994210809708486,0.9994210809708486,0.0,0,0.8649423658887667
2004-06-25,0.9994210809708486,0.9994210809708486,0.0,0,0.8829636514071337
2004-06-28,0.9994210809708486,0.9994210809708486,0.0,0,0.8738056648040895
2004-06-29,0.9994210809708486,0.9994210809708486,0.0,0,0.8826122930102348
2004-06-30,0.9994210809708486,0.9994210809708486,0.0,0,0.8906255312878986
2004-07-01,0.9994210809708486,0.9994210809708486,0.0,0,0.8818302372235887
2004-07-02,0.9994210809708486,0.9994210809708486,0.0,0,0.8562037425336341
2004-07-05,0.9994210809708486,0.9994210809708486,0.0,0,0.8576771809722428
2004-07-06,0.9994210809708486,0.9994210809708486,0.0,0,0.8596606557934466
2004-07-07,0.9994210809708486,0.9994210809708486,0.0,0,0.8635255981593354
2004-07-08,0.9994210809708486,0.9994210809708486,0.0,0,0.8428521234514729
2004-07-09,0.9994210809708486,0.9994210809708486,0.0,0,0.8471817656326152
2004-07-12,0.9994210809708486,0.9994210809708486,0.0,0,0.8458330027541965
2004-07-13,0.9994210809708486,0.9994210809708486,0.0,0,0.8511373811331876
2004-07-14,0.9994210809708486,0.9994210809708486,0.0,0,0.8348388851738091
2004-07-15,0.9994210809708486,0.9994210809708486,0.0,0,0.8304979088508314
2004-07-16,0.9994210809708486,0.9994210809708486,0.0,0,0.8380351131714062
2004-07-19,0.9994210809708486,0.9994210809708486,0.0,0,0.8505140033322377
2004-07-20,0.9976138022671635,0.799536864776679,0.19855071876545566,2,0.8353262532727335
2004-07-21,1.0019999835695308,0.799536864776679,0.2020590041045669,2,0.8538235727481894
2004-07-22,0.9991269273120365,0.799536864776679,0.19976447143939674,2,0.8417073751260924
2004-07-23,0.9977508704328624,0.799536864776679,0.1986608195793311,2,0.8359042945063415
2004-07-26,0.9974014809908847,0.799536864776679,0.19838011070289757,2,0.8344308560677329
2004-07-27,0.9980196315420761,0.799536864776679,0.1988766157422317,2,0.8370377086898866
2004-07-28,0.9990608862254396,0.6995061859185305,0.2998362806882164,3,0.843736186514638
2004-07-29,0.9935037405130214,0.6995061859185305,0.2959199272291392,3,0.8280837366398803
2004-07-30,0.9954070930995339,0.6995061859185305,0.29726622326913166,3,0.8334447857280487
2004-08-02,0.9890692911465587,0.6995061859185305,0.29276321469081096,3,0.8155935123372134
2004-08-03,0.9918257319959479,0.6995061859185305,0.29472873776843256,3,0.8233573994944974
2004-08-04,0.9930208603642232,0.6995061859185305,0.2955775514504665,3,0.8267236396196262
2004-08-05,0.9986303180927614,0.6995061859185305,0.29953439902116574,3,0.8425234333382449
2004-08-06,0.9948477569271761,0.6995061859185305,0.29687112319665704,3,0.831869340012921
2004-08-09,0.9981393899414832,0.6995061859185305,0.29918987972257094,3,0.8411406680343199
2004-08-10,1.000750966746233,0.6995061859185305,0.3010187257746523,3,0.8484965260855275
2004-08-11,1.002537623296786,0.6995061859185305,0.30226440418440803,3,0.8535288850604676
2004-08-12,1.0080263609881246,0.6995061859185305,0.30606359814555356,3,0.8689886545240229
2004-08-13,1.0117767301437899,0.6995061859185305,0.3086358234201341,3,0.879552074714663
2004-08-16,1.0104875603059833,0.9070710087148093,0.10234322089017979,1,0.8770925659363702
2004-08-17,1.0101106982842905,0.9070710087148093,0.10200831428129391,1,0.873896337938773
2004-08-18,1.0103993585562254,0.9070710087148093,0.10226486088536677,1,0.8763445125752305
2004-08-19,1.0124493810430235,0.9070710087148093,0.10408260827781193,1,0.8937310861508121
2004-08-20,1.0123304423198651,0.9070710087148093,0.10397734692620951,1,0.8927223475274569
2004-08-23,1.0123317787100128,0.9070710087148093,0.10397852977542063,1,0.8927336816692925
2004-08-24,1.0127467706154043,1.0127467706154043,0.0,0,0.898049394190119
2004-08-25,1.0127467706154043,1.0127467706154043,0.0,0,0.9112310011447484
2004-08-26,1.0127467706154043,1.0127467706154043,0.0,0,0.9183035056500698
2004-08-27,1.0127467706154043,1.0127467706154043,0.0,0,0.9184055129265888
2004-08-30,1.0127467706154043,1.0127467706154043,0.0,0,0.9126137664486734
2004-08-31,1.0127467706154043,1.0127467706154043,0.0,0,0.9107776354713304
2004-09-01,1.0127467706154043,1.0127467706154043,0.0,0,0.9264074170624171
2004-09-02,1.0127467706154043,1.0127467706154043,0.0,0,0.933740606829954
2004-09-03,1.0127467706154043,1.0127467706154043,0.0,0,0.9301816862936224
2004-09-06,1.0127467706154043,1.0127467706154043,0.0,0,0.9341713042197011
2004-09-07,1.0127467706154043,1.0127467706154043,0.0,0,0.9280395334867221
2004-09-08,1.0127467706154043,1.0127467706154043,0.0,0,0.9246959616452641
2004-09-09,1.0127467706154043,1.0127467706154043,0.0,0,0.931530449172041
2004-09-10,1.0127467706154043,1.0127467706154043,0.0,0,0.947919618266103
2004-09-13,1.0127467706154043,1.0127467706154043,0.0,0,0.9655668771039001
2004-09-14,1.0127467706154043,1.0127467706154043,0.0,0,0.965011504153963
2004-09-15,1.0127467706154043,1.0127467706154043,0.0,0,0.9641161069489624
2004-09-16,1.0127467706154043,1.0127467706154043,0.0,0,0.9694998243208016
2004-09-17,1.0127467706154043,1.0127467706154043,0.0,0,0.9612599032064287
2004-09-20,1.0127467706154043,1.0127467706154043,0.0,0,0.9711886114542838
2004-09-21,1.0127467706154043,1.0127467706154043,0.0,0,0.9715059674256764
2004-09-22,1.0127467706154043,1.0127467706154043,0.0,0,0.9465141846785071
2004-09-23,1.0127467706154043,1.0127467706154043,0.0,0,0.9403710798036926
2004-09-24,1.0127467706154043,1.0127467706154043,0.0,0,0.9431139421278718
2004-09-30,1.0127467706154043,1.0127467706154043,0.0,0,0.9465028505366717
2004-10-01,1.0127467706154043,1.0127467706154043,0.0,0,0.9588797334209841
2004-10-04,1.0127467706154043,1.0127467706154043,0.0,0,0.9983565494338597
2004-10-05,1.0127467706154043,1.0127467706154043,0.0,0,1.00289020616804
2004-10-06,1.0127467706154043,1.0127467706154043,0.0,0,1.0058484171870927
2004-10-07,1.0127467706154043,1.0127467706154043,0.0,0,1.0034455791179773
2004-10-08,1.0127467706154043,1.0127467706154043,0.0,0,0.998968593092974
2004-10-11,1.0127467706154043,1.0127467706154043,0.0,0,0.9986625712634168
2004-10-12,1.0127467706154043,1.0127467706154043,0.0,0,0.9725713767582088
2004-10-13,1.0127467706154043,1.0127467706154043,0.0,0,0.9704065556676376
2004-10-14,1.0127467706154043,1.0127467706154043,0.0,0,0.9595824502147821
2004-10-15,1.0130246826870126,0.9114720935538638,0.10024690500510221,1,0.9542667376939556
2004-10-18,1.0137881906438893,0.9114720935538638,0.10092453042389583,1,0.961441249475796
2004-10-19,1.014692820924549,0.9114720935538638,0.10172608423171306,1,0.9699418558523841
2004-10-20,1.0114168531348535,0.9114720935538638,0.09881658514114539,1,0.9391583266272995
2004-10-21,1.0104543265162316,0.9114720935538638,0.0979581465137877,1,0.9301136814426096
2004-10-22,1.0113637814917213,0.9114720935538638,0.0987692952485616,1,0.9386596243865396
2004-10-25,1.0089478155555063,0.9114720935538638,0.0966112622464763,1,0.9159573382901314
2004-10-26,1.009618448136902,0.9114720935538638,0.09721133242380069,1,0.9222591211506421
2004-10-27,1.0091613083017419,0.9114720935538638,0.09680237831578535,1,0.9179634813950062
2004-10-28,1.0120114967726737,0.9114720935538638,0.09934610776600088,1,0.9447460585521767
2004-10-29,1.0137051636573284,0.7092302153024328,0.3003584861463919,3,0.9462194969907854
2004-11-01,1.0141833144520702,0.6079443117822971,0.40055776591951786,4,0.9471488966212923
2004-11-02,1.0195356005724951,0.6079443117822971,0.40370467550037387,4,0.9596277867821238
2004-11-03,1.0265261432075277,0.6079443117822971,0.4077653883390751,4,0.9759262827415022
2004-11-04,1.0217377673413892,0.6079443117822971,0.404989879776885,4,0.9647621530335831
2004-11-05,1.0263462752815915,0.6079443117822971,0.4076615987956894,4,0.9755069194935905
2004-11-08,1.019263368035943,0.6079443117822971,0.4035454124543219,4,0.9589930748393386
2004-11-09,1.018310554158011,0.6079443117822971,0.4029873212057835,4,0.9567715830395902
2004-11-10,1.0262782171474534,0.6079443117822971,0.40762231758939405,4,0.9753482415078942
2004-11-11,1.0264204645752626,0.711619462684953,0.3066979008651932,3,0.9761642997200467
2004-11-12,1.0320530069424103,0.711619462684953,0.3104816730361387,3,0.9936302122884766
2004-11-15,1.034121805761233,0.711619462684953,0.31186107988399,3,1.0000453365673418
2004-11-16,1.0320310762128821,0.711619462684953,0.3104670207254846,3,0.9935622074374639
2004-11-17,1.0352512383319328,0.711619462684953,0.31261182181094255,3,1.003547586394496
2004-11-18,1.031749631850604,0.711619462684953,0.31027892744817137,3,0.9926894785161342
2004-11-19,1.0285294697315535,0.711619462684953,0.3081195205124399,3,0.9827040995591019
2004-11-22,1.0223011425455575,0.711619462684953,0.30390426747151883,3,0.9633907218714935
2004-11-23,1.0261061241186922,0.711619462684953,0.30648551260119156,3,0.9751895635221979
2004-11-24,1.0305507519697317,0.711619462684953,0.30947654802559976,3,0.9889718799941062
2004-11-25,1.0300992284177601,0.9241623754117614,0.10284140603494919,1,0.9888925410012581
2004-11-26,1.0256317360164278,0.9250714142706953,0.09804720175324382,1,0.9726053791837151
2004-11-29,1.0264848557925765,0.9250714142706953,0.09879682194003465,1,0.9808566344399234
2004-11-30,1.029216640959983,0.822418475593705,0.20092773196262237,2,0.9952056580036043
2004-12-01,1.028919889384508,0.822418475593705,0.20069727091613582,2,0.9937775561323374
2004-12-02,1.0306391643852755,0.822418475593705,0.2020306388373701,2,1.0020514796722166
2004-12-03,1.0302741128440167,0.822418475593705,0.20174789860199174,2,1.0002946876877217
2004-12-06,1.0274950107879817,0.822418475593705,0.19958883794190332,2,0.9869204003218897
2004-12-07,1.0252152050335395,0.822418475593705,0.1978089365473272,2,0.9759489510251732
2004-12-08,1.0277281727401406,0.822418475593705,0.19977042820480095,2,0.9880424803635993
2004-12-09,1.0252717291431537,0.822418475593705,0.19785316202854675,2,0.976220970429224
2004-12-10,1.0213951172921083,0.822418475593705,0.19480868699071532,2,0.9575649729680717
2004-12-13,1.0212420311619028,0.822418475593705,0.19468798727564068,2,0.9568282537487675
2004-12-14,1.0224667202035453,0.822418475593705,0.19565257299525243,2,0.9627220075032019
2004-12-15,1.0270451730823014,0.822418475593705,0.1992382641500413,2,0.9847555792313186
2004-12-16,1.0281897863019904,0.822418475593705,0.20012969730847743,2,0.9902639721633477
2004-12-17,1.0284269747304067,0.7195870145559661,0.30030324735054764,3,0.9918847544458171
2004-12-20,1.0316666657870512,0.7195870145559661,0.302500469948791,3,1.0022894966507612
2004-12-21,1.031140833578511,0.7195870145559661,0.3021447787508488,3,1.000600709517279
2004-12-22,1.030572785128251,0.6162830669510044,0.4019994746180783,4,1.0012354214600643
2004-12-23,1.0273188817006729,0.718836295243706,0.300279292001613,3,0.9938682292670211
2004-12-24,1.0283883405352103,0.718836295243706,0.30100695728464044,3,0.9973138083849982
2004-12-27,1.0271465145827774,0.8224020909693849,0.19933322141151294,2,0.9939815706853756
2004-12-28,1.027485039308814,0.8224020909693849,0.1995970164951381,2,0.995625021251516
2004-12-29,1.0288484768260915,0.8224020909693849,0.20065771637586122,2,1.0022441600834193
2004-12-30,1.0343321017905394,0.5136123714964712,0.5034357237802507,5,1.0154484353217197
2005-01-03,1.0330476225915597,0.5136123714964712,0.5028183016306691,5,1.012943589976085
2005-01-04,1.029089566779319,0.5136123714964712,0.5009060551416399,5,1.0052250393861428
2005-01-05,1.0280956937339547,0.5136123714964712,0.5004235747442192,5,1.003286901132281
2005-01-06,1.0200110305403767,0.5136123714964712,0.496463904685058,5,0.9875211098391685
2005-01-07,1.019755297125195,0.5136123714964712,0.49633762830710254,5,0.9870224075984088
2005-01-10,1.0216965462313454,0.5136123714964712,0.4972945994669412,5,0.9908080109714493
2005-01-11,1.0275726026574472,0.5136123714964712,0.5001692628158853,5,1.0022668283670901
2005-01-12,1.0250966382286446,0.5136123714964712,0.49896199797905144,5,0.9974384839451881
2005-01-13,1.0282991180414855,0.5136123714964712,0.5005224039531363,5,1.0036835960965216
2005-01-14,1.039455130670434,0.619649921637244,0.4038704477435419,4,1.0258531775266637
2005-01-17,1.047794648578308,0.619649921637244,0.4086151112930276,4,1.0462319645468043
2005-01-18,1.046630455588944,0.619649921637244,0.40795729922786944,4,1.0433870949461062
2005-01-19,1.044423309433332,0.7257931850494583,0.30507756912927503,3,1.0385134139568624
2005-01-20,1.042023855278717,0.7257931850494583,0.3034773807022629,3,1.0306928560904012
2005-01-21,1.0455847843429569,0.7257931850494583,0.3058495151059939,3,1.042299017329903
2005-01-24,1.0468018987692107,0.7257931850494583,0.3066566024547548,3,1.0462659669723107
2005-01-25,1.0440164454679841,0.7257931850494583,0.30480675069814733,3,1.0371873193621146
2005-01-26,1.048154634517247,0.7257931850494583,0.3075514230934637,3,1.0506749481463011
2005-01-27,1.0467706919553217,1.0467706919553217,0.0,0,1.0482607759353502
2005-01-28,1.0467706919553217,1.0467706919553217,0.0,0,1.0445431774133223
2005-01-31,1.0467706919553217,1.0467706919553217,0.0,0,1.0571354089925082
2005-02-01,1.0467706919553217,1.0467706919553217,0.0,0,1.046923347198767
2005-02-02,1.0467706919553217,1.0467706919553217,0.0,0,1.0443731652857904
2005-02-03,1.0467706919553217,1.0467706919553217,0.0,0,1.0527037595348467
2005-02-04,1.0467706919553217,1.0467706919553217,0.0,0,1.0580988110485214
2005-02-07,1.0467706919553217,1.0467706919553217,0.0,0,1.0758254088791668
2005-02-11,1.0467706919553217,1.0467706919553217,0.0,0,1.0736039170794185
2005-02-14,1.0467706919553217,1.0467706919553217,0.0,0,1.0935066701424703
2005-02-15,1.0467706919553217,1.0467706919553217,0.0,0,1.0981423341531695
2005-02-16,1.0467706919553217,1.0467706919553217,0.0,0,1.1011798841650704
2005-02-17,1.0467706919553217,1.0467706919553217,0.0,0,1.1023132983486155
2005-02-18,1.0467706919553217,1.0467706919553217,0.0,0,1.115392898026726
2005-02-21,1.0467706919553217,1.0467706919553217,0.0,0,1.1206179374128689
2005-02-22,1.0467706919553217,1.0467706919553217,0.0,0,1.1082523886703919
2005-02-23,1.0467706919553217,1.0467706919553217,0.0,0,1.0976322977705744
2005-02-24,1.048081077423318,0.9420936227597895,0.10112524397835336,1,1.1187931405773612
2005-02-25,1.0491386971461787,0.9420936227597895,0.10203138505668363,1,1.1299572702852805
2005-02-28,1.0506859357458154,0.9420936227597895,0.10335373234908975,1,1.1462897686701652
2005-03-02,1.050269330210313,0.9420936227597895,0.10299806377175805,1,1.1418921216380102
2005-03-03,1.0506386918191088,0.9420936227597895,0.1033134129787102,1,1.1457910664294053
2005-03-04,1.0508577318429297,0.9420936227597895,0.10350031768086866,1,1.1481032313638373
2005-03-07,1.0502714776615267,0.9420936227597895,0.102999897838414,1,1.141914789921681
2005-03-08,1.049496247773298,0.9420936227597895,0.10233731205936487,1,1.1337315395164855
2005-03-09,1.0504099882648252,0.9420936227597895,0.10311817929679432,1,1.1433768942184543
2005-03-10,1.0493223042249697,0.9420936227597895,0.10218850874839581,1,1.1318954085391424
2005-03-11,1.0519132041145765,0.9420936227597895,0.10439985060100575,1,1.1592446927880855
2005-03-14,1.0515803491764173,0.9420936227597895,0.10411636781000738,1,1.1557311088190958
2005-03-15,1.048728533964318,0.9420936227597895,0.10168018486293671,1,1.1256276281041382
2005-03-16,1.048728533964318,0.9420936227597895,0.10168018486293671,1,1.1256276281041382
2005-03-17,1.0473241008704075,0.9420936227597895,0.10047556245785175,1,1.1108025705833682
2005-03-18,1.0472886679253777,0.9420936227597895,0.10044512882391245,1,1.1104285439027985
2005-03-21,1.0472403502730643,0.9420936227597895,0.10040362509509697,1,1.1099185075202032
2005-03-22,1.0473627549922582,0.9420936227597895,0.10050876043730134,1,1.1112105996894446
2005-03-23,1.0459024881667858,0.9420936227597895,0.09925290988545986,1,1.0957961667932312
2005-03-24,1.0445718565287445,1.0445718565287445,0.0,0,1.0839179861496788
2005-03-25,1.0445718565287445,1.0445718565287445,0.0,0,1.094084711376078
2005-03-28,1.0445718565287445,1.0445718565287445,0.0,0,1.1081390472520374
2005-03-29,1.0445718565287445,1.0445718565287445,0.0,0,1.0868988654524023
2005-03-30,1.0445718565287445,1.0445718565287445,0.0,0,1.082920581668159
2005-03-31,1.0445718565287445,1.0445718565287445,0.0,0,1.0945154087658253
2005-04-01,1.0463233357356103,0.9401146708758701,0.10150654318062295,1,1.1128993868229267
2005-04-04,1.0462407152487037,0.6262468751042777,0.4014313666282701,4,1.1135794353330537
2005-04-06,1.0485918258042195,0.6262468751042777,0.40277345322239516,4,1.1198132133425518
2005-04-07,1.048976552986031,0.6262468751042777,0.4029924946162098,4,1.1208332861077424
2005-04-08,1.050374395079947,0.6262468751042777,0.40378699439202126,4,1.1245395504879347
2005-04-11,1.0477112280325172,0.6262468751042777,0.4022714863137448,4,1.117478380124449
2005-04-12,1.0459372082497187,0.6262468751042777,0.40125767573347443,4,1.1127747112627366
2005-04-13,1.0457320204194192,0.6262468751042777,0.401140193782051,4,1.1122306724546351
2005-04-14,1.0340234898529501,0.6262468751042777,0.39435914053235194,4,1.081186457967335
2005-04-15,1.0311594097216854,0.6262468751042777,0.3926769525641971,4,1.073592582937583
2005-04-18,1.0216609230774014,0.6262468751042777,0.3870306077500499,4,1.048408119779211
2005-04-19,1.0248456091935092,0.6262468751042777,0.3889353972086628,4,1.0568520554466219
2005-04-20,1.026944509707615,0.6262468751042777,0.3901843096833163,4,1.0624171190878284
2005-04-21,1.0277054145783093,0.6262468751042777,0.39063581234390904,4,1.0644345963345385
2005-04-22,1.0284107477449642,0.6262468751042777,0.3910537433827161,4,1.066304729737388
2005-04-25,1.030710561342905,0.6262468751042777,0.3924124787386041,4,1.0724024980448605
2005-04-26,1.029979579697463,0.6262468751042777,0.3919812708440046,4,1.0704643597909984
2005-04-27,1.0238666922531217,0.6262468751042777,0.3883511595380074,4,1.0542565369663035
2005-04-28,1.018553182397656,0.6262468751042777,0.3851603569387473,4,1.0401681986648381
2005-04-29,1.0156073761979245,0.7246218423861881,0.28651380507010854,3,1.0328803454646431
2005-05-02,1.0173061896990523,0.9155681930895974,0.10000725213276426,1,1.0409502544514841
2005-05-03,1.0167966245933233,0.9155681930895974,0.09955622300006471,1,1.0357365492071768
2005-05-04,1.0197607025480808,0.8138611691995878,0.20190965668123007,2,1.0533384714776322
2005-05-06,1.0223085528020301,0.8138611691995878,0.20389869871587388,2,1.0663727345884007
2005-05-09,1.021056782894655,0.8138611691995878,0.20292271415863466,2,1.059968944451371
2005-05-10,1.020852954874339,0.8138611691995878,0.20276356617905922,2,1.0589262034025093
2005-05-11,1.0184380359379872,0.8138611691995878,0.2008731601918058,2,1.0465719888018679
2005-05-12,1.017957267672677,0.8138611691995878,0.20049574275323695,2,1.044112480023575
2005-05-13,1.0183959410207482,0.8138611691995878,0.20084012865973624,2,1.0463566401069944
2005-05-16,1.0196920213673222,0.8138611691995878,0.201855901443391,2,1.0529871130807331
2005-05-17,1.0192755032388505,0.8138611691995878,0.2015297467530005,2,1.0508562944156683
2005-05-18,1.0199844702660363,0.8138611691995878,0.20208474449879288,2,1.0544832198030127
2005-05-19,1.0247987994850203,0.8138611691995878,0.20583321369173385,2,1.0791123100114475
2005-05-20,1.0248209547046199,0.8138611691995878,0.2058503824854325,2,1.0792256514298022
2005-05-23,1.0245683852011849,0.8138611691995878,0.20565461422101414,2,1.0779335592605606
2005-05-24,1.0246924544309426,0.8138611691995878,0.2057507931474314,2,1.078568271203346
2005-05-25,1.022408251290228,0.8138611691995878,0.20397632924760165,2,1.0668827709709958
2005-05-26,1.0229865025217766,0.8138611691995878,0.20442628793896225,2,1.0698409819900487
2005-05-27,1.0267528898537013,0.8138611691995878,0.20734465201695004,2,1.0891090231103153
2005-05-30,1.0283394183505996,0.9209919066159739,0.10438918300613746,1,1.098323680422537
2005-05-31,1.0284690276430224,0.9209919066159739,0.10450204929686371,1,1.0996497750172847
2005-06-01,1.0281766844679028,1.0281766844679028,0.0,0,1.0988563850888031
2005-06-02,1.0281766844679028,1.0281766844679028,0.0,0,1.1004091625202599
2005-06-03,1.0283269616109627,0.9253590160211125,0.1001315237602466,1,1.1063142504165298
2005-06-07,1.0277773575821099,0.9253590160211125,0.09965031901650455,1,1.1004091625202599
2005-06-08,1.02834067533913,0.9253590160211125,0.1001435242110362,1,1.1064615942603906
2005-06-09,1.0295390442005061,0.9253590160211125,0.1011909444000691,1,1.119337179385463
2005-06-10,1.0298776677960182,0.9253590160211125,0.10148647265901019,1,1.1229754389146427
2005-06-13,1.0293660866088095,0.8223464590405931,0.2011137050864297,2,1.1226354146595792
2005-06-14,1.0279573774953306,0.8223464590405931,0.20001891416521436,2,1.1149962030624851
2005-06-15,1.0317592200434287,0.8223464590405931,0.20296669701097614,2,1.1356130070611705
2005-06-16,1.0320100287876683,0.8223464590405931,0.2031603995102383,2,1.1369731040814246
2005-06-17,1.032122892722576,0.8223464590405931,0.2032475349215694,2,1.1375851477405388
2005-06-20,1.0302355569221733,0.8223464590405931,0.20178792751305197,2,1.1273504176631266
2005-06-21,1.0292615829653764,0.8223464590405931,0.20103259205366034,2,1.1220687075678066
2005-06-22,1.0318031115736708,0.8223464590405931,0.2030006017462202,2,1.1358510240397148
2005-06-23,1.0336110246050643,0.8223464590405931,0.20439465189063163,2,1.1456550567273798
2005-06-24,1.0318616336139932,0.8223464590405931,0.20304580357309535,2,1.1361683800111075
2005-06-27,1.0294956711266665,0.8223464590405931,0.2012142623770065,2,1.123338131453377
2005-06-28,1.0302543675779914,0.8223464590405931,0.20180250147947984,2,1.1274524249396458
2005-06-29,1.0311614592029912,0.8223464590405931,0.20250465947766902,2,1.1323714424962315
2005-06-30,1.0330592453677372,0.8223464590405931,0.2039697019043055,2,1.1426628432828208
2005-07-01,1.0349052749154894,0.9295228271146854,0.10182810963970557,1,1.1538383071325755
2005-07-04,1.0352872529045123,0.9295228271146854,0.10215949775591592,1,1.158020605469857
2005-07-05,1.0349870534009442,0.9295228271146854,0.10189907780943322,1,1.154733704337576
2005-07-06,1.0350077568149834,0.9295228271146854,0.10191704265570482,1,1.154960387174285
2005-07-07,1.0358162251332133,0.9295228271146854,0.10261800832947728,1,1.1638123519477723
2005-07-08,1.035100518461586,1.035100518461586,0.0,0,1.1582926248739078
2005-07-11,1.035100518461586,1.035100518461586,0.0,0,1.1792381189858212
2005-07-12,1.035100518461586,1.035100518461586,0.0,0,1.1831483979190518
2005-07-13,1.035100518461586,1.035100518461586,0.0,0,1.190266238991715
2005-07-14,1.035100518461586,1.035100518461586,0.0,0,1.2036065239320406
2005-07-15,1.035100518461586,1.035100518461586,0.0,0,1.2009656688843804
2005-07-18,1.035100518461586,1.035100518461586,0.0,0,1.2041732310238131
2005-07-19,1.035100518461586,1.035100518461586,0.0,0,1.2189642861190766
2005-07-20,1.035100518461586,1.035100518461586,0.0,0,1.217740198800848
2005-07-21,1.035100518461586,1.035100518461586,0.0,0,1.2180235523467342
2005-07-22,1.0355442152251686,0.9315904666154274,0.10038562050886209,1,1.2175361842478098
2005-07-25,1.0370422361412555,0.9315904666154274,0.10168512510946992,1,1.2350814358090878
2005-07-26,1.0371293303805629,0.9315904666154274,0.10176056223037205,1,1.2361015085742781
2005-07-27,1.0373644848266927,0.9315904666154274,0.10196417918523248,1,1.2388557050402929
2005-07-28,1.0384957422239185,0.9315904666154274,0.10294243034598823,1,1.252105316845935
2005-07-29,1.0391315301708623,0.9315904666154274,0.1034912909800284,1,1.2595518480318262
2005-08-01,1.0395853879290307,0.9315904666154274,0.10388268493148137,1,1.264867560552653
2005-08-02,1.039861186353504,0.9315904666154274,0.10412035871610048,1,1.2680977909757563
2005-08-03,1.03969473958505,0.9315904666154274,0.10397693558858227,1,1.2661483185800586
2005-08-04,1.039141207308563,0.9315904666154274,0.10349963983403032,1,1.259665189450181
2005-08-05,1.0370093338730726,0.9315904666154274,0.10165662334390158,1,1.2346960749866822
2005-08-08,1.0367461157276103,0.9315904666154274,0.10142854409286356,1,1.23161318840744
2005-08-09,1.0394347367570713,0.8279534023369456,0.20345802092387796,2,1.2464949166373869
2005-08-10,1.040413523223513,0.8279534023369456,0.20420738114620252,2,1.2522639948316312
2005-08-11,1.0488068765775789,0.5158391524641526,0.5081657414876831,5,1.2736968570424692
2005-08-12,1.0518659027310904,0.5158391524641526,0.509596089078641,5,1.281007378526335
2005-08-16,1.0455628860519945,0.5158391524641526,0.5066397637621383,5,1.2659443040270206
2005-08-17,1.0438175812078205,0.5158391524641526,0.5058148456675106,5,1.2617733398315747
2005-08-18,1.0340761242786538,0.5158391524641526,0.50115940175682,5,1.2384930125015585
2005-08-19,1.032523008535327,0.6210974024610947,0.39846628372752213,4,1.235285450362126
2005-08-22,1.0426399078662527,0.6210974024610947,0.4043030601694872,4,1.2656609504811345
2005-08-23,1.042322811021552,0.6210974024610947,0.4041218364468354,4,1.2647088825669563
2005-08-24,1.0341575672705101,0.6210974024610947,0.3994170500532334,4,1.2401931337768761
2005-08-25,1.0353202557010792,0.6210974024610947,0.40009151850263824,4,1.243684049462195
2005-08-26,1.0312659460438351,0.6210974024610947,0.3977330436986093,4,1.2315111811309207
2005-08-29,1.0224363089038966,0.6210974024610947,0.3925319386134256,4,1.205000623377801
2005-08-30,1.0260036484067787,0.6210974024610947,0.3946440605493357,4,1.215711387412302
2005-08-31,1.0300504081391493,0.6210974024610947,0.3970223228364656,4,1.2278615874599055
2005-09-01,1.0397588219038956,0.5177095804560768,0.5020868594237055,5,1.2539754502487843
2005-09-02,1.044222596069949,0.5177095804560768,0.5042153058126343,5,1.264697548425121
2005-09-05,1.0435950252833899,0.5177095804560768,0.5039171633503216,5,1.2631901075610061
2005-09-06,1.0472261844581254,0.6247357788183507,0.4034375877054557,4,1.2724274331568988
2005-09-07,1.0552937347865625,0.519501347294847,0.5077187230720003,5,1.2954810776502057
2005-09-08,1.0557119670005524,0.8417863429533469,0.2026363541705439,2,1.298053927846853
2005-09-09,1.057064342459489,0.8417863429533469,0.20365647658235378,2,1.3062598465357196
2005-09-12,1.0581589446955897,0.8417863429533469,0.20448024640049578,2,1.3129016536512936
2005-09-13,1.0581141145698791,0.8417863429533469,0.20444654185949393,2,1.312629634247243
2005-09-14,1.060477035779209,0.8417863429533469,0.20621916877735522,2,1.3269673236690884
2005-09-15,1.060256620994465,0.8417863429533469,0.20605415115088324,2,1.3256298949325052
2005-09-16,1.0611046575391574,0.8417863429533469,0.20668867394705331,2,1.3307755953258
2005-09-20,1.0642427663388998,0.8417863429533469,0.20902789327929855,2,1.3498169536093576
2005-09-21,1.0653149535121451,0.8417863429533469,0.20982396785276142,2,1.3563227510229063
2005-09-22,1.065931367740666,0.8417863429533469,0.21028091636182353,2,1.3600630178286053
2005-09-23,1.061431543872464,0.8417863429533469,0.2069329879888217,2,1.332759070147004
2005-09-26,1.067134309447234,0.8417863429533469,0.2111711379710164,2,1.3673622051706356
2005-09-27,1.067735780300518,0.8417863429533469,0.21161549656374432,2,1.3710117988416508
2005-09-28,1.0712736243878467,0.8417863429533469,0.21421910911475558,2,1.3924786634779946
2005-09-29,1.071536264183744,0.9577337378565363,0.10620501622863711,1,1.3954822110643894
2005-09-30,1.0705925467377955,0.9577337378565363,0.1054171442022004,1,1.383910052250394
2005-10-04,1.0726047630745534,0.9577337378565363,0.10709538981418164,1,1.4085844790261706
2005-10-05,1.0711831789101374,0.9577337378565363,0.10591040196227586,1,1.3911525688832471
2005-10-06,1.0686584361910643,1.0686584361910643,0.0,0,1.3629192215711388
2005-10-07,1.0686584361910643,1.0686584361910643,0.0,0,1.361241768579492
2005-10-10,1.0686584361910643,1.0686584361910643,0.0,0,1.3909032177628673
2005-10-11,1.0686584361910643,1.0686584361910643,0.0,0,1.4102732661596526
2005-10-12,1.0662000944484842,0.9617925925719578,0.09792486646752116,1,1.3794330662253906
2005-10-13,1.064173813743898,0.9617925925719578,0.09620723593239913,1,1.3526618232100558
2005-10-14,1.063893291394025,0.9617925925719578,0.09596892813214776,1,1.3489555588298634
2005-10-17,1.0627085777390575,0.9617925925719578,0.09496110907639549,1,1.3333031089551055
2005-10-18,1.063554434121243,0.9617925925719578,0.09568089632700878,1,1.3444785728048603
2005-10-19,1.060715753828493,0.9617925925719578,0.09326076368667764,1,1.3069738974713532
2005-10-20,1.061496412355662,0.9617925925719578,0.09392760882012081,1,1.3172879665416133
2005-10-21,1.0633193786965789,0.9617925925719578,0.09548098921047879,1,1.3413730179419465
2005-10-24,1.0628227082146886,0.8554145014838804,0.19514845244434875,2,1.342642441827517
2005-10-25,1.058554316481515,0.6423218970758743,0.39320837195122726,4,1.3388795067381474
2005-10-26,1.0563279645259447,0.4303770686515023,0.5925724934825091,6,1.3362953223996645
2005-10-27,1.0496171762953654,0.4303770686515023,0.5899675821135829,6,1.3219689671196544
2005-10-28,1.036004469789665,0.4303770686515023,0.584579911379263,6,1.2929082274535584
2005-10-31,1.0452371127746154,0.4303770686515023,0.5882493422865052,6,1.3126183001054075
2005-11-01,1.0616105865903642,0.4303770686515023,0.5945998710941938,6,1.3475727935259383
2005-11-02,1.0719262998277184,0.4303770686515023,0.5985012507663324,6,1.3695950311122196
2005-11-03,1.0765785784922066,0.3225404366019826,0.7004023272934576,7,1.380464473132417
2005-11-04,1.0790611461654496,0.3225404366019826,0.7010916038000609,7,1.3850094640084327
2005-11-07,1.0768881255836333,0.3225404366019826,0.7004884454202913,7,1.3810311802241895
2005-11-08,1.0817789909642233,0.4275653089777896,0.6047572447337998,6,1.390370513096601
2005-11-09,1.0823021078705692,0.31950367092323784,0.7047925264121848,7,1.3913679175781206
2005-11-10,1.0865523390623515,0.31950367092323784,0.7059472798163079,7,1.3991204705935691
2005-11-11,1.1000300458678707,0.31950367092323784,0.7095500508159622,7,1.423704224234662
2005-11-14,1.100968327899975,0.31950367092323784,0.7097975819770672,7,1.4254156796518154
2005-11-15,1.098625729713861,0.31950367092323784,0.7091787837460777,7,1.42114270817985
2005-11-16,1.1068900681423264,0.31950367092323784,0.7113501330268007,7,1.436217116821
2005-11-17,1.1082508877782913,0.31950367092323784,0.7117045657741397,7,1.4386992938829637
2005-11-18,1.1098256613310764,0.43288897183029174,0.6099486730996078,6,1.4419861950152444
2005-11-21,1.1075401506558418,0.6573593035394498,0.40646909897561057,4,1.4380759160820138
2005-11-22,1.0963576745777979,0.76846954828039,0.2990703981925206,3,1.4105339514218682
2005-11-23,1.1062430602738034,0.76846954828039,0.3053339036629183,3,1.45305965158848
2005-11-24,1.10879608232589,0.76846954828039,0.3069333842987673,3,1.464042435027032
2005-11-25,1.1091939216755962,0.76846954828039,0.30718196947968585,3,1.4657538904441851
2005-11-28,1.109330925954965,0.76846954828039,0.3072675336993289,3,1.4663432658196285
2005-11-29,1.105547500086238,0.76846954828039,0.3048968513605741,3,1.4500674381439211
2005-11-30,1.1100769543444828,0.882645614601146,0.20487889497502312,2,1.4705368982987455
2005-12-01,1.111573951231744,0.882645614601146,0.20594971335638143,2,1.4802162554262206
2005-12-02,1.112299661666552,0.882645614601146,0.20646778469869959,2,1.484908590146097
2005-12-05,1.1131813823156063,0.882645614601146,0.2070963199500398,2,1.490609663489329
2005-12-06,1.1139846653180945,0.9987603881924814,0.10343434762875414,1,1.4973081413140803
2005-12-07,1.1143065110954198,0.9987603881924814,0.10369330319119363,1,1.5014904396513618
2005-12-08,1.1142585395025937,0.9987603881924814,0.10365471496558669,1,1.500867061850412
2005-12-09,1.1136671805946623,0.9987603881924814,0.10317875430326007,1,1.4931825136859764
2005-12-12,1.1150461458357233,0.9987603881924814,0.10428784322292434,1,1.5111017919278242
2005-12-13,1.1153296143387876,0.9987603881924814,0.10451549447596553,1,1.5147853880243458
2005-12-14,1.1139006165446426,0.8871398567964252,0.2035736010737088,2,1.5122805426787111
2005-12-15,1.1144801500654002,0.8871398567964252,0.20398774554722598,2,1.5161454850446
2005-12-16,1.1116521624450457,0.8871398567964252,0.2019627300996856,2,1.4972854730304095
2005-12-19,1.1145388182700784,1.0037301206667129,0.09942112000670948,1,1.5180949574402975
2005-12-20,1.1151101967681656,0.8923286069937911,0.19978437146395434,2,1.5199084201339697
2005-12-21,1.117296479931052,0.8923286069937911,0.20135020290330063,2,1.5348241507894231
2005-12-22,1.1167499091403303,0.8923286069937911,0.2009593198170017,2,1.5310952181255595
2005-12-23,1.1180492214128277,0.7805266920420343,0.30188521480680575,3,1.5409105849550602
2005-12-26,1.1200452649985824,0.7805266920420343,0.3031293319712199,3,1.5500232349907628
2005-12-27,1.1215298844815194,0.7805266920420343,0.3040518109752645,3,1.5568010518083624
2005-12-28,1.120861858110759,0.6687773810653298,0.4033364805609756,4,1.5506919493590545
2005-12-29,1.124566006008431,0.6687773810653298,0.4053017986564358,4,1.5633975223565948
2006-01-02,1.127837287381041,0.6687773810653298,0.4070267151582631,4,1.5746183227736912
2006-01-03,1.1296877091675674,0.6687773810653298,0.4079980018919287,4,1.5809654422015436
2006-01-04,1.1320800401915772,0.6687773810653298,0.40924903070267415,4,1.5891713608904101
2006-01-05,1.1298991859431706,0.6687773810653298,0.4081088035238512,4,1.5816908272790127
2006-01-06,1.1356057545598344,0.6687773810653298,0.4110831348115607,4,1.6012648902288364
2006-01-09,1.1341353301044692,0.6687773810653298,0.4103195947491326,4,1.5962211971120606
2006-01-10,1.1301569232634368,0.6687773810653298,0.4082437869475942,4,1.5825748903421777
2006-01-11,1.129199305433621,0.783879921491933,0.3058090651314054,3,1.5800813791383785
2006-01-12,1.1313022984754366,0.783879921491933,0.30709950598676966,3,1.5897040655566763
2006-01-13,1.1346958208161757,0.783879921491933,0.30917175589128754,3,1.6052318398712442
2006-01-16,1.1357310329332266,0.6702419018050816,0.40985859999434615,4,1.6114769520225776
2006-01-17,1.1249538060039368,0.7859022542597808,0.3013915326430474,3,1.5749696811705902
2006-01-18,1.116006483501844,0.7859022542597808,0.2957906016874119,3,1.5334073830599917
2006-01-19,1.1178925703014397,0.7859022542597808,0.296978730212097,3,1.5421686746987953
2006-01-20,1.1089252675103902,0.8944930424502833,0.19336941031339405,2,1.501524442076868
2006-01-23,1.1044983276747995,0.8944930424502833,0.1901363541822841,2,1.47052556415691
2006-01-24,1.1092570856699133,0.8944930424502833,0.1936107021483913,2,1.5038479411531356
2006-01-25,1.1116330513211103,0.8934622673273989,0.19626151249679769,2,1.5217105486858062
2006-01-26,1.1133310433979389,0.7821869997419911,0.29743538152433124,3,1.5332260367906245
2006-01-27,1.122162294468996,0.6704561064013169,0.4025319602111788,4,1.5692799419691938
2006-01-31,1.1275905907337496,0.5580131364731763,0.5051278885627593,5,1.5865871765519273
2006-02-01,1.1178821846711156,0.5580131364731763,0.5008301016646529,5,1.5595439141325416
2006-02-02,1.117259642287384,0.5580131364731763,0.5005519618244272,5,1.5578097904317176
2006-02-03,1.100601547391984,0.5580131364731763,0.4929925931910057,5,1.5114078137573814
2006-02-06,1.1039136356296138,0.5580131364731763,0.4945137749341095,5,1.5206338052114385
2006-02-07,1.1001051410467864,0.5580131364731763,0.49276381351858034,5,1.5100250484534563
2006-02-08,1.0914424434326422,0.5580131364731763,0.48873791757795626,5,1.4858946604857814
2006-02-09,1.0957839645008864,0.5580131364731763,0.4907635496132277,5,1.4979881898242076
2006-02-10,1.1016490554321672,0.44816008897144144,0.5931916005722601,6,1.5133686202949144
2006-02-13,1.0943713045047219,0.5532088497727384,0.49449620298377306,5,1.4970021194845233
2006-02-14,1.097411473959451,0.5532088497727384,0.49589660496553234,5,1.5054120527264279
2006-02-15,1.087426443014472,0.5532088497727384,0.4912677971677979,5,1.4777907490734339
2006-02-16,1.0917203750745204,0.5532088497727384,0.49326873217422856,5,1.4896689297169865
2006-02-17,1.0992634370235175,0.5532088497727384,0.4967458835248213,5,1.5105350848360517
2006-02-20,1.1056223898452684,0.5532088497727384,0.49964033393882334,5,1.5281256729646715
2006-02-21,1.1049012714840387,0.5532088497727384,0.49931377214391237,5,1.5261308640016322
2006-02-22,1.1022577733413426,0.6639945662063723,0.3976050046863682,4,1.5194323861768806
2006-02-23,1.1087846433497266,0.7757906335185675,0.30032343235306524,3,1.5428373890670868
2006-02-24,1.1096849849038226,0.886816995815941,0.20083896972544668,2,1.5480397601695588
2006-02-27,1.110941597656038,0.9974726450236034,0.1021376397029702,1,1.5583084926724775
2006-02-28,1.1106700737018305,0.9974726450236034,0.10191814055180523,1,1.5545795600086139
2006-03-02,1.110349031701263,0.9974726450236034,0.10165847265585652,1,1.5501705788346236
2006-03-03,1.1071509912071786,0.9974726450236034,0.0990635848720035,1,1.5062507792222513
2006-03-06,1.108455791728765,0.9974726450236034,0.10012410736928945,1,1.524170057464099
2006-03-07,1.1061375218583436,0.9974726450236034,0.09823812562852034,1,1.4923324530483175
2006-03-08,1.1059212930559048,0.9974726450236034,0.09806181390416473,1,1.4893629078874293
2006-03-09,1.1056869076364675,0.9974726450236034,0.09787061949045264,1,1.4861440116061613
2006-03-10,1.1062002331628555,1.1062002331628555,0.0,0,1.4961860612723707
2006-03-13,1.1064766240045623,0.99558020984657,0.10022481429082132,1,1.516825533554727
2006-03-14,1.1054839027193208,0.99558020984657,0.09941681882694504,1,1.5032472316358567
2006-03-15,1.105632757049801,0.8849414139884778,0.1996063716945234,2,1.5119518525654831
2006-03-16,1.1053637324315622,0.7742689490254725,0.2995346904296854,3,1.5142186809325733
2006-03-17,1.1066375742455916,0.7742689490254725,0.30034099054218266,3,1.520044429835995
2006-03-20,1.1080179825927017,0.7742689490254725,0.3012126507065116,3,1.5263575468383412
2006-03-21,1.10552977795985,0.7742689490254725,0.2996398971230678,3,1.5149780684355485
2006-03-22,1.0988830002453995,0.7742689490254725,0.2954036518423119,3,1.484579900032869
2006-03-23,1.0994852250718767,0.7742689490254725,0.2957895828251296,3,1.4873340964988837
2006-03-24,1.101708252517761,0.7742689490254725,0.29721053894620786,3,1.4975008217252832
2006-03-27,1.1056745678843423,0.5541141616985309,0.49884515951307185,5,1.5078262249373788
2006-03-28,1.1060767309358934,0.5541141616985309,0.49902737649161644,5,1.5089256366954176
2006-03-29,1.1066613184644365,0.5541141616985309,0.4992920124221926,5,1.5105237506942162
2006-03-30,1.1086068432295222,0.44318309975936454,0.6002342016324634,6,1.5166668555690308
2006-03-31,1.1208014447983377,0.3323045135317051,0.7035117013152177,7,1.5409899239479083
2006-04-03,1.1324873915216553,0.3323045135317051,0.706571114151472,7,1.563828219746342
2006-04-04,1.135903283640779,0.3323045135317051,0.7074535144694644,7,1.5705040292874226
2006-04-05,1.1377185200300586,0.3323045135317051,0.707920274056077,7,1.5740516156819186
2006-04-06,1.1424914898331804,0.3323045135317051,0.7091404912081873,7,1.5833796144124948
2006-04-07,1.1453675968647745,0.44827849653069235,0.6086160480200685,6,1.5894547144362965
2006-04-10,1.1433444696803428,0.44827849653069235,0.6079235012559054,6,1.584841718709268
2006-04-11,1.1370461814842447,0.5625029112892865,0.5052945777848507,5,1.5710027315281823
2006-04-12,1.1357860625457412,0.6762701143598854,0.4045796680722607,4,1.568180530211155
2006-04-13,1.1431358467544686,0.6762701143598854,0.4084079190763582,4,1.593262986093008
2006-04-14,1.15210304845513,0.6762701143598854,0.41301247725478657,4,1.6238651690487256
2006-04-17,1.1487519719677348,0.6762701143598854,0.41130014932511477,4,1.6124290199367557
2006-04-18,1.1502033301689158,0.6762701143598854,0.4120429869903349,4,1.6173820399188477
2006-04-19,1.1538034955924406,0.6762701143598854,0.4138775649898316,4,1.6296682496684762
2006-04-20,1.1525779780266836,0.6762701143598854,0.4132543504624996,4,1.6254859513311952
2006-04-21,1.1577930573244635,0.9178238192303448,0.20726436091149314,2,1.6449353387208288
2006-04-24,1.15442494618351,0.9178238192303448,0.2049515022482497,2,1.6218476918020153
2006-04-25,1.1544596689787776,0.9178238192303448,0.20497541499891309,2,1.6220857087805598
2006-04-26,1.1575382196664366,1.037562092797795,0.10364765917035079,1,1.6448333314443098
2006-04-27,1.157406351913151,1.157406351913151,0.0,0,1.6463181040247539
2006-04-28,1.157406351913151,1.157406351913151,0.0,0,1.6091421188044748
2006-05-02,1.157406351913151,1.157406351913151,0.0,0,1.626336011968854
2006-05-03,1.157406351913151,1.157406351913151,0.0,0,1.626642033798411
2006-05-04,1.157406351913151,1.157406351913151,0.0,0,1.6332725067721499
2006-05-08,1.157406351913151,1.157406351913151,0.0,0,1.6459780797696903
2006-05-09,1.157050436780339,1.041665716721836,0.09972315500746678,1,1.6439492683811447
2006-05-10,1.1571021452743393,1.041665716721836,0.0997633865116846,1,1.6446859876004487
2006-05-11,1.1581848415871796,1.041665716721836,0.10060494722557897,1,1.6601117546384976
2006-05-12,1.156633586767166,1.041665716721836,0.09939869580189993,1,1.6380101780593683
2006-05-15,1.1541499880245591,1.041665716721836,0.09746070482160739,1,1.6026249872490905
2006-05-16,1.151614680787952,1.041665716721836,0.09547374299786397,1,1.5665030772195083
2006-05-17,1.1531547983938735,1.041665716721836,0.09668180007343392,1,1.5884459758129414
2006-05-18,1.1502654868521862,1.041665716721836,0.09441278676242311,1,1.5472803726665838
2006-05-19,1.150833484770899,1.041665716721836,0.09485974252026169,1,1.5553729499370956
2006-05-22,1.148152598235798,1.041665716721836,0.0927462792642593,1,1.5171768919516258
2006-05-23,1.1474581133856074,1.041665716721836,0.09219717515581287,1,1.5072821861292771
2006-05-24,1.1477381347685023,1.041665716721836,0.0924186579093331,1,1.511271804055356
2006-05-25,1.144745406238814,1.041665716721836,0.09004595166331146,1,1.4686327624703897
2006-05-26,1.1468670455234176,1.041665716721836,0.09172931527871118,1,1.4988609187455373
2006-05-29,1.1474072004068991,1.041665716721836,0.09215689394973706,1,1.5065568010518084
2006-05-30,1.1464907667901527,1.041665716721836,0.0914312204727099,1,1.493499869657369
2006-06-01,1.144692106714229,1.041665716721836,0.09000358208822122,1,1.4678733749674142
2006-06-02,1.145801850547008,1.041665716721836,0.09088494120991104,1,1.4836845028278685
2006-06-05,1.1437524397256529,0.9270319934879624,0.1894819531835703,2,1.4752745695859637
2006-06-07,1.137759992468806,1.027609494660983,0.09681347431527212,1,1.4358544242822655
2006-06-08,1.1339594507593715,1.027609494660983,0.09378638365522665,1,1.3863128903195097
2006-06-09,1.1350480525027282,1.027609494660983,0.09465551489635012,1,1.4005032358974943
2006-06-12,1.1354123689008644,1.027609494660983,0.09494601009520429,1,1.405252241326548
2006-06-13,1.1322839431240295,1.027609494660983,0.09244540567646334,1,1.3644719990025955
2006-06-14,1.1338377221299227,1.027609494660983,0.09368909271195278,1,1.3847261104625463
2006-06-15,1.1336351309109114,1.027609494660983,0.09352712646152163,1,1.3820852554148864
2006-06-16,1.1373556795209938,1.027609494660983,0.09649240500230434,1,1.4305840483287808
2006-06-19,1.136440975819707,1.027609494660983,0.09576518576358486,1,1.4186605311178866
2006-06-20,1.1341942131161658,1.027609494660983,0.09397395721350425,1,1.3893731086150811
2006-06-21,1.1343124637847732,1.027609494660983,0.09406840930563569,1,1.3909145519047026
2006-06-22,1.1353245503896192,1.027609494660983,0.09487600324653471,1,1.4041074930011674
2006-06-23,1.134436800884853,1.027609494660983,0.09416770166530687,1,1.392535334187172
2006-06-26,1.135256730153212,1.027609494660983,0.09482193113948861,1,1.4032234299380022
2006-06-27,1.1360818763628329,1.027609494660983,0.09547936989288508,1,1.4139795305398453
2006-06-28,1.135314116507095,1.027609494660983,0.09486768488132227,1,1.4039714832991421
2006-06-29,1.1374278472084527,1.027609494660983,0.0965497308835834,1,1.4315247821011232
2006-06-30,1.1402215192543035,1.027609494660983,0.0987632865120523,1,1.4679413798184273
2006-07-03,1.1399494366387006,1.1399494366387006,0.0,0,1.4673293361593127
2006-07-04,1.1399494366387006,1.1399494366387006,0.0,0,1.457479966904306
2006-07-05,1.1399494366387006,1.1399494366387006,0.0,0,1.4506001428101871
2006-07-06,1.1399494366387006,1.1399494366387006,0.0,0,1.4325901914336556
2006-07-07,1.1399494366387006,1.1399494366387006,0.0,0,1.4438903308436004
2006-07-10,1.1399494366387006,1.1399494366387006,0.0,0,1.4726337145383037
2006-07-11,1.1399494366387006,1.1399494366387006,0.0,0,1.4739371408493807
2006-07-12,1.1399494366387006,1.1399494366387006,0.0,0,1.4696868376610865
2006-07-13,1.1399494366387006,1.1399494366387006,0.0,0,1.4564598941391154
2006-07-14,1.1399494366387006,1.1399494366387006,0.0,0,1.4225821441929527
2006-07-18,1.1399494366387006,1.1399494366387006,0.0,0,1.3979757222681886
2006-07-19,1.1399494366387006,1.1399494366387006,0.0,0,1.398236407530404
2006-07-20,1.1399494366387006,1.1399494366387006,0.0,0,1.4431762799079668
2006-07-21,1.1399494366387006,1.1399494366387006,0.0,0,1.440943453966383
2006-07-24,1.1399494366387006,1.1399494366387006,0.0,0,1.431898808781693
2006-07-25,1.1399494366387006,1.1399494366387006,0.0,0,1.4505094696755036
2006-07-26,1.139233918555731,1.0259544929748305,0.09943473744576621,1,1.4497274138888574
2006-07-27,1.1407563200675486,1.0259544929748305,0.10063659089429396,1,1.4692108037039975
2006-07-28,1.1408271706323803,1.0259544929748305,0.10069244545944128,1,1.4701175350508335
2006-07-31,1.1408935930369097,1.0259544929748305,0.10074480281384204,1,1.4709675956884924
2006-08-01,1.1399672219017374,1.0259544929748305,0.10001404140086279,1,1.4591120833286106
2006-08-02,1.140653586748543,1.0259544929748305,0.10055558944996139,1,1.4678960432510852
2006-08-03,1.1403825833380623,1.0259544929748305,0.10034184319816991,1,1.4644277958494372
2006-08-04,1.1414860808853136,1.0259544929748305,0.10121156082856392,1,1.478550136576409
2006-08-07,1.1401602896909033,1.0259544929748305,0.10016643953372026,1,1.4615829262487392
2006-08-08,1.1420697124131132,1.0259544929748305,0.10167086840341769,1,1.4860193360459713
2006-08-09,1.1428732290559527,0.9117839212112014,0.20220029830923417,2,1.490360312368949
2006-08-10,1.1410068419103927,0.9117839212112014,0.2008953077927231,2,1.4783234537397
2006-08-11,1.138861023921006,0.9117839212112014,0.19938965153798702,2,1.4644844665586145
2006-08-14,1.139390009354917,0.9117839212112014,0.19976135149067892,2,1.4678960432510852
2006-08-16,1.1429927340709227,0.9117839212112014,0.20228371184499125,2,1.4911310340137596
2006-08-17,1.1451315223535465,0.9117839212112014,0.20377362476473831,2,1.5049246846275035
2006-08-18,1.1457149880148705,0.9117839212112014,0.204179110206973,2,1.508687619716873
2006-08-21,1.1440577346455079,0.9117839212112014,0.2030263040057831,2,1.497999523966043
2006-08-22,1.146393354717494,0.9117839212112014,0.20465002919011807,2,1.5130625984653574
2006-08-23,1.1443994869603848,1.0288910574134462,0.10093366072169264,1,1.501717122488071
2006-08-24,1.1435956923112112,1.0288910574134462,0.10030173746627741,1,1.4912670437157851
2006-08-25,1.1447830765977345,1.0288910574134462,0.10123491651249458,1,1.5067041448956693
2006-08-28,1.1446557945817049,1.0288910574134462,0.10113497674692937,1,1.5050493601876935
2006-08-29,1.146113435203634,1.0288910574134462,0.10227816391434268,1,1.5240000453365672
2006-08-30,1.1458292301541428,1.0288910574134462,0.10205549802998617,1,1.5203051150982103
2006-08-31,1.1468222042381004,1.0288910574134462,0.10283298177244721,1,1.533214702648789
2006-09-01,1.1471648195278243,1.0288910574134462,0.10310093205530817,1,1.5376690203901213
2006-09-04,1.1473731784444756,1.0288910574134462,0.1032638057581743,1,1.540377880288794
2006-09-05,1.1475632296738898,1.0288910574134462,0.10341231680468482,1,1.5428487232089223
2006-09-06,1.1469578537389922,1.1469578537389922,0.0,0,1.5380543812125265
2006-09-07,1.1469578537389922,1.1469578537389922,0.0,0,1.5314352423806232
2006-09-08,1.1469578537389922,1.1469578537389922,0.0,0,1.535651543143411
2006-09-11,1.1469578537389922,1.1469578537389922,0.0,0,1.5120651939838374
2006-09-12,1.1469578537389922,1.1469578537389922,0.0,0,1.5052193723152252
2006-09-13,1.1469578537389922,1.1469578537389922,0.0,0,1.51098845050947
2006-09-14,1.1469578537389922,1.1469578537389922,0.0,0,1.540026521891895
2006-09-15,1.1472374438475712,1.032262068365093,0.1002193365454297,1,1.542690045223226
2006-09-18,1.1483524794484592,1.032262068365093,0.10109301208556036,1,1.557651112446021
2006-09-19,1.1483229141105569,1.032262068365093,0.10106986834392298,1,1.5572544174817804
2006-09-20,1.1476885264315668,1.032262068365093,0.10057298248450897,1,1.5487424769633569
2006-09-21,1.1477180917694692,1.032262068365093,0.10059615181840902,1,1.5491391719275975
2006-09-22,1.1461629549958063,1.032262068365093,0.09937582272594926,1,1.5282730168085326
2006-09-25,1.146739901446872,1.032262068365093,0.09982894371891941,1,1.5360142356821453
2006-09-26,1.145790431738237,1.032262068365093,0.09908300874961423,1,1.5232746602590985
2006-09-27,1.147147058385984,1.032262068365093,0.10014844145835348,1,1.5414772920468327
2006-09-28,1.1481100436776601,1.032262068365093,0.100903198217376,1,1.554398213739247
2006-09-29,1.1481083542297799,1.032262068365093,0.10090187519139139,1,1.5543755454555759
2006-10-02,1.1484468479498866,0.9174608627950317,0.20112901660811933,2,1.5575604393113376
2006-10-04,1.144711995749991,0.9174608627950317,0.19852253999144046,2,1.5323759761529656
2006-10-09,1.1392324196151302,0.9174608627950317,0.19466752613572927,2,1.4954266737693958
2006-10-10,1.1407401434780045,0.9174608627950317,0.19573193944259396,2,1.505593398995795
2006-10-11,1.1402560582243726,0.9174608627950317,0.1953904948124385,2,1.5023291661471851
2006-10-12,1.1413133138651173,0.9174608627950317,0.1961358448645424,2,1.5094583413616838
2006-10-13,1.1441405062144532,0.9174608627950317,0.19812220805766456,2,1.5285223679289122
2006-10-16,1.1452876733586916,0.8029125121327351,0.29894250081457785,3,1.5377256910992985
2006-10-17,1.1436916138245796,0.9168317630619055,0.1983575362628042,2,1.531582586224484
2006-10-18,1.1446944279529405,0.8025582948008378,0.2988886158587716,3,1.5349374922077776
2006-10-19,1.1446439005603937,0.8025582948008378,0.29885766708063355,3,1.5347108093710684
2006-10-20,1.1472157448410256,0.8025582948008378,0.30042949775584565,3,1.5462489657595575
2006-10-23,1.1469824646689073,0.6877634555975425,0.4003714295701328,4,1.5470536898298746
2006-10-24,1.1475039412534418,0.6877634555975425,0.40064392733476406,4,1.5488104818143695
2006-10-25,1.1491625732287682,0.6877634555975425,0.40150900175494425,4,1.554398213739247
2006-10-26,1.1499094622724244,0.6877634555975425,0.401897733549909,4,1.556914393226717
2006-10-27,1.148375311804374,0.6877634555975425,0.40109871004027364,4,1.5517460245497512
2006-10-30,1.1440083659545286,0.6877634555975425,0.39881256460594866,4,1.537034308447336
2006-10-31,1.1468478900664465,0.6877634555975425,0.40030106733884774,4,1.5466003241564565
2006-11-01,1.149915141423686,0.8024468307167628,0.3021686541814988,3,1.5577077831551984
2006-11-02,1.1530791254342652,0.687527118517306,0.4037467998925277,4,1.5683392081968515
2006-11-03,1.1531295925059029,0.687527118517306,0.403772895097403,4,1.5685092203243833
2006-11-06,1.1515516553993572,0.687527118517306,0.40295590276506343,4,1.5631935078035568
2006-11-07,1.154327344339443,0.687527118517306,0.4043915515916854,4,1.5725441748178037
2006-11-08,1.1518477288862998,0.687527118517306,0.4031093682998678,4,1.5641909122850763
2006-11-09,1.1583647100704768,0.687527118517306,0.40646748598247995,4,1.586145145020345
2006-11-10,1.1568812550946088,0.8049099177916721,0.3042415422956722,3,1.5819401783993925
2006-11-13,1.1571233452437142,0.8049099177916721,0.30438710695777954,3,1.583028256015596
2006-11-14,1.1595780368520643,0.9239520067146922,0.2031998042814194,2,1.5951331194958573
2006-11-15,1.1604436134778344,0.9239520067146922,0.20379413873835706,2,1.6009928708247856
2006-11-16,1.1601439264062428,0.9239520067146922,0.20358846373759684,2,1.5989640594362398
2006-11-17,1.1601533513530171,1.0420587111372606,0.10179226744294613,1,1.6006301782860513
2006-11-20,1.159316281102943,1.0420587111372606,0.1011437274512583,1,1.5892847023087648
2006-11-21,1.1596248514548684,1.0420587111372606,0.10138290859333436,1,1.5934670006460463
2006-11-22,1.161016344857589,1.0420587111372606,0.1024599130298376,1,1.6123270126602365
2006-11-23,1.160739551398274,1.0420587111372606,0.10224588290977553,1,1.6085754117127022
2006-11-24,1.1609486099022883,1.0420587111372606,0.10240754651063687,1,1.611408947171565
2006-11-27,1.1612329294677481,1.0420587111372606,0.10262731559387586,1,1.6152625553956184
2006-11-28,1.1600906338018127,1.0420587111372606,0.10174370797024856,1,1.5997801176483923
2006-11-29,1.1607792641516965,1.1607792641516965,0.0,0,1.612338346802072
2006-11-30,1.1607792641516965,1.1607792641516965,0.0,0,1.6232871278151175
2006-12-01,1.1607792641516965,1.1607792641516965,0.0,0,1.6257239683097393
2006-12-04,1.1607792641516965,1.1607792641516965,0.0,0,1.6167699962597333
2006-12-05,1.1607792641516965,1.1607792641516965,0.0,0,1.6101168550023235
2006-12-06,1.1607792641516965,1.1607792641516965,0.0,0,1.6023416337032041
2006-12-07,1.1607792641516965,1.1607792641516965,0.0,0,1.5984540230536446
2006-12-08,1.1607792641516965,1.1607792641516965,0.0,0,1.5759330832266036
2006-12-11,1.1607792641516965,1.1607792641516965,0.0,0,1.5762731074816672
2006-12-12,1.1592794555776145,1.0447013377365268,0.09883563215911442,1,1.5606886624579221
2006-12-13,1.1598036768026132,1.0447013377365268,0.09924295065472152,1,1.567829171814256
2006-12-14,1.1627243379133207,1.0447013377365268,0.10150557301363755,1,1.607612009656689
2006-12-15,1.1630970249585328,0.8121539738623151,0.3017315353452389,3,1.6115676251572613
2006-12-18,1.165900876970639,0.8121539738623151,0.3034107873968364,3,1.6244432102823336
2006-12-19,1.1645507827359365,0.8121539738623151,0.30260321327140255,3,1.6182434346983419
2006-12-20,1.1681345794978888,0.8121539738623151,0.30474280265599907,3,1.6347006086434166
2006-12-21,1.1658261650037498,0.6952879436872993,0.40360924762306827,4,1.6281154722370197
2006-12-22,1.1661602819611123,0.6952879436872993,0.40378011972930083,4,1.6292715547042356
2006-12-26,1.164990872610343,0.6952879436872993,0.4031816385570484,4,1.6252252660689797
2006-12-27,1.1621017436260892,0.6952879436872993,0.40169787413122504,4,1.6152285529701118
2006-12-28,1.1651677580583586,0.6952879436872993,0.4032722422340877,4,1.625837309728094
2007-01-02,1.1654298105739371,0.6952879436872993,0.40340641934936255,4,1.62674404107493
2007-01-03,1.1569425847256358,0.6952879436872993,0.39902986296231474,4,1.5973772795792767
2007-01-04,1.152992143053289,0.6952879436872993,0.3969707878094668,4,1.5837083045257228
2007-01-05,1.1492153111725125,0.6952879436872993,0.3949889660120207,4,1.570640038989448
2007-01-08,1.144318204787638,0.6952879436872993,0.39239982307514676,4,1.5536954969454488
2007-01-09,1.1454745115126284,0.6952879436872993,0.39301316904105205,4,1.557696449013363
2007-01-10,1.1393981688076502,0.6952879436872993,0.3897761443526808,4,1.5366716159086016
2007-01-11,1.1422893796221771,0.808667789995507,0.29206398621776425,3,1.5474617189359507
2007-01-12,1.1484724373187498,0.6941043287702949,0.39562822213586,4,1.5735982500085006
2007-01-15,1.1486041578818496,0.5789789078289829,0.49592825007992075,5,1.5765337927438825
2007-01-16,1.1459655278207397,0.3462801565327375,0.697826725040105,7,1.575117025014451
2007-01-17,1.1400788454565944,0.3462801565327375,0.69626648375003,7,1.5635221979167848
2007-01-18,1.1422252115580862,0.3462801565327375,0.6968372322474096,7,1.5677498328214081
2007-01-19,1.1282600995270589,0.23287014715583146,0.7936024262016841,8,1.5420780015641116
2007-01-22,1.1299155114686568,0.34274216485879383,0.6966656697957001,7,1.5453082319872153
2007-01-23,1.1297307574541524,0.34274216485879383,0.6966160630775752,7,1.5449455394484806
2007-01-24,1.1412605626718044,0.34274216485879383,0.6996810578853261,7,1.5675798206938762
2007-01-25,1.1408564132650765,0.34274216485879383,0.6995746696309642,7,1.5667864307653945
2007-01-26,1.134488173327635,0.34274216485879383,0.6978882874966637,7,1.5542848723208922
2007-01-29,1.1297365310171057,0.34274216485879383,0.6966176135331111,7,1.544956873590316
2007-01-30,1.1341359859874867,0.34274216485879383,0.697794471656439,7,1.5535934896689299
2007-01-31,1.1280795184495211,0.34274216485879383,0.6961719814487257,7,1.5417039748835417
2007-02-01,1.1411681856645524,0.34274216485879383,0.6996567472136458,7,1.567398474424509
2007-02-02,1.1586274400351981,0.34274216485879383,0.7041825931134675,7,1.6016729193349126
2007-02-05,1.1614045238157142,0.34274216485879383,0.7048899347035965,7,1.6071246415577645
2007-02-06,1.1675418212350253,0.34274216485879383,0.7064412095352256,7,1.6191728343288487
2007-02-07,1.1662196753187297,0.34274216485879383,0.7061084012622906,7,1.6165773158485306
2007-02-08,1.164418977796562,0.46053708381473657,0.6044919461152942,6,1.6135057634111234
2007-02-09,1.1662113423136073,0.5777320441182402,0.5046077643421841,5,1.6181527615636584
2007-02-12,1.1597600024740047,1.0428396442979069,0.10081427013061572,1,1.6029763456459893
2007-02-13,1.160103085919713,1.0428396442979069,0.1010801911011567,1,1.6076800145077017
2007-02-14,1.1615630506549441,1.0428396442979069,0.10221004041932578,1,1.6276961089891078
2007-02-15,1.1619468692662038,1.1619468692662038,0.0,0,1.6362307177912025
2007-02-16,1.1619468692662038,1.1619468692662038,0.0,0,1.642101803261966
2007-02-20,1.1619468692662038,1.1619468692662038,0.0,0,1.6468054721236782
2007-02-21,1.1619468692662038,1.1619468692662038,0.0,0,1.6450146777136772
2007-02-22,1.1619468692662038,1.1619468692662038,0.0,0,1.6609164787088146
2007-02-23,1.1619468692662038,1.1619468692662038,0.0,0,1.6659828401092613
2007-02-26,1.1619468692662038,1.1619468692662038,0.0,0,1.666152852236793
2007-02-27,1.1619468692662038,1.1619468692662038,0.0,0,1.6486642713846922
2007-02-28,1.1619468692662038,1.1619468692662038,0.0,0,1.606433258905802
2007-03-02,1.1619468692662038,1.1619468692662038,0.0,0,1.6031803601990275
2007-03-05,1.1619468692662038,1.1619468692662038,0.0,0,1.5597479286855798
2007-03-06,1.1619468692662038,1.1619468692662038,0.0,0,1.5901007605209172
2007-03-07,1.1619468692662038,1.1619468692662038,0.0,0,1.599190742272949
2007-03-08,1.162938749127333,1.0457521823395834,0.10076761727622041,1,1.6138571218080224
2007-03-09,1.161895771479394,0.9293811097503113,0.2001166261523022,2,1.6135057634111234
2007-03-12,1.1647948956913745,0.9293811097503113,0.20210750133939348,2,1.6336238651690487
2007-03-13,1.1639325083201486,0.9293811097503113,0.20151632237538833,2,1.6276394382799306
2007-03-14,1.1592481769173544,0.9293811097503113,0.19828978103575723,2,1.5951331194958573
2007-03-15,1.162442930133486,0.9293811097503113,0.2004931290316435,2,1.6173027009259995
2007-03-16,1.1625980945279302,0.9293811097503113,0.20059983400567669,2,1.6183794444003674
2007-03-19,1.1651313574309057,0.9293811097503113,0.20233791338379187,2,1.6359586983871517
2007-03-20,1.1652587555652913,0.9293811097503113,0.20242512204986685,2,1.636842761450317
2007-03-21,1.165043158722485,0.9293811097503113,0.20227752698070534,2,1.6353466547280373
2007-03-22,1.1659708784703187,0.9293811097503113,0.2029122451414897,2,1.6417844472905734
2007-03-23,1.1657830478875706,0.9293811097503113,0.20278381862356454,2,1.6404810209794967
2007-03-26,1.1661734088378035,0.9293811097503113,0.2030506760769627,2,1.6431898808781693
2007-03-27,1.1667385338954628,0.9293811097503113,0.20343668889778715,2,1.6471114939532354
2007-03-28,1.1645351994943576,0.9293811097503113,0.20192956799086065,2,1.631821736617212
2007-03-29,1.1663661393487972,0.9293811097503113,0.20318236409949178,2,1.6445273096147526
2007-03-30,1.1666274688552292,0.9293811097503113,0.2033608546331585,2,1.6463407723084247
2007-04-02,1.167767518827039,0.9293811097503113,0.2041385851493577,2,1.6542520033095696
2007-04-03,1.1684567754002535,0.9293811097503113,0.20460805284649672,2,1.6590350111641299
2007-04-04,1.1714236915498668,1.0512220199249305,0.10261161054878613,1,1.6813179340126263
2007-04-05,1.1710724982446066,1.1710724982446066,0.0,0,1.6797651565811695
2007-04-06,1.1710724982446066,1.1710724982446066,0.0,0,1.6821566605084497
2007-04-09,1.1710724982446066,1.1710724982446066,0.0,0,1.701322694352197
2007-04-10,1.1710724982446066,1.1710724982446066,0.0,0,1.6991692074034617
2007-04-11,1.1710724982446066,1.1710724982446066,0.0,0,1.7153316936608147
2007-04-12,1.1710724982446066,1.1710724982446066,0.0,0,1.729148012558229
2007-04-13,1.1710724982446066,1.1710724982446066,0.0,0,1.7236736220517064
2007-04-16,1.1710724982446066,1.1710724982446066,0.0,0,1.7364358657584242
2007-04-17,1.1710724982446066,1.1710724982446066,0.0,0,1.7326049258180418
2007-04-18,1.1710724982446066,1.1710724982446066,0.0,0,1.7393147377846285
2007-04-19,1.1710724982446066,1.1710724982446066,0.0,0,1.7156037130648654
2007-04-20,1.1710724982446066,1.1710724982446066,0.0,0,1.737614616509311
2007-04-23,1.1707555645599428,1.0539652484201458,0.09975636219478107,1,1.750388194357864
2007-04-24,1.1716902803351803,1.0539652484201458,0.10047453144474099,1,1.7643971936664817
2007-04-25,1.1708463136643348,1.0539652484201458,0.09982613762381216,1,1.7517482913781184
2007-04-26,1.1714195455070775,1.0539652484201458,0.10026663592683079,1,1.7603395708893903
2007-04-27,1.170617172175745,1.0539652484201458,0.09964993383685498,1,1.7483140464019766
2007-04-30,1.1705959973847202,1.0539652484201458,0.09963364749678313,1,1.7479966904305841
2007-05-02,1.1714324016301998,1.0539652484201458,0.10027651023361071,1,1.7605322513005928
2007-05-03,1.1719284967342092,1.0539652484201458,0.10065737683040334,1,1.7679674483446486
2007-05-04,1.17252441585305,1.0539652484201458,0.10111445512769847,1,1.776898752110984
2007-05-07,1.1737888533742449,1.0539652484201458,0.10208275927109615,1,1.795849437259858
2007-05-08,1.1736519734751203,1.0539652484201458,0.10197803757837046,1,1.7937979575876415
2007-05-09,1.1744664466870383,1.0539652484201458,0.10260080107593113,1,1.806004828344422
2007-05-10,1.1749398545149499,1.0539652484201458,0.1029623819720933,1,1.8131000011334144
2007-05-11,1.1752332766191507,1.0539652484201458,0.1031863465846221,1,1.8174976481655691
2007-05-14,1.1754004062197392,1.0539652484201458,0.1033138640730495,1,1.8200024935112038
2007-05-15,1.1741601684597154,1.0539652484201458,0.10236671560511494,1,1.8014145009010643
2007-05-16,1.175009428828317,1.0539652484201458,0.10301549710020001,1,1.8141427421822756
2007-05-17,1.1761422801481436,1.0539652484201458,0.10387946576719329,1,1.8311212866517812
2007-05-18,1.1758904513834558,1.0539652484201458,0.10368755254357483,1,1.8273470174205761
2007-05-21,1.1768503954097143,1.1768503954097143,0.0,0,1.8454249736481203
2007-05-22,1.1768503954097143,1.1768503954097143,0.0,0,1.8620634938625624
2007-05-23,1.1768503954097143,1.1768503954097143,0.0,0,1.8662684604835145
2007-05-25,1.1768503954097143,1.1768503954097143,0.0,0,1.863967629690918
2007-05-28,1.1768503954097143,1.1768503954097143,0.0,0,1.8790987090412452
2007-05-29,1.1768503954097143,1.1768503954097143,0.0,0,1.8835076902152355
2007-05-30,1.1768503954097143,1.1768503954097143,0.0,0,1.884550431264097
2007-05-31,1.1768503954097143,1.1768503954097143,0.0,0,1.9278355189336842
2007-06-01,1.1768503954097143,1.1768503954097143,0.0,0,1.9452107583674303
2007-06-04,1.1768503954097143,1.1768503954097143,0.0,0,1.969409151186118
2007-06-05,1.1768503954097143,1.1768503954097143,0.0,0,1.9746228564304256
2007-06-07,1.1768503954097143,1.1768503954097143,0.0,0,1.9869204003218897
2007-06-08,1.1768503954097143,1.1768503954097143,0.0,0,1.957723650953768
2007-06-11,1.1768503954097143,1.1768503954097143,0.0,0,1.9455734509061646
2007-06-12,1.1768503954097143,1.1768503954097143,0.0,0,1.9606705278309855
2007-06-13,1.1768503954097143,1.1768503954097143,0.0,0,1.9517278899228145
2007-06-14,1.1768503954097143,1.1768503954097143,0.0,0,2.0052137052443078
2007-06-15,1.1768503954097143,1.1768503954097143,0.0,0,2.008704620929626
2007-06-18,1.1768503954097143,1.1768503954097143,0.0,0,2.0479434199639575
2007-06-19,1.1768503954097143,1.1768503954097143,0.0,0,2.049042831721996
2007-06-20,1.1768503954097143,1.1768503954097143,0.0,0,2.0217728864659015
2007-06-21,1.1768503954097143,1.1768503954097143,0.0,0,2.0336170646839475
2007-06-22,1.1768503954097143,1.1768503954097143,0.0,0,2.007253850774689
2007-06-25,1.1768503954097143,1.1768503954097143,0.0,0,1.9922361128427162
2007-06-26,1.1768503954097143,1.1768503954097143,0.0,0,1.9829647848213172
2007-06-27,1.1768503954097143,1.1768503954097143,0.0,0,1.9643201215020005
2007-06-28,1.1768503954097143,1.1768503954097143,0.0,0,1.9854582960251166
2007-06-29,1.1768503954097143,1.1768503954097143,0.0,0,1.976220970429224
2007-07-02,1.1786348111851443,1.0591653558687428,0.10136257149597691,1,2.0076732140226
2007-07-03,1.180938072482491,1.0591653558687428,0.1031152432555295,1,2.0463793083906654
2007-07-04,1.183157701451618,1.0591653558687428,0.10479781810214192,1,2.0836799691711345
2007-07-05,1.1839536731344777,0.9408283404143961,0.2053503766548699,2,2.094311394212787
2007-07-06,1.185693111543907,0.9408283404143961,0.2065161454895098,2,2.1092951297192535
2007-07-09,1.1886641039255195,0.9408283404143961,0.20849940928867539,2,2.1348876219837014
2007-07-10,1.190103548418648,0.9408283404143961,0.20945673873124457,2,2.147287173151685
2007-07-11,1.189502244823255,0.9408283404143961,0.2090571123266849,2,2.142107470332884
2007-07-12,1.192106139386236,0.9408283404143961,0.210784753697529,2,2.1645377370252414
2007-07-13,1.1991033659076773,0.9408283404143961,0.21539012635309923,2,2.2248127033061693
2007-07-16,1.197337612242432,0.9408283404143961,0.21423303603369892,2,2.209602284962994
2007-07-18,1.194862662432949,0.9408283404143961,0.21260545668177017,2,2.188282764170511
2007-07-19,1.1958100116423205,0.9408283404143961,0.2132292494170823,2,2.196443346292036
2007-07-20,1.2018151530195031,0.9408283404143961,0.21716052751489298,2,2.2481723696290334
2007-07-23,1.203066443433548,0.9408283404143961,0.21797474649091303,2,2.2589511385145475
2007-07-24,1.2029624981730755,0.9408283404143961,0.2179071734628297,2,2.258055741309547
2007-07-25,1.2045361504708647,0.9408283404143961,0.21892892957457752,2,2.271611374944746
2007-07-26,1.1991836274379157,0.9408283404143961,0.2154426404032065,2,2.2255040859581317
2007-07-27,1.1886154207022601,0.9408283404143961,0.20846699106550884,2,2.13446825873579
2007-07-30,1.1914489497614797,1.0691700108556095,0.10263044751548075,1,2.161092157907264
2007-07-31,1.1931522652196982,1.0691700108556095,0.10391151069160448,1,2.1911956386222218
2007-08-01,1.188225733084896,1.0691700108556095,0.10019621601712964,1,2.104126761042288
2007-08-02,1.1877712928815412,1.1877712928815412,0.0,0,2.100295821101905
2007-08-03,1.1877712928815412,1.1877712928815412,0.0,0,2.1271917396774302
2007-08-06,1.1877712928815412,1.1877712928815412,0.0,0,2.1025399811853247
2007-08-07,1.1877712928815412,1.1877712928815412,0.0,0,2.1079463668408347
2007-08-08,1.189035190736416,1.068994163593387,0.10095666476337252,1,2.1573518911015652
2007-08-09,1.1893675501403511,1.068994163593387,0.10120789534972544,1,2.163324983848848
2007-08-10,1.182494256287159,0.9504071742822405,0.1962690987892274,2,2.072436500470367
2007-08-13,1.1851305565640224,0.9504071742822405,0.1980569828207799,2,2.0959775130625986
2007-08-14,1.1811488165695492,0.9504071742822405,0.1953535736144236,2,2.060422310124789
2007-08-16,1.1651672774333006,0.9504071742822405,0.18431697088519886,2,1.9177141302746263
2007-08-17,1.158324574114778,0.9504071742822405,0.17949839317829677,2,1.8566117716397104
2007-08-20,1.1701542893677237,0.9504071742822405,0.18779328254586017,2,1.962245973546113
2007-08-21,1.1707775071991824,0.9504071742822405,0.18822562917537392,2,1.9678110371873194
2007-08-22,1.1737374745779239,0.9504071742822405,0.19027278683079699,2,1.994242255947591
2007-08-23,1.1788425298083258,0.9504071742822405,0.19377936386739272,2,2.0398281744097746
2007-08-24,1.1774218333048574,0.8326060593216942,0.29285661623524833,3,2.0303188294098313
2007-08-27,1.179673983693453,0.8326060593216942,0.2942066445214977,3,2.043579775357309
2007-08-28,1.1847326599509138,0.8326060593216942,0.2972203033921671,3,2.0733659001008737
2007-08-29,1.1873725991981923,0.7152053558877357,0.3976571832879596,4,2.069829647848213
2007-08-30,1.1913827591178858,0.7152053558877357,0.3996846517929449,4,2.0874089018349977
2007-08-31,1.199537526614155,0.7152053558877357,0.40376575136711856,4,2.12315678518401
2007-09-03,1.2017533274208456,0.7152053558877357,0.40486509205455634,4,2.1328701447369913
2007-09-04,1.1999253563936225,0.7152053558877357,0.40395846118521356,4,2.1248569064593275
2007-09-05,1.197324283019559,0.8326259038243905,0.3045944898698851,3,2.1144861666798898
2007-09-06,1.2018634885067838,0.8326259038243905,0.3072209017191632,3,2.140804044021807
2007-09-07,1.2008583879112993,0.9527585930440425,0.2066020418100976,2,2.136372394564146
2007-09-10,1.1944048185217604,0.9527585930440425,0.20231517968655566,2,2.0808010971449296
2007-09-11,1.1959171887499025,0.9527585930440425,0.20332394081569694,2,2.0938240261138628
2007-09-12,1.1914630017594476,0.9527585930440425,0.20034563252313126,2,2.055469290142697
2007-09-13,1.1960040611912055,0.9527585930440425,0.2033818078384228,2,2.0945720794750025
2007-09-14,1.1988998092346455,0.9527585930440425,0.20530590988060513,2,2.119507191512995
2007-09-17,1.1987530561631274,0.8328208322778612,0.30526072238473595,3,2.1213886590576796
2007-09-18,1.1922875392778234,0.8328208322778612,0.30149330187388657,3,2.083906652007843
2007-09-19,1.2048080019731626,0.8328208322778612,0.30875224026241777,3,2.1564904963220712
2007-09-20,1.2057933089940387,0.9577287186957723,0.2057272904468346,2,2.163653673962076
2007-09-21,1.207130461822092,0.9577287186957723,0.20660711581237262,2,2.175316505910755
2007-09-27,1.2105116782055663,0.9577287186957723,0.20882323075520717,2,2.2048079429665983
2007-09-28,1.2104104388393788,1.0860593211637772,0.10273467055921755,1,2.2061680399868524
2007-10-01,1.2114447390095155,1.0860593211637772,0.1035007324793488,1,2.2245180156184476
2007-10-02,1.21472971212554,1.0860593211637772,0.10592512035999747,1,2.282798172936336
2007-10-04,1.2140595571666313,1.0860593211637772,0.10543159538365693,1,2.270908658150948
2007-10-05,1.2135759467720706,1.0860593211637772,0.10507510959447443,1,2.2623287127815117
2007-10-08,1.2146485780170735,1.0860593211637772,0.10586539940895467,1,2.281358736923234
2007-10-09,1.2147322675305312,1.0860593211637772,0.10592700120524288,1,2.282843509503678
2007-10-10,1.216456527048258,1.0860593211637772,0.1071942999894049,1,2.31343435831756
2007-10-11,1.217589210310551,1.0860593211637772,0.10802484781647048,1,2.3335297917918143
2007-10-12,1.215518693416534,1.0860593211637772,0.10650545561654608,1,2.2967958381031184
2007-10-15,1.2160904652832867,1.0860593211637772,0.10692555186609311,1,2.3069398950458466
2007-10-16,1.2141975490361492,1.0860593211637772,0.10553326184366806,1,2.2733568327874054
2007-10-17,1.2128035756135187,1.0860593211637772,0.10450517874308347,1,2.248625735302452
2007-10-18,1.2138985551528712,1.2138985551528712,0.0,0,2.2725974452844304
2007-10-19,1.2138985551528712,1.2138985551528712,0.0,0,2.2329392830021875
2007-10-22,1.2138985551528712,1.2138985551528712,0.0,0,2.1578052567749832
2007-10-23,1.2138985551528712,1.2138985551528712,0.0,0,2.2078681612621702
2007-10-24,1.2138985551528712,1.2138985551528712,0.0,0,2.1912976458987408
2007-10-25,1.2138985551528712,1.2138985551528712,0.0,0,2.2404764873227623
2007-10-26,1.216147247007585,1.0925086996375841,0.1016641263417914,1,2.298631969080461
2007-10-29,1.2182724502862445,1.0925086996375841,0.103231219436269,1,2.338142787518843
2007-10-30,1.217629280619295,1.0925086996375841,0.10275753299729598,1,2.326185267882442
2007-10-31,1.2183901107087292,1.0925086996375841,0.10331782075768875,1,2.340330276893085
2007-11-01,1.2167471942678636,0.9705448343981887,0.2023447113990009,2,2.338392138639223
2007-11-02,1.2115203733239182,0.9705448343981887,0.1989034144465856,2,2.2887485973999477
2007-11-05,1.211093158278728,0.9705448343981887,0.19862082634701678,2,2.2846909746228565
2007-11-06,1.2156851233454637,0.9705448343981887,0.20164784798276503,2,2.3283047524056713
2007-11-07,1.2123070991840874,0.8487383704435002,0.299898209773149,3,2.3157805256774986
2007-11-08,1.2009846679810354,0.8487383704435002,0.29329791372748615,3,2.243661381178524
2007-11-09,1.2029260120706993,0.8487383704435002,0.29443842603212605,3,2.256026929921001
2007-11-12,1.1909950202089261,0.8487383704435002,0.2873703449283832,3,2.1800315089143028
2007-11-13,1.1926801282317596,0.8487383704435002,0.288377201604071,3,2.190764941232475
2007-11-14,1.199742634823762,0.8487383704435002,0.29256630063148775,3,2.2357501501773793
2007-11-15,1.1953225626709443,0.8487383704435002,0.28995034733804637,3,2.207596141858119
2007-11-16,1.1914896981712784,0.8487383704435002,0.28766621167924455,3,2.183182400344558
2007-11-19,1.1856656659022875,0.8487383704435002,0.28416720256665845,3,2.146085754117127
2007-11-20,1.1818879633336754,0.8487383704435002,0.2818791655602292,3,2.122023371000465
2007-11-21,1.1702772665554397,0.8487383704435002,0.2747544580254454,3,2.0480680955241475
2007-11-22,1.1686397203734558,0.9581943840972382,0.18007717229478276,2,2.0390347844812933
2007-11-23,1.1655819216328858,0.9581943840972382,0.1779261789210958,2,2.0094073377234243
2007-11-26,1.1752267382419141,0.9581943840972382,0.18467275044247747,2,2.102857337156717
2007-11-27,1.1785231726816596,0.8411658243465039,0.28625431909626275,3,2.1079123644153284
2007-11-28,1.1705617731087083,0.829789588400301,0.29111849757694114,3,2.0794636684083465
2007-11-29,1.1785243736343827,0.829789588400301,0.2959079956561601,3,2.1280531344569247
2007-11-30,1.1838067706241233,0.829789588400301,0.2990498035732456,3,2.160287433836947
2007-12-03,1.1831436849260442,0.829789588400301,0.2986569602895108,3,2.156241145201691
2007-12-04,1.1857792546202939,0.9419647802860952,0.2056153988056336,2,2.1736957236282857
2007-12-05,1.1883689006484546,0.9419647802860952,0.20734648998968644,2,2.196783370547099
2007-12-06,1.190272042574894,0.9419647802860952,0.20861387431367379,2,2.2137505808747693
2007-12-07,1.1878756347383288,0.9419647802860952,0.20701734025077811,2,2.192385723514944
2007-12-10,1.184328696879434,0.9419647802860952,0.20464244194364212,2,2.160763467794036
2007-12-11,1.1866996786381576,0.9419647802860952,0.20623153672116712,2,2.181901642317152
2007-12-12,1.187002248964472,0.9419647802860952,0.20643387061157195,2,2.1845991680739894
2007-12-13,1.185533892969123,0.9419647802860952,0.2054509905853628,2,2.1715082342540435
2007-12-14,1.1828832243541425,0.9419647802860952,0.20367052225259977,2,2.1478765485271283
2007-12-17,1.1758618129582015,0.9419647802860952,0.19891540833669422,2,2.085278083169933
2007-12-18,1.178614185884548,0.9419647802860952,0.20078615074605427,2,2.109816500243684
2007-12-20,1.1764402562290965,0.9419647802860952,0.19930929318465973,2,2.090435117705063
2007-12-21,1.1807563329426978,0.9419647802860952,0.20223609731694842,2,2.1289145292364187
2007-12-24,1.1859877484585946,0.9419647802860952,0.2057550497377829,2,2.1755545228892994
2007-12-26,1.1841211832102474,1.0645455204747054,0.10098262275096091,1,2.1611034920490995
2007-12-27,1.1840009478093374,1.1840009478093374,0.0,0,2.1632569789978353
2007-12-28,1.1840009478093374,1.1840009478093374,0.0,0,2.150234050028902
2008-01-02,1.1840009478093374,1.1840009478093374,0.0,0,2.1007265184916526
2008-01-03,1.1840009478093374,1.1840009478093374,0.0,0,2.0999104602795002
2008-01-04,1.1840009478093374,1.1840009478093374,0.0,0,2.1125706967096987
2008-01-07,1.1847674696264923,1.0656008530284036,0.10058228272899578,1,2.0754400480567616
2008-01-08,1.183412961686607,0.9470752976936754,0.1997085308716762,2,2.0698749844155553
2008-01-09,1.1857734524195545,0.9470752976936754,0.2013016518786273,2,2.0905484591234176
2008-01-10,1.1815048317015957,0.8284530461861315,0.29881535482762384,3,2.068231533849415
2008-01-11,1.1690481070721255,0.7099196733067823,0.39273698916910077,4,2.0200500969069126
2008-01-14,1.164825898860455,0.7099196733067823,0.3905358096851262,4,2.001473438438609
2008-01-15,1.159949364299935,0.7099196733067823,0.38797356578126097,4,1.9800179079441
2008-01-16,1.1491349469280052,0.7099196733067823,0.3822138338020107,4,1.9324371805188771
2008-01-17,1.1539213184089594,0.7099196733067823,0.3847763604145661,4,1.9534960160491448
2008-01-18,1.1567988086911045,0.7099196733067823,0.38630670435246844,4,1.9661562524793437
2008-01-21,1.1436195425465614,0.7099196733067823,0.3792343984206805,4,1.9081707828491765
2008-01-22,1.1244173826870179,0.7099196733067823,0.3686333169180569,4,1.8236860896077254
2008-01-23,1.129414993382955,0.7099196733067823,0.37142708617640313,4,1.8456743247685004
2008-01-24,1.138323105644063,0.7099196733067823,0.3763460745136068,4,1.8848677872354895
2008-01-25,1.1458993804155841,0.7099196733067823,0.3804694500756993,4,1.918201498373551
2008-01-28,1.1290981345604805,0.7099196733067823,0.3712506897523749,4,1.8442802253227397
2008-01-29,1.1318597008831839,0.7099196733067823,0.37278474288568103,4,1.8564304253703432
2008-01-30,1.1192755110637753,0.7099196733067823,0.3657328635448617,4,1.8010631425041652
2008-01-31,1.1284515364755938,0.7099196733067823,0.370890418985985,4,1.8414353557220418
2008-02-01,1.130776239814272,0.8160785945298553,0.2783023149974438,3,1.8525994854299608
2008-02-04,1.1412634925472545,0.92459570600384,0.18984904709412959,2,1.915617314035068
2008-02-05,1.1420890743340635,0.92459570600384,0.19043468081247597,2,1.9229165013770981
2008-02-11,1.1347127077847103,1.0294925334741092,0.09272847090610419,1,1.8595586485169278
2008-02-12,1.1346699583812399,1.1346699583812399,0.0,0,1.8625281936778157
2008-02-13,1.1346699583812399,1.1346699583812399,0.0,0,1.8494825964252117
2008-02-14,1.1346699583812399,1.1346699583812399,0.0,0,1.923913905858618
2008-02-15,1.1346699583812399,1.1346699583812399,0.0,0,1.9208763558467172
2008-02-18,1.1346699583812399,1.1346699583812399,0.0,0,1.9225424746965285
2008-02-19,1.1346699583812399,1.1346699583812399,0.0,0,1.9500617710730033
2008-02-20,1.1346699583812399,1.1346699583812399,0.0,0,1.913101134547598
2008-02-21,1.1346699583812399,1.1346699583812399,0.0,0,1.9317457978669146
2008-02-22,1.1343642989727873,1.0212029625431158,0.09975749107420225,1,1.911446349839622
2008-02-25,1.1358861342541327,1.0212029625431158,0.10096361620464923,1,1.9371521835224248
2008-02-26,1.1358861342541327,1.0212029625431158,0.10096361620464923,1,1.9371521835224248
2008-02-27,1.136675234029645,1.0212029625431158,0.1015877429449807,1,1.9504811343209152
2008-02-28,1.137700526935243,1.0212029625431158,0.10239738985262692,1,1.9677997030454841
2008-02-29,1.1360532140535398,1.0212029625431158,0.10109583784427481,1,1.9399743848394517
2008-03-03,1.133376582246976,1.0212029625431158,0.09897294638069037,1,1.8947624930578382
2008-03-04,1.133675178675635,1.0212029625431158,0.09921026608689598,1,1.8998061861746138
2008-03-05,1.133736910970998,1.0212029625431158,0.09925931434260325,1,1.9008489272234752
2008-03-06,1.1351017315010936,1.0212029625431158,0.10034234447634446,1,1.9239025717167826
2008-03-07,1.1328558837556513,1.0212029625431158,0.09855880418114882,1,1.8859671989935283
2008-03-10,1.1302523912990288,1.0212029625431158,0.09648236942067383,1,1.8419907286719788
2008-03-11,1.1313467975353049,1.0212029625431158,0.09735638553283826,1,1.860476714005599
2008-03-12,1.1325109881054698,1.0212029625431158,0.09828427867932353,1,1.8801414500901064
2008-03-13,1.12961158323303,1.0212029625431158,0.09596982033385401,1,1.8311666232191228
2008-03-14,1.1285809223017484,1.0212029625431158,0.09514422726518772,1,1.8137573813598704
2008-03-17,1.1268483920123156,1.0212029625431158,0.09375301080257939,1,1.7844926271407362
2008-03-18,1.1278085976064978,1.0212029625431158,0.09452458093476751,1,1.8007117841072664
2008-03-19,1.1300551163551507,1.0212029625431158,0.0963246413707002,1,1.8386584909723562
2008-03-20,1.1311732014609037,1.0170433791518487,0.10089509030240203,1,1.8399732514252685
2008-03-21,1.1327409670856101,1.0170433791518487,0.10213949287226334,1,1.8652483877183241
2008-03-24,1.1334165826754499,1.0170433791518487,0.10267469640235909,1,1.8761404980221923
2008-03-25,1.1347966382455388,1.0170433791518487,0.10376595693457771,1,1.8983894184451826
2008-03-26,1.135129876320028,1.0170433791518487,0.1040290627809069,1,1.9037618016751863
2008-03-27,1.1348887356880664,1.0170433791518487,0.10383868729190428,1,1.8998741910256265
2008-03-28,1.1366877994699602,1.0170433791518487,0.1052570638779637,1,1.9288782599825454
2008-03-31,1.136839654795044,1.0170433791518487,0.105376580714712,1,1.9313264346190029
2008-04-01,1.136717326894282,1.0170433791518487,0.10528030576379473,1,1.9293542939396344
2008-04-02,1.139525244340505,1.0170433791518487,0.10748499499854614,1,1.9746228564304256
2008-04-03,1.1410325490487427,1.0170433791518487,0.10866400787625337,1,1.9989232565256323
2008-04-04,1.1412336167476962,1.0170433791518487,0.10882104748172991,1,2.002164821090571
2008-04-07,1.1417306617237801,1.0170433791518487,0.10920901640994651,1,2.010178059368235
2008-04-08,1.1404054427988601,1.0170433791518487,0.1081738643269257,1,1.9888132020084102
2008-04-10,1.1411035554738975,1.0170433791518487,0.10871947223977145,1,2.000068004851013
2008-04-11,1.142163027579921,1.0170433791518487,0.10954622536958047,1,2.0171485565970375
2008-04-14,1.1398430156689208,1.0170433791518487,0.10773381494556657,1,1.9797458885400494
2008-04-15,1.1395238382726802,1.0170433791518487,0.10748389371694975,1,1.9746001881467545
2008-04-16,1.1406761108551435,1.0170433791518487,0.10838548342229219,1,1.9931768466150586
2008-04-17,1.141138191142627,1.141138191142627,0.0,0,2.0046356640106997
2008-04-18,1.140846823909266,1.0270243720283643,0.09977014398030551,1,2.0082965918235502
2008-04-21,1.1426827320726816,1.0270243720283643,0.1012165116335728,1,2.040689569189269
2008-04-22,1.1418482867597786,1.0270243720283643,0.1005596943681984,1,2.025966518945018
2008-04-23,1.1427026457021658,1.0270243720283643,0.10123217453716471,1,2.041040927586168
2008-04-24,1.1426095013061912,1.0270243720283643,0.10115890787333215,1,2.0393974770200276
2008-04-25,1.1442372799227396,1.0270243720283643,0.10243758873359705,1,2.06811819243106
2008-04-28,1.1441402812758972,1.0270243720283643,0.1023614946210356,1,2.066406737013907
2008-04-29,1.1433912718572328,1.0270243720283643,0.10177347220768228,1,2.053191127633771
2008-04-30,1.1442880275591671,1.0270243720283643,0.10247739442047041,1,2.069013589636061
2008-05-02,1.145752642888974,1.0270243720283643,0.10362469735286017,1,2.094855433020889
2008-05-06,1.1464457656700535,1.0270243720283643,0.10416663153000699,1,2.1070849720613403
2008-05-07,1.1461213662220042,1.0270243720283643,0.10391307387124547,1,2.1013612304344376
2008-05-08,1.1457352987600682,1.0270243720283643,0.10361112803295382,1,2.094549411191332
2008-05-09,1.1420318175450335,0.9124076103051224,0.2010663833635759,2,2.067007446531186
2008-05-13,1.1444367209602235,0.9124076103051224,0.2027452513586076,2,2.088655657436897
2008-05-14,1.1445563365751152,0.9124076103051224,0.2028285710816624,2,2.089732400911265
2008-05-15,1.1498395694181194,0.9124076103051224,0.20649137969147327,2,2.1372904600528173
2008-05-16,1.150238707838337,0.9124076103051224,0.20676673103809423,2,2.140883383014655
2008-05-19,1.1497967596191057,0.9124076103051224,0.20646183538786742,2,2.136905099230412
2008-05-20,1.1480174720776373,1.0324934575251854,0.1006291431639807,1,2.123054777907491
2008-05-21,1.146436159458186,1.0324934575251854,0.09938861487660228,1,2.093994038241395
2008-05-22,1.145690524919607,1.0324934575251854,0.09880248193757624,1,2.0802910607623346
2008-05-23,1.145229205949502,1.0324934575251854,0.09843946333070344,1,2.0718131226694174
2008-05-26,1.1435418146363903,1.0324934575251854,0.09710913557324949,1,2.0408029106076233
2008-05-27,1.1450620703333276,1.0324934575251854,0.09830786969947704,1,2.0687415702320098
2008-05-28,1.1438538833514615,1.0324934575251854,0.09735546423114197,1,2.0465379863763618
2008-05-29,1.146048232142416,1.0324934575251854,0.0990837657896403,1,2.086864863026896
2008-05-30,1.146881069063716,0.8032127630414134,0.29965470290905083,3,2.099105736209183
2008-06-02,1.1454950155812287,0.5739746088714821,0.49892875912668616,5,2.0940167065250654
2008-06-03,1.1367901045677065,0.5739746088714821,0.49509183219909314,5,2.0621224314001068
2008-06-04,1.1412508301119493,0.5739746088714821,0.49706533066426856,5,2.0784662639268268
2008-06-05,1.1406941615523016,0.4599630547281608,0.5967691689574136,6,2.0767661426515094
2008-06-09,1.1317961501115645,0.5713051067379163,0.49522260993589606,5,2.0503009214657313
2008-06-10,1.1210818279154626,0.5713051067379163,0.4903983879569254,5,2.011107458998742
2008-06-11,1.1233405731094934,0.5713051067379163,0.49142306401655217,5,2.019370048396786
2008-06-12,1.1102311754195835,0.5713051067379163,0.48541788468333524,5,1.9714152942909928
2008-06-13,1.1127068097268957,0.5713051067379163,0.48656276591123027,5,1.980471273617518
2008-06-16,1.1164649864028695,0.45952287729947305,0.588412639092242,6,1.9957383626698704
2008-06-17,1.1126930592762834,0.45952287729947305,0.5870173957961458,6,1.9842795452742297
2008-06-18,1.1214307974864364,0.45952287729947305,0.5902351903216472,6,2.0108241054528557
2008-06-19,1.108965902798084,0.45952287729947305,0.5856293902814963,6,1.9729567375806143
2008-06-20,1.1053394802787548,0.45952287729947305,0.5842699139059195,6,1.9619399517165559
2008-06-23,1.1000113893000127,0.34993620157371447,0.6818794741785403,7,1.9444740391481259
2008-06-24,1.097934636030467,0.34993620157371447,0.6812777463338866,7,1.9390903217762867
2008-06-25,1.1009732539722235,0.34993620157371447,0.6821573999993435,7,1.946967550351925
2008-06-26,1.1009164165143202,0.34993620157371447,0.6821409906106503,7,1.9468202065080644
2008-06-27,1.0864845584451932,0.4500551116373669,0.5857694358018163,6,1.9091795214725318
2008-06-30,1.0824692345647402,0.656960274445947,0.393091042712073,4,1.898378084303347
2008-07-01,1.0803199941218504,0.656960274445947,0.3918836289057446,4,1.8887894003105556
2008-07-02,1.0694315254005433,0.656960274445947,0.38569206270603446,4,1.8402112684038128
2008-07-03,1.0648977133616817,0.7566427731033387,0.28946906016469903,3,1.8208752224325335
2008-07-04,1.0594100869774097,0.7566427731033387,0.285788588947546,3,1.788459576783144
2008-07-07,1.0597516245635636,0.7566427731033387,0.2860187655622174,3,1.7904770540298542
2008-07-08,1.0508774035750115,0.7566427731033387,0.2799894920860485,3,1.7380566480408937
2008-07-09,1.0481738841430397,0.7566427731033387,0.27813239334621415,3,1.7220868421947435
2008-07-10,1.05163722876668,0.7566427731033387,0.28050971151839077,3,1.7425449682077323
2008-07-11,1.0586685870410744,0.7503142369501082,0.2912661751424977,3,1.7766380668487687
2008-07-14,1.0569197815008808,0.7503142369501082,0.2900934866744351,3,1.7665620147570527
2008-07-15,1.0472236481964785,0.7503142369501082,0.28352053714381414,3,1.710696029650115
2008-07-16,1.0468439862513073,0.7503142369501082,0.28326068945866156,3,1.7085085402758733
2008-07-17,1.0504163494245258,0.7503142369501082,0.28569824968816365,3,1.7290913418490519
2008-07-18,1.0471598321773987,0.8469448890318769,0.19119807406020092,2,1.711444083011255
2008-07-21,1.054178009079691,0.8469448890318769,0.1965826627598986,2,1.7714356957462967
2008-07-22,1.0539539259705872,0.8469448890318769,0.196411846702004,2,1.7695202257761053
2008-07-23,1.058002007225584,0.8469448890318769,0.1994865007365777,2,1.8041233607997371
2008-07-24,1.0623507839690665,0.9516299497776957,0.10422248080592073,1,1.8430901404300175
2008-07-25,1.0604300177788624,0.9516299497776957,0.102599951130255,1,1.8111165263122104
2008-07-28,1.06045452950621,0.9516299497776957,0.10262069395770067,1,1.8115245554182866
2008-07-29,1.0583376694972255,0.9516299497776957,0.10082577876134993,1,1.7762867084518696
2008-07-30,1.0590525948781948,0.9516299497776957,0.10143277644568188,1,1.788187557379093
2008-07-31,1.0602080504701044,0.9516299497776957,0.10241206963507236,1,1.8074215960738533
2008-08-01,1.0587850085213177,0.9516299497776957,0.10120568187235027,1,1.783733239637761
2008-08-04,1.0566933411209962,0.9516299497776957,0.09942656706045272,1,1.7489147559192555
2008-08-05,1.0561819992532744,0.9516299497776957,0.09899056180610682,1,1.740402815400832
2008-08-06,1.059121363891031,0.9516299497776957,0.10149112063836595,1,1.7893323057044737
2008-08-07,1.0579068078009615,1.0579068078009615,0.0,0,1.7726597830645254
2008-08-08,1.0591295710595519,0.9521161270208653,0.10103904844393155,1,1.7780094980108583
2008-08-11,1.059973415915714,0.9521161270208653,0.10175471127421658,1,1.7920298314613108
2008-08-12,1.059702594244011,0.9521161270208653,0.10152515225264468,1,1.7875301771526368
2008-08-13,1.058720268784938,0.9521161270208653,0.10069150927507901,1,1.7712090129095877
2008-08-14,1.0593662842083702,0.9521161270208653,0.10123991936145989,1,1.7819424452277597
2008-08-18,1.059060671843325,0.9521161270208653,0.1009805648210124,1,1.7768647496854777
2008-08-19,1.0572665635396015,0.9521161270208653,0.09945499095961675,1,1.7470559566582418
2008-08-20,1.0572188116075631,0.9521161270208653,0.09941431559175821,1,1.7462625667297602
2008-08-21,1.05530054828054,0.9521161270208653,0.09777728385321013,1,1.7143909598884721
2008-08-22,1.0531995684975752,0.8466128132747528,0.19615157601851804,2,1.6966190254904852
2008-08-25,1.0539172142659639,0.8466128132747528,0.19669894199004548,2,1.7025127792449195
2008-08-26,1.0522804298788313,0.8466128132747528,0.19544943606692458,2,1.6890704870280748
2008-08-27,1.0530102183181622,0.7414188584608681,0.29590535251876193,3,1.6932301170816852
2008-08-28,1.0488867303239064,0.7414188584608681,0.29313734550544773,3,1.6708225186729988
2008-08-29,1.0489055018929243,0.7414188584608681,0.2931499957595279,3,1.6709245259495178
2008-09-01,1.036430751415613,0.7414188584608681,0.2846421649992552,3,1.603135023631686
2008-09-02,1.0349102543251667,0.7414188584608681,0.283591156467645,3,1.5948724342336422
2008-09-03,1.0405141433306817,0.6379956192498047,0.3868457979748519,4,1.6172573643586579
2008-09-04,1.0403843796340566,0.6379956192498047,0.3867693212827625,4,1.616735993834227
2008-09-05,1.0339725797363641,0.7336066686773459,0.29049697926767415,3,1.5917442110870577
2008-09-08,1.0494295389583945,0.7336066686773459,0.3009471894554415,3,1.6736560541318615
2008-09-09,1.044692142434692,0.7336066686773459,0.2977771738881375,3,1.6485509299663377
2008-09-10,1.0469335833181415,0.7336066686773459,0.2992806035008831,3,1.6604291106098903
2008-09-11,1.0422838767526654,0.7336066686773459,0.2961546417057057,3,1.63578868625962
2008-09-12,1.04970116395095,0.7336066686773459,0.30112807923720125,3,1.6750954901449637
2008-09-16,1.0304157894795165,0.7336066686773459,0.28804791602824215,3,1.5728955332147028
2008-09-17,1.038438351267511,0.7336066686773459,0.2935481747357362,3,1.6154098992394792
2008-09-18,1.0314145994915116,0.7336066686773459,0.2887373622217344,3,1.5781885774518585
2008-09-19,1.0447627033220706,0.8350049081156316,0.20077075353040877,2,1.6500017001212754
2008-09-22,1.0454197363532576,0.8350049081156316,0.2012730589644471,2,1.655170068798241
2008-09-23,1.0484498689510342,0.8350049081156316,0.20358146551055675,2,1.679005769078194
2008-09-24,1.0503438429759164,0.9403563960667684,0.10471565825294223,1,1.695564950299788
2008-09-25,1.050759242296119,0.9403563960667684,0.105069593285802,1,1.701968740436818
2008-09-26,1.0488991356056543,0.9403563960667684,0.10348253311907946,1,1.673293361593127
2008-09-29,1.047430901194248,0.9403563960667684,0.10222584134704883,1,1.6506590803477315
2008-09-30,1.051428911182808,0.836145531731228,0.20475314798924105,2,1.6412517426243072
2008-10-01,1.049969873303181,0.9417812597732538,0.10303973121587613,1,1.6317423976243641
2008-10-02,1.0484654062774952,0.9417812597732538,0.10175266238207727,1,1.6090514456697913
2008-10-06,1.0438888807098494,0.9417812597732538,0.09781464562316441,1,1.540026521891895
2008-10-07,1.0444412200024964,0.9417812597732538,0.09829175473273374,1,1.5483571161409513
2008-10-08,1.0384737011958174,0.9417812597732538,0.09311014935787094,1,1.4583526958256356
2008-10-09,1.0390899164610834,0.9417812597732538,0.09364796553819123,1,1.4676466921307054
2008-10-10,1.0350754994524851,0.9417812597732538,0.09013278715280215,1,1.4070997064457265
2008-10-13,1.0386119738894868,0.9417812597732538,0.09323088559591002,1,1.4604381779233586
2008-10-14,1.0445607056453954,0.9417812597732538,0.09839489970919219,1,1.5501592446927883
2008-10-15,1.0425008933989395,0.9417812597732538,0.0966134746391462,1,1.519092361921817
2008-10-16,1.0329946457091663,0.9417812597732538,0.08829996003831475,1,1.375715467703363
2008-10-17,1.0305064887051474,0.9417812597732538,0.08609866109953239,1,1.338188124086185
2008-10-20,1.0325324842602168,0.9417812597732538,0.0878918831807834,1,1.3687449704745607
2008-10-21,1.0316660254786905,0.9417812597732538,0.08712583673939477,1,1.3556767049382856
2008-10-22,1.0270436595071653,0.9417812597732538,0.08301730792518129,1,1.285960398508427
2008-10-23,1.020665080029632,0.9417812597732538,0.07728668473118333,1,1.1897562026091195
2008-10-24,1.0123266354157407,0.9417812597732538,0.06968637707879287,1,1.063992564802956
2008-10-27,1.0129052765794662,0.9417812597732538,0.07021783620912195,1,1.0727198540162532
2008-10-28,1.0167161682066954,1.0167161682066954,0.0,0,1.132462115630915
2008-10-29,1.0167161682066954,1.0167161682066954,0.0,0,1.0982443414296887
2008-10-30,1.0167161682066954,1.0167161682066954,0.0,0,1.2294370331750333
2008-10-31,1.0167161682066954,1.0167161682066954,0.0,0,1.261557991136701
2008-11-03,1.0167161682066954,1.0167161682066954,0.0,0,1.2797152863570935
2008-11-04,1.0167161682066954,1.0167161682066954,0.0,0,1.3072232485917328
2008-11-05,1.0167161682066954,1.0167161682066954,0.0,0,1.3391288578585272
2008-11-06,1.0167161682066954,1.0167161682066954,0.0,0,1.2379376395516215
2008-11-07,1.0167161682066954,1.0167161682066954,0.0,0,1.2858470570900724
2008-11-10,1.0167161682066954,1.0167161682066954,0.0,0,1.3062145099683777
2008-11-11,1.0167161682066954,1.0167161682066954,0.0,0,1.2793185913928529
2008-11-12,1.0167161682066954,1.0167161682066954,0.0,0,1.273798864318988
2008-11-13,1.0167161682066954,1.0167161682066954,0.0,0,1.233653333937821
2008-11-14,1.0167161682066954,1.0167161682066954,0.0,0,1.2334493193847829
2008-11-17,1.0167161682066954,1.0167161682066954,0.0,0,1.2221831824003446
2008-11-18,1.0167161682066954,1.0167161682066954,0.0,0,1.1743984404220835
2008-11-19,1.0167161682066954,1.0167161682066954,0.0,0,1.1524782101123214
2008-11-20,1.0167161682066954,1.0167161682066954,0.0,0,1.0752587017873942
2008-11-21,1.0167161682066954,1.0167161682066954,0.0,0,1.1376418184497161
2008-11-24,1.0167161682066954,1.0167161682066954,0.0,0,1.0995704360244365
2008-11-25,1.0167161682066954,1.0167161682066954,0.0,0,1.1145088349635608
2008-11-26,1.0167161682066954,1.0167161682066954,0.0,0,1.1671672579310657
2008-11-27,1.0167161682066954,1.0167161682066954,0.0,0,1.2053633159165356
2008-11-28,1.0167161682066954,1.0167161682066954,0.0,0,1.2196330004873681
2008-12-01,1.0167161682066954,1.0167161682066954,0.0,0,1.1998549229845061
2008-12-02,1.0167161682066954,1.0167161682066954,0.0,0,1.159709392603339
2008-12-03,1.0167161682066954,1.0167161682066954,0.0,0,1.1591086830860602
2008-12-04,1.0167161682066954,1.0167161682066954,0.0,0,1.1408267123054778
2008-12-05,1.0167161682066954,1.0167161682066954,0.0,0,1.1652971245282164
2008-12-08,1.0167161682066954,1.0167161682066954,0.0,0,1.252479343526505
2008-12-09,1.0167161682066954,1.0167161682066954,0.0,0,1.2533747407315055
2008-12-10,1.0167161682066954,1.0167161682066954,0.0,0,1.2987453104988156
2008-12-11,1.0167161682066954,1.0167161682066954,0.0,0,1.3084473359099618
2008-12-12,1.0167161682066954,1.0167161682066954,0.0,0,1.2510852440807445
2008-12-15,1.0167161682066954,1.0167161682066954,0.0,0,1.3127089732400912
2008-12-16,1.0167161682066954,1.0167161682066954,0.0,0,1.316528579038638
2008-12-17,1.0167161682066954,1.0167161682066954,0.0,0,1.3258112412018725
2008-12-18,1.0167161682066954,1.0167161682066954,0.0,0,1.3327930725725103
2008-12-19,1.0167161682066954,1.0167161682066954,0.0,0,1.3385281483412483
2008-12-22,1.0167161682066954,1.0167161682066954,0.0,0,1.3369867050516269
2008-12-23,1.0167161682066954,1.0167161682066954,0.0,0,1.2969771843724853
2008-12-24,1.0167161682066954,1.0167161682066954,0.0,0,1.2790692402724728
2008-12-26,1.0167161682066954,1.0167161682066954,0.0,0,1.2669983792177175
2008-12-29,1.0167161682066954,1.0167161682066954,0.0,0,1.2666923573881603
2008-12-30,1.0167161682066954,1.0167161682066954,0.0,0,1.2744902469709507
2009-01-02,1.0167161682066954,1.0167161682066954,0.0,0,1.3118135760350906
2009-01-05,1.0167161682066954,1.0167161682066954,0.0,0,1.3301408833830146
2009-01-06,1.0167161682066954,1.0167161682066954,0.0,0,1.3536138911242335
2009-01-07,1.0167161682066954,1.0167161682066954,0.0,0,1.3920252978045768
2009-01-08,1.0167161682066954,1.0167161682066954,0.0,0,1.3665574811003185
2009-01-09,1.0167161682066954,1.0167161682066954,0.0,0,1.338516814199413
2009-01-12,1.0167161682066954,1.0167161682066954,0.0,0,1.3110768568157862
2009-01-13,1.0167161682066954,1.0167161682066954,0.0,0,1.3234990762674406
2009-01-14,1.0167161682066954,1.0167161682066954,0.0,0,1.3404662865951105
2009-01-15,1.0167161682066954,1.0167161682066954,0.0,0,1.2596085187410035
2009-01-16,1.0167161682066954,1.0167161682066954,0.0,0,1.2866517811603895
2009-01-19,1.0167161682066954,1.0167161682066954,0.0,0,1.3041630302961613
2009-01-20,1.0167161682066954,1.0167161682066954,0.0,0,1.2771424361604462
2009-01-21,1.0167161682066954,1.0167161682066954,0.0,0,1.2508472271022
2009-01-22,1.0167161682066954,1.0167161682066954,0.0,0,1.265150914098539
2009-01-23,1.0167161682066954,1.0167161682066954,0.0,0,1.2392750682882048
2009-01-28,1.0167161682066954,1.0167161682066954,0.0,0,1.3124709562615466
2009-01-29,1.0167161682066954,1.0167161682066954,0.0,0,1.3221956499563636
2009-01-30,1.0167161682066954,1.0167161682066954,0.0,0,1.3171519568395877
2009-02-02,1.0167161682066954,1.0167161682066954,0.0,0,1.2999693978170443
2009-02-03,1.0167161682066954,1.0167161682066954,0.0,0,1.3183873782996522
2009-02-04,1.0167161682066954,1.0167161682066954,0.0,0,1.3548493125842975
2009-02-05,1.0167161682066954,1.0167161682066954,0.0,0,1.3350258985140941
2009-02-06,1.0167161682066954,1.0167161682066954,0.0,0,1.3717258497772842
2009-02-09,1.0167161682066954,1.0167161682066954,0.0,0,1.3631459044078478
2009-02-10,1.0167161682066954,1.0167161682066954,0.0,0,1.3588162622267055
2009-02-11,1.0184029267320325,0.9150445513860259,0.10149065034374426,1,1.3489668929716987
2009-02-12,1.0175049738164417,0.9150445513860259,0.10069771162504383,1,1.3372473903138424
2009-02-13,1.0185991911023646,0.9150445513860259,0.10166377572346995,1,1.3515284090265107
2009-02-16,1.0171254714720384,0.9150445513860259,0.1003621705965887,1,1.3322943703317505
2009-02-17,1.0129327087288356,0.9150445513860259,0.09663836156071295,1,1.2775731335501934
2009-02-18,1.0117169117444766,0.9150445513860259,0.09555277690452087,1,1.261705334980562
2009-02-19,1.0111880400562807,0.9150445513860259,0.09507973281102453,1,1.2548028426027722
2009-02-20,1.0076144653486834,0.9150445513860259,0.09187037021210664,1,1.208162848949892
2009-02-23,1.0105323781111444,0.9150445513860259,0.0944925949860224,1,1.2462455655170068
2009-02-24,1.0074347010802818,0.9150445513860259,0.09170832570605818,1,1.2058166815899536
2009-02-25,1.0077125975338495,0.9150445513860259,0.09195880489596715,1,1.2094436069772976
2009-02-26,1.006645301466866,0.9150445513860259,0.0909960538705749,1,1.1955139466615285
2009-02-27,1.0073608848348028,0.9150445513860259,0.09164176894154061,1,1.2048532795339402
2009-03-02,1.0035207032170639,0.9150445513860259,0.08816574640403853,1,1.154733704337576
2009-03-03,1.0041077594752257,0.9150445513860259,0.08869885452906641,1,1.1623955842183409
2009-03-04,1.0070334880754435,0.9150445513860259,0.09134645250498953,1,1.200580308061975
2009-03-05,1.005790404372444,0.8142631310435574,0.19042463767427642,2,1.1993562207437465
2009-03-06,1.005220264215773,0.8142631310435574,0.18996546326211575,2,1.1957859660655794
2009-03-09,1.0082429120305045,0.8142631310435574,0.1923938950349677,2,1.2147139829307825
2009-03-10,1.0145484237668925,0.8082999426073689,0.20329091872593777,2,1.2379149712679505
2009-03-11,1.021216281182881,0.8082999426073689,0.2084928946969881,2,1.2779358260889278
2009-03-12,1.0213824583147437,0.8082999426073689,0.20862167151270233,2,1.2789332305704475
2009-03-13,1.0209368014611122,0.8082999426073689,0.20827622096630105,2,1.276258373097281
2009-03-16,1.020829164000701,0.8082999426073689,0.2081927406544845,2,1.2756123270126603
2009-03-17,1.0280843065077043,0.8082999426073689,0.21378048717319698,2,1.319158099944463
2009-03-18,1.0292305510422568,0.8082999426073689,0.21465609256464568,2,1.3260379240385816
2009-03-19,1.0276934125725274,0.8082999426073689,0.21348144036067293,2,1.3168119325845244
2009-03-20,1.0294175003156023,0.8082999426073689,0.21479871640072418,2,1.3271600040802911
2009-03-23,1.0348107035951446,0.8082999426073689,0.2188910108881081,2,1.359530313162339
2009-03-24,1.0390028994216793,0.8082999426073689,0.2220426496814613,2,1.38469210803704
2009-03-25,1.0403851910185369,0.8082999426073689,0.22307627061084614,2,1.39298869986059
2009-03-26,1.04317621148323,0.8082999426073689,0.22515493191884095,2,1.4097405614933864
2009-03-27,1.0419884226657117,0.8082999426073689,0.2242716665320515,2,1.402611386278888
2009-03-30,1.034425474789463,0.8082999426073689,0.21860011928661893,2,1.357218148227907
2009-03-31,1.0360872461080894,0.8082999426073689,0.21985339975602464,2,1.3671921930431037
2009-04-01,1.0409724942882626,0.9241937557752291,0.11218234790428142,1,1.3979077174171757
2009-04-02,1.0451016380796563,0.9241937557752291,0.11569007061034937,1,1.4473359099615775
2009-04-03,1.0457435916431888,0.9241937557752291,0.11623292443701905,1,1.455020458126013
2009-04-06,1.0468328580710569,1.0468328580710569,0.0,0,1.4710015981139988
2009-04-07,1.0468328580710569,1.0468328580710569,0.0,0,1.4735517800269753
2009-04-08,1.0468328580710569,1.0468328580710569,0.0,0,1.4304480386267553
2009-04-09,1.0468328580710569,1.0468328580710569,0.0,0,1.491969760509583
2009-04-10,1.0468328580710569,1.0468328580710569,0.0,0,1.514286685783586
2009-04-13,1.0468328580710569,1.0468328580710569,0.0,0,1.5168028652710561
2009-04-14,1.0468328580710569,1.0468328580710569,0.0,0,1.5217558852531483
2009-04-15,1.0468328580710569,1.0468328580710569,0.0,0,1.5109431139421279
2009-04-16,1.0468328580710569,1.0468328580710569,0.0,0,1.5150574074283967
2009-04-17,1.0468328580710569,1.0468328580710569,0.0,0,1.5063074499314284
2009-04-20,1.0468328580710569,1.0468328580710569,0.0,0,1.5146833807478268
2009-04-21,1.0468328580710569,1.0468328580710569,0.0,0,1.5151594147049157
2009-04-22,1.0468328580710569,1.0468328580710569,0.0,0,1.536932301170817
2009-04-23,1.0468328580710569,1.0468328580710569,0.0,0,1.5514173344365232
2009-04-24,1.0468328580710569,1.0468328580710569,0.0,0,1.5347561459384103
2009-04-27,1.0468328580710569,1.0468328580710569,0.0,0,1.5185823255392217
2009-04-28,1.0468328580710569,1.0468328580710569,0.0,0,1.4737104580126716
2009-04-29,1.0468328580710569,1.0468328580710569,0.0,0,1.5169842115404233
2009-04-30,1.0468328580710569,1.0468328580710569,0.0,0,1.5520520463793084
2009-05-04,1.0468328580710569,1.0468328580710569,0.0,0,1.5844223554613563
2009-05-06,1.0468328580710569,1.0468328580710569,0.0,0,1.5793559940609099
2009-05-07,1.0468328580710569,1.0468328580710569,0.0,0,1.5880039442813587
2009-05-08,1.0468328580710569,1.0468328580710569,0.0,0,1.6005281710095323
2009-05-11,1.0468328580710569,1.0468328580710569,0.0,0,1.6039624159856738
2009-05-12,1.0468328580710569,1.0468328580710569,0.0,0,1.5907581407473734
2009-05-13,1.0468328580710569,1.0468328580710569,0.0,0,1.603237030908205
2009-05-14,1.0468328580710569,1.0468328580710569,0.0,0,1.565188316766596
2009-05-15,1.0468328580710569,1.0468328580710569,0.0,0,1.5774065216652122
2009-05-18,1.0468328580710569,1.0468328580710569,0.0,0,1.5716827800383095
2009-05-19,1.0468328580710569,1.0468328580710569,0.0,0,1.6187534710809373
2009-05-20,1.0468328580710569,1.0468328580710569,0.0,0,1.62724274331569
2009-05-21,1.0468328580710569,1.0468328580710569,0.0,0,1.6113182740368814
2009-05-22,1.0468328580710569,1.0468328580710569,0.0,0,1.5910301601514243
2009-05-25,1.0471417880541616,0.9421495722639511,0.10026551990185686,1,1.5877999297283207
2009-05-26,1.0449788389873436,0.9421495722639511,0.09840320481804306,1,1.5550895963912093
2009-05-27,1.0442278774610263,0.9421495722639511,0.097754817124086,1,1.5437327862720875
2009-05-28,1.0464875072033881,0.9421495722639511,0.09970299140815128,1,1.577905223905972
2009-05-29,1.046766307291003,0.9421495722639511,0.09994278025416825,1,1.5821215246687599
2009-06-01,1.048206024947745,0.9421495722639511,0.10117901458263515,1,1.603894411134661
2009-06-02,1.0460562367749857,0.8371637132656308,0.19969530907188615,2,1.6013442292216844
2009-06-03,1.0429041226213485,0.4180936273371979,0.5991063624465153,6,1.6036563941561166
2009-06-04,1.0241032319313494,0.31400855745525313,0.6933819290238283,7,1.5620034229108344
2009-06-05,1.0326410210936035,0.31400855745525313,0.6959170214614301,7,1.5807840959321766
2009-06-08,1.0319145103682699,0.31400855745525313,0.695702934399876,7,1.579185981933378
2009-06-09,1.0208571201798584,0.31400855745525313,0.692406947800952,7,1.5548629135545002
2009-06-10,1.0454440149132793,0.21152249165458342,0.7976721004308113,8,1.6036450600142813
2009-06-11,1.0484449423311437,0.1071525507329749,0.897798590649187,9,1.6087567579820696
2009-06-12,1.0543149248569164,0.0016793743284805457,0.9984071416529472,10,1.6191841684706842
2009-06-15,1.0424002979506348,0.0016793743284805457,0.9983889352950279,10,1.6008568611227603
2009-06-16,1.0326224934332349,0.0016793743284805457,0.9983736802760348,10,1.585816454907117
2009-06-17,1.0267425476872778,0.0016793743284805457,0.9983643666737456,10,1.576771809722427
2009-06-18,1.0153879156139445,0.0016793743284805457,0.9983460761127286,10,1.559305897153997
2009-06-19,1.0207657749183716,0.10514818147220767,0.8969908826727502,9,1.5678971766652687
2009-06-22,1.0327127537177878,0.0031702254482840198,0.9969301962846193,10,1.5864511668499022
2009-06-23,1.0039016565388603,0.0031702254482840198,0.9968420956100283,10,1.5420553332804408
2009-06-24,1.0062921611554423,0.0031702254482840198,0.9968495973926261,10,1.5457389293769623
2009-06-25,1.0275786853412519,0.0031702254482840198,0.9969148586930536,10,1.5785399358487573
2009-06-26,1.028902657128897,0.0031702254482840198,0.9969188285924635,10,1.5805800813791384
2009-06-29,1.024228123040435,0.10419357671698518,0.8982711230309854,9,1.5736889231431843
2009-06-30,1.0244849393270448,0.5117025374707436,0.5005270279455093,5,1.5755250541205272
2009-07-01,1.0322413025207622,0.6154764851294079,0.4037474729732312,4,1.599995466343266
2009-07-02,1.0321881610652204,0.6154764851294079,0.40371677534623635,4,1.5997914517902279
2009-07-03,1.0347153325065517,0.6154764851294079,0.4051731275321459,4,1.6094934772013738
2009-07-06,1.037342882252796,0.6154764851294079,0.40667980119285285,4,1.6195808634349251
2009-07-07,1.0386831362852775,0.7215925230285865,0.30528137232566105,3,1.6255426220403724
2009-07-08,1.037768921324983,0.8269520642384813,0.2031443154197939,2,1.621938364936699
2009-07-09,1.037487678074783,0.8284093993719914,0.20152362589092931,2,1.6217910210928381
2009-07-10,1.0371559910180173,0.8284093993719914,0.20126826962753336,2,1.6192181708961906
2009-07-13,1.0297770498873287,0.8284093993719914,0.1955449002649356,2,1.5619807546271633
2009-07-14,1.0308641651747015,0.8284093993719914,0.19639325203277372,2,1.570413356152739
2009-07-15,1.0360221180838758,0.8284093993719914,0.20039409882084797,2,1.6104228768318807
2009-07-16,1.0376820145441654,0.8284093993719914,0.2016731640705015,2,1.623298461956953
2009-07-17,1.0377191976480038,0.7263960865366689,0.30000708459181497,3,1.6322297657232883
2009-07-20,1.0480119209027081,0.6224566260378144,0.4060595937671592,4,1.6757642045132553
2009-07-21,1.0510283492597596,0.6224566260378144,0.40776418973264494,4,1.6876423851568079
2009-07-22,1.052481876282957,0.6224566260378144,0.40858209526976363,4,1.6933661267837106
2009-07-23,1.053187052759558,0.6224566260378144,0.40897808759910675,4,1.696142991533396
2009-07-24,1.054942798272727,0.6224566260378144,0.40996172772877215,4,1.703056818053021
2009-07-27,1.061119568553483,0.6224566260378144,0.4133963367706559,4,1.7273798864318988
2009-07-28,1.0616894662774299,0.6224566260378144,0.413711216123943,4,1.729624046515318
2009-07-29,1.061197281879476,0.6224566260378144,0.41343929477901825,4,1.727685908261456
2009-07-30,1.064196440608529,0.6224566260378144,0.4150923623820043,4,1.739496084053996
2009-07-31,1.070686942464589,0.6224566260378144,0.41863807117606555,4,1.7650545738929377
2009-08-03,1.0729003331197156,0.6224566260378144,0.4198374193548135,4,1.7737705289643995
2009-08-04,1.0733004128350114,0.6224566260378144,0.42005367873318905,4,1.775345974679527
2009-08-05,1.0710883859811737,0.7352404234154803,0.3135576549623763,3,1.767525416813066
2009-08-06,1.0722879429790582,0.7352404234154803,0.3143255706365434,3,1.7738385338154121
2009-08-07,1.0746482921167266,0.7352404234154803,0.3158315806120319,3,1.7862607532670665
2009-08-10,1.0746719817522326,0.7352404234154803,0.31584666214458795,3,1.7863854288272563
2009-08-11,1.0753395987528505,0.7352404234154803,0.3162714139159461,3,1.7898990127962462
2009-08-12,1.07235470467912,0.7352404234154803,0.3143682587418816,3,1.7741898922123112
2009-08-13,1.0717520750575507,0.9596525958208191,0.10459459967055545,1,1.7733851681419943
2009-08-14,1.073850490606264,0.9661409026075555,0.10030221985362127,1,1.8037266658354965
2009-08-17,1.0708488001382246,0.9661409026075555,0.09778028188214193,1,1.7534597467952715
2009-08-18,1.0710640284513782,0.9661409026075555,0.09796158124694766,1,1.757064003898945
2009-08-19,1.070774350092794,0.9661409026075555,0.09771755129936661,1,1.752212991193372
2009-08-20,1.07283390907684,0.9661409026075555,0.09944969632912942,1,1.7867027847986492
2009-08-21,1.0731445688118637,0.9661409026075555,0.09971039253618719,1,1.791905155901121
2009-08-24,1.0755732658377015,0.8586685439481969,0.20166429268820676,2,1.8273130149950698
2009-08-25,1.0741148748083866,0.8586685439481969,0.20058034379108994,2,1.815026805245441
2009-08-26,1.0758288878815851,0.8586685439481969,0.2018539810368903,2,1.8294665019438052
2009-08-27,1.073839072076828,0.8586685439481969,0.20037502240674346,2,1.8127033061691733
2009-08-28,1.0749974435493743,0.8586685439481969,0.20123666423513817,2,1.8224620022894968
2009-08-31,1.0728327284514334,0.8586685439481969,0.19962495440679656,2,1.804225368076256
2009-09-01,1.0770316568670166,0.8586685439481969,0.2027453060702202,2,1.8395992247446984
2009-09-02,1.075699731480465,0.8586685439481969,0.2017581497706356,2,1.8283784243276022
2009-09-03,1.0757495105100634,0.8586685439481969,0.20179508746319416,2,1.8287977875755137
2009-09-04,1.0739732105761666,0.7509652437235774,0.30075979891463156,3,1.8235500799057
2009-09-07,1.0739069587090142,0.7509652437235774,0.30071666112831386,3,1.82317605322513
2009-09-08,1.0761394458688134,0.7509652437235774,0.3021673477294653,3,1.8357796189461517
2009-09-09,1.0737463481219782,0.7509652437235774,0.3006120625815928,3,1.822269321878294
2009-09-10,1.0809338890800408,0.8620576143756008,0.20248812338626998,2,1.8641036393929435
2009-09-11,1.0818681203277152,0.8620576143756008,0.20317680299658916,2,1.87206020696143
2009-09-14,1.0796336840530067,0.8620576143756008,0.20152767822194367,2,1.853030182819708
2009-09-15,1.0820943586640466,0.8620576143756008,0.20334339840760574,2,1.8739870110734567
2009-09-16,1.0860774841972227,0.8620576143756008,0.20626508981282007,2,1.9079100975869612
2009-09-17,1.0876930920813774,0.8620576143756008,0.20744406611428168,2,1.9216697457751988
2009-09-18,1.0880300852865827,0.9754662534938366,0.10345654344943704,1,1.92647542191343
2009-09-21,1.0877512767063853,0.9754662534938366,0.1032267445849732,1,1.921703748200705
2009-09-22,1.0892996245935627,0.9754662534938366,0.10450143241552966,1,1.9482029718119895
2009-09-23,1.0878618665380744,0.8665088075283564,0.2034753361786036,2,1.9398043727119203
2009-09-24,1.0855868629984382,0.8665088075283564,0.20180610408731248,2,1.9198676172233622
2009-09-25,1.0853853957527912,0.758046734511293,0.3015874937348551,3,1.9171474231828538
2009-09-28,1.0823025896459635,0.758046734511293,0.29959815141968665,3,1.8990921352389805
2009-09-29,1.085108659234727,0.758046734511293,0.3014093767845281,3,1.9155266409003842
2009-09-30,1.0794206698074276,0.541081124056123,0.4987300695727333,5,1.896360607056637
2009-10-01,1.0675117973294401,0.5416018422287345,0.49265025118819067,5,1.8640469686837664
2009-10-05,1.0554467233578175,0.5416018422287345,0.48685061003773594,5,1.82128325153861
2009-10-06,1.0511023978072989,0.4356283529251302,0.5855509854854359,6,1.8116945675458185
2009-10-07,1.049346137149766,0.32972376180522467,0.6857816976380926,7,1.8111958653050586
2009-10-08,1.0574956154885824,0.22434512577354612,0.787852429374003,8,1.8309852769497559
2009-10-09,1.0750521489165503,0.11825208420899563,0.890003397204339,9,1.8664951433202235
2009-10-12,1.069453963563402,0.009968317050987191,0.990679059229653,10,1.8585839123190788
2009-10-13,1.0624243663332016,0.009968317050987191,0.9906173866424098,10,1.8462523660021084
2009-10-14,1.0754497964950436,0.009968317050987191,0.9907310252105913,10,1.8691019959423771
2009-10-15,1.081846213092377,0.009968317050987191,0.9907858280314228,10,1.8803227963594737
2009-10-16,1.0698093200410317,0.009968317050987191,0.9906821553483897,10,1.8592072901200285
2009-10-19,1.0754368744413116,0.009968317050987191,0.9907309138380012,10,1.8690793276587063
2009-10-20,1.0819495895222329,0.009968317050987191,0.9907867084127375,10,1.8805041426288411
2009-10-21,1.078322956978742,0.1141342334097117,0.8941557975084807,9,1.8745083815978874
2009-10-22,1.0646051328185475,0.1141342334097117,0.8927919564810469,9,1.8478391458590713
2009-10-23,1.0701312283152058,0.2192012536932982,0.7951641369830834,8,1.8589919414251552
2009-10-26,1.078919801310746,0.2192012536932982,0.796832671504409,8,1.878191977694409
2009-10-27,1.074987252119117,0.2192012536932982,0.7960894389573572,8,1.869600698183137
2009-10-28,1.0539155660673283,0.4252047443905608,0.5965476191065224,6,1.8244681453943716
2009-10-29,1.0443927043577532,0.5268843967123988,0.4955112243565458,5,1.7974248829749855
2009-10-30,1.0427088484650457,0.5268843967123988,0.49469653250951445,5,1.791576465787893
2009-11-02,1.0354566174346744,0.6284468370775042,0.393072750228329,4,1.7670947194233189
2009-11-03,1.0328603758660555,0.7294235581712089,0.29378299795886187,3,1.7567013113602106
2009-11-04,1.0385289245661575,0.8325583051144989,0.198329208344103,2,1.7907150710083988
2009-11-05,1.0347164244008054,0.9336756393512122,0.09765070184142956,1,1.759330832266035
2009-11-06,1.0358279016775052,1.0358279016775052,0.0,0,1.7822484670573169
2009-11-09,1.0349855525867508,0.7250795311742536,0.2994302873484037,3,1.787156150472067
2009-11-10,1.0339606451783525,0.5173536416011016,0.4996389427260446,5,1.7934012626234004
2009-11-11,1.038126315167541,0.41369181325787807,0.6015014673902056,6,1.807591608201385
2009-11-12,1.0257106036591375,0.20577446200223534,0.7993835090832132,8,1.782554488886874
2009-11-13,1.02449435726335,0.10274096793336579,0.8997154379573065,9,1.7817157623910507
2009-11-16,1.0365030274288587,0.10274096793336579,0.9008773103266043,9,1.8049280848700542
2009-11-17,1.0326975455258238,0.10274096793336579,0.9005120440360371,9,1.7975722268188465
2009-11-18,1.0432461771799988,0.10274096793336579,0.9015180020011335,9,1.8179623479808227
2009-11-19,1.0529621764301198,0.10274096793336579,0.9024267250684249,9,1.836743021002165
2009-11-20,1.0529973580809953,0.10274096793336579,0.9024299850850499,9,1.8368110258531776
2009-11-23,1.0520884987667114,0.10274096793336579,0.9023456980531563,9,1.8350542338686826
2009-11-24,1.0446827612574157,0.10274096793336579,0.9016534284439582,9,1.8207392127305082
2009-11-25,1.0478842914870874,0.10274096793336579,0.9019539000937187,9,1.8269276541726645
2009-11-26,1.0406368714067316,0.10274096793336579,0.9012710670202558,9,1.812918654864047
2009-11-27,0.9966480805953808,0.10274096793336579,0.8969134944081866,9,1.7278899228144942
2009-11-30,1.0148839029658554,0.10274096793336579,0.8987657921924668,9,1.7631391039227464
2009-12-01,1.0231633181385598,0.10274096793336579,0.8995849771859663,9,1.7791429121944033
2009-12-02,1.0360104843166016,0.10274096793336579,0.9008301851297014,9,1.8039760169558763
2009-12-03,1.0497137373326142,0.10274096793336579,0.9021247752797473,9,1.830463906425325
2009-12-04,1.0547979508919112,0.4214364578435432,0.6004576445307019,6,1.8415260288567252
2009-12-07,1.0574492968789724,0.6331730933052226,0.4012260491599809,4,1.8504686667648962
2009-12-08,1.055971964004712,0.7388451359799216,0.3003174694355571,3,1.8449489396910312
2009-12-09,1.0567926223998119,0.950546941655506,0.10053597885935128,1,1.8521914563238846
2009-12-10,1.0577843974212242,1.0577843974212242,0.0,0,1.8732276235704814
2009-12-11,1.0577843974212242,1.0577843974212242,0.0,0,1.8779539607158646
2009-12-14,1.0577843974212242,1.0577843974212242,0.0,0,1.8868739303403643
2009-12-15,1.0577843974212242,1.0577843974212242,0.0,0,1.8880980176585929
2009-12-16,1.0577843974212242,1.0577843974212242,0.0,0,1.8862732208230855
2009-12-17,1.0577843974212242,1.0577843974212242,0.0,0,1.867685228212946
2009-12-18,1.0577843974212242,1.0577843974212242,0.0,0,1.8667784968661099
2009-12-21,1.0577843974212242,1.0577843974212242,0.0,0,1.8635936030103482
2009-12-22,1.0577843974212242,1.0577843974212242,0.0,0,1.8764125174262432
2009-12-23,1.0577843974212242,1.0577843974212242,0.0,0,1.88299765383264
2009-12-24,1.0577843974212242,1.0577843974212242,0.0,0,1.9067880175452516
2009-12-28,1.0577843974212242,1.0577843974212242,0.0,0,1.9104716136417732
2009-12-29,1.0577843974212242,1.0577843974212242,0.0,0,1.895612553695497
2009-12-30,1.0577843974212242,1.0577843974212242,0.0,0,1.907275385644176
2010-01-04,1.0577843974212242,1.0577843974212242,0.0,0,1.922429133278174
2010-01-05,1.0577843974212242,1.0577843974212242,0.0,0,1.9161726869850049
2010-01-06,1.0577843974212242,1.0577843974212242,0.0,0,1.9328338754831178
2010-01-07,1.0577843974212242,1.0577843974212242,0.0,0,1.9080461072889867
2010-01-08,1.0577843974212242,1.0577843974212242,0.0,0,1.9214317287966542
2010-01-11,1.0577843974212242,1.0577843974212242,0.0,0,1.9201396366274126
2010-01-12,1.0577843974212242,1.0577843974212242,0.0,0,1.9252626687370367
2010-01-13,1.0577843974212242,1.0577843974212242,0.0,0,1.8943998005191038
2010-01-14,1.0577843974212242,1.0577843974212242,0.0,0,1.9106756281948112
2010-01-15,1.0577843974212242,1.0577843974212242,0.0,0,1.928844257557039
2010-01-18,1.0577843974212242,1.0577843974212242,0.0,0,1.9401557311088191
2010-01-19,1.0577843974212242,1.0577843974212242,0.0,0,1.9383876049824889
2010-01-20,1.0577843974212242,1.0577843974212242,0.0,0,1.9431026079860365
2010-01-21,1.0577843974212242,1.0577843974212242,0.0,0,1.9517505582064856
2010-01-22,1.0577843974212242,1.0577843974212242,0.0,0,1.9090661800541773
2010-01-25,1.0577843974212242,1.0577843974212242,0.0,0,1.8930283693570142
2010-01-26,1.0554795737180593,0.9520059576791018,0.09803469305849169,1,1.8557843792857223
2010-01-27,1.0547300671487323,0.9520059576791018,0.09739374335589593,1,1.8423420870688776
2010-01-28,1.0558012422204097,0.9520059576791018,0.09830949272518434,1,1.861553457479967
2010-01-29,1.0532733954435898,0.9520059576791018,0.09614544353115356,1,1.8162168901381632
2010-02-01,1.053526812082966,0.9520059576791018,0.09636285782147651,1,1.8207618810141792
2010-02-02,1.049471176320021,0.741146902178478,0.29379013078061333,3,1.8087136882430948
2010-02-03,1.0531827142263253,0.741146902178478,0.29627889618096387,3,1.830486574708996
2010-02-04,1.0533041368947225,0.6358197431585686,0.3963569296964428,4,1.832073354565959
2010-02-05,1.0400933457891786,0.42768125068591534,0.5888049352326074,6,1.776196035317186
2010-02-08,1.0344933500499693,0.42768125068591534,0.5865790237653465,6,1.7599542100669847
2010-02-09,1.0414103022191252,0.42768125068591534,0.5893249281531249,6,1.780015641115733
2010-02-10,1.0412657105636118,0.42768125068591534,0.5892679012214646,6,1.7795962778678212
2010-02-11,1.0520866374316304,0.42768125068591534,0.5934923651059981,6,1.8109805166101849
2010-02-12,1.0504648661603313,0.42768125068591534,0.5928647740031707,6,1.806276847748473
2010-02-16,1.0533527913880185,0.42768125068591534,0.5939809965070169,6,1.814652778564871
2010-02-17,1.0636617856378678,0.42768125068591534,0.5979161266666745,6,1.8445522447267906
2010-02-18,1.0612232669070467,0.42768125068591534,0.596992203221854,6,1.8374797402214693
2010-02-19,1.0505586553422859,0.42768125068591534,0.5929011212167196,6,1.8065488671525238
2010-02-22,1.0635328255126801,0.42768125068591534,0.5978673714375013,6,1.8441782180462205
2010-02-23,1.0639583727910151,0.42407600561199293,0.6014167316531933,6,1.846218363576602
2010-02-24,1.0576455791016743,0.42407600561199293,0.5990376984583176,6,1.8280043976470322
2010-02-25,1.0476990989390045,0.42407600561199293,0.5952311059144263,6,1.7993063505196705
2010-02-26,1.0504764138975384,0.42407600561199293,0.596301259122457,6,1.8073195887973341
2010-03-02,1.0585451620231796,0.42407600561199293,0.5993784480565161,6,1.8305999161273503
2010-03-03,1.0609988098702043,0.6345915577737138,0.401892300094714,4,1.8388965079509005
2010-03-04,1.0598844594172512,0.6345915577737138,0.4012634564689941,4,1.8340908318126694
2010-03-05,1.0639740801450606,0.740737923206697,0.303800781400891,3,1.8526448219973024
2010-03-08,1.0687765863148095,0.8534991319930436,0.2014241863812271,2,1.881512881252196
2010-03-09,1.0688790351647854,0.8534991319930436,0.20150072747805137,2,1.8824082784571967
2010-03-10,1.0690618869096795,0.8534991319930436,0.20163730234529237,2,1.8840063924559953
2010-03-11,1.0683330735718752,0.8534991319930436,0.20109266191727437,2,1.8776366047444717
2010-03-12,1.069126727953968,0.8534991319930436,0.2016857219289428,2,1.8845730995477679
2010-03-15,1.0674097371012055,0.8534991319930436,0.20040158682558468,2,1.8695666957576307
2010-03-16,1.0659513222942603,0.6398869837558709,0.3997033725905661,4,1.8678779086241486
2010-03-17,1.0760033001117528,0.5328965551546843,0.5047444974384948,5,1.907377392920695
2010-03-18,1.0735215185798848,0.5328965551546843,0.5035995590851032,5,1.8986614378492335
2010-03-19,1.0770521674691744,0.5328965551546843,0.5052267928610469,5,1.9110609890172165
2010-03-22,1.072714697535714,0.5328965551546843,0.5032262013572883,5,1.8958279023903706
2010-03-23,1.075448222446461,0.6423971705022877,0.4026702940277831,4,1.906198642169808
2010-03-24,1.0752396559220558,0.6423971705022877,0.40255442871346714,4,1.9052805766811367
2010-03-25,1.0771399286999679,0.6423971705022877,0.4036084324925027,4,1.9136451733556996
2010-03-26,1.0802050030013957,0.5347972454968729,0.5049113418185289,5,1.9242199276881753
2010-03-29,1.0783641891743212,0.5347972454968729,0.5040662042882239,5,1.9177254644164619
2010-03-30,1.0804453482797676,0.42652648446875935,0.6052308567500855,6,1.9270194607215316
2010-03-31,1.0767896808943664,0.3183900266154438,0.7043154923708097,7,1.9187002006143106
2010-04-01,1.0885810852719673,0.3183900266154438,0.7075183181821515,7,1.9485316619252175
2010-04-02,1.090294318109435,0.42923511536601106,0.6063126183118126,6,1.9534280111981321
2010-04-05,1.0908696558277362,0.42923511536601106,0.6065202537508354,6,1.95512813247345
2010-04-06,1.0912915701544905,0.42923511536601106,0.6066723805946327,6,1.9563748880753493
2010-04-07,1.0914871849787129,0.42923511536601106,0.6067428722267753,6,1.9569529293089574
2010-04-08,1.0942411348569818,0.42923511536601106,0.6077326087525375,6,1.9650908431468113
2010-04-09,1.090670205418725,0.42923511536601106,0.6064482982725093,6,1.9545387570980064
2010-04-12,1.0847944356548267,0.649167428420303,0.4015756284475789,4,1.9384782781171723
2010-04-13,1.0846486755718785,0.7587604972855077,0.3004550557483943,3,1.9388069682304003
2010-04-14,1.0893619461573518,0.7587604972855077,0.30348173078563795,3,1.966847635131306
2010-04-15,1.090996540402435,0.7587604972855077,0.3045252948230026,3,1.9765723288261232
2010-04-16,1.0885000179920186,0.6496926587742768,0.40313031875481264,4,1.9658955672171283
2010-04-19,1.0811152611957464,0.6496926587742768,0.39905329052917365,4,1.932811207199447
2010-04-20,1.0843358146050148,0.6496926587742768,0.40083814439815685,4,1.947239569755976
2010-04-21,1.0918116475385482,0.6496926587742768,0.4049407146012899,4,1.9807319588797334
2010-04-22,1.0895506976534883,0.7603989861503617,0.30209857348722213,3,1.97159664056036
2010-04-23,1.0890795402298066,0.7603989861503617,0.3017966474791087,3,1.9687744392433328
2010-04-26,1.0917279798306874,0.8711897138684359,0.2020084398647124,2,1.985968332407712
2010-04-27,1.091172645428131,0.9818657994432916,0.10017374101414714,1,1.9829647848213172
2010-04-28,1.0901955032651731,0.9818657994432916,0.09936722679320395,1,1.965238186990672
2010-04-29,1.0898525038742115,0.9818657994432916,0.09908377881139742,1,1.9590157431230095
2010-04-30,1.090408262182899,0.8727937058585231,0.19957163190301863,2,1.973908805494792
2010-05-03,1.0878654521613085,0.8727937058585231,0.19770068612390726,2,1.9508438268596495
2010-05-04,1.087558065790148,0.8727937058585231,0.1974739250134579,2,1.9480556279681285
2010-05-06,1.0833046381176696,0.8727937058585231,0.19432293082851226,2,1.9094742091602535
2010-05-07,1.0786551068693462,0.8727937058585231,0.19085006847861552,2,1.8672998673905405
2010-05-10,1.082419965147013,0.8727937058585231,0.19366444267315297,2,1.9014496367407543
2010-05-11,1.081496556495438,0.8727937058585231,0.19297597332460406,2,1.893073705924356
2010-05-12,1.0805956395295575,0.8727937058585231,0.1923031391848869,2,1.8849017896609959
2010-05-13,1.0850164035472312,0.7644751126586505,0.29542529480719254,3,1.9206610071518435
2010-05-14,1.0854205754689925,0.7618667012317759,0.2980907876169698,3,1.921851092044566
2010-05-17,1.0756838540621465,0.6538409926428957,0.3921624925634322,4,1.8718448582665563
2010-05-18,1.0735714596691743,0.6538409926428957,0.39096649156044105,4,1.8624715229686386
2010-05-19,1.0702100194984958,0.6538409926428957,0.38905356824328,4,1.847555792313185
2010-05-20,1.0625727048249938,0.6538409926428957,0.38466234858669385,4,1.813666708225187
2010-05-24,1.0637859906008844,0.6538409926428957,0.3853641630742189,4,1.8190504255970261
2010-05-25,1.0525215900289298,0.6538409926428957,0.3787861466813957,4,1.7690668601026873
2010-05-26,1.0579596645907645,0.6538409926428957,0.3819792809437477,4,1.7931972480703624
2010-05-27,1.0644424420627874,0.6538409926428957,0.3857432146581693,4,1.821963300048737
2010-05-28,1.0683453908323899,0.6538409926428957,0.3879872574416571,4,1.839281868773306
2010-05-31,1.0728580770545106,0.7561757787669658,0.2951763192732663,3,1.8602160287433838
2010-06-01,1.07076454898967,0.7561757787669658,0.29379826827432537,3,1.8479184848519197
2010-06-03,1.0768309565803236,0.7561757787669658,0.29777670845539006,3,1.883553026782577
2010-06-04,1.077272816420737,0.7561757787669658,0.2980647360253861,3,1.8861485452628957
2010-06-07,1.072225194837674,0.7561757787669658,0.2947602962440697,3,1.8564984302213559
2010-06-08,1.0748319749442177,0.7561757787669658,0.2964707076134292,3,1.87181085584105
2010-06-09,1.073412443871656,0.6486609371617023,0.3957020520257167,4,1.866982511419148
2010-06-10,1.074567654924254,0.6486609371617023,0.3963517009011161,4,1.87206020696143
2010-06-11,1.0804483325047136,0.756007613000178,0.3002834191547241,3,1.898854118260436
2010-06-14,1.083186673987846,0.8642201950939452,0.20215027026482563,2,1.916150018701334
2010-06-15,1.0828944542637338,0.973198469395646,0.10129887029726344,1,1.9155039726167133
2010-06-16,1.0838875422967758,0.973198469395646,0.10212228536788762,1,1.9328452096249533
2010-06-17,1.0840556532775325,0.973198469395646,0.10226152462442403,1,1.9357807523603352
2010-06-18,1.0843172313672815,0.973198469395646,0.10247809290231329,1,1.9403484115200218
2010-06-21,1.0861171222925265,0.973198469395646,0.10396544772127063,1,1.9717779868297274
2010-06-22,1.0855848790329878,0.973198469395646,0.10352613766825199,1,1.9624839905246576
2010-06-23,1.0852175013684768,0.973198469395646,0.10322265521111948,1,1.9560688662457921
2010-06-24,1.0861294547582965,0.973198469395646,0.10397562175291676,1,1.9719933355246007
2010-06-25,1.08547843038108,0.973198469395646,0.10343822395993238,1,1.9606251912636434
2010-06-28,1.0856205782760056,0.973198469395646,0.10355561706364201,1,1.9631073683256073
2010-06-29,1.0840452680432,0.973198469395646,0.10225292422302855,1,1.9355994060909678
2010-06-30,1.0834305919861473,0.973198469395646,0.10174359428823541,1,1.9248659737727958
2010-07-01,1.0823836680882535,0.8649286910067897,0.20090378623833158,2,1.9112083328610776
2010-07-02,1.0792120132194492,0.7566553764451005,0.29888162179747646,3,1.8948645003343572
2010-07-05,1.079896941058899,0.7566553764451005,0.2993263082094131,3,1.8988881206859423
2010-07-06,1.081524620954918,0.8658022498367851,0.19946135939805398,2,1.909734894422469
2010-07-07,1.0803352249956035,0.8658022498367851,0.1985800057196983,2,1.899205476657335
2010-07-08,1.0832786279132183,0.8658022498367851,0.20075756363380906,2,1.9252626687370367
2010-07-09,1.087087444110652,0.7573453331028379,0.30332620691574314,3,1.9528839723900306
2010-07-12,1.0892002309810276,0.7573453331028379,0.3046775867640908,3,1.9653968649763685
2010-07-13,1.0886067301515345,0.5393571621749593,0.5045436085997002,5,1.9665642815854198
2010-07-14,1.0958653537272214,0.5393571621749593,0.5078253360775433,5,1.9925534688141089
2010-07-15,1.0933066129097213,0.42987509020302117,0.6068119545541267,6,1.9849369255006857
2010-07-16,1.088442506592918,0.42987509020302117,0.6050548489247892,6,1.9703838873839667
2010-07-19,1.0859801474761563,0.42987509020302117,0.6041593474778881,6,1.9630166951909238
2010-07-20,1.0878060814673551,0.42987509020302117,0.6048237847474088,6,1.968479751555611
2010-07-21,1.0923557634661716,0.42987509020302117,0.6064697010075019,6,1.9820920558999875
2010-07-22,1.0873363391127728,0.42987509020302117,0.6046530638773797,6,1.967074317968015
2010-07-23,1.0958712546359481,0.42987509020302117,0.6077321232904983,6,1.992610139523286
2010-07-26,1.100042112155263,0.42987509020302117,0.6092194240084261,6,2.0050890296841173
2010-07-27,1.0997542055508416,0.42987509020302117,0.6091171208681976,6,2.0042276349046233
2010-07-28,1.1014817555805525,0.5432400481777216,0.5068097629166823,5,2.010076052091716
2010-07-29,1.100439893720339,0.6563124434247788,0.40359083020342484,4,2.007140509356334
2010-07-30,1.0975432140746748,0.6563124434247788,0.4020167634327658,4,1.9940495755363883
2010-08-02,1.1032964462020804,0.6563124434247788,0.4051349973218638,4,2.0200500969069126
2010-08-03,1.1048325632815197,0.5456384575791597,0.5061347070016373,5,2.0294914370558432
2010-08-04,1.1044140889703162,0.5456384575791597,0.5059475761597014,5,2.027972662049893
2010-08-05,1.102501699458837,0.6584127051734703,0.4028011879739939,4,2.0218522254587494
2010-08-06,1.1024942310084942,0.6584127051734703,0.402797142465594,4,2.021818223033243
2010-08-09,1.1036243760602997,0.8820582447091916,0.20076226672525235,2,2.029004068956919
2010-08-10,1.1025055114678788,0.8820582447091916,0.1999511698269727,2,2.0187580047376716
2010-08-11,1.0994473083163514,0.9913195242553482,0.09834739986456074,1,1.992757483367147
2010-08-12,1.097206266989087,0.9913195242553482,0.09650577646107447,1,1.9514558705187637
2010-08-13,1.0987123894398199,0.9913195242553482,0.09774429251610249,1,1.979213183873783
2010-08-16,1.098815055176704,0.8815151967538487,0.1977583556023544,2,1.975892280315996
2010-08-17,1.1020667309860728,0.6619005166702739,0.39940069139185486,4,1.9891758945471445
2010-08-18,1.1038123175866654,0.6619005166702739,0.4003504888245595,4,1.9970644572646183
2010-08-19,1.1082389847562715,0.6619005166702739,0.40274568412169526,4,2.017069217604189
2010-08-20,1.1072106937990258,0.6619005166702739,0.40219100088422904,4,2.012422219451654
2010-08-23,1.1052469088733592,0.6619005166702739,0.401128823472588,4,2.0035475863944963
2010-08-24,1.1034461456848168,0.6619005166702739,0.40015149877614775,4,1.9954096725566424
2010-08-25,1.0969904848946943,0.6619005166702739,0.3966214604552262,4,1.9662355914721916
2010-08-26,1.0957289474520246,0.6619005166702739,0.3959267771382352,4,1.96053451812896
2010-08-27,1.0956787869175248,0.6619005166702739,0.3958991224678176,4,1.960307835292251
2010-08-30,1.1031293304296836,0.7699311155510405,0.30204818754012985,3,1.9949563068832246
2010-08-31,1.0993617495383443,0.65986957713765,0.3997702963426284,4,1.9752575683732108
2010-09-01,1.1048946476949768,0.65986957713765,0.402776021664812,4,2.00012467556019
2010-09-02,1.1076787495933005,0.65986957713765,0.4042771179099263,4,2.012637568146528
2010-09-03,1.1087606152766165,0.65986957713765,0.4048583904894349,4,2.017499914993936
2010-09-06,1.1118876862493714,0.65986957713765,0.40653216570503864,4,2.0315542508698954
2010-09-07,1.1107074691402994,0.65986957713765,0.4059015578166619,4,2.0262498724909044
2010-09-08,1.1085588687622452,0.65986957713765,0.4047500807292053,4,2.0165931836471005
2010-09-09,1.1098550901170807,0.65986957713765,0.40544528469204105,4,2.0224189325505217
2010-09-10,1.1142222070005083,0.7734719078454475,0.3058189802843388,3,2.0430697389747134
2010-09-13,1.1168407771977347,1.0024709367152171,0.10240478572915547,1,2.0615217218828277
2010-09-14,1.1166137805492065,1.0024709367152171,0.10222231341068369,1,2.05743009668023
2010-09-15,1.1171564345871006,1.0024709367152171,0.102658405144729,1,2.067211461084224
2010-09-16,1.116399988691867,1.0024709367152171,0.10205038797084307,1,2.0535764884561765
2010-09-17,1.1173746280415031,1.0024709367152171,0.10283363201801461,1,2.0711444083011257
2010-09-20,1.1177066342199597,1.0024709367152171,0.10310012840280296,1,2.0771288351902437
2010-09-24,1.118585067233793,1.0024709367152171,0.10380447041521883,1,2.0929626313343683
2010-09-27,1.1194798490367168,1.0024709367152171,0.10452078473961177,1,2.109091115166215
2010-09-28,1.1191742524406374,1.0024709367152171,0.10427626928596664,1,2.103582722234186
2010-09-29,1.1198332344009074,1.0024709367152171,0.10480337078804175,1,2.115460902877739
2010-09-30,1.1199976265056109,1.1199976265056109,0.0,0,2.1226694170850853
2010-10-01,1.1199976265056109,1.1199976265056109,0.0,0,2.1271124006845823
2010-10-04,1.1199976265056109,1.1199976265056109,0.0,0,2.130013940994458
2010-10-05,1.1199976265056109,1.1199976265056109,0.0,0,2.129617246030217
2010-10-06,1.1199976265056109,1.1199976265056109,0.0,0,2.1579639347606796
2010-10-07,1.1199976265056109,1.1199976265056109,0.0,0,2.1544503507916897
2010-10-08,1.1199976265056109,1.1199976265056109,0.0,0,2.1501660451778895
2010-10-11,1.1199976265056109,1.1199976265056109,0.0,0,2.1420507996237066
2010-10-12,1.1183428102729698,1.0079978638550497,0.0986682664781353,1,2.1172630314295753
2010-10-13,1.118821867207216,1.0079978638550497,0.09905419852831737,1,2.1264550204581263
2010-10-14,1.1202165076779378,1.0079978638550497,0.10017585266218103,1,2.1532149293316256
2010-10-15,1.120365954539053,1.0079978638550497,0.10029588120627443,1,2.156082467215995
2010-10-18,1.1187787461761434,1.0079978638550497,0.09901947342111196,1,2.125627628104138
2010-10-19,1.1177095808851623,1.0079978638550497,0.09815762422223048,1,2.105112831381972
2010-10-20,1.1184845780463597,1.0079978638550497,0.09878251015699772,1,2.119983225470084
2010-10-21,1.1187356251450706,1.0079978638550497,0.09898474563698739,1,2.1248002357501505
2010-10-22,1.1207522375884582,0.8960806486803198,0.2004649925050056,2,2.15043806458194
2010-10-25,1.1234837382996603,0.7839438486760358,0.30222056452503887,3,2.17129288555917
2010-10-26,1.1241395252358914,0.7839438486760358,0.3026276266626852,3,2.1754865180382867
2010-10-27,1.1223901692735665,0.7839438486760358,0.30154070292381485,3,2.1642997200466967
2010-10-28,1.1220941789537,0.7839438486760358,0.30135646064305716,3,2.162406918360176
2010-10-29,1.117677365318327,0.7839438486760358,0.29859557596680875,3,2.1341622369062327
2010-11-01,1.12331181577854,0.7839438486760358,0.30211376960127195,3,2.170193473801131
2010-11-02,1.1240101275060506,0.6716562680674556,0.4024464267437483,4,2.17393374060683
2010-11-03,1.1282387696093092,0.6716562680674556,0.40468605922836764,4,2.1942558569177937
2010-11-04,1.1297788160640931,0.6716562680674556,0.40549755534684057,4,2.201657051536343
2010-11-05,1.1289439363627247,0.6716562680674556,0.4050579072762252,4,2.1976447653265936
2010-11-08,1.129528114358382,0.7861647674126993,0.3039883138639069,3,2.201555044259824
2010-11-09,1.1304208120391372,0.7861647674126993,0.30453795698032426,3,2.207278785886727
2010-11-10,1.1340251894075726,0.7861647674126993,0.3067484084516671,3,2.230389101089211
2010-11-11,1.1246350704369357,0.7861647674126993,0.30096011757194824,3,2.1701821396592957
2010-11-12,1.1243504678100018,0.7861647674126993,0.30078317222210726,3,2.168357342823788
2010-11-15,1.1244724403644022,0.7861647674126993,0.3008590169111385,3,2.1691393986104344
2010-11-16,1.121877430076583,0.7861647674126993,0.2992418366424993,3,2.1525008783959922
2010-11-17,1.121520351004281,0.7861647674126993,0.2990187233707198,3,2.150211381745231
2010-11-18,1.1267272630365832,0.9003466312003525,0.20091874871841142,2,2.1850638678892427
2010-11-19,1.1281177431787452,0.5631850311186006,0.5007746004138803,5,2.1999115936936837
2010-11-22,1.1279610422144752,0.22422143716898066,0.8012152647322138,8,2.203742533634066
2010-11-23,1.1208030400555418,0.22422143716898066,0.7999457271655248,8,2.1862879552074714
2010-11-24,1.1194272162639547,0.22422143716898066,0.7996998519320344,8,2.1829330492241783
2010-11-25,1.1202173853334474,0.22422143716898066,0.7998411378857165,8,2.1848598533362047
2010-11-26,1.1081882232637592,0.22422143716898066,0.7976684533710174,8,2.155527094266058
2010-11-29,1.105056376954614,0.3350817282930176,0.6967740874755571,7,2.1484319214770653
2010-11-30,1.1087487651692305,0.3350817282930176,0.697783899455461,7,2.1587346564054903
2010-12-01,1.1187779252373138,0.3350817282930176,0.7004930820189892,7,2.1867186525972184
2010-12-02,1.127591319573296,0.11015709007925495,0.9023076107743179,9,2.210452345600653
2010-12-03,1.1312431606644624,0.11015709007925495,0.9026229780566791,9,2.2183862448854685
2010-12-06,1.129354637128745,0.11015709007925495,0.9024601427596589,9,2.2142832855410353
2010-12-07,1.1339872583986816,0.11015709007925495,0.9028586174461878,9,2.2243480034909155
2010-12-08,1.130439755624406,0.11015709007925495,0.9025537720774788,9,2.216640787042809
2010-12-09,1.147780783891602,0.11015709007925495,0.9040260199288557,9,2.2543154745038483
2010-12-10,1.1463096136234463,0.11015709007925495,0.9039028472150276,9,2.251119246506251
2010-12-13,1.1517612906809733,0.11015709007925495,0.9043577076512745,9,2.262963424724297
2010-12-14,1.1582615678232495,0.11015709007925495,0.9048944615452656,9,2.277085765451269
2010-12-15,1.162659427880183,0.11015709007925495,0.9052542064875363,9,2.286640447018554
2010-12-16,1.1574265678744577,0.5762836436483088,0.5020991744585421,5,2.2773011141461423
2010-12-17,1.161656793481084,0.9276429312053025,0.20144836546302347,2,2.2966371601174216
2010-12-20,1.1609615541528007,0.9276429312053025,0.20097015453518613,2,2.28981400673248
2010-12-21,1.16290291181201,0.9276429312053025,0.20230406013871835,2,2.3088666991578735
2010-12-22,1.1630207098377325,0.9276429312053025,0.20238485578237933,2,2.310022781625089
2010-12-23,1.1629537266466354,0.9276429312053025,0.20233891516891997,2,2.309365401398633
2010-12-24,1.162037904740774,0.9276429312053025,0.20171026485384747,2,2.3003774269231205
2010-12-27,1.161182136730379,0.9276429312053025,0.20112194128534305,2,2.2919788278230517
2010-12-28,1.1625162948179377,0.8114528838342261,0.3019857980043987,3,2.304593727685908
2010-12-29,1.163800200689822,1.0469799910972635,0.10037823461734707,1,2.316120549932562
2010-12-30,1.1642295249214258,1.0469799910972635,0.10070998142061,1,2.3246324904509854
2011-01-03,1.1654477416124964,0.9304844936717114,0.20160770796611896,2,2.346258033073026
2011-01-04,1.1675178289357484,0.8138888695263657,0.3028895582106299,3,2.363327250677215
2011-01-05,1.1670785783315347,0.8138888695263657,0.3026271884024226,3,2.3603917079418335
2011-01-06,1.1662407798817986,0.8138888695263657,0.30212621307166493,3,2.354792641875121
2011-01-07,1.168167269550171,0.6973314423055434,0.4030551441712054,4,2.3645286697117727
2011-01-10,1.1669507969642021,0.6973314423055434,0.4024328668186897,4,2.3584195672624646
2011-01-11,1.168645733721276,0.6973314423055434,0.40329954392161554,4,2.3669315077808886
2011-01-12,1.1701420627092116,0.6973314423055434,0.40406257964009695,4,2.3744460438177923
2011-01-13,1.168907534871503,0.6973314423055434,0.4034331873973243,4,2.3682462682338006
2011-01-14,1.1739234992544454,0.5804357236241647,0.5055591578217853,5,2.3894297793242587
2011-01-17,1.1715812695987515,0.5804357236241647,0.5045706698409791,5,2.3799997733171634
2011-01-18,1.1706325539810005,0.5804357236241647,0.5041691591009819,5,2.3761801675186165
2011-01-19,1.1760405145201687,0.5804357236241647,0.506449211181312,5,2.3979530539845175
2011-01-20,1.1734984070933758,0.5804357236241647,0.5053800498444314,5,2.387718323907105
2011-01-21,1.1631554362339782,0.5804357236241647,0.5009818072952673,5,2.346076686803659
2011-01-24,1.1666012164005277,0.5804357236241647,0.5024557531192522,5,2.3599496764102503
2011-01-25,1.1676322851619731,0.6994858272689113,0.4009365481257834,4,2.365061374378039
2011-01-26,1.1729695949585754,0.6994858272689113,0.4036624390987608,4,2.392025297804577
2011-01-27,1.1737543992623727,0.5820861150245525,0.5040818459207862,5,2.3971823323397072
2011-01-28,1.171519499800952,0.7006005698310411,0.4019727627665802,4,2.389089755069195
2011-01-31,1.1627664639875133,0.8164603675886137,0.29782944995790533,3,2.345861338108785
2011-02-01,1.1631512987349044,0.8164603675886137,0.29806176679110213,3,2.348468190730939
2011-02-07,1.1647759706467156,0.8164603675886137,0.2990408557833723,3,2.3594736424531617
2011-02-08,1.161140050427267,0.8157060139131819,0.29749558323044245,3,2.345827335683279
2011-02-09,1.1571144095321035,0.8157060139131819,0.2950515461621252,3,2.318489385576171
2011-02-10,1.1488533671664303,0.7000698451010875,0.39063603318867157,4,2.276462387650319
2011-02-11,1.139739500649413,0.5851445122428215,0.4865980235752015,5,2.2409751895635224
2011-02-14,1.150230071897703,0.5851445122428215,0.4912804607191126,5,2.283364880028109
2011-02-15,1.148863966938807,0.6971620133284328,0.39317270504527335,4,2.27875188430108
2011-02-16,1.142798769828822,0.5823529028451055,0.49041518225265907,5,2.2544854866313795
2011-02-17,1.139448677899046,0.5823529028451055,0.4889169524345165,5,2.2410091919890287
2011-02-18,1.1495693929636002,0.5823529028451055,0.4934164858514591,5,2.2817214294619683
2011-02-21,1.1466266781401413,0.467367506081554,0.5923978440483905,6,2.2728354622629747
2011-02-22,1.1339321351190947,0.3536180595949572,0.688148833035923,7,2.2327352684491495
2011-02-23,1.1306483450737654,0.3536180595949572,0.6872431104368827,7,2.223339264867561
2011-02-24,1.1259939985077076,0.3536180595949572,0.6859503158421705,7,2.210021648210906
2011-02-25,1.1313613513562255,0.3536180595949572,0.6874402160096279,7,2.225379410397942
2011-02-28,1.1215882459523359,0.4608332359785043,0.5891244067137912,6,2.1980301261489985
2011-03-02,1.1178199014928347,0.4608332359785043,0.5877392812893497,6,2.18549456527899
2011-03-03,1.132273172014719,0.4608332359785043,0.5930017178111557,6,2.233573994944973
2011-03-04,1.1444824223935566,0.3469510581937447,0.6968489411413278,7,2.272132745469177
2011-03-07,1.1347712761756477,0.3469510581937447,0.6942546348520358,7,2.2444661052488413
2011-03-08,1.140934226083246,0.4578776656057024,0.5986818037902438,6,2.2626574028947397
2011-03-09,1.1426963390142688,0.4578776656057024,0.5993006628509161,6,2.268494485939997
2011-03-10,1.135666735967224,0.5696952806785256,0.4983605113754363,5,2.2459508778292854
2011-03-11,1.1280061443079494,0.681044347438041,0.39624056936686897,4,2.216436772489771
2011-03-14,1.1315922793872057,0.681044347438041,0.39815394657265707,4,2.2342200410295936
2011-03-15,1.1207790193107483,0.681044347438041,0.3923473443883108,4,2.180598216006075
2011-03-16,1.1283379968204899,0.792597159298891,0.2975534267814014,3,2.2191909689557856
2011-03-17,1.1285197592007985,0.792597159298891,0.29766656468629576,3,2.2203923879903433
2011-03-18,1.1323093333562897,0.792597159298891,0.30001711021002925,3,2.24544084144669
2011-03-21,1.1359031984712782,0.9065134151108112,0.2019448344446819,2,2.2707046435979104
2011-03-22,1.1366841671312204,0.90813741782424,0.2010644257355937,2,2.282310804837412
2011-03-23,1.1365161898217568,0.90813741782424,0.2009463429054488,2,2.2806333518457653
2011-03-24,1.1393082451006777,0.90813741782424,0.20290455043271433,2,2.3085153407609744
2011-03-25,1.141267223723205,0.90813741782424,0.20427276018531024,2,2.3280780695689627
2011-03-28,1.1415339444510695,0.90813741782424,0.2044586827762385,2,2.3307415929002935
2011-03-29,1.1433204058368505,0.90813741782424,0.20570173226329236,2,2.3485815321492933
2011-03-30,1.145505245841697,0.90813741782424,0.2072167097262339,2,2.3703997551825364
2011-03-31,1.1470033835691158,1.0282239743487944,0.10355628494374362,1,2.387763660474447
2011-04-01,1.1478102062519577,1.0282239743487944,0.10418641623135443,1,2.4039828174409776
2011-04-04,1.1475204041143052,1.0282239743487944,0.10396018174298848,1,2.3981570685375555
2011-04-05,1.1483413222318577,1.0282239743487944,0.10460073634693325,1,2.4146595790499723
2011-04-06,1.1481315821633622,1.0282239743487944,0.10443716528434162,1,2.4104432782871847
2011-04-07,1.1478739176168502,1.0282239743487944,0.1042361372897696,1,2.4052635754683833
2011-04-08,1.148202623154304,1.0282239743487944,0.10449257507869855,1,2.411871380158451
2011-04-11,1.1473997373307192,0.913408053427255,0.2039321400297828,2,2.4055469290142697
2011-04-12,1.1437626180208962,0.913408053427255,0.20140067612301762,2,2.3681555950991173
2011-04-13,1.1473479202323373,0.913408053427255,0.20389618761649014,2,2.4050142243480037
2011-04-14,1.1494580888770787,0.913408053427255,0.20535767048316145,2,2.426707771821057
2011-04-15,1.1493963493556023,0.913408053427255,0.20531498648020927,2,2.4260730598782714
2011-04-18,1.1488487999896126,1.0336953674449645,0.1002337579546493,1,2.422922168448016
2011-04-19,1.1480386341935909,1.0336953674449645,0.09959879688974389,1,2.4058756191274977
2011-04-20,1.1505827918096883,1.0336953674449645,0.10158975538029562,1,2.4594067710163325
2011-04-21,1.1521250156620886,1.0336953674449645,0.10279235899505797,1,2.4918564190912287
2011-04-22,1.1520862311293003,1.0336953674449645,0.10276215485041133,1,2.4910403608790763
2011-04-25,1.1530655405822043,1.0336953674449645,0.10352418742560598,1,2.511645830735926
2011-04-26,1.1525430267376957,1.0336953674449645,0.10311776353298728,1,2.5006517131555386
2011-04-27,1.1525645737003558,1.0336953674449645,0.10313453056582923,1,2.501105078828956
2011-04-28,1.152653454921329,1.0336953674449645,0.10320368795015111,1,2.502975212231806
2011-04-29,1.1517921150889894,1.0336953674449645,0.10253304055211432,1,2.4848519194369203
2011-05-02,1.1537636621723932,1.0336953674449645,0.1040666287767766,1,2.52633487855467
2011-05-03,1.152242985282653,1.0336953674449645,0.10288421743666158,1,2.4943385961531925
2011-05-04,1.1511607890830469,1.0336953674449645,0.10204084672797888,1,2.4715683052057713
2011-05-06,1.149372929856321,1.0336953674449645,0.10064406373814352,1,2.4339502884539095
2011-05-09,1.1486964446486871,1.1486964446486871,0.0,0,2.4245656190141567
2011-05-11,1.148788426801515,0.9189571557189498,0.20006405506927594,2,2.4556891724943046
2011-05-12,1.144123126633876,0.9189571557189498,0.19680221968538214,2,2.405841616701992
2011-05-13,1.142876830342308,0.8044245508684293,0.2961406430581914,3,2.4029287422502805
2011-05-16,1.1403385340310201,0.8044245508684293,0.2945739121655019,3,2.3849074567319133
2011-05-17,1.1400559689699523,0.8044245508684293,0.2943990709550586,3,2.3829013136270385
2011-05-18,1.1453831983981075,0.8044245508684293,0.2976808530162927,3,2.4207233449319387
2011-05-19,1.1362798725865133,0.6897982686847495,0.3929327753429602,4,2.3750807557605778
2011-05-20,1.1396867954102599,0.6897982686847495,0.39474751180525997,4,2.3932040485554635
2011-05-23,1.1277998520496082,0.6897982686847495,0.3883681865792552,4,2.329970871255483
2011-05-24,1.1290889003975548,0.6897982686847495,0.38906646904254405,4,2.336828027065931
2011-05-25,1.1235726257317136,0.6897982686847495,0.38606703929305297,4,2.3074839338539483
2011-05-26,1.1355128355530244,0.6897982686847495,0.39252270244149223,4,2.371000464699815
2011-05-27,1.1377598879305881,0.5763439300878463,0.49343975279693836,5,2.3804418048487457
2011-05-30,1.136035735963153,0.5763439300878463,0.4926709505320175,5,2.37313128336488
2011-05-31,1.1490484053855927,0.5763439300878463,0.4984163178970346,5,2.428305885819855
2011-06-01,1.1487463446533135,0.5763439300878463,0.4982844273930775,5,2.4270251277924495
2011-06-02,1.141491540870959,0.5763439300878463,0.49509575020757884,5,2.3962642668510354
2011-06-03,1.1412964042916989,0.5763439300878463,0.4950094226875868,5,2.3954368744970473
2011-06-07,1.1376182134278374,0.5763439300878463,0.4933766677739592,5,2.379841095331467
2011-06-08,1.132803021339963,0.796899050552643,0.2965246070671563,3,2.361298439288669
2011-06-09,1.1308795162296872,0.796899050552643,0.2953280706600147,3,2.3477768080789763
2011-06-10,1.1266697553186407,0.9063066279660456,0.19558803838687666,2,2.3197248070362355
2011-06-13,1.1268926303662155,0.9063066279660456,0.1957471337162657,2,2.3220709743961736
2011-06-14,1.1299170555287157,0.9063066279660456,0.19789986040881336,2,2.3539085788119554
2011-06-15,1.1303552765785225,0.6800835454323307,0.3983453171547279,4,2.364902696392343
2011-06-16,1.1207276456638473,0.6768034575755579,0.39610354023643024,4,2.3196794704688934
2011-06-17,1.1175391428250843,0.6768034575755579,0.3943805351957231,4,2.3030182819707807
2011-06-20,1.1148755499774645,0.6768034575755579,0.39293362600943343,4,2.289099955796847
2011-06-21,1.121061679294575,0.6768034575755579,0.39628347835291755,4,2.321424928311553
2011-06-22,1.1244735942370065,0.6768034575755579,0.39811529497516396,4,2.3392535334187174
2011-06-23,1.1229320114238819,0.5646996756006056,0.49712033332760325,5,2.330140883383015
2011-06-24,1.1321952342621526,0.6778878720415557,0.40126238697398103,4,2.3697537090979157
2011-06-27,1.1277364900086018,0.6778878720415557,0.3988951514405772,4,2.3464960500515706
2011-06-28,1.1261329065489913,0.6778878720415557,0.3980391940424443,4,2.3381314533770077
2011-06-29,1.1329796429734256,0.6778878720415557,0.4016769178107326,4,2.3738453343005137
2011-06-30,1.1343420370508994,0.6778878720415557,0.40239552983159177,4,2.3809518412313415
2011-07-01,1.1397850947288453,0.6778878720415557,0.4052493972972816,4,2.4093438665291456
2011-07-04,1.1440352427600078,0.6778878720415557,0.4074589254731894,4,2.431513447959288
2011-07-05,1.1476096259457247,0.6778878720415557,0.4093044736506804,4,2.4501581112786046
2011-07-06,1.1496608221325433,0.6778878720415557,0.41035837788738483,4,2.4608575411712703
2011-07-07,1.151703326810096,0.6778878720415557,0.4114040862249481,4,2.4715116344965944
2011-07-08,1.1516511777544989,0.6778878720415557,0.411377433431442,4,2.4712396150925433
2011-07-11,1.1466122752574304,0.6778878720415557,0.4087906726017211,4,2.4449557401761326
2011-07-12,1.1358500670770915,0.905557154956036,0.2027493934244978,2,2.3911979054505887
2011-07-13,1.1377911340247973,1.0214546156096498,0.10224769286399793,1,2.4137641818449715
2011-07-14,1.1378146237709132,1.0214546156096498,0.10226622661574374,1,2.4142515499438963
2011-07-15,1.1386411350702976,1.0214546156096498,0.10291786924895611,1,2.431400106540933
2011-07-18,1.1378370209706983,1.0214546156096498,0.10228389761985564,1,2.4147162497591497
2011-07-19,1.13782227159523,1.0214546156096498,0.10227226069536542,1,2.4144102279295923
2011-07-20,1.1389383131350552,1.1389383131350552,0.0,0,2.4424508948304977
2011-07-21,1.1389383131350552,1.1389383131350552,0.0,0,2.431218760271566
2011-07-22,1.1389383131350552,1.1389383131350552,0.0,0,2.460902877738612
2011-07-25,1.1389383131350552,1.1389383131350552,0.0,0,2.4373845334300515
2011-07-26,1.1389383131350552,1.1389383131350552,0.0,0,2.4580353398542427
2011-07-27,1.1389383131350552,1.1389383131350552,0.0,0,2.464393793423931
2011-07-28,1.1396272811147485,1.0250444818215496,0.1005440999807564,1,2.4434709675956885
2011-07-29,1.1384239717119615,1.0250444818215496,0.09959337883575307,1,2.417810470480228
2011-08-01,1.1405021253183647,1.0250444818215496,0.10123404501730827,1,2.4621269650568407
2011-08-02,1.137789364191234,1.0250444818215496,0.09909117268803606,1,2.4042775051286993
2011-08-03,1.1339341770556788,0.9114891993762304,0.19617097903957592,2,2.341928390891884
2011-08-04,1.1287893039596981,0.9114891993762304,0.192507232147928,2,2.2877625270602637
2011-08-05,1.1207452588094227,0.9114891993762304,0.1867115276985304,2,2.203073819265774
2011-08-08,1.112746429116362,0.9114891993762304,0.18086531169545175,2,2.118861145428374
2011-08-09,1.1054150656964776,0.9114891993762304,0.17543262466579682,2,2.041675639528953
2011-08-10,1.1059415028054826,0.9114891993762304,0.1758251254121288,2,2.047218034886489
2011-08-11,1.10714724833122,0.9114891993762304,0.1767226981324307,2,2.0599122737421935
2011-08-12,1.104549512658359,0.9114891993762304,0.17478647273808806,2,2.0325629894932504
2011-08-16,1.1138682030786997,0.9114891993762304,0.1816902602508085,2,2.130671321220914
2011-08-17,1.1152461979652566,0.9114891993762304,0.18270136133239157,2,2.145179022770291
2011-08-18,1.1097311344345986,0.7999737303269983,0.2791283352299743,3,2.108807761620329
2011-08-19,1.0904688981129949,0.7999737303269983,0.26639473009150916,3,1.977671740584162
2011-08-22,1.0847784639083933,0.7999737303269983,0.26254644893599766,3,1.9389316437905906
2011-08-23,1.0957630996257608,0.7999737303269983,0.2699391587467987,3,2.013714311620896
2011-08-24,1.0921170929235728,0.7999737303269983,0.2675018681508898,3,1.9888925410012581
2011-08-25,1.0935610654761052,0.8935730693092276,0.18287775825285846,2,2.0
2011-08-26,1.0951896839036732,0.8935730693092276,0.1840928722737847,2,2.016287161817543
2011-08-29,1.100918748727164,0.8935730693092276,0.18833876674156094,2,2.0735812487957475
2011-08-30,1.1025417004239473,0.8935730693092276,0.18953353966962652,2,2.089811739904113
2011-08-31,1.1064496585426693,0.9958456566880666,0.09996297707776593,1,2.1309433406249645
2011-09-01,1.1064843673422047,0.9958456566880666,0.09999120992544541,1,2.1316120549932562
2011-09-02,1.1057225386066427,0.9958456566880666,0.09937111534059503,1,2.1169343413163473
2011-09-05,1.1009033100338843,0.9958456566880666,0.095428592491546,1,2.0240850514003332
2011-09-06,1.099778509615047,0.9958456566880666,0.0945034404821748,1,2.002414172210951
2011-09-07,1.1037053102404333,0.9958456566880666,0.09772504721289262,1,2.078069568962586
2011-09-08,1.1035827780985914,0.8853304664469772,0.19776705108397044,2,2.0930079679017104
2011-09-09,1.0991270995601101,0.7753213185859001,0.2946026725242264,3,2.0548005757744052
2011-09-14,1.0877371977697898,0.7753213185859001,0.2872163237815553,3,1.982522753289735
2011-09-15,1.092188136339882,0.7753213185859001,0.29012109471895503,3,2.0107674347436784
2011-09-16,1.1037634080377354,0.8833550926549861,0.19968800721034058,2,2.0855954391413256
2011-09-19,1.1011787818790355,0.5529878749748399,0.49782189406952665,5,2.0638792233846015
2011-09-20,1.1063056345730167,0.5529878749748399,0.500149092896677,5,2.0831812669303744
2011-09-21,1.1112157324848686,0.5529878749748399,0.5023577701349995,5,2.101667252263995
2011-09-22,1.0950404068684494,0.5529878749748399,0.4950068769094545,5,2.040768908182117
2011-09-23,1.0639993157776437,0.5529878749748399,0.4802742193770318,5,1.9239025717167826
2011-09-26,1.0505334249378442,0.5529878749748399,0.47361229843062064,5,1.8732049552868106
2011-09-27,1.0755204345444476,0.5529878749748399,0.485841591462587,5,1.9672783325210532
2011-09-28,1.0717212048910096,0.5529878749748399,0.48401891046741324,5,1.9529746455247141
2011-09-29,1.085629636744324,0.5529878749748399,0.4906293488512475,5,2.0053383808044973
2011-09-30,1.0857380141353885,0.5529878749748399,0.49068019377105115,5,2.0057464099105737
2011-10-04,1.0666334884771351,0.5529878749748399,0.48155774129653717,5,1.9338199458228023
2011-10-05,1.0546909020784128,0.5529878749748399,0.4756872616563757,5,1.8888574051615683
2011-10-06,1.067876817991295,0.5529878749748399,0.48216136387806885,5,1.9385009464008434
2011-10-07,1.0827636568472774,0.5529878749748399,0.48928108966549994,5,1.9945482777771482
2011-10-10,1.0845619358764391,0.6576347560971092,0.39364020223919094,4,2.0021081503813942
2011-10-11,1.091252465169867,0.7658733355407223,0.29817035013844867,3,2.0345011277471126
2011-10-12,1.0938772213269181,0.7658733355407223,0.29985438894898414,3,2.0509129651248457
2011-10-13,1.0963424619164135,0.7658733355407223,0.30142873951815125,3,2.066327398021059
2011-10-14,1.098572054508384,0.7658733355407223,0.30284651571311433,3,2.0802683924786636
2011-10-17,1.1032940125870419,1.1032940125870419,0.0,0,2.1140214668646364
2011-10-18,1.1032940125870419,1.1032940125870419,0.0,0,2.0842353421210715
2011-10-19,1.1032940125870419,1.1032940125870419,0.0,0,2.103526051525009
2011-10-20,1.1032940125870419,1.1032940125870419,0.0,0,2.0459146085754116
2011-10-21,1.1032940125870419,1.1032940125870419,0.0,0,2.083645966745628
2011-10-24,1.1032940125870419,1.1032940125870419,0.0,0,2.151582812907321
2011-10-25,1.1032940125870419,1.1032940125870419,0.0,0,2.14062269775244
2011-10-26,1.1032940125870419,1.1032940125870419,0.0,0,2.147037822031305
2011-10-27,1.1032940125870419,1.1032940125870419,0.0,0,2.1784673973410102
2011-10-28,1.1032940125870419,1.1032940125870419,0.0,0,2.186899998866586
2011-10-31,1.1032940125870419,1.1032940125870419,0.0,0,2.1637216788130886
2011-11-01,1.1032940125870419,1.1032940125870419,0.0,0,2.164401727323216
2011-11-02,1.1032940125870419,1.1032940125870419,0.0,0,2.151231454510422
2011-11-03,1.1032940125870419,1.1032940125870419,0.0,0,2.119439186661982
2011-11-04,1.1032940125870419,1.1032940125870419,0.0,0,2.185687245690193
2011-11-07,1.102284838385323,0.9929646113283377,0.09917602351958545,1,2.1751351596413877
2011-11-08,1.1013756878335905,0.9929646113283377,0.09843242201804714,1,2.1570458692720083
2011-11-09,1.1003582601992525,0.8826976196092934,0.19780888503581112,2,2.1620215575377713
2011-11-10,1.0896003454116365,0.8826976196092934,0.18988863822742083,2,2.0551632683131396
2011-11-11,1.0953284672013939,0.8826976196092934,0.19412519071596887,2,2.1120606603271033
2011-11-14,1.0998196798238011,0.8826976196092934,0.1974160530108829,2,2.156671842591438
2011-11-15,1.0979152504877245,0.8826976196092934,0.1960239014649131,2,2.1377551598680706
2011-11-16,1.0944863648346925,0.8826976196092934,0.1935051472819279,2,2.1036960636525404
2011-11-17,1.0968369486767044,0.8826976196092934,0.19523351153128338,2,2.1270443958335696
2011-11-18,1.0925579732361486,0.8826976196092934,0.1920816641017688,2,2.0845413639506285
2011-11-21,1.090373984171289,0.8826976196092934,0.19046342592246884,2,2.0628478164775754
2011-11-22,1.091087146744715,0.8826976196092934,0.19099255981262056,2,2.069931655124732
2011-11-23,1.0861600491574295,0.8826976196092934,0.18732269678485108,2,2.020990830679255
2011-11-24,1.0875247570579374,0.8826976196092934,0.1883425054182302,2,2.0345464643144546
2011-11-25,1.0853955388787169,0.8826976196092934,0.18675027859320614,2,2.0133969556495033
2011-11-28,1.089831980615485,0.8826976196092934,0.1900608210168435,2,2.0574640991057365
2011-11-29,1.0945377125399791,0.8826976196092934,0.19354298212264479,2,2.1042061000351358
2011-11-30,1.0933114465608735,0.77335053747628,0.2926530313855802,3,2.093994038241395
2011-12-01,1.105253471851654,0.6629111823871058,0.40021795970790575,4,2.171825590225436
2011-12-02,1.105002861593706,0.7718388067915483,0.30150515114652937,3,2.17166691223974
2011-12-05,1.1061956892047908,0.7718388067915483,0.3022583487498502,3,2.1794421335388594
2011-12-06,1.1024866864528127,0.8803516994367078,0.2014854145139943,2,2.1566831767332735
2011-12-07,1.1044245685354415,0.8803516994367078,0.2028865306716898,2,2.1754978521801225
2011-12-08,1.1036038871474365,0.8803516994367078,0.20229376709408362,2,2.1675299504698002
2011-12-09,1.0992097978950186,0.8803516994367078,0.19910493781753305,2,2.1248682406011627
2011-12-12,1.1021294624062559,0.8803516994367078,0.20122659862966144,2,2.1532149293316256
2011-12-13,1.0969626718478487,0.7703997835778146,0.29769735712149115,3,2.112752042979066
2011-12-14,1.0959661095720548,0.660911290598521,0.39696010230043594,4,2.1056001994808966
2011-12-15,1.0869172503578777,0.660911290598521,0.3919396436288873,4,2.061805075428714
2011-12-16,1.0917999810673908,0.660911290598521,0.39465900159442613,4,2.0854367611556293
2011-12-19,1.0770393807498553,0.660911290598521,0.38636292933097577,4,2.013997665166782
2011-12-20,1.0808167642675746,0.660911290598521,0.38850755054082303,4,2.032279635947364
2011-12-21,1.0937788335611744,0.660911290598521,0.3957541777923273,4,2.095014111006585
2011-12-22,1.0937159622170607,0.5517015511584434,0.4955714552797649,5,2.093971369957724
2011-12-23,1.0995043260675748,0.5517015511584434,0.49822703005487196,5,2.1163336317990686
2011-12-26,1.0964179810241177,0.5517015511584434,0.4968145718997399,5,2.104410114588174
2011-12-27,1.0908048318941617,0.5506643248914936,0.4951761224459598,5,2.087771594373732
2011-12-28,1.0856387228542967,0.6556920124454116,0.3960311117850466,4,2.0686168946718198
2011-12-29,1.0857847773386342,0.6556920124454116,0.39611235474070866,4,2.069319611465618
2012-01-02,1.085401049755379,0.5469733695209343,0.4960633494465408,5,2.070033662401251
2012-01-03,1.09985841241393,0.5469733695209343,0.5026874701804054,5,2.125616293962303
2012-01-04,1.097149130953243,0.5469733695209343,0.5014594150517132,5,2.1152002176155236
2012-01-05,1.0958658522737763,0.4371641180069572,0.6010788025743299,6,2.1123893504403317
2012-01-06,1.088585193101415,0.4371641180069572,0.5984107438008942,6,2.089041018259303
2012-01-09,1.0827005826538512,0.4371641180069572,0.5962280569431241,6,2.070169672103277
2012-01-10,1.0919311297744865,0.5452666300006549,0.5006400906316617,5,2.1004658332294373
2012-01-11,1.0894508710100463,0.6539265131506163,0.39976502791323565,4,2.0917725464416463
2012-01-12,1.0939393288066308,0.6539265131506163,0.40222780557311233,4,2.1133300842126737
2012-01-13,1.0965611356478533,0.6539265131506163,0.40365704027594096,4,2.12592231579186
2012-01-16,1.092688601870674,0.6539265131506163,0.40154357606448954,4,2.107322989039885
2012-01-17,1.1005870604643482,0.6539265131506163,0.4058384505495471,4,2.145258361763139
2012-01-18,1.100504465289332,0.6539265131506163,0.4057938574754502,4,2.1448616667988984
2012-01-19,1.1056063204067794,0.7670566006270131,0.306211816567045,3,2.170454159063347
2012-01-20,1.1117798668407755,0.7670566006270131,0.31006431803206264,3,2.2100329823527414
2012-01-25,1.1121935580966618,0.7670566006270131,0.31032094634704993,3,2.212685171542237
2012-01-26,1.112837989914131,0.8821680667022811,0.20728077698861516,2,2.218295571750785
2012-01-27,1.113739605970176,0.8821680667022811,0.20792251440692328,2,2.2269661902549047
2012-01-30,1.109743220618279,0.7708907499178069,0.305343132001009,3,2.19944689387843
2012-01-31,1.1121726737823174,0.8865118478972995,0.20290089048635074,2,2.216720126035657
2012-02-01,1.1129562474849963,0.7753778855345802,0.30331683092957074,3,2.220630404968888
2012-02-02,1.117167569095696,0.6636861415489662,0.405920687362779,4,2.249033764408528
2012-02-03,1.114203046951207,0.7790783934803698,0.30077520824219484,3,2.2354781307733287
2012-02-06,1.1143372775991898,0.7790783934803698,0.3008594353418081,3,2.2363735279783294
2012-02-07,1.1157747349180918,0.7790783934803698,0.3017601410937473,3,2.2459622119711207
2012-02-08,1.1195365913058566,0.7790783934803698,0.3041063601399286,3,2.271056001994809
2012-02-09,1.1213869353014645,0.7790783934803698,0.30525461911955604,3,2.283398882453615
2012-02-10,1.1178340709352421,0.7790783934803698,0.3030464773465444,3,2.2596991918756872
2012-02-13,1.1198781148532553,0.7790783934803698,0.3043185832929173,3,2.273334164503735
2012-02-14,1.1193513869940832,0.7790783934803698,0.303991219796927,3,2.269820580534745
2012-02-15,1.1232049959766717,0.7790783934803698,0.30637915939562754,3,2.2955264142175476
2012-02-16,1.1184695426105016,0.7790783934803698,0.30344245971865685,3,2.263938160922146
2012-02-17,1.1228906583832947,0.7790783934803698,0.30618498990626203,3,2.293429597977989
2012-02-20,1.1231336328473644,0.7790783934803698,0.3063350872101898,3,2.295050380260459
2012-02-21,1.1230214907870246,0.7790783934803698,0.30626581960209515,3,2.294302326899319
2012-02-22,1.1237708036447502,0.7790783934803698,0.30672839074162805,3,2.299300683448753
2012-02-23,1.1202281340112858,0.7790783934803698,0.3045359513595997,3,2.2756689977218376
2012-02-24,1.1220530811753704,0.8934948453371843,0.2036964557851107,2,2.289371975200898
2012-02-27,1.1188021724052735,0.8934948453371843,0.20138263280603827,2,2.2568089857076474
2012-02-28,1.1199918904505926,1.0073163015223388,0.10060393284001583,1,2.2710106654274673
2012-02-29,1.1212571282933184,1.1212571282933184,0.0,0,2.301114146142425
2012-03-02,1.1212571282933184,1.1212571282933184,0.0,0,2.3060785002663526
2012-03-05,1.1212571282933184,1.1212571282933184,0.0,0,2.28503099887792
2012-03-06,1.1212571282933184,1.1212571282933184,0.0,0,2.267236396196262
2012-03-07,1.1212571282933184,1.1212571282933184,0.0,0,2.246596923913906
2012-03-08,1.1212571282933184,1.1212571282933184,0.0,0,2.26768976186968
2012-03-09,1.1208794014630314,0.8970057026346547,0.19973040680037907,2,2.287569846649061
2012-03-12,1.11912683522338,0.8970057026346547,0.1984771748810665,2,2.2696619025490485
2012-03-13,1.1216270151627308,0.8970057026346547,0.20026382165508647,2,2.295209058246155
2012-03-14,1.1238498903173266,0.8970057026346547,0.2018456287063576,2,2.3179226784843987
2012-03-15,1.1237034733909759,0.8970057026346547,0.20174163035397605,2,2.3164265717621193
2012-03-16,1.1226696811534094,0.8970057026346547,0.20100656703128555,2,2.305863151571479
2012-03-19,1.1240628603920184,0.8970057026346547,0.20199685067272588,2,2.320098833716805
2012-03-20,1.1235248891095937,0.8970057026346547,0.20161474718593736,2,2.3146017749266115
2012-03-21,1.1218699341541762,0.8970057026346547,0.2004369888823661,2,2.2976912353081187
2012-03-22,1.121746810829745,0.8970057026346547,0.20034922856509074,2,2.2964331455643836
2012-03-23,1.1218255653886153,0.8970057026346547,0.20040536576297405,2,2.2972378696347007
2012-03-26,1.1209781219664041,0.8970057026346547,0.19980088365940646,2,2.288578585272416
2012-03-27,1.123259785735368,0.8970057026346547,0.20142631826936705,2,2.3118929150279386
2012-03-28,1.1223701919858742,0.8970057026346547,0.20079336653842259,2,2.302802933275907
2012-03-29,1.1204479152179527,0.8970057026346547,0.19942222172802504,2,2.283160865475071
2012-03-30,1.120324456515397,0.7849931893898049,0.2993162071714387,3,2.282741502227159
2012-04-02,1.1228635331095387,0.7849931893898049,0.30090062929025013,3,2.3000260685262215
2012-04-03,1.1261918046581876,0.7849931893898049,0.30296670057188024,3,2.3226830180552884
2012-04-04,1.1210853470095101,0.7849931893898049,0.29979176742986563,3,2.28792120504596
2012-04-05,1.1223268846575651,1.0095781705542015,0.10045978194469131,1,2.299436693150778
2012-04-06,1.1222671261727013,0.8973590979418711,0.20040507557041287,2,2.2997313808385
2012-04-09,1.1187256253067828,0.8973590979418711,0.19787383283028606,2,2.263518797674234
2012-04-10,1.1184296688963913,0.8973590979418711,0.19766157596003447,2,2.260492581804169
2012-04-12,1.117567294037648,0.8973590979418711,0.19704244860297312,2,2.251674619456188
2012-04-13,1.1200369228105016,0.8973590979418711,0.19881293226464927,2,2.2769270874655727
2012-04-16,1.1182323646227972,0.8973590979418711,0.19752000896113497,2,2.2584751045574585
2012-04-17,1.11741987005794,0.8973590979418711,0.1969365124182537,2,2.250167178592073
2012-04-18,1.1195514212833428,0.8973590979418711,0.19846549172951108,2,2.271962733341645
2012-04-19,1.1190337746779018,0.8973590979418711,0.19809471505883422,2,2.2666696891044893
2012-04-20,1.1152549076185503,0.7855847441675998,0.29560072876514737,3,2.238096317537318
2012-04-23,1.1149176662187221,0.7855847441675998,0.29538766137598765,3,2.2358068208865567
2012-04-24,1.1133800457769307,0.7855847441675998,0.29441456477746664,3,2.2253680762561063
2012-04-25,1.113139636066162,0.7855847441675998,0.2942621763574442,3,2.2237359598318016
2012-04-26,1.1125410784890466,0.6740230249979414,0.39415897711090453,4,2.2260707930499044
2012-04-27,1.114846741788332,0.7835833675006753,0.29713803868348343,3,2.238889707465799
2012-04-30,1.1159602603067063,0.7835833675006753,0.29783936276967576,3,2.2464155776445387
2012-05-02,1.1188245519172224,0.7835833675006753,0.29963695723523087,3,2.265774291899489
2012-05-03,1.118160465571927,0.7835833675006753,0.29922100483146596,3,2.2612859717326503
2012-05-04,1.1171609820825432,0.7835833675006753,0.2985940432327246,3,2.2545308231987216
2012-05-07,1.111459296187217,0.8914999037759199,0.19790143747580524,2,2.217456845254962
2012-05-08,1.1126476642321288,0.8914999037759199,0.19875812223883965,2,2.2294370331750333
2012-05-09,1.1107678616104706,0.8914999037759199,0.19740214441984338,2,2.2104863480261594
2012-05-10,1.11016524545903,0.8914999037759199,0.196966480960856,2,2.2044112480023577
2012-05-11,1.107039736315364,0.8914999037759199,0.194699273629364,2,2.1729023336998043
2012-05-14,1.1066574798013904,0.8914999037759199,0.19442111037290813,2,2.1690487254757507
2012-05-15,1.1049969125333348,0.8914999037759199,0.19321050252343955,2,2.1523081979847896
2012-05-16,1.0955127039118424,0.7811381621527763,0.28696567427881164,3,2.08608280724025
2012-05-17,1.0963172026658345,0.7811381621527763,0.2874889126492408,3,2.0914211880447473
2012-05-18,1.0853939550190186,0.880945010517203,0.1883638134857986,2,2.0202654456017863
2012-05-21,1.0873060113371662,0.880945010517203,0.18979109714125553,2,2.0391594600414833
2012-05-22,1.0906965563140374,0.880945010517203,0.19230971674255645,2,2.072663183307076
2012-05-23,1.0883945185032862,0.880945010517203,0.19060138989983053,2,2.049915560643326
2012-05-24,1.0890886550974075,0.8741140633416172,0.19738943266887957,2,2.0565460336170647
2012-05-25,1.0902378907089256,0.8741140633416172,0.19823547613702378,2,2.067540151197452
2012-05-29,1.0932875118058818,0.8741140633416172,0.20047192170176345,2,2.096714232281903
2012-05-30,1.0926891984205038,0.8741140633416172,0.20003413175021742,2,2.090990490655
2012-05-31,1.0937100899590324,0.7651397980321283,0.3004180860571667,3,2.0894150449398725
2012-06-01,1.0921131071951875,0.7651397980321283,0.29939509654160856,3,2.0792596538553085
2012-06-04,1.0829554091587648,0.7651397980321283,0.29347063456058115,3,2.0210248331047618
2012-06-05,1.0862919624332263,0.7651397980321283,0.29564074439226923,3,2.042242346620726
2012-06-07,1.0947920962188378,0.655839726440244,0.40094587026581124,4,2.0944927404821545
2012-06-08,1.0918680432563797,0.655839726440244,0.39934158665888575,4,2.0805404118827147
2012-06-11,1.0993266348909194,0.655839726440244,0.40341686844936697,4,2.11612961724603
2012-06-12,1.0964049572761156,0.655839726440244,0.40182710586278464,4,2.1021886227884257
2012-06-13,1.0974928665017905,0.655839726440244,0.40242005532964975,4,2.107379659749062
2012-06-14,1.1008229591162428,0.6551907819462428,0.40481729916658005,4,2.1211619762209706
2012-06-15,1.0976512337438613,0.6551907819462428,0.40309748506224286,4,2.10606489929615
2012-06-18,1.1056400765549272,0.6551907819462428,0.40741042601516664,4,2.1440909451540877
2012-06-19,1.105654363606154,0.6551907819462428,0.4074180833426994,4,2.1441589500051004
2012-06-20,1.1085951149837,0.6551907819462428,0.4089900152988891,4,2.1581566151718823
2012-06-21,1.1050304957025776,0.6551907819462428,0.40708352892136884,4,2.1411894048442126
2012-06-22,1.094864652675671,0.7659964130503777,0.3003734195104324,3,2.0938580285393695
2012-06-25,1.0909464816591812,0.7659964130503777,0.2978606870930998,3,2.068911582359542
2012-06-26,1.089598887175091,0.7659964130503777,0.29699229499370133,3,2.0603316369901052
2012-06-27,1.0895704043326266,0.7659964130503777,0.296973917422474,3,2.0601502907207383
2012-06-28,1.0896253548160717,0.8744873451624856,0.19744218386869436,2,2.0618844144215625
2012-06-29,1.0937443847505666,0.8744873451624856,0.20046460822569945,2,2.1013612304344376
2012-07-02,1.0934652888376926,0.8744873451624856,0.2002605349347405,2,2.0986863729612715
2012-07-03,1.0953775688848006,0.8744873451624856,0.20165669810748685,2,2.1170136803091952
2012-07-04,1.0959393291051254,0.985420073727078,0.10084431906307299,1,2.1245282163460995
2012-07-05,1.0960006484391132,0.985420073727078,0.10089462526278628,1,2.125706967096986
2012-07-06,1.0949812145115683,0.985420073727078,0.10005755288994754,1,2.1061102358634916
2012-07-09,1.0936799474912724,0.985420073727078,0.09898679592007271,1,2.0810957848326517
2012-07-10,1.0932860886921978,0.985420073727078,0.09866220386481865,1,2.07352457808657
2012-07-11,1.0928902971548846,1.0928902971548846,0.0,0,2.0700563306849222
2012-07-12,1.0928902971548846,1.0928902971548846,0.0,0,2.0235863491595736
2012-07-13,1.0928902971548846,1.0928902971548846,0.0,0,2.0547552392070636
2012-07-16,1.0928902971548846,1.0928902971548846,0.0,0,2.0603089687064347
2012-07-17,1.0934760317584942,0.9836012674393961,0.10048209666050105,1,2.0650353058518176
2012-07-18,1.0918447597356005,0.9836012674393961,0.09913817081689928,1,2.034376452186923
2012-07-19,1.093536337563407,0.9836012674393961,0.10053170283208498,1,2.0661687200353627
2012-07-20,1.0935345283892597,0.9836012674393961,0.1005302147265452,1,2.0661347176098563
2012-07-23,1.091514886982727,0.9836012674393961,0.09886591637942405,1,2.028176676602931
2012-07-24,1.0921451832025,0.8744797507261651,0.19930082174429772,2,2.0332657062870485
2012-07-25,1.089157930105909,0.8744797507261651,0.19710472966842257,2,2.0053610490881684
2012-07-26,1.090754690900025,0.8744797507261651,0.19828009173666983,2,2.0202767797436216
2012-07-27,1.0964197943557452,0.8744797507261651,0.20242250712008694,2,2.073195887973342
2012-07-30,1.0977844976213877,0.7646211893743674,0.3034869858054092,3,2.089777737478607
2012-07-31,1.1046870398713384,0.7646211893743674,0.307839087653801,3,2.1330741592900293
2012-08-01,1.1043148085353462,0.7646211893743674,0.30760578101050257,3,2.1307393260719265
2012-08-02,1.1024120920460274,0.7646211893743674,0.3064107379707122,3,2.1188044747191968
2012-08-03,1.098668095307311,0.7646211893743674,0.3040471525110651,3,2.0953201328361426
2012-08-06,1.1053899427339642,0.7646211893743674,0.30827922363466814,3,2.13748314046402
2012-08-07,1.1055561819713975,0.7646211893743674,0.3083832356570827,3,2.1385258815128814
2012-08-08,1.1085249979181695,0.7646211893743674,0.31023550140020273,3,2.1571478765485272
2012-08-09,1.1152757565165503,0.7646211893743674,0.31441064247412365,3,2.1994922304457716
2012-08-10,1.1163255934399066,0.7646211893743674,0.3150553979343769,3,2.206077366852169
2012-08-13,1.113570019007387,0.8809254643209504,0.20891776063961473,2,2.1902549048498794
2012-08-14,1.1165219577381684,0.8809254643209504,0.21100927911394188,2,2.2180462206304052
2012-08-16,1.1166363273056334,0.8809254643209504,0.21109009014012386,2,2.219122964104773
2012-08-17,1.1152675041666047,0.8809254643209504,0.210121821867991,2,2.206236044837865
2012-08-20,1.1152398146923763,0.8809254643209504,0.21010221056002942,2,2.2059753595756497
2012-08-21,1.1146306286258654,0.9992802801730424,0.10348751011357796,1,2.2024731097484955
2012-08-22,1.1141539644817766,0.9992802801730424,0.1031039586725028,1,2.1933717938546287
2012-08-23,1.1145902635426799,0.9992802801730424,0.103455042755469,1,2.201702388103685
2012-08-24,1.1132410012767846,0.9992802801730424,0.10236841885363536,1,2.1759398837117048
2012-08-27,1.1128981509450813,1.1128981509450813,0.0,0,2.1737410601956273
2012-08-28,1.1128981509450813,1.1128981509450813,0.0,0,2.171995602352968
2012-08-29,1.1128981509450813,1.1128981509450813,0.0,0,2.1858345895340534
2012-08-30,1.1128981509450813,1.1128981509450813,0.0,0,2.1607181312266945
2012-08-31,1.1128981509450813,1.1128981509450813,0.0,0,2.1592900293554274
2012-09-03,1.1128981509450813,1.1128981509450813,0.0,0,2.1678926430085346
2012-09-04,1.1128981509450813,1.1128981509450813,0.0,0,2.1615681918643532
2012-09-05,1.1128981509450813,1.1128981509450813,0.0,0,2.1240521823890104
2012-09-06,1.1128981509450813,1.1128981509450813,0.0,0,2.1322240986523706
2012-09-07,1.113325622211389,1.0016083358505732,0.10034556299792399,1,2.1870133402849405
2012-09-10,1.1130430838572183,1.0016083358505732,0.10011719188844988,1,2.1814822790692405
2012-09-11,1.112770966999718,1.0016083358505732,0.09989713467171435,1,2.1761552324065785
2012-09-12,1.1145096200275348,1.0016083358505732,0.10130130969544471,1,2.2101916603384377
2012-09-13,1.1145478321819924,1.0016083358505732,0.10133212148491941,1,2.2109397136995774
2012-09-14,1.117841604101823,1.0016083358505732,0.10398008789862709,1,2.2754196466014576
2012-09-17,1.117538801726349,1.0016083358505732,0.10373730710440576,1,2.269491890421517
2012-09-18,1.1176899134280673,1.0016083358505732,0.10385848184087158,1,2.2724501014405694
2012-09-19,1.11785897326294,1.0016083358505732,0.10399401015052974,1,2.2757596708565213
2012-09-20,1.1168428773375925,1.0016083358505732,0.10317883009803792,1,2.2558682519353046
2012-09-21,1.1175399596704236,1.0016083358505732,0.10373823577104127,1,2.2695145587051875
2012-09-24,1.1176019096784078,1.0016083358505732,0.1037879166305397,1,2.270727311881581
2012-09-25,1.1169054063176138,1.0016083358505732,0.10322903785305315,1,2.257092339253534
2012-09-26,1.116270273992767,1.0016083358505732,0.10271879563007758,1,2.244658785660044
2012-09-27,1.1176026940326103,0.8900437795341142,0.20361342694817813,2,2.254020786816126
2012-09-28,1.118462033021841,0.8900437795341142,0.20422530827496269,2,2.26253272733455
2012-10-02,1.118441436348331,0.8900437795341142,0.2042106536752845,2,2.2623287127815117
2012-10-04,1.1174968447945592,0.7781687408890158,0.30365016732367195,3,2.258531775266636
2012-10-05,1.117920860180233,0.7781687408890158,0.30391428534256165,3,2.261353976583663
2012-10-08,1.1154299530117968,0.8926851381984334,0.19969413069097275,2,2.2463022362261844
2012-10-09,1.1151096412274808,0.8926851381984334,0.19946424531332071,2,2.243072005803081
2012-10-10,1.1116457783528773,0.8926851381984334,0.19696979417209434,2,2.208140180666221
2012-10-11,1.1099453161435084,0.8926851381984334,0.1957395330969482,2,2.190991624069184
2012-10-12,1.1099644224604674,0.8926851381984334,0.19575337719418903,2,2.1911843044803865
2012-10-15,1.1091023903953083,0.8926851381984334,0.1951282893906116,2,2.1824910176925956
2012-10-16,1.1108950124864805,0.8926851381984334,0.19642708972077824,2,2.2005689739201397
2012-10-17,1.112424641744214,0.8926851381984334,0.1975320352498148,2,2.2159947409581884
2012-10-18,1.1128708304402612,0.8926851381984334,0.19785377262042222,2,2.2204943952668623
2012-10-19,1.1111535097159284,0.8926851381984334,0.19661403182117243,2,2.203175826542293
2012-10-22,1.1124499667706,0.7819391010946519,0.2971017803482961,3,2.200625644629317
2012-10-23,1.1099340130446895,0.7819391010946519,0.2955084789683182,3,2.1838737829965202
2012-10-24,1.1079194892067534,0.6712801956678158,0.3941074218773441,4,2.169309410737966
2012-10-25,1.1103240212523031,0.6712801956678158,0.39541955067251644,4,2.1812555962325315
2012-10-26,1.1025657904730197,0.7779865482286717,0.294385373688311,3,2.143773589182695
2012-10-29,1.1025812349419146,0.7779865482286717,0.2943952576250247,3,2.143875596459214
2012-10-30,1.1039643729340631,0.7779865482286717,0.29527929768152145,3,2.1530109147785876
2012-10-31,1.10589238548841,0.8845831606399098,0.20011822827657905,2,2.16715592378923
2012-11-01,1.1037982413172798,0.7740921886370435,0.2987013752502114,3,2.151718822609346
2012-11-02,1.1073203114108066,0.7740921886370435,0.3009320061592713,3,2.1747044622516407
2012-11-05,1.1054967544097203,0.7740921886370435,0.2997788681429735,3,2.1628036133244173
2012-11-06,1.1089615127117844,0.7740921886370435,0.3019665878718122,3,2.1854152262861417
2012-11-07,1.1105843945211418,0.6630984336482831,0.40292837093736067,4,2.1960466513277948
2012-11-08,1.105240106562329,0.6630984336482831,0.40004128540834094,4,2.1698194471205614
2012-11-09,1.1029305612041558,0.6630984336482831,0.3987849670931897,4,2.1584853052851107
2012-11-12,1.1021129821473623,0.6630984336482831,0.39833896851818323,4,2.1544730190753607
2012-11-13,1.0995332199822827,0.6630984336482831,0.39692733098235283,4,2.1418127826451623
2012-11-14,1.10053556266773,0.6630984336482831,0.39747659581221223,4,2.146731800201748
2012-11-15,1.09514970289247,0.6630984336482831,0.3945134332804625,4,2.120300581441476
2012-11-16,1.0926503135910184,0.7705076558152492,0.2948268570179973,3,2.109091115166215
2012-11-19,1.0956400567162836,0.7705076558152492,0.2967511080924523,3,2.128665178116039
2012-11-20,1.0975124093094728,0.8797435137622976,0.19842044035218684,2,2.142356821453264
2012-11-21,1.0968050158238472,0.8797435137622976,0.19790345497144485,2,2.135397658366297
2012-11-22,1.0985861727111064,0.8797435137622976,0.1992039080637122,2,2.152920241643904
2012-11-23,1.0999491148829224,0.8797435137622976,0.2001961710238415,2,2.1663285314352425
2012-11-26,1.0996242208064624,0.8797435137622976,0.19995986163610016,2,2.1631323034376453
2012-11-27,1.1017891986201864,0.7696816648774014,0.30142565761099877,3,2.182048986161013
2012-11-28,1.099425072763901,0.8802640070694586,0.19934152051260956,2,2.167971982001383
2012-11-29,1.1019537925957041,0.8802640070694586,0.20117883981690812,2,2.192986433032223
2012-11-30,1.1017303669648923,0.8802640070694586,0.20101684271945916,2,2.19077627537431
2012-12-03,1.1025461569604718,0.8802640070694586,0.20160802202041728,2,2.1988461843611513
2012-12-04,1.1017698994207525,0.9908941365630253,0.10063422763321035,1,2.193360459712793
2012-12-05,1.1030023276939034,0.8807270586224043,0.2015184043502609,2,2.206802751929638
2012-12-06,1.1032968620610475,0.8807270586224043,0.20173156572100176,2,2.209726960523184
2012-12-07,1.104190739617148,0.8807270586224043,0.20237778943176468,2,2.2186015935803423
2012-12-10,1.1041873147989254,0.8807270586224043,0.20237531547553925,2,2.218567591154836
2012-12-11,1.1050092711723511,0.8807270586224043,0.20296862515189243,2,2.2267281732763604
2012-12-12,1.1062444889446381,0.8807270586224043,0.20385857970454463,2,2.2389917147423186
2012-12-13,1.1093644983454332,0.8807270586224043,0.2060976712920156,2,2.269967924378606
2012-12-14,1.1084820368500747,0.8807270586224043,0.2054656464031405,2,2.261206632739802
2012-12-17,1.1071155343792545,0.8807270586224043,0.20448495999451702,2,2.2476396649627675
2012-12-18,1.1082594236656051,0.8807270586224043,0.20530605035654018,2,2.258996475081889
2012-12-20,1.108991193159169,0.8807270586224043,0.2058304303449981,2,2.2662616599984133
2012-12-21,1.1068130087695909,0.8807270586224043,0.20426752157396413,2,2.244636117376373
2012-12-24,1.1066170540920195,0.7700021483934106,0.3041837322621074,3,2.246222897233336
2012-12-26,1.106462944936159,0.8833476325152393,0.20164734249983668,2,2.2467102653322604
2012-12-27,1.1070369835757585,0.8833476325152393,0.20206131717297907,2,2.2524906776683404
2012-12-28,1.1081287825569581,0.8833476325152393,0.20284749713209901,2,2.263484795248728
2013-01-02,1.1119613346507569,0.8833476325152393,0.20559501037625577,2,2.3020775481984384
2013-01-03,1.1106455480435173,0.8833476325152393,0.20465387533284568,2,2.288827936392796
2013-01-04,1.1098047502713977,0.8833476325152393,0.20405131416204456,2,2.2803613324417142
2013-01-07,1.1094983435343244,0.9974902327460315,0.10095383327161113,1,2.279579276655068
2013-01-08,1.1087570990572122,0.9974902327460315,0.10035278818579106,1,2.264493533872083
2013-01-09,1.1084157144858597,0.9974902327460315,0.10007570290654103,1,2.2575457049269514
2013-01-10,1.1092505194980247,0.9974902327460315,0.10075297219835302,1,2.2745355835382925
2013-01-11,1.108686371747976,0.9974902327460315,0.10029539627751581,1,2.263054097858981
2013-01-14,1.1092638852887464,0.9974902327460315,0.10076380744480808,1,2.274807602942343
2013-01-15,1.1079662897728397,0.9974902327460315,0.0997106663321486,1,2.2483990524657425
2013-01-16,1.1076159946743398,0.9974902327460315,0.09942594045031576,1,2.241269877251244
2013-01-17,1.106693766544518,0.8866939936043103,0.19879010760774704,2,2.2376656201475704
2013-01-18,1.1079969670640097,0.7758755189560714,0.2997494198815359,3,2.2530573847601127
2013-01-21,1.1078315621121133,0.7758755189560714,0.29964486886721126,3,2.2519353047184034
2013-01-22,1.1094455134609187,0.7758755189560714,0.30066370133335774,3,2.2628840857314487
2013-01-23,1.1065333425757924,0.8859455444232539,0.1993503400801763,2,2.2446247832345376
2013-01-24,1.104758980890803,0.8859455444232539,0.1980644106564426,2,2.226569495290664
2013-01-25,1.1027774432651931,0.8859455444232539,0.1966234439833352,2,2.206406056965397
2013-01-28,1.1019999765632957,0.8859455444232539,0.1960566576542321,2,2.1984948259642523
2013-01-29,1.1041468897811018,0.7756742604217647,0.297489973842572,3,2.21691280644686
2013-01-30,1.1055692926782337,0.7756742604217647,0.2983938089102498,3,2.226512824581487
2013-01-31,1.1051511364546376,0.7756742604217647,0.2981283420563145,3,2.2236906232644595
2013-02-01,1.104454209415311,0.7756742604217647,0.2976854505969964,3,2.2189869544027476
2013-02-04,1.1036850706586565,0.7756742604217647,0.29719601991276534,3,2.213795917442111
2013-02-05,1.1008644698991983,0.5554843759994613,0.49541075110696897,5,2.196760702263428
2013-02-06,1.1003045082925054,0.5554843759994613,0.49515395800614925,5,2.1945052080381737
2013-02-07,1.099060774472614,0.5554843759994613,0.49458265739125173,5,2.189495517346904
2013-02-08,1.1044437219781615,0.5554843759994613,0.4970460106337178,5,2.2111777306781217
2013-02-12,1.103005830616251,0.5554843759994613,0.49639035390310554,5,2.2053859842002064
2013-02-13,1.1115262514457322,0.5554843759994613,0.5002507810526672,5,2.2397057656779515
2013-02-14,1.1123016665052758,0.6656124521209373,0.4015899893306685,4,2.243718051887701
2013-02-15,1.1124354546975124,0.7756292524258896,0.30276471398801774,3,2.2454975121558673
2013-02-18,1.112559556761766,0.7756292524258896,0.30284248810603126,3,2.246324904509855
2013-02-19,1.1132259678465262,0.7756292524258896,0.3032598278979232,3,2.250767888109352
2013-02-20,1.1198237775913054,0.7756292524258896,0.30736490156135454,3,2.2947556925727373
2013-02-21,1.1182223509539484,0.7756292524258896,0.30637296619567195,3,2.284078930963742
2013-02-22,1.1188462613317722,0.7756292524258896,0.30675975848312576,3,2.288238561017353
2013-02-25,1.1172533348358027,0.7756292524258896,0.3057713696241684,3,2.277618470117535
2013-02-26,1.1154104095648352,0.8885022436035032,0.20343020292401406,2,2.2668397012320214
2013-02-27,1.115867627233159,0.8885022436035032,0.20375659090802545,2,2.271407360391708
2013-02-28,1.1184146586609178,0.8885022436035032,0.20556992281618489,2,2.2968525088122953
2013-03-04,1.1158303643380107,0.7766374063131745,0.30398254866103186,3,2.281732763603804
2013-03-05,1.1164133351224859,0.7766374063131745,0.3043459963437585,3,2.28565437667887
2013-03-06,1.1166506731985189,1.0054389435405546,0.09959402015977918,1,2.2903353772569113
2013-03-07,1.1157513988422876,1.0054389435405546,0.09886831010581201,1,2.2718153894977844
2013-03-08,1.115840005434303,1.0054389435405546,0.09893986714589822,1,2.273640186333292
2013-03-11,1.1156936119344514,1.0054389435405546,0.09882163634757306,1,2.270625304605062
2013-03-12,1.1151427100797464,1.0054389435405546,0.09837643697760141,1,2.2592798286277755
2013-03-13,1.1154943846902923,1.0054389435405546,0.098660685934599,1,2.2665223452606287
2013-03-14,1.1154104834389686,0.7823363242122745,0.29861128631298073,3,2.269242539301137
2013-03-15,1.108280426663045,0.4473348767536278,0.5963703174831645,6,2.251527275612327
2013-03-18,1.1021850214406235,0.4473348767536278,0.5941381273999409,6,2.230763127769781
2013-03-19,1.1056386407751613,0.4473348767536278,0.5954058946058524,6,2.242527966994979
2013-03-20,1.0992670790934271,0.4473348767536278,0.5930607899924122,6,2.2208230853800908
2013-03-21,1.0964090260988528,0.4473348767536278,0.5920000053763731,6,2.211087057543438
2013-03-22,1.0957069897986722,0.4473348767536278,0.5917385935122835,6,2.208695553616158
2013-03-25,1.105342521198308,0.4473348767536278,0.595297504461631,6,2.241519228371624
2013-03-26,1.1073488145111465,0.4473348767536278,0.5960307439791592,6,2.248353715898401
2013-03-27,1.1104530168469455,0.33632683331083146,0.697126462616304,7,2.2593931700461303
2013-03-28,1.1104840837938728,0.33632683331083146,0.6971349358184407,7,2.2594838431808135
2013-03-29,1.1143323680129749,0.3348690305140179,0.6994890930870648,7,2.2723707624477214
2013-04-01,1.1108722162322084,0.3348690305140179,0.698553059820141,7,2.26228337621417
2013-04-02,1.1070466102184173,0.3348690305140179,0.697511353701766,7,2.2511305806480864
2013-04-03,1.1046321230632106,0.11310514010808063,0.8976083188723197,9,2.247809677090299
2013-04-04,1.0927481180688863,0.11310514010808063,0.8964947747446493,9,2.2208684219474324
2013-04-05,1.076639466789243,0.11310514010808063,0.8949461322968375,9,2.1843498169536093
2013-04-08,1.0723698242712991,0.11310514010808063,0.8945278601205154,9,2.1746704598261344
2013-04-09,1.0733947384588618,0.11310514010808063,0.8946285685446226,9,2.176993958902402
2013-04-10,1.080383161318125,0.32815215537052733,0.6962631711418343,7,2.193813825386211
2013-04-11,1.0852607955805726,0.6518696539261969,0.3993428523533168,4,2.209930975076222
2013-04-12,1.0758162991657,0.43462100400629605,0.5960081620409112,6,2.180949574402974
2013-04-15,1.0745879027726466,0.32731161626251476,0.695407313428723,7,2.176665268789174
2013-04-16,1.0752727455252609,0.32731161626251476,0.6956013089473163,7,2.178660077752213
2013-04-17,1.0759070033018294,0.32731161626251476,0.695780754974143,7,2.1805075428713914
2013-04-18,1.0666538438375317,0.32731161626251476,0.6931416708864647,7,2.1535549535866894
2013-04-19,1.0694588135709506,0.22067385905798637,0.7936583847290476,8,2.161137494474606
2013-04-22,1.0781658982492113,0.22067385905798637,0.7953247645688577,8,2.183307075904748
2013-04-23,1.0745337440787903,0.32717120552798595,0.695522632648011,7,2.1746024549751217
2013-04-24,1.0810310922611013,0.32717120552798595,0.6973526405760728,7,2.1935078035566535
2013-04-25,1.087708541373836,0.3270250618434794,0.6993449537222273,7,2.211971120606603
2013-04-26,1.0849645304618185,0.3270250618434794,0.6985845595299967,7,2.203991884754446
2013-04-29,1.0834600017515361,0.3270250618434794,0.6981660039920197,7,2.199616906005962
2013-04-30,1.0920855613976164,0.5449345198275194,0.5010148113943291,5,2.2259687857733854
2013-05-02,1.0902078160272237,0.5449345198275194,0.5001553723827716,5,2.218329574176291
2013-05-03,1.0925758925329117,0.5449345198275194,0.5012387482171135,5,2.2279635947364245
2013-05-06,1.0913974262247867,0.5449345198275194,0.5007001970744218,5,2.223169252740029
2013-05-07,1.0894110279323685,0.5449345198275194,0.4997897892939732,5,2.2150880096113523
2013-05-08,1.089485042223076,0.43578781227414165,0.6000056949979561,6,2.217468179396797
2013-05-09,1.0971698981043023,0.43578781227414165,0.6028073564293928,6,2.243536705618334
2013-05-10,1.0832242694583059,0.5415362920059847,0.5000700157163264,5,2.2042072334493197
2013-05-13,1.0841066578807084,0.6502380123341633,0.40020845033338637,4,2.2086842194743226
2013-05-14,1.0885885051813968,0.6502380123341633,0.402677862903016,4,2.2314998469890854
2013-05-15,1.089129532947948,0.6502380123341633,0.4029745841395344,4,2.2342540434551
2013-05-16,1.0925916653635321,0.6502380123341633,0.40486639890501713,4,2.251878634009226
2013-05-20,1.0913943193746047,0.761095921249501,0.3026389200141455,3,2.246914279885299
2013-05-21,1.090245289939922,0.6517633849686705,0.40218647034504873,4,2.245395504879348
2013-05-22,1.0928555623722733,0.43324200094541826,0.6035688375827312,6,2.2598352015777126
2013-05-23,1.0824366093552125,0.2151949190459375,0.8011939755307008,8,2.2319078760951614
2013-05-24,1.0835525115911215,0.2162532290808158,0.8004220129920027,8,2.2367362205170638
2013-05-27,1.0864963413812896,0.10784787676980916,0.9007379291929326,9,2.2441260809937775
2013-05-28,1.0895855563208199,0.10784787676980916,0.9010193590175912,9,2.2512099196409343
2013-05-29,1.0971799610831463,0.0,1.0,10,2.26818846411044
2013-05-30,1.0965768739568265,0.0,1.0,10,2.2669417085085404
2013-05-31,1.0970977219295572,0.0,1.0,10,2.268018451982908
2013-06-03,1.0908036853748728,0.0,1.0,10,2.2550068571558106
2013-06-04,1.090770789713437,0.0,1.0,10,2.254938852304798
2013-06-05,1.0739299398450752,0.10857023582150599,0.8989038001518346,9,2.2205737342597107
2013-06-07,1.0565167170641336,0.10857023582150599,0.897237559928817,9,2.180518877013227
2013-06-10,1.0606634192813504,0.21535348602490068,0.7969634078916262,8,2.190549592537601
2013-06-11,1.0545142379869468,0.1092696491946441,0.896379161837361,9,2.1769259540513892
2013-06-12,1.0488018315849477,0.0041666609338135985,0.9960272180994222,10,2.1647190832946084
2013-06-13,1.033935589752454,0.0041666609338135985,0.9959700962273568,10,2.1339128857858527
2013-06-14,1.037496267983857,0.0041666609338135985,0.9959839268223002,10,2.1412914121207316
2013-06-17,1.0341379631696,0.0041666609338135985,0.9959708848507574,10,2.1343322490337644
2013-06-18,1.0435126111733495,0.10796204200538319,0.8965397822226716,9,2.1541896655294743
2013-06-19,1.0370396893786098,0.3143066139950833,0.6969193973825489,7,2.1402373369300345
2013-06-20,1.0221588907852723,0.5166738865876848,0.49452683800387365,5,2.097371612508359
2013-06-21,1.0144034152975996,0.6163705047374265,0.39238128002891304,4,2.0660213761915016
2013-06-24,1.0090049456604921,0.7147422075587484,0.2916365666663011,3,2.0390234503394575
2013-06-25,1.0059985426242053,0.7147422075587484,0.289519639169355,3,2.018191297645899
2013-06-26,1.0062672430197606,0.8108321043335048,0.19421792773435023,2,2.021387525643496
2013-06-27,1.0118833527271651,0.8108321043335048,0.19869014333697596,2,2.0794750025501822
2013-06-28,1.0150196075530367,0.8108321043335048,0.2011660678277711,2,2.1119133164832427
2013-07-01,1.0141878754031985,0.8108321043335048,0.20051094674036407,2,2.1033107028301354
2013-07-02,1.013567980640131,0.7093527175996592,0.30014292958262245,3,2.1025059787598184
2013-07-03,1.0085890718489003,0.7093527175996592,0.2966880790218105,3,2.0680955241473895
2013-07-04,1.0109637292697506,0.7093527175996592,0.29834009167465797,3,2.084507361525122
2013-07-05,1.0100076344656377,0.7093527175996592,0.29767588541550494,3,2.0778995568350545
2013-07-08,1.006139452789118,0.7076992507804624,0.29661912290721726,3,2.059243559373902
2013-07-09,1.0081563358649024,0.8078284781399598,0.19870713558833147,2,2.074544650851761
2013-07-10,1.0074788537225159,0.8078284781399598,0.19816830382580372,2,2.0675288170556168
2013-07-11,1.0133277464025066,0.8078284781399598,0.2027964486239576,2,2.1280984710242663
2013-07-12,1.012493753845966,0.8078284781399598,0.20213979091582868,2,2.1194618549456528
2013-07-15,1.013060693667866,0.8078284781399598,0.2025862979490863,2,2.1253329404164165
2013-07-16,1.012097552657688,0.8078284781399598,0.20182745623812035,2,2.1153588956012195
2013-07-17,1.0144101855605363,0.8078284781399598,0.2036471147087554,2,2.1393079372995274
2013-07-18,1.0130957169773271,0.8078284781399598,0.20261386500557207,2,2.125695632955151
2013-07-19,1.0126502642601198,0.8078284781399598,0.20226310439943498,2,2.1210826372281226
2013-07-22,1.0136287279681873,0.8078284781399598,0.20303316603975174,2,2.1312153600290156
2013-07-23,1.0162335866093506,0.8078284781399598,0.20507598963023024,2,2.1581906175973886
2013-07-24,1.0171015079969317,0.8078284781399598,0.20575432069618277,2,2.167178592072901
2013-07-25,1.0168311718270293,0.8078284781399598,0.20554316141934964,2,2.1643790590395446
2013-07-26,1.016962509237508,0.8078284781399598,0.2056457629439571,2,2.165739156059799
2013-07-29,1.015560581183788,0.9110005297030181,0.10295796569702367,1,2.1533622731754867
2013-07-30,1.0165049782190954,0.9110005297030181,0.10379137414645986,1,2.17281166056512
2013-07-31,1.016338773146448,0.9110005297030181,0.10364481433421735,1,2.169388749730814
2013-08-01,1.0167080566025617,0.9110005297030181,0.10397038384133256,1,2.176993958902402
2013-08-02,1.0166416428166452,1.0166416428166452,0.0,0,2.179986172346961
2013-08-05,1.0166416428166452,1.0166416428166452,0.0,0,2.171870926792778
2013-08-06,1.0166416428166452,1.0166416428166452,0.0,0,2.160990150630745
2013-08-07,1.0166416428166452,1.0166416428166452,0.0,0,2.1289258633782544
2013-08-08,1.0166416428166452,1.0166416428166452,0.0,0,2.135318319373449
2013-08-09,1.0166416428166452,1.0166416428166452,0.0,0,2.131623389135092
2013-08-12,1.0166416428166452,1.0166416428166452,0.0,0,2.1362930555712976
2013-08-13,1.0166416428166452,1.0166416428166452,0.0,0,2.168255335547269
2013-08-14,1.0166416428166452,1.0166416428166452,0.0,0,2.1805868818642398
2013-08-16,1.0166416428166452,1.0166416428166452,0.0,0,2.176279907966768
2013-08-19,1.0166416428166452,1.0166416428166452,0.0,0,2.173480374933412
2013-08-20,1.0166416428166452,1.0166416428166452,0.0,0,2.139715966405604
2013-08-21,1.0166416428166452,1.0166416428166452,0.0,0,2.1166056512031193
2013-08-22,1.0166416428166452,1.0166416428166452,0.0,0,2.0958188350769023
2013-08-23,1.0166416428166452,1.0166416428166452,0.0,0,2.119665869498691
2013-08-26,1.0166416428166452,1.0166416428166452,0.0,0,2.139727300547439
2013-08-27,1.0166416428166452,1.0166416428166452,0.0,0,2.137437803896678
2013-08-28,1.0176377270132684,0.9149774785349807,0.10088093803242937,1,2.1359416971743985
2013-08-29,1.0188917539909446,0.9149774785349807,0.10198755171875447,1,2.1620328916796065
2013-08-30,1.019916983692068,0.9149774785349807,0.10289024188734427,1,2.1833637466139253
2013-09-02,1.0198325466019118,0.9149774785349807,0.1028159656370145,1,2.18160695462943
2013-09-03,1.0203190131922961,0.9149774785349807,0.10324372406599676,1,2.191728343288488
2013-09-04,1.0202803355574503,0.9149774785349807,0.1032097290838556,1,2.190923619218171
2013-09-05,1.0212946701501666,0.9149774785349807,0.10410040776924218,1,2.212027791315781
2013-09-06,1.0214940506340195,0.9149774785349807,0.10427527407812742,1,2.2161760872275558
2013-09-09,1.0225486971278428,0.9149774785349807,0.10519911559714519,1,2.238118985820989
2013-09-10,1.023604977887927,0.9149774785349807,0.10612248054624042,1,2.260095886839928
2013-09-11,1.0241382934444627,0.9149774785349807,0.10658796337196193,1,2.2711920116968343
2013-09-12,1.0241497333082903,0.9149774785349807,0.10659794288150881,1,2.271430028675379
2013-09-13,1.0236191415288565,0.9149774785349807,0.10613484897479632,1,2.2603905745276496
2013-09-16,1.0246569006046484,0.9149774785349807,0.10704014388127978,1,2.2819821147241837
2013-09-17,1.0242325361321856,0.9149774785349807,0.10667016887569812,1,2.2731528182343674
2013-09-23,1.0244411774581845,0.9149774785349807,0.10685210759958154,1,2.2774937945573455
2013-09-24,1.0243153389560806,0.9149774785349807,0.10674238319278755,1,2.274875607793356
2013-09-25,1.0238228800560725,0.9149774785349807,0.1063127261964789,1,2.264629543574108
2013-09-26,1.0243273235753287,0.9149774785349807,0.10675283429780194,1,2.275124958913736
2013-09-27,1.024352186212714,1.024352186212714,0.0,0,2.280202654456018
2013-09-30,1.0238893418496964,0.9219169675914427,0.09959315923148163,1,2.263382787972209
2013-10-01,1.023986873715549,0.9219169675914427,0.09967892044723632,1,2.26554760906278
2013-10-02,1.024017511998016,0.9219169675914427,0.0997058577712791,1,2.266227657572907
2013-10-04,1.0238903631257787,0.9219169675914427,0.09959405733932974,1,2.26340545625588
2013-10-07,1.0234145641716217,0.8195269610665867,0.19922288605504357,2,2.2605039159460043
2013-10-08,1.0242671542027566,0.8195269610665867,0.1998894451472775,2,2.26995659023677
2013-10-10,1.0241281227348498,0.8195269610665867,0.1997808253931085,2,2.268415146947149
2013-10-11,1.026675293078822,0.7169443463900185,0.3016834521847448,3,2.295050380260459
2013-10-14,1.0254687529417421,0.6142589206325523,0.40099694030613836,4,2.289802672590645
2013-10-15,1.02968003729011,0.6142589206325523,0.40344680057200505,4,2.313253012048193
2013-10-16,1.027909086708059,0.511309846311197,0.5025728900318435,5,2.3060558319826816
2013-10-17,1.0294325213920432,0.511309846311197,0.5033090215376314,5,2.312856317083952
2013-10-18,1.0324260705460722,0.511309846311197,0.5047491913481472,5,2.326219270307949
2013-10-21,1.0325809530722774,0.511309846311197,0.5048234767551372,5,2.3269106529599113
2013-10-22,1.0333706000501424,0.511309846311197,0.5052018643781944,5,2.3304355710707365
2013-10-23,1.0281985392980157,0.511309846311197,0.5027129228754939,5,2.307347924151923
2013-10-24,1.0309762685384807,0.511309846311197,0.5040527489192029,5,2.319747475319906
2013-10-25,1.0269904681278212,0.40819266871223786,0.6025350951344629,6,2.3058064808623016
2013-10-28,1.0311727880084558,0.40819266871223786,0.6041471677112462,6,2.3213909258860466
2013-10-29,1.0320643374283103,0.512753798094348,0.5031765176849113,5,2.3254938852304803
2013-10-30,1.0340436178595458,0.512753798094348,0.5041274959408962,5,2.3343571841458024
2013-10-31,1.0265795539315237,0.512753798094348,0.5005221016426454,5,2.3009327998730575
2013-11-01,1.0289410227836244,0.512753798094348,0.5016684273048224,5,2.3115075542055337
2013-11-04,1.0251270412296534,0.6161648228855027,0.3989380846432411,4,2.295356402090016
2013-11-05,1.022857239023326,0.6161648228855027,0.39760428007153087,4,2.282616826666969
2013-11-06,1.0228047347018272,0.6161648228855027,0.39757335688797935,4,2.2823221389792474
2013-11-07,1.0199047331839683,0.615326313970306,0.3966825587235364,4,2.271407360391708
2013-11-08,1.0158338735077137,0.7155220522332144,0.2956308399497557,3,2.2496798104931486
2013-11-11,1.0146885287309535,0.7155220522332144,0.29483577277837114,3,2.2410998651237124
2013-11-12,1.0172381720381416,0.8158209339818441,0.19800401085297192,2,2.261705334980562
2013-11-13,1.0140162714233738,0.8158209339818441,0.1954557762306151,2,2.2255267542418027
2013-11-14,1.0144200183675802,0.8158209339818441,0.1957759909995908,2,2.230060410975983
2013-11-15,1.0193223741269328,0.7142433741085688,0.2992958928029708,3,2.27322082308538
2013-11-18,1.020108785661453,0.7142433741085688,0.2998360722425862,3,2.279080574414308
2013-11-19,1.0250670579254133,0.5102477799905794,0.5022298531149302,5,2.3026895918575527
2013-11-20,1.0214180858623205,0.5102477799905794,0.5004515907315186,5,2.2863684276145033
2013-11-21,1.0152728757287697,0.6102605938910458,0.39891963187434054,4,2.259778530868535
2013-11-22,1.0178019425811202,0.6102605938910458,0.40041321561694,4,2.273889537453672
2013-11-25,1.0197825371040454,0.6102605938910458,0.4015777171238395,4,2.2849403257432366
2013-11-26,1.0211354355166282,0.6102605938910458,0.4023705645056833,4,2.2924888642056467
2013-11-27,1.0223887963583151,0.6102605938910458,0.4031032068575519,4,2.2994820297181198
2013-11-28,1.0258340151387062,0.6102605938910458,0.4051078586933671,4,2.3187047342710447
2013-11-29,1.0256511910288977,0.6102605938910458,0.4050018181338496,4,2.317684661505854
2013-12-02,1.0216010008119913,0.5075821238400747,0.5031503263635831,5,2.3017148556597036
2013-12-03,1.016179298636109,0.5075821238400747,0.5004994448112267,5,2.2774371238481677
2013-12-04,1.0102676890802536,0.608059468548724,0.3981204436001507,4,2.2518672998673908
2013-12-05,1.0098567354424044,0.608059468548724,0.3978755132208515,4,2.2495664690747943
2013-12-06,1.0089740961019988,0.608059468548724,0.3973487814029527,4,2.2446247832345376
2013-12-09,1.0130168272093145,0.608059468548724,0.39975383210185933,4,2.267259064479933
2013-12-10,1.0100095948949037,0.30417567660857703,0.6988388247537115,7,2.2594045041879656
2013-12-11,1.0038591608634346,0.20339530681588985,0.7973866108459413,8,2.2418592526266874
2013-12-12,0.9995946644918121,0.3039003741206475,0.6959763943166417,7,2.2304797742238947
2013-12-13,0.9978200153235677,0.3039003741206475,0.6954356803294827,7,2.2247900350224983
2013-12-16,0.9966294467403695,0.40244819498715534,0.5961907444101473,6,2.2227952260594592
2013-12-17,0.9972035341064855,0.30227655372096907,0.6968757697075202,7,2.227997597161931
2013-12-18,1.000346320464614,0.30227655372096907,0.6978280945937045,7,2.238073649253647
2013-12-19,1.0007069101255015,0.30227655372096907,0.6979369776880429,7,2.239229731720863
2013-12-20,1.0034290085459276,0.30227655372096907,0.6987564131128728,7,2.24795702093416
2013-12-23,1.00818808779723,0.2015765983982425,0.8000605235887451,8,2.263303448979361
2013-12-24,1.010086576947947,0.2015765983982425,0.8004363160558757,8,2.2686304956420225
2013-12-26,1.0091615684042998,0.2015765983982425,0.8002533937980039,8,2.2660349771617043
2013-12-27,1.0103652913126266,0.2015765983982425,0.8004913667052418,8,2.2694125514286685
2013-12-30,1.0139755155398162,0.20077558603018827,0.8019916822909672,8,2.279681283931587
2014-01-02,0.9911539422716048,0.0,1.0,10,2.2296410477280713
2014-01-03,0.9805480574893432,0.0,1.0,10,2.2057826791644475
2014-01-06,0.9841454929926851,0.0,1.0,10,2.2138752564349593
2014-01-07,0.9872491628387056,0.0,1.0,10,2.220857087805597
2014-01-08,0.9870073184351196,0.0,1.0,10,2.2203130489974954
2014-01-09,0.9799427402025457,0.29451080377505623,0.6994612116681599,7,2.2057486767389407
2014-01-10,0.97708030880766,0.39242994245133733,0.5983647005124654,6,2.1971687313695045
2014-01-13,0.9802108456048262,0.39242994245133733,0.59964741850087,6,2.2089335705947026
2014-01-14,0.9793513051547372,0.39242994245133733,0.599296043834512,6,2.205703340171599
2014-01-15,0.9813275320100815,0.4913615261698516,0.4992889630199393,5,2.2138752564349593
2014-01-16,0.9819174245087912,0.4918442679743874,0.4990981362608624,5,2.218454249736481
2014-01-17,0.9787025494092154,0.4918442679743874,0.4974527569471597,5,2.2039012116197623
2014-01-20,0.9812268089955816,0.39393620570168736,0.5985268624030622,6,2.2144419635267316
2014-01-21,0.9842657939372339,0.39393620570168736,0.5997664369439538,6,2.2259007809223728
2014-01-22,0.9860299837630772,0.4930754393641239,0.49993869610094954,5,2.2333019755409222
2014-01-23,0.9803184338150315,0.4930754393641239,0.49702522939892163,5,2.2074261297305875
2014-01-24,0.9783145060391915,0.39519470312973504,0.5960453405421513,6,2.1994582280202657
2014-01-27,0.9692336837796767,0.39519470312973504,0.5922606593813247,6,2.1652064513935327
2014-01-28,0.9710208819747888,0.4915186980908634,0.4938124326520662,5,2.172675650863095
2014-01-29,0.9772662090591653,0.587017358846309,0.39932706830061904,4,2.2001269423885574
2014-02-03,0.9715954806530479,0.39200881757625317,0.5965308347124376,6,2.176109895839237
2014-02-04,0.9609962288300271,0.29560395536778494,0.692398423115905,7,2.1385825522220583
2014-02-05,0.9625725615869375,0.29560395536778494,0.6929021591053459,7,2.143648913622505
2014-02-06,0.9684159248491309,0.29560395536778494,0.6947551689488822,7,2.1624295866438477
2014-02-07,0.973568099698898,0.29560395536778494,0.6963705410446291,7,2.1789887678654414
2014-02-10,0.9738502174182556,0.29560395536778494,0.6964585004134912,7,2.179895499212277
2014-02-11,0.9771294326566708,0.19817837920380174,0.7971830828337818,8,2.1898242074601324
2014-02-12,0.9786534199976705,0.19817837920380174,0.7974989151887156,8,2.1941085130739326
2014-02-13,0.975073259260084,0.19817837920380174,0.7967553952262154,8,2.1840437951240523
2014-02-14,0.9802491606234796,0.29515391095298504,0.698899093404727,7,2.199140872048873
2014-02-17,0.9823959534152397,0.29515391095298504,0.6995570778494146,7,2.206032030284827
2014-02-18,0.9823946357564408,0.3927172256046255,0.6002449409729986,6,2.2066554080857768
2014-02-19,0.9811891788568388,0.3927172256046255,0.5997538149960322,6,2.2021444196352675
2014-02-20,0.9774455991384766,0.3927172256046255,0.5982208872281305,6,2.18813542032665
2014-02-21,0.9857020702648966,0.3927172256046255,0.6015862830651385,6,2.2190322909700892
2014-02-24,0.9828466705716947,0.49058381380018995,0.5008541734034355,5,2.2090809144385632
2014-02-25,0.9868397316863698,0.49058381380018995,0.5028738729825446,5,2.227000192680411
2014-02-26,0.9888428052316429,0.19463872951575326,0.803165145677368,8,2.233698670505163
2014-02-27,0.9917301606318478,0.2942199181594041,0.7033266408153285,7,2.242380623151118
2014-02-28,0.991880848389159,0.49347155126302383,0.5024890821670418,5,2.2441487492774486
2014-03-03,0.9874716306698412,0.49414111917679227,0.49958955393827703,5,2.226807512269209
2014-03-04,0.9848150096193975,0.49414111917679227,0.4982396548081009,5,2.2148159902073012
2014-03-05,0.9888166897726745,0.39517826258595834,0.6003523538050228,6,2.234231375171429
2014-03-06,0.9901357256643354,0.39517826258595834,0.6008847551472684,6,2.239195729295356
2014-03-07,0.989852644902198,0.39517826258595834,0.6007706150797791,6,2.238130319962824
2014-03-10,0.9835538603861707,0.49372609330726364,0.4980182446608332,5,2.2151673486042007
2014-03-11,0.9859222727023029,0.49372609330726364,0.49922412042278397,5,2.2258781126387017
2014-03-12,0.9766126097402814,0.395289253935023,0.5952445729324082,6,2.1903682462682337
2014-03-13,0.9771660963303037,0.395289253935023,0.5954738345717159,6,2.192453728365957
2014-03-14,0.9728103975131719,0.395289253935023,0.593662593506901,6,2.176041890988224
2014-03-17,0.9751055620141882,0.395289253935023,0.5946190142547138,6,2.184689841208673
2014-03-18,0.9789198065584722,0.395289253935023,0.5961985330292611,6,2.1990615330560246
2014-03-19,0.9781587624971916,0.395289253935023,0.595884360401916,6,2.196193995171656
2014-03-20,0.972696090500015,0.395289253935023,0.5936148425025289,6,2.1756111935984768
2014-03-21,0.9773345487707453,0.395289253935023,0.595543558311529,6,2.1930884403087423
2014-03-24,0.9805261209012542,0.395289253935023,0.5968600473675384,6,2.2051139647961553
2014-03-25,0.9786486169784215,0.6867201374009356,0.2982975447089634,3,2.2002402838069117
2014-03-26,0.9821164190333124,0.6867201374009356,0.3007752196253194,3,2.2263768148794614
2014-03-27,0.9841706330866432,0.6867201374009356,0.30223467931858217,3,2.2418592526266874
2014-03-28,0.9844276030076538,0.7858647692335464,0.20170384614109968,2,2.245293497602829
2014-03-31,0.9848896800716107,0.7858647692335464,0.20207837980756715,2,2.250518536988972
2014-04-01,0.9855384357544226,0.7868960275746291,0.20155724117216614,2,2.257738385338154
2014-04-02,0.9857253475441378,0.6882609113143875,0.30177212848473567,3,2.263711478085437
2014-04-03,0.9837615870469888,0.3924463490599155,0.6010757543014632,6,2.259687857733852
2014-04-04,0.9819140196279734,0.29424399319890443,0.7003362949126775,7,2.253329404164164
2014-04-07,0.9824709102831002,0.29424399319890443,0.7005061522746585,7,2.2551542009996717
2014-04-08,0.983422710414529,0.39405876792907685,0.599298690424818,6,2.2589284702308765
2014-04-09,0.9851733285886228,0.39405876792907685,0.6000107224851361,6,2.2656382821974637
2014-04-10,0.9878769434802888,0.2952823908944534,0.7010939542184536,7,2.276587063210509
2014-04-11,0.9848321479128082,0.09931589898889531,0.8991544912507382,9,2.2639268267803105
2014-04-14,0.9846459511687016,0.09931589898889531,0.899135421345089,9,2.2634507928232215
2014-04-15,0.9825401546579735,0.09931589898889531,0.898919246691279,9,2.258067075451382
2014-04-16,0.9822139092129172,0.00097144510453194,0.9990109638079648,10,2.2579990706003694
2014-04-17,0.9821351028650636,0.00097144510453194,0.9990108844478748,10,2.2578177243310025
2014-04-18,0.9881588630791202,0.00097144510453194,0.9990169140400108,10,2.2716793797957586
2014-04-21,0.9856666123282514,0.00097144510453194,0.9990144283144203,10,2.2659443040270206
2014-04-22,0.988129310698675,0.00097144510453194,0.9990168846384639,10,2.271611374944746
2014-04-23,0.9862330329534488,0.00097144510453194,0.9990149943552157,10,2.2672477303380973
2014-04-24,0.9852331774150567,0.00097144510453194,0.9990139947305868,10,2.264946899545501
2014-04-25,0.9720922189104756,0.00097144510453194,0.9990006656923757,10,2.234707409128518
2014-04-28,0.9707150141451769,0.09833110930464005,0.8987023916682368,9,2.23198721508801
2014-04-29,0.9678514150827365,0.09752451330586169,0.8992360688985253,9,2.226898185403892
2014-04-30,0.9659520397798569,0.38661303859148316,0.599759591915564,6,2.223520611136928
2014-05-02,0.9645354747947943,0.3862978720578089,0.5994985335920443,6,2.220857087805597
2014-05-07,0.9587632503278367,0.3862978720578089,0.5970873185578199,6,2.198687506375455
2014-05-08,0.9619267598516499,0.3862978720578089,0.5984123862846018,6,2.210837706423058
2014-05-09,0.9636414582669008,0.2900202062645415,0.699037226162789,7,2.2175815208151515
2014-05-12,0.9663370957697582,0.38630644545807524,0.6002363490450981,6,2.2270908658150947
2014-05-13,0.9712568763043423,0.5812595941065289,0.4015387604582663,4,2.247480986977071
2014-05-14,0.9775174840468974,0.483975384587046,0.5048933727677174,5,2.279103242697979
2014-05-15,0.9773628555986149,0.483975384587046,0.5048150420136226,5,2.2783891917623458
2014-05-16,0.9779599083720211,0.5828668285067113,0.40399721551265705,4,2.282061453717032
2014-05-19,0.9782934957825081,0.5828668285067113,0.40420044596075605,4,2.283988257829059
2014-05-20,0.9775321315750436,0.5828668285067113,0.4037363993676911,4,2.2795906107969035
2014-05-21,0.9769571838616746,0.5828668285067113,0.4033854931054602,4,2.2762697072391163
2014-05-22,0.9783817983323428,0.5828668285067113,0.40425421905823367,4,2.284498294211654
2014-05-23,0.9786918383962073,0.5828668285067113,0.4044429455324146,4,2.2862890886216554
2014-05-26,0.9773535641964887,0.5828668285067113,0.4036274590292169,4,2.2785592038898774
2014-05-27,0.9748575454544917,0.5828668285067113,0.40210051076234826,4,2.2641421754751843
2014-05-28,0.9786702533284699,0.5828668285067113,0.40442981022016977,4,2.286164413061465
2014-05-29,0.9769281409899104,0.583696691460805,0.4025182948775008,4,2.2807240249804486
2014-05-30,0.972364304377902,0.48594310242179456,0.5002458438324815,5,2.2611159596051187
2014-06-02,0.9738842562464158,0.5840347328294587,0.40030375367143833,4,2.2690951954572762
2014-06-03,0.9751616852542158,0.5840347328294587,0.4010893355831487,4,2.2765303925013316
2014-06-05,0.9726146164398832,0.5840347328294587,0.3995209171673417,4,2.261705334980562
2014-06-09,0.9704524287413323,0.5842811437986062,0.39792912409275605,4,2.2555395618220766
2014-06-10,0.9746750007300128,0.5842811437986062,0.4005374680165277,4,2.280202654456018
2014-06-11,0.9753423409217233,0.38943501947846837,0.60071966207225,6,2.2834555531627925
2014-06-12,0.9739790160308373,0.3898332163190853,0.5997519352031474,6,2.2800326423284862
2014-06-13,0.967939082327656,0.3898332163190853,0.5972543898303682,6,2.256457627310748
2014-06-16,0.9687347274404788,0.3898332163190853,0.5975851744790087,6,2.259563182173662
2014-06-17,0.9710461636076578,0.3898332163190853,0.5985430652742955,6,2.268585159074681
2014-06-18,0.967544163585525,0.3898332163190853,0.5970900027194196,6,2.254916184021127
2014-06-19,0.9679816588061616,0.292941159163643,0.6973691014714728,7,2.2577950560473314
2014-06-20,0.9585710336901757,0.1961877242087422,0.7953331393152101,8,2.230638452209591
2014-06-23,0.9612245600738653,0.1961877242087422,0.7958981362339866,8,2.238402339366875
2014-06-24,0.9687512779767976,0.1961877242087422,0.7974839066860657,8,2.260424576953156
2014-06-25,0.9638780864575547,0.1961877242087422,0.7964600223148848,8,2.2461662265241586
2014-06-26,0.9690224412568827,0.1961877242087422,0.7975405771260834,8,2.2612179668816377
2014-06-27,0.9656786290485948,0.09869914333991524,0.8977929713147369,9,2.253805438121253
2014-06-30,0.9714579112633,0.19542673346785472,0.7988314972763787,8,2.2693332124358205
2014-07-01,0.9702137560144883,0.19542673346785472,0.7985735285071175,8,2.2656949529066406
2014-07-02,0.9766816364932941,0.0980565292919727,0.8996023620920757,9,2.284146935814755
2014-07-03,0.9748025555655632,0.0980565292919727,0.8994088302988885,9,2.2792619206836755
2014-07-04,0.9740364471166594,0.19534779804471836,0.7994450837820427,8,2.2777771481032314
2014-07-07,0.9722773204649936,0.19534779804471836,0.7990822228052251,8,2.2726314477099367
2014-07-08,0.9724856657848525,0.389140854963556,0.5998492639482798,6,2.274376905552596
2014-07-09,0.9705015760609603,0.485622937574657,0.49961653895948593,5,2.2673950741819584
2014-07-10,0.9710687422764355,0.485622937574657,0.49990879488486917,5,2.270047263371454
2014-07-11,0.9676512022601111,0.485622937574657,0.4981425781930478,5,2.2540661233834682
2014-07-14,0.9688970289043599,0.485622937574657,0.498787876226842,5,2.25989187228689
2014-07-15,0.9734634440751082,0.485622937574657,0.5011390098617935,5,2.2812453955048793
2014-07-16,0.9734523877510828,0.5830597507661722,0.4010392720765879,4,2.2821067902843737
2014-07-17,0.9746949984764961,0.6808883956935958,0.3014344007531964,3,2.290516723526278
2014-07-18,0.9744798300999715,0.6808883956935958,0.3012801551533973,3,2.2888392705346314
2014-07-21,0.9743460767848344,0.6808883956935958,0.3011842384172119,3,2.28779652948577
2014-07-22,0.9758624323031806,0.6808883956935958,0.30227010165090806,3,2.2996180394201455
2014-07-23,0.9757737480398833,0.6808883956935958,0.30220668770670234,3,2.2989266567681828
2014-07-24,0.9746356221362208,0.7794119752105101,0.20030423934004857,2,2.296999852656156
2014-07-25,0.975332085689957,0.7794119752105101,0.20087528479169392,2,2.305194437203187
2014-07-28,0.9771929420116419,0.6818584410799876,0.3022274192071843,3,2.322150313389022
2014-07-29,0.978890371239104,0.7814465611668728,0.20170165717566702,2,2.337066044044475
2014-07-30,0.9808667531650733,0.7814465611668728,0.20331017577536284,2,2.360459712792846
2014-07-31,0.980245303615677,0.7814465611668728,0.2028050955363177,2,2.3531038547416383
2014-08-01,0.98020529056876,0.6835408626837028,0.30265540365826726,3,2.349680943907332
2014-08-04,0.9812527960494983,0.6835408626837028,0.30339983189283853,3,2.3579775357308823
2014-08-05,0.9785635883361996,0.5854764013614462,0.40169815396779573,4,2.341928390891884
2014-08-06,0.9769129995721194,0.38989038414164523,0.6008954898620303,6,2.3356606104568796
2014-08-07,0.9751411611129436,0.38989038414164523,0.6001703141146689,6,2.328610774235229
2014-08-08,0.9684725536645017,0.38989038414164523,0.5974172085038653,6,2.3020775481984384
2014-08-11,0.9708283581753352,0.38989038414164523,0.5983941127611462,6,2.311450883496356
2014-08-12,0.9709040933144262,0.2925506032613823,0.6986822846088876,7,2.3138310532818007
2014-08-13,0.9783950921856517,0.19528707251825222,0.8004006008636068,8,2.337508075576058
2014-08-14,0.9787216466654292,0.19528707251825222,0.8004671980193669,8,2.3384828117739063
2014-08-18,0.9738513829295203,0.0971213885344209,0.9002708316311445,9,2.3270466626619366
2014-08-19,0.9815420343734403,0.0971213885344209,0.9010522370583777,9,2.3474594521075836
2014-08-20,0.982242349107923,0.0971213885344209,0.9011227843895888,9,2.3493182513685977
2014-08-21,0.969846374259673,0.1949152828612728,0.7990245795267726,8,2.3169366081447142
2014-08-22,0.9745811565626487,0.1949152828612728,0.8000009731885852,8,2.3310929512971925
2014-08-25,0.9759724243675543,0.29326914035794566,0.6995108334664386,7,2.3358419567262465
2014-08-26,0.9783442906551818,0.29326914035794566,0.7002393296928754,7,2.34395720228043
2014-08-27,0.9806234023952485,0.29326914035794566,0.7009360171890522,7,2.3517550918632195
2014-08-28,0.9803595849212434,0.1949384744629769,0.8011561497829011,8,2.3526958256355623
2014-08-29,0.9774318206406252,0.2926815600065666,0.7005606387822138,7,2.3445125752303664
2014-09-01,0.9772067197592156,0.2926815600065666,0.7004916625228655,7,2.343741853585556
2014-09-02,0.9716241206854368,0.3891977149907006,0.5994359272224126,6,2.325289870677442
2014-09-03,0.9711280704099707,0.5828952701425063,0.39977507817642255,4,2.3248591732876944
2014-09-04,0.9717601219547164,0.48563388531864554,0.5002533296573413,5,2.330594249056433
2014-09-05,0.9701406940997966,0.48563388531864554,0.4994191169670806,5,2.3228303618991486
2014-09-11,0.9665353985103771,0.48563388531864554,0.49755188887328516,5,2.305545795600086
2014-09-12,0.9679380304756167,0.48542507190916057,0.49849571292220357,5,2.3142730848133835
2014-09-15,0.9663176063989866,0.5817862900377031,0.3979347098872095,4,2.307427263144771
2014-09-16,0.9676586740504318,0.5817862900377031,0.39876910563674445,4,2.315474503847941
2014-09-17,0.9714865183814116,0.582227840251228,0.4006835614957636,4,2.3377914291219444
2014-09-18,0.9673071797994781,0.3880966114202895,0.5987865907283542,6,2.3209375602126285
2014-09-19,0.9686573207088506,0.29108813123510646,0.6994931798769745,7,2.327828718448583
2014-09-22,0.9621496835196488,0.09739097740081476,0.8987777275521748,9,2.3113375420780016
2014-09-23,0.957756493703984,0.09739097740081476,0.8983134251335959,9,2.2995953711364745
2014-09-24,0.9609327026862111,0.0017917341079565774,0.9981354218636249,10,2.307223248591733
2014-09-25,0.9602118062202718,0.0017917341079565774,0.9981340219976991,10,2.305489124890909
2014-09-26,0.9590480060432325,0.0017917341079565774,0.9981317576423012,10,2.3026895918575527
2014-09-29,0.9564823364680988,0.09707668479329763,0.8985065577355432,9,2.2969771843724853
2014-09-30,0.9537216877005062,0.09707668479329763,0.8982127741822075,9,2.289598658037607
2014-10-01,0.941614695025427,0.09707668479329763,0.8969040252810878,9,2.2572396830973944
2014-10-02,0.935092609304141,0.09707668479329763,0.8961849512792767,9,2.239807772954471
2014-10-06,0.9317976414202402,0.09707668479329763,0.8958178466245804,9,2.231001144748326
2014-10-07,0.9335283923168507,0.18989713059961724,0.796581301476727,8,2.2361241768579494
2014-10-08,0.930641177256481,0.18989713059961724,0.7959502166458703,8,2.227442224211994
2014-10-10,0.9214706886900587,0.18989713059961724,0.7939195104842992,8,2.1998662571263417
2014-10-13,0.9163054854060225,0.1895770692617179,0.7931071326308663,8,2.1843271486699387
2014-10-14,0.9170747456158256,0.1895770692617179,0.7932806784092448,8,2.1866393136043705
2014-10-15,0.9158152705664423,0.1895770692617179,0.7929963876399851,8,2.18285371023133
2014-10-16,0.9129645574407561,0.27985998740203827,0.6934601840551747,7,2.1748291378118307
2014-10-17,0.9053449234520634,0.3669645123172428,0.5946688352567175,6,2.1542350020968164
2014-10-20,0.9134911279654752,0.45759844444311626,0.499066350581556,5,2.187557379093042
2014-10-21,0.9090627310250281,0.5463572805050342,0.398988362564396,4,2.1708055174602454
2014-10-22,0.9129908226694268,0.4550413900674813,0.5015925913285533,5,2.1953892711013387
2014-10-23,0.9113322408599208,0.4546890551350464,0.5010721285290993,5,2.189359507644879
2014-10-24,0.9079836291695824,0.27191150890309423,0.7005325865271632,7,2.18260435911095
2014-10-27,0.9100579676743643,0.27191150890309423,0.7012151768771842,7,2.1897222001836134
2014-10-28,0.9073389262652373,0.18079043440665002,0.8007465246191802,8,2.1825930249691146
2014-10-29,0.921597518788549,0.0895615313831141,0.9028192572601066,9,2.22281789434313
2014-10-30,0.9206471878066411,0.0895615313831141,0.9027189431855146,9,2.220279046571989
2014-10-31,0.922980589771147,0.0895615313831141,0.902964880978352,9,2.226512824581487
2014-11-03,0.9181186285869222,0.0895615313831141,0.9024510247428936,9,2.2135238980380603
2014-11-04,0.9105753764180288,0.0895615313831141,0.9016429241306455,9,2.1933717938546287
2014-11-05,0.908980177984112,0.0895615313831141,0.901470314147291,9,2.189110156524499
2014-11-06,0.911122665242431,0.0895615313831141,0.9017020047906682,9,2.1948338981514017
2014-11-07,0.9123766394350451,0.18150224511911375,0.8010665362590803,8,2.198676172233619
2014-11-10,0.9192940379615653,0.18150224511911375,0.802563448011068,8,2.2194856566435073
2014-11-11,0.9210912052258082,0.18150224511911375,0.8029486720865846,8,2.2248920422990173
2014-11-12,0.9226999901772375,0.18150224511911375,0.8032922433604343,8,2.229731720862755
2014-11-13,0.9193085732665662,0.18194316830970692,0.8020869449055492,8,2.22206984098199
2014-11-14,0.9118210500491649,0.0,1.0,10,2.204649264980902
2014-11-17,0.9109292856236585,0.09177780399278804,0.8992481574132801,9,2.2029378095637493
2014-11-18,0.9205977905727039,0.18414256366513104,0.7999750102044282,8,2.2294370331750333
2014-11-19,0.9203601106733712,0.27658901208313597,0.6994774014263039,7,2.229278355189337
2014-11-20,0.9164850825655295,0.2764276353592053,0.6983828317364451,7,2.2192703079486336
2014-11-21,0.9187079128657292,0.2764276353592053,0.6991125998937534,7,2.2269775243967405
2014-11-24,0.9230003354556227,0.36920505436344947,0.5999946693614169,6,2.242505298711308
2014-11-25,0.9227910838541735,0.27724362267812275,0.6995597080108601,7,2.2443981003978286
2014-11-26,0.9226265373135099,0.1848139025257396,0.7996872027289851,8,2.245112151333462
2014-11-27,0.9230921305938782,0.1848139025257396,0.7997882373812046,8,2.246528919062893
2014-11-28,0.9226041888360522,0.1848139025257396,0.7996823505008157,8,2.2450441464824493
2014-12-01,0.9168084836820278,0.1848139025257396,0.7984160205591665,8,2.2274082217864875
2014-12-02,0.9170356932028475,0.1848139025257396,0.7984659660517064,8,2.22809960443845
2014-12-03,0.9183878934279635,0.09297102769596866,0.8987671458201107,9,2.232723934307314
2014-12-04,0.925385401769829,0.09297102769596866,0.8995326406509562,9,2.251651951172517
2014-12-05,0.9253895918945846,0.09297102769596866,0.8995330955628908,9,2.2516632853143523
2014-12-08,0.9221757662070332,0.09297102769596866,0.8991829637007657,9,2.242969998526562
2014-12-09,0.9188236664025468,0.09297102769596866,0.8988151577984747,9,2.233902685058201
2014-12-10,0.9080028617075464,0.18382792001110548,0.7975469816632432,8,2.205125298937991
2014-12-11,0.8968644871755028,0.36106373844628903,0.5974155030004724,6,2.1722902900406895
2014-12-12,0.8982958312989167,0.36106373844628903,0.598056980934445,6,2.1780933706604406
2014-12-15,0.8979184261101258,0.36106373844628903,0.5978880397738868,6,2.1765632615126544
2014-12-16,0.893381177062664,0.36106373844628903,0.5958458184294573,6,2.158167949313718
2014-12-17,0.8919160437985328,0.5383496808402245,0.39641215719421724,4,2.153668295005044
2014-12-18,0.889184412850172,0.35931484832089766,0.5959051428160355,6,2.150653413276814
2014-12-19,0.8982543277149472,0.35931484832089766,0.5999853969699738,6,2.1874667059583586
2014-12-22,0.9015619728311883,0.539777828797081,0.40128594033085857,4,2.202359768330141
2014-12-23,0.9006183727512361,0.6297138004363432,0.3007984075289576,3,2.1977127701776062
2014-12-24,0.9017699781260182,0.5396276532543682,0.4015905759295995,4,2.206315383830713
2014-12-26,0.9020583361451135,0.5396276532543682,0.40178186750046424,4,2.208072175815208
2014-12-29,0.8976658244032125,0.4496244144029503,0.4991182663082108,5,2.1850638678892427
2014-12-30,0.893757054027508,0.35970328363564985,0.5975379640197179,6,2.1711568758571445
2015-01-02,0.8969925783433986,0.35983828877318913,0.598839168281913,6,2.183454419748609
2015-01-05,0.8940118577626873,0.35983828877318913,0.5975016599067223,6,2.171338222126512
2015-01-06,0.8847267319125762,0.35983828877318913,0.5932774767692378,6,2.1335955298144604
2015-01-07,0.88511152091177,0.35983828877318913,0.5934542933047432,6,2.1351596413877525
2015-01-08,0.8909168158126504,0.35983828877318913,0.5961033820593425,6,2.1587573246891614
2015-01-09,0.8965567539655313,0.2703241757906353,0.6984862647066422,7,2.1814822790692405
2015-01-12,0.8953366302225293,0.2703241757906353,0.6980753756009646,7,2.177231975880946
2015-01-13,0.8940969844996393,0.2703241757906353,0.6976567637772362,7,2.1729136678416396
2015-01-14,0.8929647096661335,0.2703241757906353,0.697273394049687,7,2.1689693864829027
2015-01-15,0.8931208855052377,0.2703241757906353,0.6973263304242256,7,2.1695134252910044
2015-01-16,0.8846581072237761,0.2703241757906353,0.6944309066030452,7,2.1400333223769965
2015-01-19,0.8890181149567453,0.4472448303758709,0.49692270286569873,5,2.1564564938965645
2015-01-20,0.8926612086039654,0.4472448303758709,0.49897584204950723,5,2.174239762436387
2015-01-21,0.8933392094611918,0.4472448303758709,0.4993560949310375,5,2.177549331852339
2015-01-22,0.8932440107106908,0.4472448303758709,0.49930273809501396,5,2.177084632037085
2015-01-23,0.8966102036961601,0.536755445638346,0.40135028195570294,4,2.194391866619819
2015-01-26,0.8965339983282259,0.536755445638346,0.4012993967443085,4,2.1939271668045657
2015-01-27,0.8994606401853923,0.6270995056878059,0.302804950354969,3,2.2128778519534396
2015-01-28,0.9010649660998644,0.6280482436904515,0.30299338303111273,3,2.223282594158383
2015-01-29,0.8994134579601366,0.7187393525382806,0.20087992215685055,2,2.211313740380147
2015-01-30,0.8966697218963463,0.4485510998902093,0.49975884215028604,5,2.209318931417108
2015-02-02,0.8974559513820286,0.4485510998902093,0.5001970857739955,5,2.2131952079248323
2015-02-03,0.8972904293850428,0.4485510998902093,0.5001048877812914,5,2.2123791497126795
2015-02-04,0.8997801560897033,0.4485510998902093,0.5014881170090051,5,2.224654025320473
2015-02-05,0.8973109882153893,0.5392422703756041,0.39904639811881454,4,2.213376554194199
2015-02-06,0.8978023874922428,0.5392422703756041,0.39937532146486604,4,2.2164141042061
2015-02-09,0.8962401778509026,0.5392422703756041,0.39832839042247015,4,2.2067574153622957
2015-02-10,0.8941975704090561,0.5392422703756041,0.3969539973935241,4,2.1941311813576037
2015-02-11,0.8960018125300407,0.5392422703756041,0.3981683264089104,4,2.2052839769236874
2015-02-12,0.8952555457178043,0.5392422703756041,0.39766665176785176,4,2.2006709811966587
2015-02-13,0.8981654362117092,0.5392422703756041,0.39961810081444976,4,2.2186582642895196
2015-02-16,0.8980375591771901,0.4493793371958347,0.4995985049806046,5,2.2194856566435073
2015-02-17,0.8987753067731211,0.4493793371958347,0.5000092528028565,5,2.2231352503145225
2015-02-23,0.9003653590450966,0.4493793371958347,0.5008922403762465,5,2.231001144748326
2015-02-24,0.9021364115036514,0.4493793371958347,0.501872076699771,5,2.239762436387129
2015-02-25,0.9054241997029092,0.4493793371958347,0.5036808853316638,5,2.256026929921001
2015-02-26,0.9060221876611017,0.4493793371958347,0.5040084632409406,5,2.258985140940054
2015-02-27,0.9041712600993101,0.5406845983899428,0.4020108554096749,4,2.2507338856838457
2015-03-02,0.9061865628213466,0.5406845983899428,0.40334074618524446,4,2.263212775844677
2015-03-03,0.9064735432677724,0.814897957477507,0.10102400281881584,1,2.268392478663478
2015-03-04,0.9063321565445654,0.814897957477507,0.1008837636475966,1,2.2648902288363235
2015-03-05,0.9063362746044648,0.814897957477507,0.10088784890228786,1,2.264992236112843
2015-03-06,0.9070024851837182,0.814897957477507,0.10154826388105749,1,2.2814947466252593
2015-03-09,0.9060818700151344,0.814897957477507,0.10063540123157341,1,2.258690453252332
2015-03-10,0.9057135324352588,0.814897957477507,0.1002696456500646,1,2.2495664690747943
2015-03-11,0.9055332529241146,0.814897957477507,0.10009052141810519,1,2.2451008171916262
2015-03-12,0.9044899589386862,0.7243519989366931,0.19915971230168664,2,2.2334946559521245
2015-03-13,0.9056358078910449,0.6337514399385342,0.3002138007171427,3,2.25072255154201
2015-03-16,0.9057450980893011,0.5431905974487258,0.400283149647065,4,2.2524680093846694
2015-03-17,0.9135130936598785,0.5431905974487258,0.40538280051082903,4,2.3007287853200196
2015-03-18,0.9127108302873883,0.5444262716492626,0.40350628744282874,4,2.299074000612044
2015-03-19,0.9144247528556271,0.5444262716492626,0.40462430621099044,4,2.3097734305047095
2015-03-20,0.9143067391194666,0.5444262716492626,0.40454745835781714,4,2.309036711285405
2015-03-23,0.9132304176047306,0.361347778550834,0.6043191602196123,6,2.3082999920661007
2015-03-24,0.9145257195627475,0.361347778550834,0.6048795885985564,6,2.3137177118634464
2015-03-25,0.9147176560218228,0.26984670051705195,0.7049945425885448,7,2.315349828287751
2015-03-26,0.9083251687866067,0.26984670051705195,0.7029183933353639,7,2.292398191070963
2015-03-27,0.9074538964523254,0.26984670051705195,0.7026331568226081,7,2.289269967924379
2015-03-30,0.9106864430838618,0.26984670051705195,0.7036886816901888,7,2.3008761291638806
2015-03-31,0.9141557485018877,0.26984670051705195,0.7048132104848929,7,2.313332351041041
2015-04-01,0.9101845144565042,0.26984670051705195,0.7035252784121638,7,2.299074000612044
2015-04-02,0.9103802350533354,0.26984670051705195,0.703589016844986,7,2.2997767174058414
2015-04-03,0.9155415765988062,0.26984670051705195,0.7052600259624258,7,2.318308039306804
2015-04-06,0.9158604117646121,0.26984670051705195,0.7053626327213649,7,2.3194527876321844
2015-04-07,0.9160498187938035,0.26984670051705195,0.705423553412882,7,2.3201328361423115
2015-04-08,0.9197225261783364,0.36367827486776294,0.6045782673401164,6,2.3339944916070685
2015-04-09,0.9194298534449541,0.4571731057642163,0.5027645621346065,5,2.3335524600754853
2015-04-10,0.9257261644826453,0.5520137006674047,0.40369655536753135,4,2.3662967958381036
2015-04-13,0.9277238227844512,0.5520137006674047,0.40498056952919226,4,2.3789456981264667
2015-04-14,0.9298254837430912,0.646604156973924,0.3045962190980567,3,2.3934533996758436
2015-04-15,0.9309306225553287,0.646604156973924,0.3054217561357597,3,2.402792732548255
2015-04-16,0.9336049511859128,0.646604156973924,0.3074113883473151,3,2.4253930113681443
2015-04-17,0.9337044177950874,0.8379013095665613,0.1026053924589562,1,2.4294733024289066
2015-04-20,0.9338478878102092,0.8379013095665613,0.10274326204092424,1,2.4331115619580865
2015-04-21,0.9335703524405831,0.9335703524405831,0.0,0,2.4309354067256796
2015-04-22,0.9335703524405831,0.9335703524405831,0.0,0,2.4299153339604893
2015-04-23,0.9335703524405831,0.9335703524405831,0.0,0,2.46337372065874
2015-04-24,0.9335703524405831,0.9335703524405831,0.0,0,2.447947953620692
2015-04-27,0.9335703524405831,0.9335703524405831,0.0,0,2.4453864375658796
2015-04-28,0.932745064745407,0.8402133171965247,0.0992036849577315,1,2.43419963957429
2015-04-29,0.9318067272400661,0.7469071865419652,0.19843121464228744,2,2.4284872320892226
2015-04-30,0.9304725972693326,0.7469071865419652,0.1972819095006975,2,2.4109646488116154
2015-05-04,0.9309092530036089,0.7469071865419652,0.19765843541457462,2,2.4166997245803534
2015-05-06,0.928523179673028,0.7469071865419652,0.19559661741025947,2,2.3853608224053318
2015-05-07,0.9273512854296542,0.7469071865419652,0.194580092487915,2,2.3699690577927894
2015-05-08,0.926878385543521,0.7469071865419652,0.19416916157346875,2,2.3637579480669624
2015-05-11,0.9279018513554808,0.7469071865419652,0.19505798436452976,2,2.3772002402838073
2015-05-12,0.9267827618063846,0.4684524929256532,0.49453905248237856,5,2.3765088576318445
2015-05-13,0.9305840196342989,0.4684524929256532,0.49660376382806815,5,2.3962189302836934
2015-05-14,0.931932712032127,0.4684524929256532,0.49733227852452083,5,2.403212095796167
2015-05-15,0.9289096300447749,0.4684524929256532,0.49569637586481574,5,2.387536977637738
2015-05-18,0.930487840597825,0.4684524929256532,0.49655173073010894,5,2.3957202280429337
2015-05-19,0.9320463781661417,0.4684524929256532,0.4973935805132765,5,2.4038014711716102
2015-05-20,0.936450292132846,0.3750913455860496,0.5994540780891351,6,2.424984982262068
2015-05-21,0.9320607807538916,0.3750913455860496,0.5975677194756985,6,2.4060229629713588
2015-05-22,0.9381714633609357,0.3750913455860496,0.6001889204321881,6,2.4324201793061238
2015-05-26,0.9374892918376074,0.3750913455860496,0.5998979947271513,6,2.4294733024289066
2015-05-27,0.9280438399761397,0.3750913455860496,0.5958258334049248,6,2.3886703918212833
2015-05-28,0.928751392509553,0.4658565431733387,0.49840555079593385,5,2.392512665903501
2015-05-29,0.9294260475374239,0.5570561595683396,0.400644988329844,4,2.396944315361163
2015-06-01,0.9267116734607775,0.4641959593481558,0.4990934368889197,5,2.382855977059697
2015-06-02,0.9214911376388754,0.4641959593481558,0.4962556443705373,5,2.355960058484172
2015-06-03,0.9172225040353909,0.37204970554910954,0.5943735528595862,6,2.3384148069228936
2015-06-04,0.9197071852523471,0.28013376601758694,0.6954098320535308,7,2.3494089245032814
2015-06-05,0.918238504552465,0.28013376601758694,0.6949226539415053,7,2.3440138729896067
2015-06-08,0.9173406346287978,0.28013376601758694,0.6946240519139946,7,2.3407156377154905
2015-06-09,0.9162815508562686,0.46096578606615557,0.4969168749110126,5,2.3394008772625785
2015-06-10,0.9106554731386023,0.27704327743380097,0.6957759705995477,7,2.32499518298972
2015-06-11,0.9122894495612367,0.27704327743380097,0.6963208578515906,7,2.3309909440206735
2015-06-12,0.9109180213350557,0.27704327743380097,0.695863655186268,7,2.3259585850457336
2015-06-15,0.9077498813284728,0.18629433235684062,0.7947734985278073,8,2.314794455337814
2015-06-16,0.9029456413141685,0.18629433235684062,0.7936815641684659,8,2.299380022441601
2015-06-17,0.9049364219189469,0.2752123701478827,0.6958765682518492,7,2.3063391855285675
2015-06-18,0.9071088872696015,0.2752123701478827,0.696604923609257,7,2.3142957530970545
2015-06-19,0.9080751943609136,0.1840478013348742,0.7973209680455994,8,2.3200534971494635
2015-06-22,0.9109756050298145,0.1840478013348742,0.7979662679014872,8,2.329347493454533
2015-06-23,0.9201861774466659,0.1840478013348742,0.7999885177089159,8,2.3588615987940473
2015-06-24,0.921717735763293,0.1840478013348742,0.8003208637593802,8,2.3637692822087977
2015-06-25,0.9215514927127583,0.1840478013348742,0.800284842691649,8,2.3632365775425312
2015-06-26,0.9232071722980533,0.2756668106708631,0.7014030881230358,7,2.369130331296966
2015-06-29,0.913984742281863,0.2756668106708631,0.6983901394429947,7,2.3353885910528285
2015-06-30,0.9180484114896437,0.36725490338033606,0.5999612887686163,6,2.3509276995092314
2015-07-01,0.9241532804812749,0.4600154343751149,0.5022303722867804,5,2.377778281517415
2015-07-02,0.9260665711099103,0.3673961227558231,0.6032724490686548,6,2.3884777114100806
2015-07-03,0.924971648997394,0.2747846936973581,0.7029263610455457,7,2.3851681419941286
2015-07-06,0.9091929938589024,0.36567846252914304,0.5977988556894966,6,2.3279533940087727
2015-07-07,0.9052233004803074,0.5454446292271841,0.39744742657665405,4,2.3124936245452177
2015-07-08,0.9009771048886146,0.5454446292271841,0.39460766953160703,4,2.285201011005452
2015-07-09,0.9030226143929184,0.5454446292271841,0.3959789926259221,4,2.2983486155345747
2015-07-10,0.9034348497618254,0.6353928918060383,0.29669207251242485,3,2.3021568871912863
2015-07-13,0.9074399667259192,0.6353928918060383,0.2997962233264178,3,2.33655600766188
2015-07-14,0.9064654364072541,0.5445311829643534,0.3992808097321561,4,2.3339604891815617
2015-07-15,0.9088698597048454,0.5445311829643534,0.40087001769297376,4,2.3494655952124583
2015-07-16,0.9117754008095658,0.5458223259730167,0.40136318057234177,4,2.3664441396819638
2015-07-17,0.9098298581178121,0.5458223259730167,0.4000830802561557,4,2.3538632422446133
2015-07-20,0.9092199041928298,0.5458223259730167,0.3996806235147518,4,2.3499189608858764
2015-07-21,0.911026980332648,0.5458223259730167,0.4008713926631264,4,2.3616044611182265
2015-07-22,0.907716052274339,0.5458223259730167,0.39868604878648467,4,2.34019426719106
2015-07-23,0.9077756454739063,0.5458223259730167,0.3987255235426933,4,2.340579628013465
2015-07-24,0.9044261571099952,0.5458223259730167,0.39649873935851404,4,2.3189200829659184
2015-07-27,0.9031729471779195,0.5458223259730167,0.39566134295927596,4,2.310816171553571
2015-07-28,0.9032237766716681,0.5458223259730167,0.39569535250240734,4,2.311144861666799
2015-07-29,0.9027855988515403,0.6350296177920903,0.29658867110869974,3,2.309467408675152
2015-07-30,0.9001656644391697,0.7233987384575683,0.19637154911005464,2,2.288397239003049
2015-07-31,0.9011013362734566,0.633312569429165,0.2971794137513363,3,2.301012138865906
2015-08-03,0.8982429494578776,0.633312569429165,0.294942899566991,3,2.2764510535084836
2015-08-04,0.90153943873657,0.5434980354720415,0.3971444707580322,4,2.298552630087613
2015-08-05,0.9017847268613596,0.4533576859396048,0.4972661740263605,5,2.300558773192488
2015-08-06,0.8931813626965428,0.09198101677654574,0.8970186564363009,9,2.2818914415895
2015-08-07,0.8919636180802606,0.09198101677654574,0.8968780621629915,9,2.278423194187852
2015-08-10,0.8885672967559722,0.09041450300953525,0.8982468707326668,9,2.270421290052024
2015-08-11,0.8803245180034176,0.0008812139586571316,0.9989989896445737,10,2.251697287739859
2015-08-12,0.8752025298513448,0.08714069092959544,0.9004336848244755,9,2.239025717167825
2015-08-13,0.8783899303651389,0.08714069092959544,0.9007949796357845,9,2.24808169649435
2015-08-17,0.8724300100051785,0.08714069092959544,0.9001172702334275,9,2.2311484885921864
2015-08-18,0.8675392052117974,0.08714069092959544,0.8995541752971022,9,2.2172528307019235
2015-08-19,0.8608053728372237,0.08714069092959544,0.8987684165557903,9,2.1981207992836826
2015-08-20,0.8509000968976107,0.08714069092959544,0.8975899858898698,9,2.1699781251062578
2015-08-21,0.8355495121953835,0.08714069092959544,0.8957085251589273,9,2.1263643473234426
2015-08-24,0.8170953009603255,0.08714069092959544,0.8933530876665431,9,2.0739326071926465
2015-08-25,0.8238051979117669,0.08714069092959544,0.894221727235413,9,2.092996633759875
2015-08-26,0.8427381176094723,0.08714069092959544,0.896598137536747,9,2.146788470910925
2015-08-27,0.8479214036388146,0.002135651991954271,0.9974813090189855,10,2.1625542622040372
2015-08-28,0.8609017479946531,0.08790878825550728,0.8978875481896997,9,2.1961826610298205
2015-08-31,0.8624256571774364,0.08790878825550728,0.8980679812527645,9,2.2005123032109624
2015-09-01,0.8513799295685625,0.17319796534203707,0.7965679488946783,8,2.1696154325675234
2015-09-02,0.8515606906189669,0.25801827304553493,0.6970054208843397,7,2.1707375126092328
2015-09-03,0.8509785510803667,0.5964456050732863,0.2991061827397836,3,2.171088871006132
2015-09-04,0.8470599611455973,0.5964456050732863,0.29586377301244443,3,2.137664486733387
2015-09-07,0.8465184401929099,0.679680451125224,0.19708724718349407,2,2.13446825873579
2015-09-08,0.8459500388296461,0.7626113843853802,0.09851486567642127,1,2.129322558342495
2015-09-09,0.8484129181357258,0.7626113843853802,0.10113180966042216,1,2.192249713812919
2015-09-10,0.849651011821473,0.7626113843853802,0.10244162158943125,1,2.2238833036756622
2015-09-11,0.848730980899137,0.7626113843853802,0.10146866139200263,1,2.200376293508937
2015-09-14,0.847417570679881,0.6777104280785318,0.2002638940625147,2,2.1891441589500054
2015-09-15,0.8479535453155805,0.6777104280785318,0.20076939141010355,2,2.19605798546963
2015-09-16,0.8512827385855241,0.6777104280785318,0.20389501940964633,2,2.239003048884154
2015-09-17,0.8513741178676761,0.6777104280785318,0.20398046657102611,2,2.2401817996350406
2015-09-18,0.8530839648202521,0.6777104280785318,0.20557593856388112,2,2.2622380396468285
2015-09-21,0.8503364358270841,0.6777104280785318,0.20300906849963066,2,2.226796178127373
2015-09-22,0.8518635242153558,0.6777104280785318,0.20443778984108404,2,2.2464949166373867
2015-09-23,0.848403098042916,0.7638025531964552,0.09971739264226653,1,2.2040825578891297
2015-09-24,0.8485101190546829,0.7638025531964552,0.09983094362221578,1,2.2068707567806505
2015-09-25,0.8483252250302888,0.7638025531964552,0.09963475014056769,1,2.202053746500584
2015-09-30,0.8491935743777955,0.7638025531964552,0.10055542547399325,1,2.224676693604144
2015-10-01,0.8499118332819706,0.7638025531964552,0.10131554440535417,1,2.243389361774473
2015-10-02,0.8489058550611331,0.6788109783279712,0.20036954123836584,2,2.232463249045099
2015-10-05,0.8496459311616181,0.6788109783279712,0.20106605183183177,2,2.24217660859808
2015-10-06,0.8507167530573023,0.6788109783279712,0.20207169320638957,2,2.2562309444740394
2015-10-07,0.8520285098795154,0.6788109783279712,0.20330015902406684,2,2.273447505922089
2015-10-08,0.8532107317949925,0.6788109783279712,0.20440407857988085,2,2.2889639460948215
2015-10-12,0.8533920806644228,0.6788109783279712,0.20457314555875492,2,2.2913441158802663
2015-10-13,0.853169280624837,0.6788109783279712,0.2043654246073777,2,2.2884199072867197
2015-10-14,0.8521740440413659,0.766060549892072,0.10105153372297956,1,2.2776524725430414
2015-10-15,0.8531904965213845,0.766060549892072,0.10212250017382683,1,2.304537056976731
2015-10-16,0.8530615116156148,0.766060549892072,0.10198673898529494,1,2.3011254802842602
2015-10-19,0.8530619401368964,0.766060549892072,0.10198719008711465,1,2.301136814426096
2015-10-20,0.8536106001535921,0.6807490850666182,0.20250628923290143,2,2.3114395493545206
2015-10-21,0.8539174408705891,0.6807490850666182,0.20279285504160868,2,2.315542508698954
2015-10-22,0.8522238835430757,0.6807490850666182,0.20120862814071816,2,2.292896893311723
2015-10-23,0.853698753287757,0.6807490850666182,0.20258863862114893,2,2.3126183001054077
2015-10-26,0.8543497302785129,0.6807490850666182,0.20319623107424858,2,2.321322921035034
2015-10-27,0.8540589944610268,0.6807490850666182,0.20292498588318217,2,2.3174353103854743
2015-10-28,0.8538776024349568,0.6807490850666182,0.2027556606176779,2,2.315009804032688
2015-10-29,0.8531698344827678,0.6807490850666182,0.20209428703099808,2,2.305545795600086
2015-10-30,0.8522058455817938,0.6822200206605529,0.19946568754781663,2,2.30023008307926
2015-11-02,0.8526891334400994,0.6822200206605529,0.19991941505317884,2,2.306769882918315
2015-11-03,0.8537913982954378,0.6822200206605529,0.20095233798023815,2,2.3216856135737687
2015-11-04,0.8541574239350904,0.6822200206605529,0.20129474784920157,2,2.32663863355586
2015-11-05,0.8538759946103232,0.6822200206605529,0.20103150227113206,2,2.3228303618991486
2015-11-06,0.8531774468220616,0.6822200206605529,0.2003773386161292,2,2.3133776876083827
2015-11-09,0.8518900751787069,0.6822200206605529,0.19916895320392256,2,2.295957111607295
2015-11-10,0.8494518586180001,0.6822200206605529,0.1968702949564699,2,2.262963424724297
2015-11-11,0.8495088145527745,0.6822200206605529,0.19692414137019998,2,2.263734146369108
2015-11-12,0.8488436613707242,0.5972687204116374,0.2963737050858578,3,2.259302496911446
2015-11-13,0.8460271041512082,0.5126038273362938,0.3941047221524034,4,2.2365548742476964
2015-11-16,0.8404668384564128,0.5097377136091105,0.3935064534547417,4,2.2022464269117865
2015-11-17,0.8436358968815376,0.42527672898947905,0.49590015009852545,5,2.2255494225254733
2015-11-18,0.8427752574386236,0.25639316401684603,0.6957751645485175,7,2.224756032596992
2015-11-19,0.8508940916995924,0.17169561604882785,0.7982174071677008,8,2.254258803794671
2015-11-20,0.8512185098743053,0.17169561604882785,0.7982943109705389,8,2.2553355472690386
2015-11-23,0.8561063971303872,0.08636682041521204,0.8991167211170153,9,2.2710219995693026
2015-11-24,0.8609429601242704,0.08636682041521204,0.8996834582365995,9,2.285291684140135
2015-11-25,0.8583037871482594,0.08636682041521204,0.899374997863905,9,2.2775051286991808
2015-11-26,0.8663010487731508,0.1711772168327545,0.8024044677365052,8,2.3016015142413493
2015-11-27,0.8657225434074707,0.1711772168327545,0.8022724276544727,8,2.299686044271158
2015-11-30,0.853050195101271,0.1711772168327545,0.7993351178913534,8,2.257727051196319
2015-12-01,0.8639904504191029,0.1711772168327545,0.8018760314425697,8,2.29395096850242
2015-12-02,0.8589790193223239,0.1711772168327545,0.800720142189501,8,2.2773577848553197
2015-12-03,0.8537690479225302,0.1711772168327545,0.799504072852865,8,2.260107220981763
2015-12-04,0.8470357931634016,0.1711772168327545,0.797910291141932,8,2.2378129639914315
2015-12-07,0.8433627975576339,0.1711772168327545,0.7970301543671582,8,2.2256514298019927
2015-12-08,0.8383547895695274,0.1711772168327545,0.7958176908362992,8,2.209069580296728
2015-12-09,0.8379155440731436,0.2537102213155245,0.6972126569197795,7,2.208162848949892
2015-12-10,0.8389385242553257,0.25325650087526486,0.6981226948660331,7,2.2125038252728695
2015-12-11,0.83773522614125,0.33718344267157674,0.597505951582458,6,2.208593546339639
2015-12-14,0.8322270293349685,0.4196165373123817,0.4957907848202231,5,2.185018531321901
2015-12-15,0.8329980626526109,0.5848948107849967,0.2978437321661357,3,2.1908556143671585
2015-12-16,0.8375055644399125,0.6689325000055211,0.20127993364094945,2,2.232145893073706
2015-12-17,0.8378134877867927,0.5850564596006986,0.3016865112231468,3,2.241847918484852
2015-12-18,0.8377788715502041,0.5856115208343152,0.3009951184962269,3,2.238855705040293
2015-12-21,0.8386544762286516,0.5018471655319444,0.40160437968601465,4,2.2455088462977026
2015-12-22,0.840587404984915,0.5018471655319444,0.402980389004341,4,2.2583957655646105
2015-12-23,0.8417196218289532,0.5018471655319444,0.40378345411326844,4,2.2659443040270206
2015-12-24,0.8402627001542675,0.5018471655319444,0.40274968121302046,4,2.2562309444740394
2015-12-28,0.8357423329045712,0.5018471655319444,0.3995192707448415,4,2.226093461333575
2015-12-29,0.8361248385951248,0.5018471655319444,0.39979397529302085,4,2.2286436432465515
2015-12-30,0.8352748259494505,0.5018471655319444,0.39918317906744205,4,2.222976572328826
2016-01-04,0.8280412183347619,0.5018471655319444,0.39393455975393626,4,2.1747497988189823
2016-01-05,0.8300421481026792,0.5018471655319444,0.3953955631300495,4,2.1880900837593082
2016-01-06,0.8291751352040914,0.5018471655319444,0.39476336876838347,4,2.182309671423228
2016-01-07,0.8249323108630261,0.4190948944698544,0.4919645055102685,5,2.1583946321504266
2016-01-08,0.8277645821940797,0.4190948944698544,0.4937027948707373,5,2.173457706649741
2016-01-11,0.8227471783184672,0.5002774479806572,0.39194267550923056,4,2.147638531548584
2016-01-12,0.8220698496116928,0.5002774479806572,0.39144167832336296,4,2.1431275430980743
2016-01-13,0.8267476294630889,0.41784122639435595,0.4945964022107778,5,2.1719389316437905
2016-01-14,0.8232758470628508,0.41784122639435595,0.49246509795585325,5,2.153498282877512
2016-01-15,0.817008292054104,0.33517606579641895,0.5897519412517506,6,2.129537907037369
2016-01-18,0.8183740211346565,0.2520402325583154,0.692023175162785,7,2.1290618730802797
2016-01-19,0.8215869285664159,0.3322619980359506,0.5955850969833303,6,2.1417447777941496
2016-01-20,0.8099875802572087,0.4102486016088513,0.49351247894618555,5,2.0916592050232916
2016-01-21,0.808921869576914,0.4102486016088513,0.49284520911343227,5,2.08608280724025
2016-01-22,0.8173479154028216,0.4102486016088513,0.49807347167862487,5,2.130172618980154
2016-01-25,0.8203587730944385,0.3282816064406675,0.599831662429389,6,2.1460404175497856
2016-01-26,0.813500015403181,0.16481070974063794,0.797405400589998,8,2.121399993199515
2016-01-27,0.8225734656124812,0.16481070974063794,0.7996401335193553,8,2.1510727765247255
2016-01-28,0.8257169412961465,0.16481070974063794,0.800402896564129,8,2.1613528431694795
2016-01-29,0.8274914281208836,0.16481070974063794,0.8008309160193964,8,2.16715592378923
2016-02-01,0.8319725086254304,0.08179955285833448,0.901679980996629,9,2.181618288771266
2016-02-02,0.8243518402577935,0.0,1.0,10,2.160967482347074
2016-02-03,0.817301211054239,0.0813445962819098,0.9004717047011551,9,2.142912194403201
2016-02-04,0.8272622988019813,0.0813445962819098,0.901670127600749,9,2.17191626336012
2016-02-05,0.82785786207881,0.0813445962819098,0.9017408663878027,9,2.1736503870609436
2016-02-11,0.8059621533718735,0.0813445962819098,0.8990714440602559,9,2.109895839236532
2016-02-12,0.7955816863036059,0.16047456981087815,0.798292780523308,8,2.0801323827766383
2016-02-15,0.8048974765786507,0.16047456981087815,0.800627316545951,8,2.1106438925976723
2016-02-16,0.8137668727611616,0.24162659402308767,0.7030763943446929,7,2.1402260027881987
2016-02-17,0.8121171444117552,0.4056389665360141,0.5005166812112648,5,2.1352843169479425
2016-02-18,0.8174895589414675,0.4056389665360141,0.5037992080764201,5,2.163506330118215
2016-02-19,0.8190861801270044,0.4056389665360141,0.5047664380406012,5,2.171893595076449
2016-02-22,0.8191120712813644,0.4056389665360141,0.504782091782069,5,2.172029604778474
2016-02-23,0.8186503456952767,0.4056389665360141,0.5045027847737529,5,2.1696040984256877
2016-02-24,0.8181201680030074,0.48824539011689694,0.4032106660948344,4,2.1676886284554966
2016-02-25,0.8188292997994293,0.6542389714394353,0.20100688678374123,2,2.174534450124109
2016-02-26,0.8189657027568885,0.6542389714394353,0.201139963203505,2,2.176336578675946
2016-02-29,0.8186654446744313,0.6542389714394353,0.20084696905753172,2,2.172369629033538
2016-03-02,0.8213042842791125,0.6542389714394353,0.2034146369835588,2,2.207233449319385
2016-03-03,0.822057487178679,0.7385791299332933,0.10154807729065923,1,2.2194176517924946
2016-03-04,0.8217824647919797,0.8217824647919797,0.0,0,2.21653877976629
2016-03-07,0.8217824647919797,0.8217824647919797,0.0,0,2.219077627537431
2016-03-08,0.8217824647919797,0.8217824647919797,0.0,0,2.205760010880776
2016-03-09,0.8221425023700311,0.7396042183127818,0.10039413340061129,1,2.2135012297543892
2016-03-10,0.8228347766693515,0.7396042183127818,0.1011509974012864,1,2.2320665540808577
2016-03-11,0.8229226845168842,0.7396042183127818,0.1012470159976407,1,2.2344240555826316
2016-03-14,0.822959031030768,0.7396042183127818,0.10128671000011147,1,2.2353987917804803
2016-03-15,0.822861825237823,0.7396042183127818,0.10118054376988288,1,2.232791939158327
2016-03-16,0.8230701837418309,0.7396042183127818,0.1014080780445688,1,2.2383796710832042
2016-03-17,0.823623411493852,0.7396042183127818,0.10201166213655807,1,2.253216062745809
2016-03-18,0.8237979592872703,0.7396042183127818,0.10220192952083894,1,2.2578970633238504
2016-03-21,0.8236982176910312,0.7396042183127818,0.10209321517530962,1,2.255222205850684
2016-03-22,0.8239961745781014,0.7396042183127818,0.10241789812741495,1,2.263212775844677
2016-03-23,0.8237046761250867,0.6572060378101717,0.20213389961334965,2,2.2612973058744856
2016-03-24,0.8229410816843606,0.6572060378101717,0.20139357186418436,2,2.2509265660950484
2016-03-25,0.8227608233245827,0.6572060378101717,0.20121860548177659,2,2.248478391458591
2016-03-28,0.8223917158339173,0.5749206087479471,0.30091634232359793,3,2.2470389554454884
2016-03-29,0.8241013982395734,0.49262663886741603,0.4022256970807794,4,2.2610592888959413
2016-03-30,0.8253027369015986,0.49262663886741603,0.403095837635454,4,2.2692538734429726
2016-03-31,0.8242575888816623,0.49262663886741603,0.4023389708358005,4,2.2621246982284737
2016-04-01,0.8195169867445316,0.41021882528706427,0.49943828874539004,5,2.236872230219089
2016-04-04,0.820636891319424,0.41021882528706427,0.5001213939730245,5,2.2429926668102325
2016-04-05,0.817105051817408,0.4930049638298966,0.3966443326554484,4,2.2245973546112956
2016-04-06,0.8185218358819977,0.4930049638298966,0.397688684384749,4,2.2343220483061126
2016-04-07,0.8189462105959833,0.4930049638298966,0.39800079974591346,4,2.2372349227578234
2016-04-08,0.8186423781159313,0.4930049638298966,0.39777737262450863,4,2.2351494406601002
2016-04-11,0.8183649658515362,0.4930049638298966,0.39757322905812753,4,2.2332453048317444
2016-04-12,0.8201730993605405,0.4930049638298966,0.3989013243493662,4,2.2456561901415633
2016-04-14,0.8258881222597771,0.4930049638298966,0.40306083773072426,4,2.284883655034059
2016-04-15,0.8256866681153949,0.4930049638298966,0.4029151942647135,4,2.283500889730134
2016-04-18,0.8247603093039324,0.4930049638298966,0.4022445572751012,4,2.277142436160446
2016-04-19,0.825133494850083,0.4930049638298966,0.40251490588262967,4,2.279703952215258
2016-04-20,0.823431630324858,0.4928516662799136,0.40146619569924086,4,2.273436171780254
2016-04-21,0.8261130819010192,0.4928516662799136,0.4034089556531623,4,2.2918768205465323
2016-04-22,0.8250236906952155,0.4928516662799136,0.4026211951991262,4,2.2843849527932996
2016-04-25,0.824702076436359,0.5760316082278556,0.30152763684437367,3,2.2833195434607667
2016-04-26,0.8251621748273967,0.6593460097826537,0.20094978914833034,2,2.289077287513176
2016-04-27,0.8248148823143427,0.6593460097826537,0.20061334498160485,2,2.2842829455167806
2016-04-28,0.8236268627720515,0.6593460097826537,0.19946029010817318,2,2.2678824422808828
2016-04-29,0.8229057739948783,0.7413993389031521,0.09904710559514608,1,2.2601978941164473
2016-05-02,0.8215231829473254,0.6591182031136266,0.19768764072006956,2,2.242063267179726
2016-05-03,0.8222013242073039,0.6591182031136266,0.1983493778131628,2,2.251425268335808
2016-05-04,0.821404959773673,0.6591182031136266,0.19757216550623502,2,2.2404311507554207
2016-05-09,0.8206742748809601,0.6591182031136266,0.19685772627729498,2,2.2303437645218693
2016-05-10,0.8218803154510671,0.6591182031136266,0.19803627033957233,2,2.2469936188781467
2016-05-11,0.8211448663702289,0.5768754112512795,0.2974742522579637,3,2.2442734248376386
2016-05-12,0.8208338205663459,0.494845057621878,0.39714343485450837,4,2.2413152138185857
2016-05-13,0.8191028980277151,0.494845057621878,0.3958694825602553,4,2.2294143648913622
2016-05-16,0.8192545598120523,0.494845057621878,0.395981320219442,4,2.230457105940224
2016-05-17,0.8188750303267529,0.4128215160301504,0.4958675002394155,5,2.2306271180677557
2016-05-18,0.8161226065589197,0.3310429508629612,0.5943710562573888,6,2.21778553536819
2016-05-19,0.8130371080800654,0.32891175028737984,0.5954529663915541,6,2.206508064241916
2016-05-20,0.81325602776652,0.2476811514155916,0.6954450468743417,7,2.207516802865271
2016-05-23,0.8153356532622011,0.1661641846791747,0.7962014981016187,8,2.216108082376543
2016-05-24,0.8095021574417159,0.1661641846791747,0.7947328698859725,8,2.196193995171656
2016-05-25,0.817082049848186,0.1661641846791747,0.7966370883927164,8,2.22206984098199
2016-05-26,0.8159365996159336,0.1661641846791747,0.796351597958237,8,2.2181595620487595
2016-05-27,0.8199572959384195,0.1661641846791747,0.7973501967696938,8,2.231885207811491
2016-05-30,0.8192799862358703,0.1661641846791747,0.7971826634718547,8,2.2295730428770586
2016-05-31,0.8245183252302383,0.24776959579219204,0.6994977695334971,7,2.2480136916433375
2016-06-01,0.8243205894552973,0.24776959579219204,0.6994256858779717,7,2.247242969998527
2016-06-02,0.8250155725466338,0.24776959579219204,0.6996788860271035,7,2.249951829897199
2016-06-03,0.825227847716791,0.24776959579219204,0.6997561382862787,7,2.2507792222511873
2016-06-07,0.8333306102071458,0.1650362805777817,0.801955816147498,8,2.280009974044815
2016-06-08,0.8382960512853909,0.24851190040609306,0.7035511499487079,7,2.297521223180587
2016-06-09,0.8372814234376408,0.33232186811369535,0.6030941821815707,6,2.294222987906471
2016-06-10,0.835649922381989,0.33232186811369535,0.6023192736422158,6,2.286810459146086
2016-06-13,0.8260280575935351,0.33232186811369535,0.5976869489374882,6,2.2430946740867514
2016-06-14,0.824110750834645,0.4139422285376522,0.4977104374400908,5,2.2351267723764296
2016-06-15,0.8232814392891371,0.49564539729932533,0.39796359586669333,4,2.2314998469890854
2016-06-16,0.8203164696216226,0.5767824235579239,0.29687816237071374,3,2.212413152138186
2016-06-17,0.8203294496179474,0.6580866539996655,0.19777760714776643,2,2.2140112661369846
2016-06-20,0.822466834204314,0.7403941273904483,0.09978846976032292,1,2.2454295073048542
2016-06-21,0.8225714774099703,0.6581611978762226,0.19987354783006347,2,2.2472203017148558
2016-06-22,0.823390750906613,0.6581611978762226,0.2006696733579538,2,2.258418433848281
2016-06-23,0.8229039963089113,0.6581611978762226,0.20019686278306226,2,2.2517652925908718
2016-06-24,0.8178067552321274,0.6581611978762226,0.19521183498978406,2,2.182094322728355
2016-06-27,0.8188477371636063,0.5765744778903223,0.29587095167715843,3,2.1839191195638623
2016-06-28,0.8200258778800038,0.5765744778903223,0.29688258207054563,3,2.19453921046368
2016-06-29,0.8235954190736066,0.24805665865599644,0.6988124837617302,7,2.2173661721202778
2016-06-30,0.8277111172366453,0.24805665865599644,0.7003101039839287,7,2.233222636548074
2016-07-01,0.8332064988627841,0.08210198282663876,0.9014626230847971,9,2.252456675242834
2016-07-04,0.8360572072078544,0.16459681027873396,0.8031273352353111,8,2.261501320427524
2016-07-05,0.8342231676332221,0.16459681027873396,0.8026945106958463,8,2.255324213127203
2016-07-06,0.8205665289729664,0.08150226499168547,0.9006756160360393,9,2.213693910165592
2016-07-07,0.8284978322073031,0.08150226499168547,0.9016264595713603,9,2.237450271452697
2016-07-08,0.8243429796542012,0.08150226499168547,0.9011306373642263,9,2.225005383717372
2016-07-11,0.833969523274503,0.08150226499168547,0.9022718903783504,9,2.253839440546759
2016-07-12,0.8349874243098258,0.08150226499168547,0.902391026955822,9,2.2568883247004954
2016-07-13,0.8401583788135345,0.0,1.0,10,2.273118815808861
2016-07-14,0.841507290573291,0.0,1.0,10,2.2767684094798764
2016-07-15,0.8450638933187358,0.0,1.0,10,2.2863910958981744
2016-07-18,0.8465089907167799,0.08369820808285126,0.9011254351687631,9,2.2907547405048225
2016-07-19,0.8449162711207584,0.08369820808285126,0.9009390504791347,9,2.2859717326502627
2016-07-20,0.8443765580822961,0.08369820808285126,0.9008757321816913,9,2.2843509503677932
2016-07-21,0.8431537117573885,0.08369820808285126,0.9007319698464011,9,2.280678688413107
2016-07-22,0.842272021645984,0.16959472357417155,0.7986461389958719,8,2.278547869748042
2016-07-25,0.8429345469154321,0.16959472357417155,0.7988043980463573,8,2.2807920298314612
2016-07-26,0.8478594932802623,0.4262278065665118,0.4972895745762193,5,2.2978159108683087
2016-07-27,0.8473832354436023,0.4262278065665118,0.4970070344342097,5,2.2952203923879906
2016-07-28,0.8462231684966569,0.5951763183547235,0.2966674270900977,3,2.2907434063629872
2016-07-29,0.8456132827739332,0.5951763183547235,0.29616015916599747,3,2.285178342721781
2016-08-01,0.8473512162399379,0.4258420028851667,0.4974433331496106,5,2.300388761064956
2016-08-02,0.8449848454567996,0.5102315760583217,0.39616482023119604,4,2.288397239003049
2016-08-03,0.8409658763229982,0.5102315760583217,0.39327909678186285,4,2.260923279193916
2016-08-04,0.8418346633799751,0.5102315760583217,0.39390524261648185,4,2.266862369515692
2016-08-05,0.844804124485024,0.5102315760583217,0.3960356474711237,4,2.287161817542985
2016-08-08,0.8469893560520001,0.5102315760583217,0.39759387480780045,4,2.302100216482109
2016-08-09,0.8489227653367041,0.592869355686184,0.30162156100144494,3,2.31644924004579
2016-08-10,0.8490305097770545,0.592869355686184,0.30171018725597437,3,2.317423976243639
2016-08-11,0.8495516921861916,0.592869355686184,0.3021385736275502,3,2.3221389792471867
2016-08-12,0.8497609168552442,0.592869355686184,0.30231039822324673,3,2.3240317809337063
2016-08-16,0.8494213965839073,0.592869355686184,0.30203152631837504,3,2.3209602284962996
2016-08-17,0.8489190068097151,0.592869355686184,0.3016184689818407,3,2.3164152376202836
2016-08-18,0.8503873380200724,0.592869355686184,0.30282433759357075,3,2.329698851851432
2016-08-19,0.8504838068794559,0.592869355686184,0.302903416983911,3,2.330571580772762
2016-08-22,0.8487198048792998,0.592869355686184,0.30145455275372224,3,2.314613109068447
2016-08-23,0.8495218182715483,0.6784204595355241,0.20140902217691123,2,2.323419737274592
2016-08-24,0.849006827328735,0.6784204595355241,0.2009246125027449,2,2.3164265717621193
2016-08-25,0.8489367151096162,0.6784204595355241,0.20085861824467652,2,2.315474503847941
2016-08-26,0.8484843243624447,0.6784204595355241,0.2004325359277644,2,2.309331398973127
2016-08-29,0.8477152016654039,0.8477152016654039,0.0,0,2.3034943159278694
2016-08-30,0.8477152016654039,0.8477152016654039,0.0,0,2.311870246744268
2016-08-31,0.8473828996331741,0.7629436814988635,0.09964706412043924,1,2.3061011685500232
2016-09-01,0.847541541855795,0.678253905749784,0.19973963250855561,2,2.3039136791757815
2016-09-02,0.8480204838243628,0.5934897578039557,0.30014690785832954,3,2.310249464461798
2016-09-05,0.8507389780207628,0.5934897578039557,0.3023832536923315,3,2.334923891237575
2016-09-06,0.8517177675901155,0.5084392113300709,0.40304261496308896,4,2.342234412721441
2016-09-07,0.8509453397586254,0.5084392113300709,0.40250073938439807,4,2.3369640367679563
2016-09-08,0.8512526497560999,0.5084392113300709,0.40271644208596785,4,2.3390608530075148
2016-09-09,0.8469569543319422,0.5084392113300709,0.39968706942005733,4,2.3097507622210385
2016-09-12,0.8392509485033777,0.5084392113300709,0.3941749935025249,4,2.2571716782463818
2016-09-13,0.840559922979107,0.5084392113300709,0.3951184235288498,4,2.266102982012717
2016-09-19,0.8432875068485839,0.5084392113300709,0.39707489177666255,4,2.2847136429065276
2016-09-20,0.8449370140242176,0.5084392113300709,0.3982519372556473,4,2.2959684457491303
2016-09-21,0.8470252294998791,0.4239936828461721,0.4994320498617065,5,2.3076199435559737
2016-09-22,0.8494840514358276,0.25399356410712726,0.7010025512806056,7,2.3231590520123766
2016-09-23,0.8506190261714204,0.16894289392400716,0.8013882963746909,8,2.328112071994469
2016-09-26,0.8483092383450843,0.16894289392400716,0.8008475137514856,8,2.320223509276995
2016-09-27,0.8535228542576905,0.16894289392400716,0.8020640067442166,8,2.3380294461004887
2016-09-28,0.850283841443748,0.16894289392400716,0.8013100029783596,8,2.3269673236690886
2016-09-29,0.8554808640530039,0.16894289392400716,0.802517039219781,8,2.3447165897834044
2016-09-30,0.8469847206446744,0.25358516375769335,0.7006024340501923,7,2.3162792279182582
2016-10-04,0.8498181203134918,0.25418204758212354,0.7008982963456255,7,2.3290074691994698
2016-10-05,0.8491081906517188,0.3393998053786174,0.6002867371728957,6,2.326899318818076
2016-10-06,0.8521619720150209,0.3393998053786174,0.6017191372949052,6,2.3408403132756805
2016-10-07,0.8491374127456555,0.42392932361238406,0.5007529791419463,5,2.327806050164912
2016-10-10,0.8497626578664961,0.42392932361238406,0.5011203190821002,5,2.3312289609992183
2016-10-11,0.8446095614897666,0.42392932361238406,0.49807657532951044,5,2.3030182819707807
2016-10-12,0.8452613686922495,0.33965387065157737,0.598167048404123,6,2.305058427501162
2016-10-13,0.840714274860146,0.33965387065157737,0.59599369154511,6,2.284328282084122
2016-10-14,0.8423827085256659,0.25542780716974167,0.6967793799841996,7,2.2925115324893177
2016-10-17,0.8438191470579509,0.25542780716974167,0.6972955543136073,7,2.2981219326978657
2016-10-18,0.8475393777617682,0.25542780716974167,0.6986242599791759,7,2.312652302530914
2016-10-19,0.8475173097980849,0.34029007298328806,0.5984859907293696,6,2.313230343764522
2016-10-20,0.8470950962494683,0.508809664171099,0.39934764535426465,4,2.3128449829421167
2016-10-21,0.8452328159874907,0.5079969635781328,0.3989857540201668,4,2.3042310351471738
2016-10-24,0.8476779003281272,0.5079969635781328,0.40071934943509485,4,2.3209375602126285
2016-10-25,0.8459245393050249,0.5079969635781328,0.39947721105776024,4,2.308957372292557
2016-10-26,0.842062832151021,0.5079969635781328,0.3967232085514666,4,2.2825714900996275
2016-10-27,0.843759793671015,0.5079969635781328,0.3979365129879574,4,2.2941663171972935
2016-10-28,0.8429801534809884,0.5079969635781328,0.3973796874334247,4,2.2888392705346314
2016-10-31,0.8409515058527033,0.5907337667594078,0.2975412224746314,3,2.2761110292534203
2016-11-01,0.8408518269422045,0.5907337667594078,0.29745794938968284,3,2.2752042979065843
2016-11-02,0.8373069956875899,0.5907337667594078,0.2944836603517186,3,2.242958664384726
2016-11-03,0.8379125450688703,0.5907337667594078,0.29499352857779,3,2.248467057316755
2016-11-04,0.8374455278036411,0.5069416400620539,0.3946571768176923,4,2.246449580070045
2016-11-07,0.8400401739188463,0.5069416400620539,0.39652690930585427,4,2.2640855047660065
2016-11-08,0.8404142379378285,0.5058640317461258,0.39807774676998253,4,2.2706593070305683
2016-11-09,0.8328995581074287,0.5058640317461258,0.39264701629139453,4,2.2196556687710394
2016-11-10,0.8401174525714183,0.5889629588384044,0.2989516441591401,3,2.269775243967403
2016-11-11,0.8374845401944161,0.5051234072893898,0.3968564396757355,4,2.249181108252389
2016-11-14,0.835278123844137,0.4214000759348624,0.4954972913746563,5,2.2378129639914315
2016-11-15,0.8332577184168797,0.33781084424937624,0.5945902008670393,6,2.2300264085504766
2016-11-16,0.8363096749892878,0.33781084424937624,0.5960696685068204,6,2.243763388455043
2016-11-17,0.8363721422178911,0.4197282860103445,0.4981560661533879,5,2.2447834612202335
2016-11-18,0.8351162467234279,0.4197282860103445,0.49740136459188145,5,2.2380169785444695
2016-11-21,0.8329448781555696,0.3362913418908551,0.5962621888791473,6,2.22834895555883
2016-11-22,0.8373454298209553,0.3362913418908551,0.5983839764160863,6,2.2480930306361855
2016-11-23,0.8383228494157006,0.25245145849288897,0.698861293511391,7,2.2531707261784675
2016-11-24,0.8334041172974371,0.25245145849288897,0.69708397972458,7,2.2342540434551
2016-11-25,0.8343471935573797,0.25245145849288897,0.6974263706497056,7,2.237880968842444
2016-11-28,0.8354287841430015,0.25245145849288897,0.697818098580529,7,2.242040598896055
2016-11-29,0.8355054090891219,0.25245145849288897,0.6978458119521757,7,2.2423352865837765
2016-11-30,0.8370054897650931,0.25245145849288897,0.6983873324848325,7,2.248104364778021
2016-12-01,0.8369178221872142,0.33590403751133746,0.5986415528426906,6,2.248410386607578
2016-12-02,0.8324623645172305,0.16870282062400724,0.7973448076276182,8,2.2335173242357955
2016-12-05,0.8293262318021631,0.08447995679603174,0.8981342280558846,9,2.2253000714050937
2016-12-06,0.8393796230740962,0.08447995679603174,0.8993542915818743,9,2.2553355472690386
2016-12-07,0.8401497507828519,0.08447995679603174,0.8994465490023495,9,2.257636378061635
2016-12-08,0.8548426997938849,0.16975663225781484,0.8014176967309359,8,2.302043545772932
2016-12-09,0.8523570336876203,0.16963855555450374,0.800977115398951,8,2.294812363281914
2016-12-12,0.8530458287634463,0.25499555981960553,0.7010763651593717,7,2.297702569449954
2016-12-13,0.8558567568661704,0.16971605254992822,0.8017003999929084,8,2.3076086094141384
2016-12-14,0.8561566936174358,0.16971605254992822,0.8017698701474336,8,2.3086173480374934
2016-12-15,0.8560825519485837,0.16971605254992822,0.8017527022789721,8,2.308367996917114
2016-12-16,0.8577938667066359,0.25582231788568643,0.7017671403178997,7,2.3147037822031304
2016-12-19,0.8566590390355686,0.25582231788568643,0.7013720672653001,7,2.3103401375964823
2016-12-20,0.857533521828018,0.34160877533977446,0.6016379923999221,6,2.314363757948067
2016-12-21,0.8565279190722939,0.34160877533977446,0.6011702972744062,6,2.3098527694975575
2016-12-22,0.8555468710230643,0.2558637610692689,0.7009354253574598,7,2.307325255868252
2016-12-23,0.8555969494365534,0.2558637610692689,0.7009529297202778,7,2.3075179362794547
2016-12-26,0.8561419204068759,0.2558637610692689,0.7011432859780171,7,2.309614752519013
2016-12-27,0.8574439591575922,0.2558637610692689,0.7015971034181104,7,2.3146244432102825
2016-12-28,0.8521763873364359,0.17071765490525287,0.7996686396828616,8,2.294585680445205
2016-12-29,0.8524979625330446,0.3411470068014948,0.5998266015934657,6,2.296818506386789
2017-01-02,0.8520804006437925,0.5117355318687304,0.3994281156072986,4,2.2964784821317257
2017-01-03,0.8555402523816215,0.34104565197287395,0.6013680817197278,6,2.3166645887406636
2017-01-04,0.8557625903121354,0.25543322923020106,0.701513910374333,7,2.318557390427184
2017-01-05,0.8543598403884549,0.1698604918119463,0.8011838995911662,8,2.3143750920899024
2017-01-06,0.856591102557489,0.2558153570505302,0.701356509206373,7,2.3225016717859206
2017-01-09,0.8564914189111081,0.2558153570505302,0.7013217512724662,7,2.3221163109635157
2017-01-10,0.8552465618623526,0.3415395222277177,0.6006537325517052,6,2.3179680150517403
2017-01-11,0.8627947236039721,0.3415395222277177,0.6041474143454701,6,2.3520271112672706
2017-01-12,0.8662406087110268,0.1688539793865314,0.8050726580022756,8,2.365594079044305
2017-01-13,0.8627823109382333,0.1688539793865314,0.8042913290573713,8,2.3538632422446133
2017-01-16,0.8585655266007786,0.1688539793865314,0.8033301196531197,8,2.3395595552482744
2017-01-17,0.8611383664897168,0.1688539793865314,0.8039177140895072,8,2.3482868444615717
2017-01-18,0.8606939668725366,0.1688539793865314,0.8038164714920818,8,2.3467794035974565
2017-01-19,0.8612720091903289,0.25556099076994,0.7032749374843963,7,2.349329585510433
2017-01-20,0.8590052865701051,0.1696456494644496,0.8025091904360422,8,2.3411916716725796
2017-01-23,0.8591321046345509,0.1696456494644496,0.8025383424163717,8,2.341622369062326
2017-01-24,0.8590553463323864,0.1696456494644496,0.8025206988249042,8,2.3413616838001112
2017-01-25,0.8592754081800725,0.2563427156455127,0.7016757221198251,7,2.3426991125366943
2017-01-26,0.8643258201452796,0.17018677134300442,0.8030988229480421,8,2.36157045869272
2017-01-31,0.8589888260332842,0.17018677134300442,0.8018754538066483,8,2.343413163472328
2017-02-01,0.8629413062827481,0.34405370856739514,0.6013011475259433,6,2.358045540581895
2017-02-02,0.8604064685584709,0.43035446871970506,0.4998242290754473,5,2.347312108263723
2017-02-03,0.8606798112432253,0.5167372803352285,0.399617286724993,4,2.3497489487583447
2017-02-06,0.861426372718985,0.5167372803352285,0.4001376128011828,4,2.3548493125842977
2017-02-07,0.8610199114710715,0.5167372803352285,0.39985443605784743,4,2.3520724478346122
2017-02-08,0.8593393186378613,0.5167372803352285,0.398680743301367,4,2.3405909621553005
2017-02-09,0.8592477362010533,0.4307690066435574,0.49866727778871583,5,2.3414976935021365
2017-02-10,0.8606099029232535,0.5164186022304361,0.39993881028291073,4,2.351925103990751
2017-02-13,0.8611838472855483,0.43035993410314044,0.5002693844530003,5,2.3559713926260075
2017-02-14,0.860338220765555,0.43035993410314044,0.4997781991828828,5,2.3513470627571436
2017-02-15,0.8622636791897555,0.43035993410314044,0.5008952081716612,5,2.3618764805222776
2017-02-16,0.861845011157798,0.43035993410314044,0.5006527524885279,5,2.3595869838715164
2017-02-17,0.8615838617913295,0.43035993410314044,0.5005013984264122,5,2.3581588820002493
2017-02-20,0.8622004750385814,0.5167132285151316,0.40070407814144404,4,2.3624771900395563
2017-02-21,0.8658011545747633,0.43046699254128906,0.5028107894442435,5,2.3834906890024823
2017-02-22,0.8665629629641454,0.43046699254128906,0.5032478758740813,5,2.3876616531979282
2017-02-23,0.8667741163764198,0.43046699254128906,0.5033688888393764,5,2.3888177356651443
2017-02-24,0.8638037969461005,0.5170793124729219,0.4013926376556706,4,2.37350531004545
2017-02-27,0.8623798906912206,0.5170793124729219,0.40040425564832105,4,2.3637579480669624
2017-02-28,0.8633931821191119,0.5170793124729219,0.4011079503734293,4,2.370694442870258
2017-03-02,0.8649390972731767,0.4305156462406198,0.5022590057521144,5,2.3831733330310896
2017-03-03,0.8600011758503636,0.4305156462406198,0.4994010958009113,5,2.356084734044362
2017-03-06,0.8605404216626458,0.4305156462406198,0.49971478921487184,5,2.3590429450634147
2017-03-07,0.8635385765239414,0.34447379392221905,0.6010904396317162,6,2.373425971052602
2017-03-08,0.8638756879130383,0.34447379392221905,0.6012461066540682,6,2.374967414342223
2017-03-09,0.8621539625374248,0.3446303191966277,0.6002682419015527,6,2.370037062643802
2017-03-10,0.8635369943328358,0.43130760440138594,0.5005337267170448,5,2.3771662378583005
2017-03-13,0.8675328213620455,0.5187845830732271,0.40200005083528256,4,2.4001065409332534
2017-03-14,0.8702972691175901,0.4318743503133941,0.5037622595882907,5,2.4184565165648486
2017-03-15,0.8701370042933498,0.4318743503133941,0.5036708608156192,5,2.417572453501683
2017-03-16,0.8736463930087635,0.4318743503133941,0.5056645872181127,5,2.4369311677566334
2017-03-17,0.8766256749978443,0.4318743503133941,0.5073446253847674,5,2.453365673418037
2017-03-20,0.8750702843318208,0.4318743503133941,0.5064689567842413,5,2.444785728048601
2017-03-21,0.879281355114597,0.5215818088267894,0.40680897440522723,4,2.4690067891509595
2017-03-22,0.8776261749226282,0.5215818088267894,0.405690231523949,4,2.457581974180825
2017-03-23,0.8783519583004558,0.5215818088267894,0.40618131046692196,4,2.462591664872094
2017-03-24,0.8777329077723086,0.5215818088267894,0.4057624999493672,4,2.458318693400129
2017-03-27,0.8755506315073021,0.5215818088267894,0.4042813858418885,4,2.4432556189008148
2017-03-28,0.8768067950458499,0.5215818088267894,0.40513484638367236,4,2.451926237404935
2017-03-29,0.8772315720023145,0.6103305223285713,0.3042538118692324,3,2.4560858674585453
2017-03-30,0.8769433605484771,0.6103305223285713,0.30402515169640476,3,2.45343367826905
2017-03-31,0.8764001928085527,0.6103305223285713,0.3035938064177305,3,2.448435321719616
2017-04-03,0.8771179511934274,0.6996013586112915,0.20238622677896703,2,2.456686576975825
2017-04-04,0.8765929795169638,0.6996013586112915,0.2019085539599022,2,2.4494213920593
2017-04-05,0.8763947868193296,0.7882826322597977,0.10053934127029038,1,2.449138038513414
2017-04-06,0.8760644962152007,0.7882826322597977,0.1002002299312901,1,2.439957383626699
2017-04-07,0.8757206088645848,0.7006675379953053,0.1998960274513174,2,2.438801301159483
2017-04-10,0.8732434914750051,0.6999346650575393,0.19846563771660977,2,2.417935146040418
2017-04-11,0.8724741579544018,0.6999346650575393,0.1977588577539049,2,2.4072017137222455
2017-04-12,0.8728852273962447,0.6999346650575393,0.19813665864709934,2,2.4129367894909834
2017-04-13,0.875606818224979,0.5253295108773264,0.4000394926774681,4,2.4352650489068224
2017-04-14,0.873055366390777,0.43793723395776113,0.4983854967088745,5,2.419703272166748
2017-04-17,0.8752728611824614,0.43793723395776113,0.4996563318938918,5,2.432034818483719
2017-04-18,0.8758231586031917,0.43793723395776113,0.4999707079495293,5,2.4350950367792903
2017-04-19,0.8737727911763218,0.43793723395776113,0.4987973551245679,5,2.423692890092827
2017-04-20,0.8759637901662674,0.43793723395776113,0.5000509851273237,5,2.4358770925659368
2017-04-21,0.8792023923941961,0.43793723395776113,0.5018925815645312,5,2.453887043942468
2017-04-24,0.8809755729721056,0.43793723395776113,0.502895145571048,5,2.46374774733931
2017-04-25,0.8856857112658396,0.43793723395776113,0.5055387838064447,5,2.489940949121037
2017-04-26,0.8879256255820723,0.43793723395776113,0.5067861301213432,5,2.502397170998198
2017-04-27,0.8882558040345105,0.43793723395776113,0.5069694653627658,5,2.504233301975541
2017-04-28,0.8874364723192008,0.43793723395776113,0.5065142715925697,5,2.49967697695769
2017-05-02,0.89033674354031,0.43793723395776113,0.5081218009532441,5,2.5158054607895366
2017-05-04,0.8947330084903682,0.43793723395776113,0.5105386413577525,5,2.5402532047286037
2017-05-08,0.9069314760721962,0.3483748664521098,0.6158752059627739,6,2.5986467034648477
2017-05-10,0.9012317407419836,0.4403074557399872,0.5114381397869072,5,2.5729862063493862
2017-05-11,0.9063747848597536,0.5334935644771686,0.41139849277722595,4,2.602738328667445
2017-05-12,0.9046941669144923,0.5334935644771686,0.4103050688425716,4,2.5910074918677535
2017-05-15,0.9054459795798604,0.5334935644771686,0.4107947061350728,4,2.596255199537567
2017-05-16,0.9058304591998037,0.7208440988528748,0.20421742111690838,2,2.601559577916558
2017-05-17,0.9054620622070064,0.8141889799765728,0.10080276804525774,1,2.5990093960035816
2017-05-18,0.9052128910072391,0.8141889799765728,0.10055525273108196,1,2.5919142232145895
2017-05-19,0.9052789651592541,0.8141889799765728,0.10062090105745135,1,2.5937956907592743
2017-05-22,0.9058979127880691,0.8141889799765728,0.10123539475794248,1,2.611420281313401
2017-05-23,0.9062047993615845,0.8141889799765728,0.10153976170710666,1,2.620158904668533
2017-05-24,0.90642770011537,0.8141889799765728,0.10176070317252778,1,2.626506024096386
2017-05-25,0.9074462769527576,0.8141889799765728,0.10276894549542556,1,2.655510093053304
2017-05-26,0.9079386487963873,0.8141889799765728,0.10325551064941907,1,2.6695304265037576
2017-05-29,0.9072955482713967,0.7233660981952359,0.20272275161780312,2,2.666889571456097
2017-05-30,0.9065693577159679,0.7233660981952359,0.20208410747777594,2,2.6563601536909633
2017-05-31,0.9068585832332001,0.7233660981952359,0.20233858776939953,2,2.6605537861700803
2017-06-01,0.9066420549405695,0.7233660981952359,0.20214808671912682,2,2.6574142288816605
2017-06-02,0.9087612181222355,0.7233660981952359,0.20400861769836495,2,2.6881410873975677
2017-06-05,0.9083303343318617,0.8174573926710432,0.10004393580850927,1,2.684627503428578
2017-06-07,0.9080049961411499,0.8174573926710432,0.09972148155012031,1,2.6750161511521156
2017-06-08,0.9081365893008365,0.8174573926710432,0.09985193603927585,1,2.6789037618016756
2017-06-09,0.9088317694913668,0.8174573926710432,0.10054047392232099,1,2.6994412268075125
2017-06-12,0.9079179067905703,0.8174573926710432,0.0996351249853624,1,2.672443300955468
2017-06-13,0.9085635956761456,0.8174573926710432,0.10027498728617006,1,2.691518661664532
2017-06-14,0.9078504378032488,0.7265632815963933,0.19968835025901527,2,2.689183828446429
2017-06-15,0.9063824418996526,0.6357727364862219,0.298560180453485,3,2.6767276065692687
2017-06-16,0.9064030672027137,0.6357727364862219,0.2985761417949464,3,2.6769316211223066
2017-06-19,0.9074423533069628,0.6357727364862219,0.2993794766474191,3,2.687211687767061
2017-06-20,0.9072509963285619,0.6357727364862219,0.2992317020768791,3,2.6853188860805406
2017-06-21,0.9059103516295857,0.6357727364862219,0.29819464437891685,3,2.672057940133063
2017-06-22,0.9073816232479492,0.6357727364862219,0.29933258488254405,3,2.686610978249782
2017-06-23,0.908324657937913,0.6357727364862219,0.3000600270727439,3,2.695938976980358
2017-06-26,0.9092940996423414,0.7272312362480561,0.20022439765736663,2,2.7073411236668217
2017-06-27,0.9095448623379813,0.7272312362480561,0.2004448968259672,2,2.711070056330685
2017-06-28,0.9086344287793646,0.6363456525908107,0.2996681256667101,3,2.7004272971471965
2017-06-29,0.9099062739086202,0.5453193548399355,0.40068623497072325,4,2.715275022951637
2017-06-30,0.9093173124630078,0.5453193548399355,0.40029806167127185,4,2.710888710061318
2017-07-03,0.9094245355071652,0.4542982901650625,0.5004552082909103,5,2.713937594215054
2017-07-04,0.9045528772000633,0.18142759284526988,0.7994284276593563,8,2.6981151322127648
2017-07-05,0.9069313789461094,0.18142759284526988,0.7999544430185048,8,2.7069897652699226
2017-07-06,0.9067673443429339,0.18142759284526988,0.7999182546910787,8,2.7063777216108083
2017-07-07,0.9043554281406851,0.18142759284526988,0.7993846366154101,8,2.6973784129934604
2017-07-10,0.9050328302982437,0.18142759284526988,0.7995347939085454,8,2.699905926622766
2017-07-11,0.9090729051969064,0.2723939426465236,0.7003607289477815,7,2.7156603837740425
2017-07-12,0.9077662608043979,0.3635234954337922,0.5995406404379211,6,2.710866041777647
2017-07-13,0.9117984134789305,0.3635234954337922,0.6013115508209947,6,2.730950141110066
2017-07-14,0.9129680108122884,0.3635234954337922,0.6018223079794909,6,2.736775890013488
2017-07-17,0.9153504396216763,0.3635234954337922,0.6028586651643056,6,2.7486427365152046
2017-07-18,0.9155643348538469,0.3635234954337922,0.6029514457967368,6,2.749708145847737
2017-07-19,0.9164517725192349,0.3635234954337922,0.6033359241212419,6,2.754128461163563
2017-07-20,0.9191595951392655,0.3635234954337922,0.6045044871900473,6,2.76761608994775
2017-07-21,0.9210300406801604,0.3635234954337922,0.6053076670926628,6,2.77693275453649
2017-07-24,0.921364536415576,0.3635234954337922,0.6054509577197064,6,2.778598873386302
2017-07-25,0.9185324048503389,0.4562112172092644,0.5033259416867311,5,2.7654172664316725
2017-07-26,0.9173265408601631,0.5483001953534629,0.40228460539326577,4,2.7593081639823644
2017-07-27,0.9186498461644228,0.5483001953534629,0.4031456080434303,4,2.7692028698047126
2017-07-28,0.9120636024550498,0.6390838128159412,0.29929907180191656,3,2.7213161205499325
2017-07-31,0.9117128066156053,0.9117128066156053,0.0,0,2.7232655929456304
2017-08-01,0.9117128066156053,0.9117128066156053,0.0,0,2.7462172301624186
2017-08-02,0.9117128066156053,0.9117128066156053,0.0,0,2.751510274399574
2017-08-03,0.9117128066156053,0.9117128066156053,0.0,0,2.705289643994605
2017-08-04,0.9117128066156053,0.9117128066156053,0.0,0,2.715037005973093
2017-08-07,0.9117128066156053,0.9117128066156053,0.0,0,2.7187772727787918
2017-08-08,0.9111543356900706,0.8205415259540447,0.09944836586592053,1,2.7142209477609405
2017-08-09,0.9101576715949756,0.8205415259540447,0.09846222081926313,1,2.6843668181663625
2017-08-10,0.9098201528505471,0.8205415259540447,0.09812777461214119,1,2.67425676364914
2017-08-11,0.9083156971018387,0.8205415259540447,0.09663399127401946,1,2.6291922157113876
2017-08-14,0.908864732637899,0.8205415259540447,0.09717970508934157,1,2.6456380555146266
2017-08-16,0.9079864656027542,0.5476378212956311,0.3968656559962165,4,2.6615511906516
2017-08-17,0.9100442766288579,0.5476378212956311,0.39822947590606794,4,2.6767502748529397
2017-08-18,0.910059902839562,0.4569630116852487,0.4978758977739419,5,2.6730100080472408
2017-08-21,0.90890822508543,0.3658607678268032,0.5974722664739718,6,2.669190402248694
2017-08-22,0.9112902549085644,0.3658607678268032,0.5985244373500819,6,2.6808985707647146
2017-08-23,0.9103946455830978,0.18308618762884432,0.7988936023326679,8,2.682111323941108
2017-08-24,0.913296011304484,0.18308618762884432,0.7995324786677458,8,2.6928107538337738
2017-08-25,0.9138204862926054,0.09158354953852936,0.8997794961786354,9,2.6958369697038393
2017-08-28,0.9105669376798983,0.00027513375820728547,0.9996978434568377,10,2.686531639256934
2017-08-29,0.9084316710765971,0.00027513375820728547,0.9996971332385614,10,2.680229856396423
2017-08-30,0.9113311787843171,0.00027513375820728547,0.9996980968449095,10,2.6887871334821885
2017-08-31,0.9078364079048136,0.00027513375820728547,0.9996969346505475,10,2.678473064411928
2017-09-01,0.9057241837468719,0.00027513375820728547,0.9996962278769359,10,2.67223928640243
2017-09-04,0.8949556809489289,0.00027513375820728547,0.9996925727563228,10,2.6404583526958256
2017-09-05,0.893615966188962,0.08813469714834168,0.9013729605523801,9,2.637024107719684
2017-09-06,0.8912617903332245,0.08813469714834168,0.9011124474264852,9,2.6293168912715776
2017-09-07,0.9003911458208422,0.08813469714834168,0.9021151001346269,9,2.6592050232916615
2017-09-08,0.8995360260614785,0.08813469714834168,0.9020220484840058,9,2.656405490258305
2017-09-11,0.9048536938767918,0.08813469714834168,0.9025978478678318,9,2.673814732117558
2017-09-12,0.9061001555621266,0.272936953233125,0.698778383871041,7,2.681057248750411
2017-09-13,0.9041072613296853,0.1821912294482809,0.7984849395188693,8,2.675061487719457
2017-09-14,0.9095523922420463,0.18337543534408823,0.7983893650237478,8,2.6948735676478255
2017-09-15,0.9119373596884773,0.27498514737468704,0.6984604869476743,7,2.7044055809314402
2017-09-18,0.9205170091135844,0.27498514737468704,0.7012709763619848,7,2.740833512790579
2017-09-19,0.9192622740935454,0.36797656810439117,0.5997044820889219,6,2.738385338154122
2017-09-20,0.9183837947706596,0.36797656810439117,0.5993215797146302,6,2.734021693547473
2017-09-21,0.9168986294198034,0.46007180854944774,0.49823045450447145,5,2.727561232701266
2017-09-22,0.9133383489205358,0.5514875879900263,0.39618478886622555,4,2.707397794375999
2017-09-25,0.9120795189146613,0.5514875879900263,0.39535141777300864,4,2.6979791225107395
2017-09-26,0.9111584976829263,0.5514875879900263,0.39474022423929783,4,2.6910879642747854
2017-09-27,0.9105461122192524,0.46033280689664224,0.4944431690837886,5,2.689104489453581
2017-09-28,0.9106542740791908,0.46033280689664224,0.4945032159848935,5,2.689750535538202
2017-09-29,0.9151245904304279,0.3691626332664671,0.5965984991258603,6,2.7139262600732184
2017-10-10,0.9240944849769581,0.3691626332664671,0.6005141906288165,6,2.7585147740538827
2017-10-11,0.9300546161979825,0.2765552725047553,0.7026462019668268,7,2.7861134094232054
2017-10-12,0.9344677093673888,0.2765552725047553,0.7040504773653695,7,2.8049280848700544
2017-10-13,0.9341646415232246,0.2765552725047553,0.703954463472508,7,2.8036359927008125
2017-10-16,0.9358740505039043,0.2765552725047553,0.7044952017252223,7,2.8109238459010077
2017-10-17,0.9368382682834646,0.36849594287913406,0.606660023021566,6,2.8158201951739223
2017-10-18,0.9363145529948088,0.4631638287162671,0.505333087865788,5,2.8141654104659466
2017-10-19,0.9342485026076941,0.5574773494363373,0.4032879390437397,4,2.8030012807580276
2017-10-20,0.9367592336875159,0.5574773494363373,0.4048872651707423,4,2.821679946502851
2017-10-23,0.9368369322828259,0.5574773494363373,0.4049366221313338,4,2.822257987736459
2017-10-24,0.9367147640589515,0.6518893001815826,0.3040685113610994,3,2.822756689977218
2017-10-25,0.9366312377943384,0.558156295281469,0.40408105905600095,4,2.825034852486144
2017-10-26,0.93482883154855,0.558156295281469,0.4029320914750997,4,2.811581226127464
2017-10-27,0.9372583597652825,0.558156295281469,0.40447978994687434,4,2.8297158530641853
2017-10-30,0.9380631409870751,0.558156295281469,0.4049906974341299,4,2.8357229482369744
2017-10-31,0.942009852375535,0.4643760986110914,0.5070368983508609,5,2.8600913531831935
2017-11-01,0.9480679573562933,0.5620264677588067,0.4071875719478708,4,2.8975393578075237
2017-11-02,0.9465412899360497,0.5620264677588067,0.4062314304357727,4,2.886080540411883
2017-11-03,0.9480987715949022,0.6596779138356933,0.3042097156966295,3,2.899239479082841
2017-11-06,0.9471335990000638,0.6596779138356933,0.3035006734718859,3,2.889537453671695
2017-11-07,0.9464933302056884,0.7558033663466678,0.20146994994415926,2,2.8850377993630216
2017-11-08,0.9470147340291762,0.7558033663466678,0.2019096016267657,2,2.8929263620804955
2017-11-09,0.9468776407824833,0.7558033663466678,0.20179405047299995,2,2.890852214124608
2017-11-10,0.9461837083935707,0.6611859468359849,0.3012076397314583,3,2.882215598045994
2017-11-13,0.9447715800404275,0.6611859468359849,0.3001631708611597,3,2.8679345793333257
2017-11-14,0.9443557866920019,0.6611859468359849,0.2998550375255675,3,2.8637296127123735
2017-11-15,0.9434154885266947,0.6611859468359849,0.2991572060486941,3,2.85422026771243
2017-11-16,0.9452691871743922,0.6611859468359849,0.3005315778752841,3,2.872966938308266
2017-11-17,0.9451795282313356,0.6611859468359849,0.3004652268831645,3,2.8720602069614296
2017-11-20,0.943942894774295,0.5666365013091026,0.39971315590590856,4,2.8648970293214253
2017-11-21,0.9438996574570859,0.5668116113208025,0.39950014088592634,4,2.8683312742975664
2017-11-22,0.9453614007425789,0.5668116113208025,0.40042864995802296,4,2.8794500674381442
2017-11-23,0.9448607424918902,0.5668116113208025,0.4001109519843688,4,2.8756417957814326
2017-11-24,0.9459306014918738,0.5668116113208025,0.40078943378419524,4,2.883779709619286
2017-11-27,0.940301168105262,0.6605013658053442,0.29756402713369334,3,2.8423874236362194
2017-11-28,0.9410129934583285,0.6605013658053442,0.29809538189485824,3,2.8496186061272373
2017-11-29,0.9408690663885078,0.6605013658053442,0.29798800980814993,3,2.848156501830464
2017-11-30,0.9367933641710288,0.6605013658053442,0.2949337697435294,3,2.806752881705562
2017-12-01,0.9366862556539529,0.6605013658053442,0.2948531465915325,3,2.8056648040893584
2017-12-04,0.9396161198814645,0.6605013658053442,0.29705190042006885,3,2.8354282605492527
2017-12-05,0.9405588979744757,0.6605013658053442,0.29775650708556844,3,2.8450056104002086
2017-12-06,0.9350429892689558,0.566444695008293,0.39420464993683746,4,2.8044860533384717
2017-12-07,0.9330143229693777,0.6577472668681454,0.295029828936792,3,2.7904430516043477
2017-12-08,0.9332401734853546,0.6577472668681454,0.29520043654821554,3,2.792732548255109
2017-12-11,0.9340776093094466,0.6577472668681454,0.29583231595240694,3,2.8012218204898613
2017-12-12,0.93233242450101,0.5643424129240401,0.39469828776353066,4,2.7893323057044737
2017-12-13,0.9352557096397056,0.5643424129240401,0.39659025108604223,4,2.8114905529927805
2017-12-14,0.9302844843890383,0.1898800640751154,0.7958903246679229,8,2.798943657980936
2017-12-15,0.9334505375621832,0.18842494811604726,0.7981414755964024,8,2.813213342551769
2017-12-18,0.933208778862252,0.2806040848919299,0.6993126390923622,7,2.812997993856895
2017-12-19,0.9323279039912669,0.2806040848919299,0.6990285459754315,7,2.8092010563420193
2017-12-20,0.9304678340668537,0.18749514287018648,0.7984936867181213,8,2.802219224971381
2017-12-21,0.917684125203089,0.18749514287018648,0.795686622748658,8,2.754003785603373
2017-12-22,0.9209025906927675,0.18749514287018648,0.79640067824205,8,2.766142651509141
2017-12-26,0.9169358545150126,0.18749514287018648,0.7955198916620434,8,2.751181584286346
2017-12-27,0.9197396157679256,0.18749514287018648,0.7961432348288708,8,2.7617563386188215
2017-12-28,0.9307565019125125,0.003388550269491142,0.9963593590133097,10,2.796688163755681
2018-01-02,0.9353266498328604,0.003388550269491142,0.9963771477375346,10,2.8104704802275897
2018-01-03,0.9378447412034467,0.003388550269491142,0.9963868750118032,10,2.818064355257342
2018-01-04,0.9303693923436015,0.003388550269491142,0.9963578442096473,10,2.79552074714663
2018-01-05,0.9418560226634528,0.09659689637060469,0.8974398485052518,9,2.8307245916875403
2018-01-08,0.947189827329832,0.09659689637060469,0.8980173840729314,9,2.848587199220211
2018-01-09,0.9461575872135592,0.09659689637060469,0.8979061229587735,9,2.8451302859603986
2018-01-10,0.9426107424861702,0.09659689637060469,0.8975219653068808,9,2.8332521053168462
2018-01-11,0.9384159249764302,0.19025681230219815,0.7972574769476799,8,2.819832481383672
2018-01-12,0.9409750344493847,0.19025681230219815,0.7978088627893006,8,2.829477836085641
2018-01-15,0.942420694516471,0.5657981771810543,0.3996331145175573,4,2.8377630937673555
2018-01-16,0.9449405201265837,0.6602693352689026,0.3012583107554184,3,2.8581758832130024
2018-01-17,0.9442282043539616,0.6602693352689026,0.3007311874138973,3,2.851024039714833
2018-01-18,0.9442711013418532,0.6602693352689026,0.30076295427168204,3,2.85145473710458
2018-01-19,0.944417625281128,0.6602768185074172,0.30086351542743567,3,2.856498430221356
2018-01-22,0.9423713460706724,0.6602768185074172,0.2993454000267319,3,2.8359269627900128
2018-01-23,0.9462598402838192,0.6602768185074172,0.30222462118927595,3,2.8750184179804825
2018-01-24,0.9463831151117869,0.5656817259668405,0.4022698451250135,4,2.876605197837446
2018-01-25,0.9507693916902942,0.47105901451258503,0.5045496640619359,5,2.9040678235047435
2018-01-26,0.9527274220524111,0.6646129104405667,0.3024102224235073,3,2.918269503224564
2018-01-29,0.9555016154929113,0.5691822779558882,0.40431050170201327,4,2.944825397545025
2018-01-30,0.9509740698445937,0.5691822779558882,0.40147445024562783,4,2.910312935656077
2018-01-31,0.9507837493707072,0.5691822779558882,0.40135464207017485,4,2.908862165501139
2018-02-01,0.9510930201407729,0.5691822779558882,0.4015493060062174,4,2.911219667002913
2018-02-02,0.9429861247401341,0.474110891348718,0.49722389448797844,5,2.862312844982942
2018-02-05,0.9367403714698325,0.474110891348718,0.49387161502947285,5,2.8241847918484853
2018-02-06,0.9296034286722582,0.474110891348718,0.4899858620079693,5,2.7806163506330117
2018-02-07,0.919066969157109,0.474110891348718,0.4841389068921357,5,2.716295095716828
2018-02-08,0.9211204183595327,0.474110891348718,0.4852889134809489,5,2.7288306565868363
2018-02-09,0.9129790306989284,0.474110891348718,0.4806990353483105,5,2.679130444638384
2018-02-12,0.9169912402165032,0.474110891348718,0.4829711882124637,5,2.7036235251447938
2018-02-13,0.9178566452802237,0.2900624462794781,0.6839784864324632,7,2.714742318285371
2018-02-14,0.9250122027782856,0.1978238622019113,0.7861391864801947,8,2.7449364721350125
2018-02-19,0.9311319309166917,0.2890475622798605,0.6895739983964511,7,2.768726835847624
2018-02-20,0.9229714259122289,0.1961832839248887,0.7874438163337627,8,2.7373312629634245
2018-02-21,0.9273439753934456,0.1961832839248887,0.7884460468493865,8,2.753799771050335
2018-02-22,0.9225387406346945,0.2859543633232521,0.6900353874282621,7,2.7363791950492473
2018-02-23,0.9329192590390692,0.2844326514392097,0.6951154682644427,7,2.7785875392444663
2018-02-26,0.933583036966035,0.09711712542248824,0.8959737681844561,9,2.785535368189598
2018-02-27,0.9328883910778194,0.18729365073330478,0.7992325207124578,8,2.7838239127724442
2018-02-28,0.9241518302029854,0.18729365073330478,0.797334545458654,8,2.751204252570017
2018-03-02,0.9165020270742215,0.18729365073330478,0.7956429498238993,8,2.7226422151446803
2018-03-05,0.9082754530746384,0.18729365073330478,0.793792015297463,8,2.6919266907706083
2018-03-06,0.9191316589677202,0.27628109744854756,0.6994107484461587,7,2.7331262963424723
2018-03-07,0.9165750896224124,0.27628109744854756,0.6985723258501789,7,2.7222568543222754
2018-03-08,0.9249085992923106,0.27628109744854756,0.7012882163059758,7,2.7576873816998946
2018-03-09,0.9319384985244032,0.27628109744854756,0.7035414913258753,7,2.7875755137199785
2018-03-12,0.9385151998537824,0.27628109744854756,0.7056189420356844,7,2.815536841628036
2018-03-13,0.9412797070603353,0.27628109744854756,0.7064835294161524,7,2.827290346711399
2018-03-14,0.939037710376911,0.27628109744854756,0.705782745042631,7,2.8177583334277845
2018-03-15,0.9403361647792596,0.46642190759468183,0.5039838676159257,5,2.8248988427841186
2018-03-16,0.9404481670848859,0.5613959123013087,0.40305491365731333,4,2.826700971335955
2018-03-19,0.9375695239153206,0.5613959123013087,0.40122209822168575,4,2.8052341066996114
2018-03-20,0.9389745409106341,0.6558724980348802,0.30150129800238945,3,2.8171236214849995
2018-03-21,0.9389118956196763,0.6558724980348802,0.3014546933586263,3,2.8165002436840494
2018-03-22,0.9401704964652848,0.6558724980348802,0.3023898319499139,3,2.829024470412223
2018-03-23,0.9309587144071776,0.7477015361212558,0.19684780372093907,2,2.739190062224439
2018-03-26,0.9321299358171049,0.9321299358171049,0.0,0,2.762221038434075
2018-03-27,0.9321299358171049,0.9321299358171049,0.0,0,2.7791995829035807
2018-03-28,0.9321299358171049,0.9321299358171049,0.0,0,2.742057600108808
2018-03-29,0.9321299358171049,0.9321299358171049,0.0,0,2.761416314363758
2018-03-30,0.9321299358171049,0.9321299358171049,0.0,0,2.7721610808237656
2018-04-02,0.9321299358171049,0.9321299358171049,0.0,0,2.770245610853574
2018-04-03,0.9321299358171049,0.9321299358171049,0.0,0,2.7682848043160413
2018-04-04,0.9321299358171049,0.9321299358171049,0.0,0,2.7293293588275964
2018-04-05,0.9323501934604717,0.8389169422353944,0.10021261526025364,1,2.762719740674835
2018-04-06,0.9320458431311505,0.8389169422353944,0.09991879861069415,1,2.7537204320574866
2018-04-09,0.9331802265609757,0.7457331718050024,0.20086908125643305,2,2.7701549377188908
2018-04-10,0.9336910107352558,0.7457331718050024,0.2013062531064124,2,2.777703476181301
2018-04-11,0.93253733644312,0.6523196647199291,0.30048949331293906,3,2.7703136157045867
2018-04-12,0.9323642224499843,0.6523196647199291,0.30035961375070663,3,2.768602160287434
2018-04-13,0.9337812350030682,0.6523196647199291,0.3014213176839159,3,2.7826111595960517
2018-04-16,0.9330383269983559,0.46531188652664024,0.501293920021937,5,2.78535402192023
2018-04-17,0.9323303109500486,0.46531188652664024,0.5009152002657884,5,2.781137721157443
2018-04-18,0.9373187788603,0.46531188652664024,0.5035713601167577,5,2.81084450690816
2018-04-19,0.9384835794559023,0.46531188652664024,0.5041875034229042,5,2.8177810017114555
2018-04-20,0.9366240856946221,0.46531188652664024,0.5032031594814752,5,2.8067075451382197
2018-04-23,0.9362015599883742,0.46531188652664024,0.502978945546279,5,2.80419136565075
2018-04-24,0.9343040008481527,0.46531188652664024,0.501969502320193,5,2.792891226240805
2018-04-25,0.9313862895523055,0.46531188652664024,0.5004093449235717,5,2.775515986807059
2018-04-26,0.9364927601372748,0.46531188652664024,0.5031334930358319,5,2.8059254893515737
2018-04-27,0.9396826388925519,0.46531188652664024,0.5048201730373286,5,2.8249215110677897
2018-04-30,0.9440563509329021,0.46531188652664024,0.507114288181181,5,2.850967369005656
2018-05-02,0.9421968571716217,0.46531188652664024,0.5061415425185574,5,2.8398939124324203
2018-05-03,0.93851177645368,0.5604606731627927,0.402819775708532,4,2.8190844280225322
2018-05-04,0.9345796497908454,0.5604606731627927,0.40030721481232645,4,2.789763003094221
2018-05-08,0.9317412087065597,0.5606894535482629,0.39823477988420164,4,2.776649400990604
2018-05-09,0.9308581884998609,0.5606894535482629,0.3976639401412466,4,2.770041596300536
2018-05-10,0.9337276471650992,0.6540190371964489,0.2995612380311075,3,2.7929138945244762
2018-05-11,0.9352657176090132,0.6540190371964489,0.30071312902558367,3,2.8082716567115122
2018-05-14,0.9350841004348242,0.6540190371964489,0.3005773096854892,3,2.80645819401784
2018-05-15,0.9318402337299377,0.7461967617257266,0.19922242599584253,2,2.786544106812953
2018-05-16,0.9319368860700117,0.7461967617257266,0.1993054756396147,2,2.7879948769678906
2018-05-17,0.9310783414554485,0.7461967617257266,0.19856715756132584,2,2.7751079577009827
2018-05-18,0.9319995590717783,0.7461967617257266,0.19935931893691175,2,2.788935610740233
2018-05-21,0.9323710665039375,0.7461967617257266,0.19967833780631883,2,2.794512008523275
2018-05-23,0.9328497976258663,0.7461967617257266,0.200089056539625,2,2.8016978544469504
2018-05-24,0.932404290745838,0.7461967617257266,0.1997068555649422,2,2.7950107107640347
2018-05-25,0.9321281552684925,0.6530560808864847,0.2993923880580811,3,2.789105622867765
2018-05-28,0.9341876273388667,0.6530560808864847,0.30093691912107134,3,2.8096884244409437
2018-05-29,0.9308071765553152,0.5596629481464254,0.39873374180719345,4,2.7850820025161798
2018-05-30,0.9235240044344986,0.5596629481464254,0.3939919856342838,4,2.7304287705856356
2018-05-31,0.9256355503956976,0.5596629481464254,0.3953744020449771,4,2.746273900871596
2018-06-01,0.928044646109655,0.5596629481464254,0.3969439396126883,4,2.76435185709914
2018-06-04,0.9293738023656315,0.5596629481464254,0.39780640822685415,4,2.7743259019143367
2018-06-05,0.9300943993424782,0.6523002646991465,0.29867305387465587,3,2.7811263870156075
2018-06-07,0.9319000456496772,0.5591266679218363,0.4000143357305672,4,2.8001904135828357
2018-06-08,0.92903323130777,0.5591266679218363,0.39816289764492957,4,2.778655544095479
2018-06-11,0.9322505875783536,0.4661830585053072,0.4999380373507937,5,2.7997030454839114
2018-06-12,0.9315913788813047,0.37287064097737255,0.5997487209197537,6,2.7982069387616315
2018-06-14,0.919926327750133,0.3712541444684042,0.5964305691996209,6,2.746806605537862
2018-06-15,0.9142766377098455,0.27906454501759614,0.6947701237159251,7,2.724773033809745
2018-06-18,0.906931129242081,0.27906454501759614,0.6922979749842644,7,2.6932641195071914
2018-06-19,0.8973846105032202,0.27906454501759614,0.6890245924084801,7,2.6523138650557074
2018-06-20,0.9036732112777811,0.27906454501759614,0.6911886492430125,7,2.6792891226240805
2018-06-21,0.8967821731180942,0.27906454501759614,0.6888156863697522,7,2.6497296807172246
2018-06-22,0.9019055331608982,0.27906454501759614,0.690583398419165,7,2.6717065817361636
2018-06-25,0.9019012078323113,0.368243378902402,0.5917031979727998,6,2.6724546350973037
2018-06-26,0.9003259544312254,0.368243378902402,0.5909888223370866,6,2.66456607237983
2018-06-27,0.8981376078224382,0.45620572676043036,0.492053642128944,5,2.6544900202881143
2018-06-28,0.8928937437495128,0.45620572676043036,0.48907053055978,5,2.6229924401273954
2018-06-29,0.8951373401448739,0.45620572676043036,0.49035113797554736,5,2.636468734769747
2018-07-02,0.8805825414400346,0.27732544167412854,0.6850659323535843,7,2.5745956544900204
2018-07-03,0.8809065391075704,0.27732544167412854,0.685181765190344,7,2.5759784197939455
2018-07-04,0.878967864539528,0.27732544167412854,0.6844873938373012,7,2.5677044962540663
2018-07-05,0.8762432542775891,0.27432714752371573,0.6869280919601689,7,2.5587391900622247
2018-07-06,0.8803279278199112,0.27432714752371573,0.6883807285279778,7,2.576103095354135
2018-07-09,0.8836025878695892,0.3605459095105879,0.5919591969735145,6,2.5907581407473734
2018-07-10,0.8849762164113026,0.3580382989729185,0.5954260777483807,6,2.6002334833218104
2018-07-11,0.8816939842653984,0.4440034986836413,0.4964199522654427,5,2.5848870552766097
2018-07-12,0.8823732166455188,0.5302708855394231,0.39904013909745395,4,2.58991941425155
2018-07-13,0.8868641911307734,0.4419101386837533,0.5017161104223781,5,2.6192068367543553
2018-07-16,0.8851486081945568,0.4419101386837533,0.5007503433970029,5,2.6091081163789682
2018-07-17,0.8843649468533221,0.4419101386837533,0.5003079438458938,5,2.60449512065194
2018-07-18,0.8828611642796014,0.4419101386837533,0.4994568154503161,5,2.5956431558784527
2018-07-19,0.8813554562480397,0.4419101386837533,0.49860168726363846,5,2.58677985696313
2018-07-20,0.8826840221582412,0.4419101386837533,0.4993563635566399,5,2.5946004148295914
2018-07-23,0.8788562119705884,0.4419101386837533,0.4971758375663138,5,2.572068140860715
2018-07-24,0.8809530355592976,0.4419101386837533,0.498372647750519,5,2.5844110213195206
2018-07-25,0.8795724822873927,0.4419101386837533,0.4975853069726174,5,2.576284441623503
2018-07-26,0.8826582585312575,0.353731847894882,0.5992425783411448,6,2.5944530709857303
2018-07-27,0.8836756280321137,0.529808132018638,0.4004495368979621,4,2.6011742170941528
2018-07-30,0.8834474249052593,0.529808132018638,0.40029466713827994,4,2.5994967641025064
2018-07-31,0.8837172596836346,0.529808132018638,0.4004777815380611,4,2.60148023892371
2018-08-01,0.8853595759717604,0.6189709428573736,0.30088185675520784,3,2.6148658604313777
2018-08-02,0.8811023367449803,0.6189709428573736,0.29750391408106774,3,2.57307687948407
2018-08-03,0.8831206861261605,0.6189709428573736,0.29910945063181443,3,2.592888959412438
2018-08-06,0.8828084303296736,0.7067977705087758,0.1993758258008126,2,2.591551530675855
2018-08-07,0.8838599525746565,0.7067977705087758,0.20032832299970613,2,2.6070339684230808
2018-08-08,0.8839592544557713,0.7067977705087758,0.2004181562147554,2,2.608496072719854
2018-08-09,0.8839560380740635,0.7952141429719753,0.1003917517158843,1,2.611057588774666
2018-08-10,0.8831501725590744,0.7952141429719753,0.09957086837484246,1,2.5873465640549025
2018-08-13,0.881827351250053,0.7952141429719753,0.09822014270173997,1,2.548425120991964
2018-08-14,0.8822302840075475,0.7952141429719753,0.09863200415236226,1,2.5602806333518457
2018-08-16,0.8815326633346768,0.7952141429719753,0.0979186863435943,1,2.5397545024878445
2018-08-17,0.8817734214354743,0.7952141429719753,0.09816498928101694,1,2.5468383411350013
2018-08-20,0.8818053941112602,0.7952141429719753,0.0981976881946351,1,2.5477790749073437
2018-08-21,0.8826597964593701,0.7952141429719753,0.09907062023008999,1,2.5729182014983736
2018-08-22,0.8827857610977073,0.7952141429719753,0.09919917378010304,1,2.576624465878566
2018-08-23,0.8829669960917285,0.8829669960917285,0.0,0,2.587131215360029
2018-08-24,0.8829669960917285,0.8829669960917285,0.0,0,2.5991567398474427
2018-08-27,0.8828667038920723,0.7946702964825556,0.09989776148619885,1,2.6060592322252325
2018-08-28,0.8830132312161729,0.7946702964825556,0.10004712456227037,1,2.6103888744063743
2018-08-29,0.8832399266312081,0.7946702964825556,0.10027810958056269,1,2.617087352231126
2018-08-30,0.8831754852949544,0.7946702964825556,0.10021246092767247,1,2.61518321640277
2018-08-31,0.883771184075918,0.7946702964825556,0.10081895540249759,1,2.6327851386732255
2018-09-03,0.8831632107547156,0.7946702964825556,0.10019995533615755,1,2.614820523864036
2018-09-04,0.8834965412380752,0.7946702964825556,0.100539436895864,1,2.624669893119042
2018-09-05,0.8816717989013709,0.7063391308849828,0.1988638722876991,2,2.5975246234231375
2018-09-06,0.8813535366416555,0.7063391308849828,0.19857457703472156,2,2.5928096204195903
2018-09-07,0.8808922093757698,0.7063391308849828,0.19815486688715436,2,2.585975132892813
2018-09-10,0.8814338672600932,0.7063391308849828,0.1986476159798425,2,2.5939997053123123
2018-09-11,0.8810161480442167,0.7063391308849828,0.19826766801834733,2,2.587811263870156
2018-09-12,0.8809947265459666,0.7063391308849828,0.19824817379525034,2,2.5874939078987635
2018-09-13,0.8812479592574229,0.7063391308849828,0.1984785627416667,2,2.591245508846298
2018-09-14,0.8836976605930216,0.7063391308849828,0.2007004630848734,2,2.627537431003412
2018-09-17,0.88253171904541,0.7063391308849828,0.19964448229804793,2,2.6102641988461848
2018-09-18,0.882988455990242,0.7063391308849828,0.20005847631060242,2,2.617030681521949
2018-09-19,0.8829486732077776,0.7063391308849828,0.20002243355909616,2,2.616441306146505
2018-09-20,0.8840954884176658,0.7063391308849828,0.20106013418395266,2,2.6334311847578458
2018-09-21,0.8851187010568913,0.7958854178155612,0.10081504676692465,1,2.651248455723175
2018-09-27,0.8857389779865305,0.7958854178155612,0.10144473982078234,1,2.669677770347618
2018-09-28,0.8852674759662144,0.7958854178155612,0.1009661605980703,1,2.655668771039001
2018-10-01,0.8851076383072237,0.7958854178155612,0.10080380806824893,1,2.650919765609947
2018-10-02,0.8839895376425421,0.7958854178155612,0.09966647349915514,1,2.6176993958902406
2018-10-04,0.8826513264068876,0.7958854178155612,0.09830145380796575,1,2.577939226331478
2018-10-05,0.8821154018506676,0.7076376422476268,0.19779470944163155,2,2.570039329472169
2018-10-08,0.8808900485068424,0.7934434697275754,0.0992707079930052,1,2.5545228892994367
2018-10-10,0.879911535168741,0.7934434697275754,0.09826904408587338,1,2.5259381835904295
2018-10-11,0.8760727520731123,0.7934434697275754,0.09431783165268574,1,2.4137981842704783
2018-10-12,0.8773213071571767,0.7934434697275754,0.09560674834331148,1,2.450271452696959
2018-10-15,0.8766721981902283,0.7934434697275754,0.09493711404840652,1,2.4313094334062497
2018-10-16,0.8766721981902283,0.7934434697275754,0.09493711404840652,1,2.4313094334062497
2018-10-17,0.8770347253678682,0.6179203112601672,0.2954437339969824,3,2.456686576975825
2018-10-18,0.8741398059345922,0.5303209621897947,0.39332248847448525,4,2.4349250246517586
2018-10-19,0.8772032865584397,0.35607715262888395,0.5940768142514684,6,2.4439356674109423
2018-10-22,0.8791042665813246,0.26867535895700256,0.6943760038819606,7,2.450112774711263
2018-10-23,0.863400980038269,0.26867535895700256,0.6888174033053636,7,2.38708361196432
2018-10-24,0.8609950817943052,0.26867535895700256,0.687947858660138,7,2.377426923120516
2018-10-25,0.8513150123338494,0.26867535895700256,0.6843995993675258,7,2.3385734849085904
2018-10-26,0.8411068877423828,0.26867535895700256,0.6805693035303102,7,2.2976005621734354
2018-10-29,0.8323247943870685,0.26867535895700256,0.6771989002744325,7,2.2623513810651827
2018-10-30,0.8375884027517971,0.26867535895700256,0.6792274605590268,7,2.2834782214464635
2018-10-31,0.841824139096804,0.26867535895700256,0.6808414650056658,7,2.3004794341996395
2018-11-01,0.8403472790245116,0.26867535895700256,0.6802805629728638,7,2.294551678019699
2018-11-02,0.8603862717327637,0.3498356297241415,0.5933970110662103,6,2.3756361287105148
2018-11-05,0.8557387019572272,0.3498356297241415,0.5911887251049824,6,2.3540105860884744
2018-11-06,0.8588322101411535,0.3498356297241415,0.5926612607290961,6,2.368404946219497
2018-11-07,0.8561698444364043,0.3498356297241415,0.5913945906907878,6,2.356016729193349
2018-11-08,0.8595653959390762,0.3498356297241415,0.5930087095444952,6,2.371816522911968
2018-11-09,0.8579723610160149,0.3498356297241415,0.5922530309602695,6,2.364403994151583
2018-11-12,0.8565961152491501,0.3498356297241415,0.5915979263781881,6,2.3580002040145533
2018-11-13,0.8540182272896644,0.5167439280738914,0.394926347516207,4,2.347561459384103
2018-11-14,0.8533329046197138,0.6003258443678986,0.29649279769021364,3,2.34395720228043
2018-11-15,0.856367289624243,0.6851992984049511,0.1998768440751597,2,2.366636820093167
2018-11-16,0.856552730474995,0.7701935380705731,0.10082180504699581,1,2.3715558376497525
2018-11-19,0.8568992137145608,0.6845228702712256,0.20116291470977476,2,2.3808044973874805
2018-11-20,0.8554237373391604,0.6845228702712256,0.19978504173794706,2,2.3604257103673394
2018-11-21,0.8549289029373993,0.6845228702712256,0.19932187586673675,2,2.353591222840563
2018-11-22,0.854387293144427,0.6845228702712256,0.19881431317645684,2,2.3461106892291648
2018-11-23,0.8533639788840686,0.6845228702712256,0.1978535686889831,2,2.331977014360358
2018-11-26,0.8554598446586918,0.6845228702712256,0.19981881727676662,2,2.3609244126080995
2018-11-27,0.8568056629321383,0.6845228702712256,0.20107569325736135,2,2.379512405218239
2018-11-28,0.8575278093227682,0.6845228702712256,0.2017484881197883,2,2.3894864500334356
2018-11-29,0.8580103344110526,0.6845228702712256,0.20219740623393617,2,2.3961509254326807
2018-11-30,0.856595583982137,0.6845228702712256,0.20087975811290162,2,2.3766108649083635
2018-12-03,0.8594649941032825,0.5126962815112011,0.40347043215399414,4,2.4163597003252897
2018-12-04,0.8566055221847069,0.5126962815112011,0.4014791310198324,4,2.396434278978567
2018-12-05,0.8549151579025458,0.4274875844116043,0.49996490241159725,5,2.381654558025139
2018-12-06,0.8470550175827598,0.3421321499452217,0.5960921748370444,6,2.3446825873578985
2018-12-07,0.8483696378909007,0.2571095901429366,0.6969368319425872,7,2.3526958256355623
2018-12-10,0.842111697064879,0.2571095901429366,0.6946846943949668,7,2.3277947160230763
2018-12-11,0.8418781280399659,0.2571095901429366,0.6945999883124045,7,2.326865316392569
2018-12-12,0.85013749319708,0.3428911640289171,0.5966638728761166,6,2.3604143762255045
2018-12-13,0.8534595734775934,0.257759040913382,0.6979833035757151,7,2.37512609232792
2018-12-14,0.845851428775187,0.3419987785799021,0.5956751186492356,6,2.3454646431445445
2018-12-17,0.8462677795816287,0.3419987785799021,0.5958740403079309,6,2.3474027813984066
2018-12-18,0.8441060760886111,0.25770556822689994,0.6947000199062102,7,2.3372247220301716
2018-12-19,0.8488635722922697,0.25770556822689994,0.6964110881434195,7,2.3561867413208812
2018-12-20,0.8435401814415531,0.25770556822689994,0.6944952073456672,7,2.334969227804917
2018-12-21,0.8439297672035979,0.25770556822689994,0.6946362384149337,7,2.3365220052363735
2018-12-24,0.8420870549860423,0.25770556822689994,0.6939680206446452,7,2.329177481327002
2018-12-26,0.8344090874128933,0.25770556822689994,0.6911520115080211,7,2.2985752983712837
2018-12-27,0.834531366155725,0.25770556822689994,0.6911972651021824,7,2.2990626664702085
2018-12-28,0.8381144176898611,0.25770556822689994,0.6925174382070322,7,2.3133436851828764
2019-01-02,0.8289636158553668,0.41937299394321115,0.4940996372796401,5,2.2781625089256368
2019-01-03,0.8247314626262289,0.33643974882405947,0.5920614599172445,6,2.259687857733852
2019-01-04,0.8286209883486055,0.41820407391364245,0.4953011330945172,5,2.278445862471523
2019-01-07,0.8338382138595943,0.33418042665727,0.5992262994155112,6,2.3088780332997088
2019-01-08,0.8307714566883933,0.41656880524164863,0.49857592977234927,5,2.29546974350837
2019-01-09,0.8388376170388945,0.41656880524164863,0.5033975625555029,5,2.340171598907389
2019-01-10,0.8385451573710139,0.41656880524164863,0.5032243623615156,5,2.3385508166249194
2019-01-11,0.841058674376786,0.41656880524164863,0.5047089841260827,5,2.3524804769406886
2019-01-14,0.8386306993212693,0.5004304658388876,0.40327671495462536,4,2.339956250212515
2019-01-15,0.8439809112957402,0.5004304658388876,0.40705949726920854,4,2.376973557447098
2019-01-16,0.8454421449397169,0.5004304658388876,0.4080843156043869,4,2.38708361196432
2019-01-17,0.8454270959028425,0.5864140792762447,0.30636942899256675,3,2.3881716895805236
2019-01-18,0.8475438861918281,0.5864140792762447,0.3081018117998445,3,2.4076890818211703
2019-01-21,0.8475844518593871,0.5864140792762447,0.3081349262721848,3,2.40806310850174
2019-01-22,0.8467436362045286,0.5864140792762447,0.3074479048879466,3,2.4003105554862914
2019-01-23,0.8479741281204838,0.5864140792762447,0.3084528645042287,3,2.411656031463578
2019-01-24,0.8500946061974293,0.5864140792762447,0.3101778613802267,3,2.4312074261297307
2019-01-25,0.8541142950737259,0.5864140792762447,0.3134243477032237,3,2.468270069931655
2019-01-28,0.854061436779634,0.5864140792762447,0.3133818551890056,3,2.467782701832731
2019-01-29,0.8548063699475348,0.5864140792762447,0.3139802183361867,3,2.4746511917850142
2019-01-30,0.8574324756622811,0.6769976417882682,0.21043620226146095,2,2.500538371737184
2019-01-31,0.8573220654430218,0.6769976417882682,0.2103345182904757,2,2.499008262589398
2019-02-01,0.8568479623258154,0.8568479623258154,0.0,0,2.4974328168742703
2019-02-07,0.8568479623258154,0.8568479623258154,0.0,0,2.4973874803069287
2019-02-08,0.8568479623258154,0.8568479623258154,0.0,0,2.467499348286845
2019-02-11,0.8568479623258154,0.8568479623258154,0.0,0,2.4716703124822907
2019-02-12,0.8568479623258154,0.8568479623258154,0.0,0,2.4827097666300193
2019-02-13,0.85673446223282,0.7711631660932339,0.09988076809303356,1,2.4951886567908512
2019-02-14,0.8576817215705935,0.7711631660932339,0.10087489718088685,1,2.522809960443845
2019-02-15,0.8565249534995167,0.7711631660932339,0.09966059606030037,1,2.489079554341543
2019-02-18,0.8571002279434662,0.7711631660932339,0.10026489207269317,1,2.50585408425801
2019-02-19,0.856895772296495,0.7711631660932339,0.10005021494445737,1,2.4998923256525636
2019-02-20,0.8578337028595018,0.7711631660932339,0.10103419401378201,1,2.5272416099015067
2019-02-21,0.8577909459751543,0.7711631660932339,0.10098938475439385,1,2.5259948542996065
2019-02-22,0.8578624665816993,0.7711631660932339,0.10106433591148205,1,2.5280803363973297
2019-02-25,0.8579425385651138,0.7711631660932339,0.10114823379315845,1,2.5304151696154324
2019-02-26,0.8577108739917396,0.7711631660932339,0.10090545721510727,1,2.5236600210815037
2019-02-27,0.8578706041409905,0.6853615269566988,0.20108985708518332,2,2.5329426832447384
2019-02-28,0.8532757651329033,0.5995992453422974,0.29729722811369685,3,2.4883428351222387
2019-03-04,0.8527234504421811,0.5995992453422974,0.2968420828213717,3,2.482925115324893
2019-03-05,0.8514027481587179,0.5995992453422974,0.29575133902372547,3,2.469970191206973
2019-03-06,0.850983312525387,0.5995992453422974,0.29540422647898895,3,2.465855897720704
2019-03-07,0.8493908969470699,0.5145287609183076,0.3942379618528328,4,2.454737104580127
2019-03-08,0.8450075811332489,0.5145287609183076,0.39109568670583117,4,2.4226048124766235
2019-03-11,0.8451096265807664,0.5145287609183076,0.391169210792164,4,2.423352865837763
2019-03-12,0.8480596676999095,0.5145287609183076,0.3932870757622488,4,2.444978408459803
2019-03-13,0.8465366832208031,0.5978702147959579,0.29374565019291105,3,2.435038366070113
2019-03-14,0.8473781451509974,0.5978702147959579,0.29444697362424743,3,2.443278287184486
2019-03-15,0.8504827276744558,0.5131638827629782,0.3966204532264118,4,2.4664339389543124
2019-03-18,0.8510066615269727,0.5131638827629782,0.3969919320699543,4,2.470264878894694
2019-03-19,0.8507167927979176,0.5131638827629782,0.3967864662983359,4,2.468145394371465
2019-03-20,0.8506361875898379,0.5131638827629782,0.39672930654765776,4,2.4675560189960217
2019-03-21,0.8518421655107203,0.5131638827629782,0.39758337455001214,4,2.4763739813440027
2019-03-22,0.8521630362428831,0.5131638827629782,0.39781020657094485,4,2.4787201487039408
2019-03-25,0.8456386646889065,0.5131638827629782,0.3931641205741687,4,2.431014745718528
2019-03-26,0.8462494041501245,0.5131638827629782,0.3936020749363589,4,2.435480397601696
2019-03-27,0.8455920207084205,0.595225227317947,0.2960846214947973,3,2.431876140498022
2019-03-28,0.8427985566106501,0.5079011157852336,0.397363567128331,4,2.412018724002312
2019-03-29,0.8447766877281613,0.5079011157852336,0.39877470204448884,4,2.426265740289474
2019-04-01,0.8495401408319868,0.423224532316114,0.5018192643591459,5,2.4575593058971545
2019-04-02,0.8511193117994074,0.3380951379670843,0.6027641092383451,6,2.4676466921307054
2019-04-03,0.8570949295959418,0.42399881399403094,0.5053070560178022,5,2.497217468179397
2019-04-04,0.8577780047214838,0.33833315607679615,0.605570259187689,6,2.500912398417754
2019-04-05,0.8585030753680762,0.33833315607679615,0.6059033848751927,6,2.504403314103073
2019-04-08,0.8587361337901951,0.33833315607679615,0.6060103415195789,6,2.505525394144782
2019-04-09,0.8594329549310762,0.33833315607679615,0.6063297850802923,6,2.5088803001280757
2019-04-10,0.8619824728215295,0.33833315607679615,0.6074941582404462,6,2.5211551757358692
2019-04-11,0.8618195555242723,0.42550243047064856,0.5062743381219729,5,2.5212118464450466
2019-04-12,0.8635868395583362,0.42550243047064856,0.5072847211425049,5,2.5314239082387875
2019-04-15,0.8652857386441769,0.33896996031568283,0.6082566195453336,6,2.5421120039896183
2019-04-16,0.866635037637163,0.33896996031568283,0.6088665405914496,6,2.5486291355450024
2019-04-17,0.8659920673344182,0.33896996031568283,0.6085761370089046,6,2.545523580682089
2019-04-18,0.8584547658292503,0.33896996031568283,0.6051394041848617,6,2.5091183171066205
2019-04-19,0.8585605871682296,0.2528980361626305,0.7054394996202211,7,2.5118158428634576
2019-04-22,0.858697234631399,0.2528980361626305,0.7054863740522135,7,2.5123825499552304
2019-04-23,0.8597521530470665,0.2528980361626305,0.7058477431358223,7,2.5167575287037147
2019-04-24,0.8540804452689094,0.42651142008881715,0.500619148405243,5,2.4946786204082563
2019-04-25,0.8520349021208621,0.42651142008881715,0.4994202478945915,5,2.482743769055526
2019-04-26,0.8496900923923523,0.5118683135993273,0.39758234421901745,4,2.4700608643416566
2019-04-29,0.8552712010824984,0.5981856554130295,0.30058950347454855,3,2.5121331988348503
2019-04-30,0.8537818788813029,0.5981856554130295,0.2993694640171763,3,2.4975801607181314
2019-05-02,0.8552709005270949,0.5987086170817759,0.2999778003521482,3,2.5079622346394044
2019-05-03,0.8513340825191116,0.34224248254559353,0.5979927391924773,6,2.4893402396037585
2019-05-07,0.8468535238448345,0.34224248254559353,0.5958657868107292,6,2.4674313434358317
2019-05-08,0.8447720227121389,0.34224248254559353,0.5948700083049333,6,2.457253284067597
2019-05-09,0.8294736847658232,0.34224248254559353,0.5873980225880037,6,2.382447947953621
2019-05-10,0.8308713965509182,0.34224248254559353,0.5880921115273706,6,2.3892824354803976
2019-05-13,0.8241424457845313,0.34224248254559353,0.5847289697355651,6,2.356379421732084
2019-05-14,0.8246380610715414,0.42226157398888664,0.48794314266770983,5,2.3595869838715164
2019-05-15,0.8267525361362362,0.42226157398888664,0.4892527624259934,5,2.3719865350395
2019-05-16,0.8206666102768141,0.3395457317314252,0.5862561879824804,6,2.3435491731743534
2019-05-17,0.8178999831490026,0.3395457317314252,0.5848566588494869,6,2.330072878532002
2019-05-20,0.8177201999265026,0.4188076670499067,0.487834998954961,5,2.329970871255483
2019-05-21,0.8187952423362472,0.4188076670499067,0.48850744924343525,5,2.336249985832323
2019-05-22,0.8194957663613698,0.4188076670499067,0.48894468496225674,5,2.340341611034921
2019-05-23,0.818164583149352,0.3368893326209843,0.5882376974517769,6,2.334368518287638
2019-05-24,0.8145858779638513,0.2553600612135887,0.6865154821344439,7,2.318183363746614
2019-05-27,0.8142851174931034,0.2553600612135887,0.6863996949867484,7,2.3169366081447142
2019-05-28,0.8155471372313616,0.1739162380221312,0.786749005566317,8,2.3221729816726926
2019-05-29,0.8075581853716038,0.1739162380221312,0.7846393719084126,8,2.2932595858504574
2019-05-30,0.812247840030292,0.25286199805784504,0.6886886174441353,7,2.3108048374117356
2019-05-31,0.8125814344538699,0.4889158386697855,0.39831773415007654,4,2.314137075111358
2019-06-03,0.81672050637582,0.4889158386697855,0.4013670100689167,4,2.3437305194437204
2019-06-04,0.8165810049092816,0.4889158386697855,0.4012647419785355,4,2.3427331149622006
2019-06-05,0.816920247112,0.4889158386697855,0.40151337857249236,4,2.3451586213149875
2019-06-07,0.8174306956600152,0.4889158386697855,0.4018871064353389,4,2.3488082149860023
2019-06-10,0.8217362181954486,0.4889158386697855,0.4050209448678606,4,2.379591744211087
2019-06-11,0.8236892387269854,0.4889158386697855,0.40643167874160085,4,2.3935554069523626
2019-06-12,0.823204154081977,0.4889158386697855,0.40608191024616985,4,2.3900871595507147
2019-06-13,0.8221506642207348,0.5716267134129348,0.3047178111146525,3,2.3837400401228623
2019-06-14,0.8212286874814378,0.5716267134129348,0.3039372319469109,3,2.374967414342223
2019-06-17,0.820671213173956,0.5716267134129348,0.30346440299500516,3,2.369663035963232
2019-06-18,0.8216217783392776,0.5716267134129348,0.30427025124827045,3,2.378707681147922
2019-06-19,0.8247271961162119,0.5716267134129348,0.3068899436021664,3,2.4082557889129426
2019-06-20,0.8253337554486337,0.6559086734386234,0.20528068904429408,2,2.415634315247821
2019-06-21,0.8247140651579725,0.7402189516216752,0.10245382867347172,1,2.4092078568271202
2019-06-24,0.8247422882319984,0.7402189516216752,0.10248454313106216,1,2.4100125808974373
2019-06-25,0.8243871831295568,0.8243871831295568,0.0,0,2.404696868376611
2019-06-26,0.8243871831295568,0.8243871831295568,0.0,0,2.4049348853551553
2019-06-27,0.8243871831295568,0.8243871831295568,0.0,0,2.419068560223963
2019-06-28,0.8243871831295568,0.8243871831295568,0.0,0,2.4148749277448456
2019-07-01,0.8243871831295568,0.8243871831295568,0.0,0,2.413877523263326
2019-07-02,0.8243871831295568,0.8243871831295568,0.0,0,2.405127565766358
2019-07-03,0.8243871831295568,0.8243871831295568,0.0,0,2.375658796994186
2019-07-04,0.8244719196231921,0.7419484648166011,0.10009249901962294,1,2.3900644912670437
2019-07-05,0.8245447092292301,0.7419484648166011,0.10017194154315585,1,2.392172641648438
2019-07-08,0.8214734193478854,0.6595670965732904,0.19709258870861823,2,2.3395595552482744
2019-07-09,0.820521199928708,0.6595670965732904,0.196160810189185,2,2.3257999070600373
2019-07-10,0.8210506464756147,0.6595670965732904,0.19667915809517655,2,2.333450452798967
2019-07-11,0.8227605627308099,0.6595670965732904,0.1983486734170473,2,2.3581588820002493
2019-07-12,0.8232374568056533,0.6595670965732904,0.1988130628402657,2,2.3650500402362034
2019-07-15,0.8229095921291985,0.6595670965732904,0.19849385293137153,2,2.360312368948985
2019-07-16,0.8237738321718858,0.5772606069283279,0.29924867192445764,3,2.3709551281324734
2019-07-17,0.8215406983641609,0.5772606069283279,0.29734387100023135,3,2.349476929354294
2019-07-18,0.8207900354430419,0.5772606069283279,0.2967012487953303,3,2.342257081005112
2019-07-19,0.8240672624189167,0.5772606069283279,0.29949819237585973,3,2.373777329449501
2019-07-22,0.8239470620767595,0.5772606069283279,0.29939600066860855,3,2.372621246982285
2019-07-23,0.824902772640382,0.5772606069283279,0.3002077019566695,3,2.3818132360108355
2019-07-24,0.8226460701381166,0.5772606069283279,0.2982880148793394,3,2.360108354395947
2019-07-25,0.8211195578023442,0.4949562866642153,0.3972177596293978,4,2.3512450554806246
2019-07-26,0.8198271558082275,0.4949562866642153,0.39626751424663154,4,2.341928390891884
2019-07-29,0.8140443644038946,0.4949562866642153,0.39197873198635796,4,2.300241417221095
2019-07-30,0.8154908483875777,0.4949562866642153,0.39305721499773616,4,2.3106688277097103
2019-07-31,0.8131107793842236,0.5740269665083995,0.2940359652554165,3,2.294653685296218
2019-08-01,0.8121877434035077,0.49282760390769687,0.39320974994958485,4,2.2864817690328576
2019-08-02,0.808989593171827,0.5712017035753112,0.29393195116913,3,2.2647088825669566
2019-08-05,0.802902476441253,0.5712017035753112,0.2885789739906164,3,2.206734747078625
2019-08-06,0.7993942027126641,0.5712017035753112,0.2854567851042759,3,2.1733216969477156
2019-08-07,0.7984671520903539,0.5712017035753112,0.2846271733534324,3,2.1644924004578994
2019-08-08,0.7997643089303001,0.5712017035753112,0.28578745363205293,3,2.176846615058541
2019-08-09,0.8015486510077562,0.4909938075397403,0.3874435358072991,4,2.1962733341645038
2019-08-12,0.802123177807521,0.5673804476466718,0.2926517231461655,3,2.2014190345577984
2019-08-13,0.8001338428789327,0.5673804476466718,0.290893076581787,3,2.182763037096646
2019-08-14,0.8016494115304817,0.5673804476466718,0.29223368783687065,3,2.196976050958302
2019-08-16,0.8002957935960839,0.5673804476466718,0.29103657399324834,3,2.1842818121025966
2019-08-19,0.80183432540902,0.5673804476466718,0.2923969083547926,3,2.198710174659126
2019-08-20,0.804844875650603,0.48715966975382974,0.3947160695282675,4,2.2217751532942684
2019-08-21,0.8055579555669126,0.48715966975382974,0.3952518668740719,4,2.2267621757018667
2019-08-22,0.8031937343882741,0.5638427153551429,0.2979991112797027,3,2.2113024062383118
2019-08-23,0.8028612700433555,0.5638427153551429,0.29770841315499663,3,2.2082308538009046
2019-08-26,0.7989367186064741,0.5638427153551429,0.29425860368689555,3,2.171972934069297
2019-08-27,0.7999537405324431,0.5638427153551429,0.29515584866213196,3,2.181368937650886
2019-08-28,0.8019767431330735,0.5638427153551429,0.2969338323298693,3,2.2000589375375443
2019-08-29,0.8008790513371726,0.6414397191781311,0.199080412819934,2,2.191354316607918
2019-08-30,0.8037142100668926,0.6414397191781311,0.20190571331973264,2,2.2303210962381983
2019-09-02,0.803829661556759,0.6414397191781311,0.2020203410560029,2,2.2319078760951614
2019-09-03,0.8035410328320929,0.6414397191781311,0.20173370995459078,2,2.227940926452754
2019-09-04,0.8054245414239138,0.6414397191781311,0.203600478768468,2,2.2538281064049235
2019-09-05,0.8067621293993663,0.6414397191781311,0.20492088584316365,2,2.272212084462025
2019-09-06,0.8069575323088272,0.7241715854156687,0.10259021519545815,1,2.2771764385859528
2019-09-09,0.8073868870875756,0.7241715854156687,0.1030674426384146,1,2.2889866143784925
2019-09-10,0.8079031841487768,0.7241715854156687,0.10364063464031198,1,2.3031882940983124
2019-09-11,0.8086086115779679,0.7241715854156687,0.1044226155315409,1,2.3225923449206043
2019-09-16,0.8091450990270375,0.7241715854156687,0.10501641017605584,1,2.337349397590361
2019-09-17,0.8091496315630895,0.7241715854156687,0.10502142351997722,1,2.3374740731505512
2019-09-18,0.8093251041638084,0.8093251041638084,0.0,0,2.3469947522923302
2019-09-19,0.8093251041638084,0.8093251041638084,0.0,0,2.357898196738034
2019-09-20,0.8093251041638084,0.8093251041638084,0.0,0,2.370558433168233
2019-09-23,0.8093251041638084,0.8093251041638084,0.0,0,2.3707624477212708
2019-09-24,0.8093251041638084,0.8093251041638084,0.0,0,2.381348536195582
2019-09-25,0.8093251041638084,0.8093251041638084,0.0,0,2.35000963402056
2019-09-26,0.8093251041638084,0.8093251041638084,0.0,0,2.351290392047966
2019-09-27,0.8093251041638084,0.8093251041638084,0.0,0,2.323419737274592
2019-09-30,0.8093251041638084,0.8093251041638084,0.0,0,2.338290131362704
2019-10-01,0.8093251041638084,0.8093251041638084,0.0,0,2.3489102222625218
2019-10-02,0.8093251041638084,0.8093251041638084,0.0,0,2.3029956136871097
2019-10-04,0.8093251041638084,0.8093251041638084,0.0,0,2.290278706547734
2019-10-07,0.8093251041638084,0.8093251041638084,0.0,0,2.2914574572986206
2019-10-08,0.8093251041638084,0.8093251041638084,0.0,0,2.3192487730791465
2019-10-10,0.8093251041638084,0.8093251041638084,0.0,0,2.2987339763569805
2019-10-11,0.8093251041638084,0.8093251041638084,0.0,0,2.3173899738181323
2019-10-14,0.8093251041638084,0.8093251041638084,0.0,0,2.3432204830611254
2019-10-15,0.8093251041638084,0.8093251041638084,0.0,0,2.344093211982455
2019-10-16,0.8093251041638084,0.8093251041638084,0.0,0,2.3607090639132258
2019-10-17,0.8093251041638084,0.8093251041638084,0.0,0,2.3551666685556905
2019-10-18,0.8093251041638084,0.8093251041638084,0.0,0,2.3356152738895375
2019-10-21,0.8093251041638084,0.8093251041638084,0.0,0,2.34031894275125
2019-10-22,0.8093251041638084,0.8093251041638084,0.0,0,2.367543551440003
2019-10-23,0.8093251041638084,0.8093251041638084,0.0,0,2.3582042185675913
2019-10-24,0.8093251041638084,0.8093251041638084,0.0,0,2.3639166260526583
2019-10-25,0.8093251041638084,0.8093251041638084,0.0,0,2.3664441396819638
2019-10-28,0.8093251041638084,0.8093251041638084,0.0,0,2.3729159346700066
2019-10-29,0.8087324346288307,0.7283925937474276,0.09934044616162234,1,2.3718845277629805
2019-10-30,0.808255622093889,0.7283925937474276,0.09880912197005957,1,2.3578075236033507
2019-10-31,0.8083788562514707,0.7283925937474276,0.09894650495306975,1,2.36144578313253
2019-11-01,0.8090207488105868,0.7283925937474276,0.09966141805596195,1,2.380396468281404
2019-11-04,0.8101740055376115,0.7283925937474276,0.10094302116730572,1,2.4144442303550986
2019-11-05,0.8108286676302612,0.6473620635731391,0.20160437165458364,2,2.428498566231058
2019-11-06,0.8109438687709689,0.6473620635731391,0.2017177902161679,2,2.430210021648211
2019-11-07,0.8109545496714319,0.6473620635731391,0.20172830421208482,2,2.4303686996339073
2019-11-08,0.8104159271195132,0.6473620635731391,0.20119775301791212,2,2.4223667954980788
2019-11-11,0.8094134483189164,0.6473620635731391,0.20020841645557588,2,2.4074737331262965
2019-11-12,0.8106974451388589,0.6473620635731391,0.2014751403808151,2,2.4265490938353604
2019-11-13,0.8087463982172363,0.5663567096306157,0.29971037784023935,3,2.4056149338652824
2019-11-14,0.8106627208512128,0.5663567096306157,0.30136578991084073,3,2.4246336238651693
2019-11-15,0.8132836746324859,0.5663567096306157,0.30361726505017306,3,2.450645479377529
2019-11-18,0.8131135124915666,0.5663567096306157,0.303471531428412,3,2.448956692244047
2019-11-19,0.8122627017869704,0.5663567096306157,0.3027419474209067,3,2.4405127565766356
2019-11-20,0.8090741601933693,0.5663567096306157,0.29999407038873177,3,2.408867832572057
2019-11-21,0.805794256376456,0.5663567096306157,0.29714476722948785,3,2.376316177220642
2019-11-22,0.8063631585629125,0.4857511315565469,0.3976025238773993,4,2.3823912772444436
2019-11-25,0.8094856101449626,0.5671107446896131,0.29941837435744545,3,2.406805018758005
2019-11-26,0.8092402105872847,0.5671107446896131,0.29920592517511285,3,2.404368178263383
2019-11-27,0.8095693461495914,0.48603697283103653,0.3996351577012068,4,2.4117353704564257
2019-11-28,0.8080652627196574,0.4052460731112363,0.4984983369445636,5,2.4012512892586337
2019-11-29,0.8022395381989351,0.4052460731112363,0.4948565187636695,5,2.366523478674812
2019-12-02,0.8028338976908962,0.4843742859023209,0.39666936424150256,4,2.371011798841651
2019-12-03,0.8016388673108911,0.4843742859023209,0.39576995870077847,4,2.362114497500822
2019-12-04,0.7993279677989831,0.4843742859023209,0.3940230976327697,4,2.344909270194607
2019-12-05,0.7972518230192545,0.404298085476822,0.4928853421172324,5,2.3356719445987144
2019-12-06,0.8012771990489918,0.404298085476822,0.4954329338752314,5,2.3595983180133517
2019-12-09,0.8022874749459559,0.32397796365747444,0.5961821993054317,6,2.3673055344614586
2019-12-10,0.8042695907029016,0.40335539862578773,0.4984823456109161,5,2.377902957077605
2019-12-11,0.8057257232785104,0.40335539862578773,0.4993887039071704,5,2.3865395731562185
2019-12-12,0.8117891204732707,0.40335539862578773,0.5031278586357099,5,2.422502805200104
2019-12-13,0.8181247165889124,0.3216551834726521,0.606838447793436,6,2.459792131838738
2019-12-16,0.8176443175475374,0.3216551834726521,0.6066074495112586,6,2.4574119620532935
2019-12-17,0.8239421202185157,0.3216551834726521,0.6096143459842219,6,2.4886148545262894
2019-12-18,0.8237316596861038,0.3216551834726521,0.6095146038271444,6,2.4875721134774285
2019-12-19,0.823975054069942,0.405674918776914,0.5076611642875309,5,2.489612259007809
2019-12-20,0.8254261626355777,0.405674918776914,0.5085267015506295,5,2.4982488750864227
2019-12-23,0.8253366585639441,0.405674918776914,0.5084734034681391,5,2.4977161704201567
2019-12-24,0.8225750005431671,0.48852885053330086,0.40609810629947063,4,2.482267735098437
2019-12-26,0.8236049073025895,0.5720761898400805,0.30539973139098625,3,2.491165036439266
2019-12-27,0.8249300017757906,0.48987854568134526,0.40615743805316185,4,2.4982828775119295
2019-12-30,0.8239358875476284,0.48987854568134526,0.40544094135840464,4,2.4908703487515447
2020-01-02,0.8193778099593698,0.4074311470738654,0.5027554540510822,5,2.46536852962178
2020-01-03,0.8188542821462533,0.3251636451181489,0.6029041403241117,6,2.466830633918553
2020-01-06,0.8138366110450348,0.40786589636310666,0.4988356497757302,5,2.4425869045325235
2020-01-07,0.8176927366138279,0.40786589636310666,0.5011990713625115,5,2.4657878928696912
2020-01-08,0.8129634351069223,0.4901357926960649,0.3970998306564656,4,2.438325267202394
2020-01-09,0.8182365772176908,0.4901357926960649,0.4009852329472863,4,2.4781534416121684
2020-01-10,0.8212287927466813,0.4901357926960649,0.403167793159374,4,2.5007537204320576
2020-01-13,0.8246606868865014,0.4901357926960649,0.40565156010217013,4,2.526674902809734
2020-01-14,0.8259356053452287,0.5743011097277219,0.30466599815893314,3,2.5375783472554376
2020-01-15,0.8249266137364912,0.4918096020598201,0.40381411646767373,4,2.5286243752054314
2020-01-16,0.8274754072663844,0.4918096020598201,0.4056504909498843,4,2.5479717553185464
2020-01-17,0.827851679070446,0.4918096020598201,0.4059206322900148,4,2.55082795906108
2020-01-20,0.8296539015605342,0.4918096020598201,0.4072111260674448,4,2.564508268256469
2020-01-21,0.826227140487831,0.4918096020598201,0.40475254568684355,4,2.5384964127441094
2020-01-22,0.8303422400592342,0.4918096020598201,0.4077025371794456,4,2.569733307642612
2020-01-23,0.8267149520667137,0.40896515641221504,0.505312979534435,5,2.54579560008614
2020-01-28,0.8138056310049859,0.40896515641221504,0.49746580653764305,5,2.4671253216062743
2020-01-29,0.8152334893466782,0.49089390234186353,0.3978487037679694,4,2.4768273470174207
2020-01-30,0.8097003861271641,0.49089390234186353,0.39373389126089875,4,2.4345736662548596
2020-01-31,0.8052392656831178,0.5699456191430363,0.2922033941557385,3,2.4017159890738875
2020-02-03,0.8061434214893857,0.5689663002736851,0.2942120656117312,3,2.4015686452300264
2020-02-04,0.8105111305006731,0.5689663002736851,0.2980154388228817,3,2.445794466671956
2020-02-05,0.809590060115097,0.3251628418529152,0.5983611238919018,6,2.4545557583107596
2020-02-06,0.8249706218498303,0.2437756954408044,0.704503785972176,7,2.5251787960874545
2020-02-07,0.8202821890965861,0.16144689215306898,0.80318127798084,8,2.5070555032925683
2020-02-10,0.817452177750328,0.08020262157025108,0.9018870782252083,9,2.494723956975598
2020-02-11,0.8248378368678346,0.08020262157025108,0.9027655885976263,9,2.5197157397227667
2020-02-12,0.829949181907887,0.08020262157025108,0.903364418787809,9,2.5370116401636653
2020-02-13,0.8279688630024491,0.1624812594188671,0.8037592152563998,8,2.530868535288851
2020-02-14,0.8311369149272905,0.1624812594188671,0.8045072279901304,8,2.5429167280599354
2020-02-17,0.8307137132590614,0.1624812594188671,0.8044076354759817,8,2.5413072799193013
2020-02-18,0.8207923164031852,0.1624812594188671,0.802043396153024,8,2.503575921749085
2020-02-19,0.8212274392451671,0.1624812594188671,0.8021482823708228,8,2.505230706457061
2020-02-20,0.81680468378283,0.1624812594188671,0.8010769739145286,8,2.4884108399732514
2020-02-21,0.806646534280033,0.1608480169574391,0.8005966552611511,8,2.451393532738669
2020-02-24,0.7816248425452613,0.1608480169574391,0.7942132744480611,8,2.35641342415759
2020-02-25,0.7898585373675473,0.08278973998710672,0.8951840917450489,9,2.384261410647293
2020-02-26,0.7808370331335442,0.08278973998710672,0.8939730872460458,9,2.3538405739609427
2020-02-27,0.7734826921260932,0.08278973998710672,0.8929649740971705,9,2.3290414716249757
2020-02-28,0.750514386042108,0.15882268771919522,0.7883815544739147,8,2.252105316845935
2020-03-02,0.7551299749540941,0.15882268771919522,0.7896750321309249,8,2.269673236690884
2020-03-03,0.7581459559740946,0.3834611918242362,0.49421191420647914,5,2.282866177787349
2020-03-04,0.76826123547018,0.38420974771855165,0.49989700120244485,5,2.334073830599916
2020-03-05,0.7730537184494755,0.38400498210431244,0.5032622275273231,5,2.3634632603792407
2020-03-06,0.7619672780540827,0.15272062552639426,0.7995706247170964,8,2.3124142855523697
2020-03-09,0.7353175290594891,0.07829171696742211,0.8935266549846004,9,2.2155640435684414
2020-03-10,0.7380602203360441,0.07829171696742211,0.893922318517891,9,2.2248127033061693
2020-03-11,0.7196882221526505,0.07829171696742211,0.8912143973493901,9,2.1628602840335946
2020-03-12,0.6948359436001418,0.07829171696742211,0.88732344996177,9,2.07905563930227
2020-03-13,0.6736977261513012,0.07829171696742211,0.8837880641000723,9,2.0077752212991196
2020-03-16,0.6546803888440121,0.07829171696742211,0.8804123075907864,9,1.943646646794138
2020-03-17,0.640422427575451,0.07829171696742211,0.877749882583245,9,1.8955672171281552
2020-03-18,0.6131165158956321,0.07829171696742211,0.8723053205424508,9,1.803488648856952
2020-03-19,0.5681165739278401,0.13245275871908954,0.7668563727980356,8,1.6521098505026695
2020-03-20,0.6005483681900046,0.13245275871908954,0.7794469759058883,8,1.7750966235591474
2020-03-23,0.5754235664102028,0.18798325621744835,0.6733132475088089,7,1.6802411905382586
2020-03-24,0.608748252373182,0.18798325621744835,0.6911970498730752,7,1.8247628330820933
2020-03-25,0.6335215798175455,0.18798325621744835,0.7032725289774855,7,1.9321991635403326
2020-03-26,0.6286813854482068,0.18798325621744835,0.7009880353250333,7,1.9112083328610776
2020-03-27,0.6369112839736104,0.18798325621744835,0.7048517416041931,7,1.9468995455009126
2020-03-30,0.6367518607249443,0.18798325621744835,0.7047778454806104,7,1.9462081628489498
2020-03-31,0.6464255909181884,0.25390432370096266,0.6072180197254956,6,1.988733863015562
2020-04-01,0.6308247591524518,0.31624866184936506,0.4986743033449374,5,1.9103242697979124
2020-04-02,0.6376639094594702,0.5729885397936425,0.1014254824624639,1,1.954980788629589
2020-04-03,0.6375562629111902,0.6375562629111902,0.0,0,1.9556381688560451
2020-04-06,0.6375562629111902,0.6375562629111902,0.0,0,2.0309422072107814
2020-04-07,0.6375562629111902,0.6375562629111902,0.0,0,2.0668941051128313
2020-04-08,0.6375562629111902,0.6375562629111902,0.0,0,2.048238107651679
2020-04-09,0.6375562629111902,0.6375562629111902,0.0,0,2.081186457967335
2020-04-10,0.6375562629111902,0.6375562629111902,0.0,0,2.1089437713223544
2020-04-13,0.6375562629111902,0.6375562629111902,0.0,0,2.069342279749289
2020-04-14,0.6375562629111902,0.6375562629111902,0.0,0,2.104840811977921
2020-04-16,0.6375562629111902,0.6375562629111902,0.0,0,2.104829477836086
2020-04-17,0.6375562629111902,0.6375562629111902,0.0,0,2.1699554568225867
2020-04-20,0.6375562629111902,0.6375562629111902,0.0,0,2.1516281494746625
2020-04-21,0.6375562629111902,0.6375562629111902,0.0,0,2.130115948270977
2020-04-22,0.6375562629111902,0.6375562629111902,0.0,0,2.149123304129028
2020-04-23,0.6375562629111902,0.6375562629111902,0.0,0,2.1701821396592957
2020-04-24,0.6375562629111902,0.6375562629111902,0.0,0,2.141030726858516
2020-04-27,0.6375562629111902,0.6375562629111902,0.0,0,2.1792947896949983
2020-04-28,0.6375562629111902,0.6375562629111902,0.0,0,2.192125038252729
2020-04-29,0.6375562629111902,0.6375562629111902,0.0,0,2.207392127305081
2020-05-04,0.6375562629111902,0.6375562629111902,0.0,0,2.1482392410658626
2020-05-06,0.6375562629111902,0.6375562629111902,0.0,0,2.1860839406544335
2020-05-07,0.6375562629111902,0.6375562629111902,0.0,0,2.1859139285269014
2020-05-08,0.6375562629111902,0.6375562629111902,0.0,0,2.2054199866257127
2020-05-11,0.6375562629111902,0.6375562629111902,0.0,0,2.193609810833173
2020-05-12,0.6375562629111902,0.6375562629111902,0.0,0,2.1786147411848713
2020-05-13,0.6375562629111902,0.6375562629111902,0.0,0,2.1992995500345693
2020-05-14,0.6375562629111902,0.6375562629111902,0.0,0,2.181776966756962
2020-05-15,0.6375562629111902,0.6375562629111902,0.0,0,2.1844064876627867
2020-05-18,0.6375562629111902,0.6375562629111902,0.0,0,2.1955479490870347
2020-05-19,0.6375562629111902,0.6375562629111902,0.0,0,2.244851466071246
2020-05-20,0.6375562629111902,0.6375562629111902,0.0,0,2.255086196148659
2020-05-21,0.6375562629111902,0.6375562629111902,0.0,0,2.2649128971199946
2020-05-22,0.6375562629111902,0.6375562629111902,0.0,0,2.2329732854276942
2020-05-25,0.6375562629111902,0.6375562629111902,0.0,0,2.2607079304990423
2020-05-26,0.6375562629111902,0.6375562629111902,0.0,0,2.3005814414761585
2020-05-27,0.6375562629111902,0.6375562629111902,0.0,0,2.3021908896167926
2020-05-28,0.6375562629111902,0.6375562629111902,0.0,0,2.299176007888563
2020-05-29,0.6375562629111902,0.6375562629111902,0.0,0,2.3003774269231205
2020-06-01,0.6375562629111902,0.6375562629111902,0.0,0,2.3405909621553005
2020-06-02,0.6375562629111902,0.6375562629111902,0.0,0,2.3656507497534824
2020-06-03,0.6375562629111902,0.6375562629111902,0.0,0,2.4334402520713145
2020-06-04,0.6375562629111902,0.6375562629111902,0.0,0,2.438177923358533
2020-06-05,0.6375562629111902,0.6375562629111902,0.0,0,2.4729624046515317
2020-06-08,0.6375562629111902,0.6375562629111902,0.0,0,2.475705266975711
2020-06-09,0.6375562629111902,0.6375562629111902,0.0,0,2.480952974645525
2020-06-10,0.6376552626063612,0.5738006366200712,0.10013973024434818,1,2.488626188668125
2020-06-11,0.6367573964583024,0.510068060043244,0.19896013319941797,2,2.4671933264572874
2020-06-12,0.6341686453287708,0.510068060043244,0.19569019408266333,2,2.416779063573202
2020-06-15,0.6282624748111254,0.510068060043244,0.1881290376341739,2,2.3017601922270456
2020-06-16,0.6345032972845893,0.510068060043244,0.19611440598319424,2,2.4232961951285863
2020-06-17,0.6346778983050164,0.510068060043244,0.196335556342135,2,2.4266964376792215
2020-06-18,0.6342373217301388,0.510068060043244,0.1957772862501578,2,2.418116492309785
2020-06-19,0.6346936123968548,0.510068060043244,0.1963554539062955,2,2.4270024595087785
2020-06-22,0.6338444694341779,0.510068060043244,0.19527883472964125,2,2.4104659465708553
2020-06-23,0.63410695296822,0.510068060043244,0.19561194266102377,2,2.4155776445386437
2020-06-24,0.6358686772643288,0.510068060043244,0.19784056318407056,2,2.449886091874554
2020-06-25,0.6330087125497339,0.510068060043244,0.1942163671196401,2,2.394190118895148
2020-06-26,0.6343054161281054,0.510068060043244,0.19586362172851157,2,2.4194425869045326
2020-06-29,0.6319093081244449,0.510068060043244,0.1928144537747593,2,2.3727799249679813
2020-06-30,0.6327735831755588,0.510068060043244,0.19391694975084153,2,2.3896111255936257
2020-07-01,0.6326787166211267,0.510068060043244,0.1937960822085104,2,2.387763660474447
2020-07-02,0.634777761596971,0.4467418716403087,0.29622318444742357,3,2.420258645116685
2020-07-03,0.636278265755436,0.4467418716403087,0.2978828671604802,3,2.439572022804293
2020-07-06,0.6408581545414334,0.3193710389446633,0.5016509711525954,5,2.479830894603815
2020-07-07,0.6372410636833326,0.38218313053724134,0.4002534483133033,4,2.452900973602784
2020-07-08,0.6364918846698304,0.444920829227621,0.3009795726485715,3,2.4469052125718305
2020-07-09,0.6372922862299397,0.444920829227621,0.30185750111670057,3,2.457128608507407
2020-07-10,0.6349778571572348,0.38116018794916373,0.3997268036154843,4,2.437123848167836
2020-07-13,0.6398618940118836,0.25368631436883593,0.6035295792061585,6,2.4777114100805857
2020-07-14,0.6394290924556019,0.25368631436883593,0.6032612257371596,6,2.4749345453309006
2020-07-15,0.6426565554895892,0.25368631436883593,0.605253673674001,6,2.4956420224642692
2020-07-16,0.6394555905100681,0.25368631436883593,0.6032776659807125,6,2.4751045574584323
2020-07-17,0.6425346644390446,0.25368631436883593,0.6051787889291341,6,2.494859966677623
2020-07-20,0.6420064698866843,0.25368631436883593,0.6048539597839064,6,2.491471058268823
2020-07-21,0.6474173726086894,0.25368631436883593,0.6081564611918926,6,2.5261875347108096
2020-07-22,0.6473873414802943,0.25368631436883593,0.6081382842785198,6,2.5259948542996065
2020-07-23,0.645184469885668,0.25368631436883593,0.6068003397326175,6,2.5118611794307997
2020-07-24,0.6423822476033766,0.1895116354735444,0.7049861882382624,7,2.4940099060399645
2020-07-27,0.6462578895083535,0.12521084474181582,0.8062525088288345,8,2.5137539811173197
2020-07-28,0.6554507920638415,0.12521084474181582,0.8089698780475038,8,2.558104478119439
2020-07-29,0.6567651803984937,0.1926478092953117,0.7066717069586085,7,2.5650976436319124
2020-07-30,0.6575547188662766,0.1926478092953117,0.707023911823695,7,2.5694612882385615
2020-07-31,0.6536723163002142,0.3248233580013794,0.5030792188968933,5,2.5494678620408258
2020-08-03,0.6537682411558641,0.259422793677096,0.603188443020059,6,2.551360663727346
2020-08-04,0.6588363047156234,0.259422793677096,0.6062408950140175,6,2.5841503360573053
2020-08-05,0.6644229119372179,0.259422793677096,0.6095517041687913,6,2.6202949143705587
2020-08-06,0.6701112639248454,0.26130381376776707,0.6100590635690719,6,2.6551474005145703
2020-08-07,0.6714166436092885,0.39886584839121647,0.4059339276323854,4,2.6654161330174886
2020-08-10,0.6754394181065688,0.39886584839121647,0.4094720596714056,4,2.704756939328339
2020-08-11,0.6791817225870409,0.39886584839121647,0.4127258800900673,4,2.74135488331501
2020-08-12,0.6807671894589162,0.39886584839121647,0.41409360708432363,4,2.7568599893459065
2020-08-13,0.6813675343709276,0.39886584839121647,0.41460984230857245,4,2.7627310748166707
2020-08-14,0.6771809031220787,0.330841282960847,0.5114432769212267,5,2.7286833127429757
2020-08-18,0.6686572446667776,0.330841282960847,0.5052154364591975,5,2.6615285223679286
2020-08-19,0.6704267130043338,0.330841282960847,0.5065213295599865,5,2.6754695168255336
2020-08-20,0.6580087856142646,0.330841282960847,0.4972084108998636,5,2.5776332045019212
2020-08-21,0.6622434073780248,0.3978981897046556,0.3991662502462246,4,2.612054993256186
2020-08-24,0.665002826819313,0.46561465080824505,0.29983056908905964,3,2.6406623672488636
2020-08-25,0.6681607497985897,0.46561465080824505,0.3031397744500859,3,2.6824853506216777
2020-08-26,0.6682046447841442,0.33196521357368125,0.5031982848893264,5,2.6854208933570596
2020-08-27,0.664675246199654,0.33196521357368125,0.5005602879425329,5,2.657232882612293
2020-08-28,0.6656316241178744,0.2652455079611691,0.601513061653757,6,2.66783030522844
2020-08-31,0.6607968451559363,0.33254083095752307,0.49675784108949655,5,2.6365140713370887
2020-09-01,0.6640960991278984,0.33254083095752307,0.49925796673972184,5,2.663013294948373
2020-09-02,0.6661874140921616,0.33254083095752307,0.5008299107381234,5,2.679810493148511
2020-09-03,0.6704995589661498,0.40099924671793136,0.4019395816811033,4,2.7155470423556882
2020-09-04,0.667389377558886,0.40099924671793136,0.3991524884848054,4,2.684208140180666
2020-09-07,0.6691857463499892,0.40099924671793136,0.4007654094470121,4,2.7023087646918813
2020-09-08,0.6711755875468968,0.40099924671793136,0.4025419664270604,4,2.722358861598794
2020-09-09,0.6682397562727709,0.40099924671793136,0.39991710616773557,4,2.692776751408267
2020-09-10,0.6705647996611304,0.40099924671793136,0.4019977682685162,4,2.7162044225821442
2020-09-11,0.6704543863401896,0.46788268770706104,0.30214091034426216,3,2.716442439560689
2020-09-14,0.6730931458090096,0.46788268770706104,0.30487676093522,3,2.7518276303709666
2020-09-15,0.674417596830035,0.46788268770706104,0.3062418746096631,3,2.769588230627118
2020-09-16,0.6737701625721502,0.46788268770706104,0.3055752336658895,3,2.760906277981163
2020-09-17,0.6712556496254046,0.46788268770706104,0.3029739295778534,3,2.7271872060206963
2020-09-18,0.6717822182189583,0.46788268770706104,0.3035202852681627,3,2.7342483763841825
2020-09-21,0.6698373798019965,0.46788268770706104,0.3014980922005774,3,2.7081685160208093
2020-09-22,0.6630853389229945,0.5320492652398922,0.1976157004103508,2,2.6437905903954486
2020-09-23,0.6631218534617236,0.5320492652398922,0.1976598833797854,2,2.6445273096147526
2020-09-24,0.6588022325590868,0.5298834209026857,0.19568666480625296,2,2.5759104149429324
2020-09-25,0.6591476875522613,0.5298834209026857,0.19610820016618308,2,2.582812907320722
2020-09-28,0.6608091615670525,0.5298834209026857,0.19812942719178947,2,2.616010608756758
2020-09-29,0.6616981185128707,0.4636695981697887,0.29927321055127065,3,2.638463543732786
2020-10-05,0.6661973903922019,0.26509227849802075,0.6020814816732375,6,2.672590644799329
2020-10-06,0.6675412115898118,0.26509227849802075,0.6028825278567016,6,2.6815446168493353
2020-10-07,0.6711201986781297,0.26509227849802075,0.6050002979791711,6,2.7053916512711242
2020-10-08,0.6719741205024337,0.26509227849802075,0.6055022501464613,6,2.7110813904725206
2020-10-12,0.6739762439829233,0.26509227849802075,0.6066741508106664,6,2.724421675412846
2020-10-13,0.6738775836924659,0.26509227849802075,0.6066165652143141,6,2.72376429518639
2020-10-14,0.6700213271671728,0.26509227849802075,0.6043524769296198,6,2.6980697956454227
2020-10-15,0.6667434240686991,0.26509227849802075,0.6024073595201945,6,2.676228904328509
2020-10-16,0.6633957783511091,0.26509227849802075,0.6004010167853104,6,2.6539233131963416
2020-10-19,0.6639748163263544,0.19855895226492534,0.7009540913561841,7,2.659828401092611
2020-10-20,0.6662892623807093,0.19855895226492534,0.7019928678492326,7,2.6730553446145824
2020-10-21,0.6687584014875405,0.19855895226492534,0.7030931472064285,7,2.687166351199719
2020-10-22,0.6654742163527403,0.13198555686620483,0.8016669111696361,8,2.6692470729578712
2020-10-23,0.6666468779962365,0.1979279868308778,0.7030992068457639,7,2.675775538655091
2020-10-26,0.6632915256973667,0.1979279868308778,0.7015972929508157,7,2.6566208389531787
2020-10-27,0.6605626255088433,0.2647750496279187,0.5991673773187551,6,2.6418071155742444
2020-10-28,0.6630112092143756,0.2647750496279187,0.6006477025604746,6,2.658150948100965
2020-10-29,0.6598545399296429,0.2647750496279187,0.5987372464601813,6,2.6370807784288615
2020-10-30,0.6480025529872954,0.2630393247498366,0.5940767153814073,6,2.5696199662242574
2020-11-02,0.6532164744319828,0.45824484103099045,0.2984793572001285,3,2.6070339684230808
2020-11-03,0.658164185836901,0.32733623363913983,0.5026526196910741,5,2.6559407904430516
2020-11-04,0.6594113868555032,0.12912418362451733,0.8041826601747591,8,2.6718199231545188
2020-11-05,0.6731079608614613,0.06282109488127498,0.9066701056382176,9,2.73582382209931
2020-11-06,0.6737931395252251,0.06282109488127498,0.9067650125889667,9,2.738895374536717
2020-11-09,0.6815551266018107,0.06282109488127498,0.9078268324464129,9,2.7736911899715513
2020-11-10,0.6829785789549436,0.06282109488127498,0.9080189381965678,9,2.78007231182491
2020-11-11,0.6913321963168455,0.06282109488127498,0.9091303786863076,9,2.81752031644924
2020-11-12,0.6887406534003959,0.06282109488127498,0.908788461126667,9,2.8059028210679027
2020-11-13,0.6932141075560682,0.13305853992062175,0.8080556375436144,8,2.8265876299176007
2020-11-16,0.7042560815583051,0.13305853992062175,0.8110651176398739,8,2.8823062711806777
2020-11-17,0.7033845832033685,0.13305853992062175,0.8108310260161747,8,2.8779086241485228
2020-11-18,0.704698720723836,0.2047152928376138,0.7094995537563356,7,2.88526448219973
2020-11-19,0.7050483265210569,0.2047152928376138,0.7096436015276467,7,2.8872819594464407
2020-11-20,0.706242485648643,0.2047152928376138,0.7101345543526816,7,2.894173117682395
2020-11-23,0.7158841421573932,0.2047152928376138,0.7140385143597644,7,2.9498124199526234
2020-11-24,0.7188636477438209,0.2047152928376138,0.7152237514303025,7,2.9670063131170026
2020-11-25,0.715677914018583,0.2047152928376138,0.7139561123409235,7,2.948622335059901
2020-11-26,0.7203155412978026,0.27898127256246874,0.6126957471168479,6,2.9762436387128948
2020-11-27,0.7215827821347941,0.27898127256246874,0.6133759293187319,6,2.9847895816568246
2020-11-30,0.7142130104347676,0.424880333473745,0.40510698171809445,4,2.9370615103877413
2020-12-01,0.718562708813493,0.645119733962959,0.10220816353217775,1,2.985696313003661
2020-12-02,0.7195747037986766,0.7195747037986766,0.0,0,3.032903013748314
2020-12-03,0.7195747037986766,0.7195747037986766,0.0,0,3.0559339899579503
2020-12-04,0.7195747037986766,0.7195747037986766,0.0,0,3.095864171644244
2020-12-07,0.7195747037986766,0.7195747037986766,0.0,0,3.11172063607204
2020-12-08,0.7195747037986766,0.7195747037986766,0.0,0,3.0612723707624476
2020-12-09,0.7195747037986766,0.7195747037986766,0.0,0,3.123088780332997
2020-12-10,0.7195747037986766,0.7195747037986766,0.0,0,3.112876718539256
2020-12-11,0.7195747037986766,0.7195747037986766,0.0,0,3.13962529327092
2020-12-14,0.7195747037986766,0.7195747037986766,0.0,0,3.1307166577882555
2020-12-15,0.7195747037986766,0.7195747037986766,0.0,0,3.124618889480783
2020-12-16,0.7195747037986766,0.7195747037986766,0.0,0,3.1415860998084533
2020-12-17,0.7195747037986766,0.7195747037986766,0.0,0,3.140044656518832
2020-12-18,0.7195747037986766,0.7195747037986766,0.0,0,3.1420281313400356
2020-12-21,0.7195747037986766,0.7195747037986766,0.0,0,3.1493613211075724
2020-12-22,0.7195747037986766,0.7195747037986766,0.0,0,3.0983916852735494
2020-12-23,0.7200102580833411,0.647617233418809,0.10054443509907976,1,3.1280191320314183
2020-12-24,0.7212441674978027,0.647617233418809,0.10208322978115192,1,3.1813349352253795
2020-12-28,0.7212898095552255,0.647617233418809,0.10214004850816592,1,3.183307075904748
2020-12-29,0.7216022215689635,0.647617233418809,0.10252876992159292,1,3.19680603883077
2020-12-30,0.724203511698464,0.5754574047279248,0.20539268944124153,2,3.256831653991318
2021-01-04,0.7278778144309682,0.5754574047279248,0.2094038404264331,2,3.3372813927393485
2021-01-05,0.7302652311965796,0.5754574047279248,0.211988493844892,2,3.3895544548844487
2021-01-06,0.7291077585409189,0.5754574047279248,0.21073751035166213,2,3.3642113137403804
2021-01-07,0.7323933036864816,0.5754574047279248,0.2142781729005771,2,3.436149111969987
2021-01-08,0.7386310252878729,0.5754574047279248,0.22091357521348778,2,3.572725521087171
2021-01-11,0.7384379406275146,0.5754574047279248,0.22070986190266853,2,3.5684978861825476
2021-01-12,0.7372732208264249,0.5754574047279248,0.2194787651681114,2,3.542996067052783
2021-01-13,0.7384296581755957,0.5754574047279248,0.22070112114716375,2,3.5683165399131807
2021-01-14,0.7385145533077639,0.5754574047279248,0.2207907045968365,2,3.5701753391741944
2021-01-15,0.7352000195804853,0.5754574047279248,0.21727776196702447,2,3.4976028290018024
2021-01-18,0.7314744691767331,0.5754574047279248,0.21329119610203734,2,3.4160310102120617
2021-01-19,0.735549953174057,0.5754574047279248,0.2176501374995652,2,3.505264708882567
2021-01-20,0.7366830961272062,0.5754574047279248,0.2188535236478967,2,3.5300751453603696
2021-01-21,0.7390793129979812,0.5754574047279248,0.2213861291913921,2,3.5825408879166716
2021-01-22,0.7378683716350338,0.6576747180462084,0.10868287173107212,1,3.5596345872672255
2021-01-25,0.7409887481687812,0.5838792503038361,0.21202683340767672,2,3.6371147808543673
2021-01-26,0.7376262321393251,0.5838792503038361,0.20843480767973663,2,3.5592718947284907
2021-01-27,0.7367572068113861,0.5838792503038361,0.2075011348300087,2,3.5391537929705654
2021-01-28,0.7339806696195398,0.6620884299530438,0.0979484101451356,1,3.4785048000090675
2021-01-29,0.7318059003812942,0.6620884299530438,0.09526770745073983,1,3.373278627208741
2021-02-01,0.7354972450820382,0.5889064344199306,0.19930844288309554,2,3.4643144544310833
2021-02-02,0.7374290690305908,0.5889064344199306,0.20140599394312594,2,3.509968377744279
2021-02-03,0.739361944754666,0.515107846096706,0.30330760224935793,3,3.547223701957406
2021-02-04,0.7350776336867904,0.441133388383885,0.3998819061173507,4,3.499472962404652
2021-02-05,0.7386049592239072,0.3675214728543142,0.5024113116699228,5,3.5369663035963237
2021-02-08,0.7344333754277752,0.29374421603443124,0.6000396688626274,6,3.5036552607419327
2021-02-09,0.7329335955402041,0.2201439192246631,0.6996400211912686,7,3.496208729556042
2021-02-10,0.7355784436925772,0.2201439192246631,0.7007199964703307,7,3.514241349216244
2021-02-15,0.7432952162402298,0.2201439192246631,0.7038270737995527,7,3.5668544356164076
2021-02-16,0.7462367360600066,0.07132362502075279,0.9044222542603189,9,3.585272416099015
2021-02-17,0.739938329346064,0.07132362502075279,0.9036086898163709,9,3.5518140294007643
2021-02-18,0.7298954430308446,0.07132362502075279,0.9022824081150774,9,3.4984642237812964
2021-02-19,0.7343674824862727,0.07132362502075279,0.902877473850994,9,3.5222205850684016
2021-02-22,0.7284211208630484,0.07132362502075279,0.9020846280016606,9,3.490632331773
2021-02-23,0.7262162236742294,0.14309639339714195,0.802956215060636,8,3.4796835507599546
2021-02-24,0.7100205189337476,0.07046546417823141,0.9007557355045868,9,3.3945528114338823
2021-02-25,0.7323805379600683,0.07046546417823141,0.9037857226865941,9,3.513232610592889
2021-02-26,0.7138578748873621,0.07046546417823141,0.9012892248483636,9,3.4149202643121876
2021-03-02,0.7204606042187902,0.07046546417823141,0.9021938690809631,9,3.449965430867402
2021-03-03,0.7286630986934424,0.1459552281602044,0.7996944974681507,8,3.4943045937276858
2021-03-04,0.7211973070800857,0.1459552281602044,0.7976209468236454,8,3.4495347334776545
2021-03-05,0.7177973007243856,0.21751639561472014,0.6969668242062108,7,3.430006007095173
2021-03-08,0.7126719947406248,0.28793088725872135,0.5959840019201076,6,3.3958335694612884
2021-03-09,0.708755205327769,0.21599333230643164,0.6952497411196523,7,3.373176619932222
2021-03-10,0.7056350058412553,0.28580597975625255,0.5949662681267976,6,3.3527751646284103
2021-03-11,0.7133804433501635,0.3570200174932074,0.4995376999450996,5,3.4157703249498463
2021-03-12,0.7181919062456473,0.3570200174932074,0.5028905026798036,5,3.4618889480782964
2021-03-15,0.717165523892912,0.3570200174932074,0.5021790568581236,5,3.452050912965125
2021-03-16,0.7194140347209101,0.5012638608152917,0.3032331361039512,3,3.4763739813440027
2021-03-17,0.7173972242939238,0.4293182610122962,0.40156130178111643,4,3.4540797243536705
2021-03-18,0.7191469672341513,0.4293182610122962,0.4030173517056466,4,3.4750592208910906
2021-03-19,0.7159503811882657,0.3574319231695979,0.5007588059714883,5,3.4450464133108167
2021-03-22,0.7154703167953707,0.3574319231695979,0.5004238264271335,5,3.4404334175837876
2021-03-23,0.7109160528638171,0.28585198289899993,0.597910355593338,6,3.4056149338652824
2021-03-24,0.7095876983513738,0.3564441549226592,0.4976742751448391,5,3.396105588865339
2021-03-25,0.710999636092384,0.3564441549226592,0.4986718180593493,5,3.4096838907842093
2021-03-26,0.7148512325344721,0.3564441549226592,0.5013729588757889,5,3.446723866302463
2021-03-29,0.7138491568282763,0.2848800668706747,0.6009239989349662,6,3.441090797810244
2021-03-30,0.7192452311323215,0.2134612410346245,0.7032149372772784,7,3.479581543483435
2021-03-31,0.7178316719678138,0.2134612410346245,0.7026305060496193,7,3.4698568497886186
2021-04-01,0.7221118895778263,0.2134612410346245,0.7043931222910318,7,3.49930295027712
2021-04-02,0.726296551906322,0.2134612410346245,0.7060963039486428,7,3.5280916705391654
2021-04-05,0.7271683556832534,0.2886906244502081,0.6029934165947692,6,3.5371929864330323
2021-04-06,0.7280464829187026,0.2886906244502081,0.6034722627972028,6,3.544276825080189
2021-04-07,0.7294978516134527,0.2886906244502081,0.6042611725151731,6,3.55598499359621
2021-04-08,0.7303197787058331,0.2886906244502081,0.6047065506540384,6,3.562615466569949
2021-04-09,0.7287208846355274,0.2886906244502081,0.6038392331865199,6,3.549717213161206
2021-04-12,0.7292421409624901,0.2886906244502081,0.6041224056673687,6,3.553922179782158
2021-04-13,0.7337991510892201,0.3627157034486087,0.5057016584031079,5,3.591880220789083
2021-04-14,0.7353565146943106,0.3627157034486087,0.5067485006243665,5,3.606954629430233
2021-04-15,0.7366061626918945,0.4373847395214851,0.40621629077459526,4,3.6204989289235967
2021-04-16,0.7370080184505046,0.4373847395214851,0.40654005306340013,4,3.625361275771005
2021-04-19,0.7368782005385809,0.5124472633943118,0.3045699234693516,3,3.625610626891385
2021-04-20,0.7384119003441272,0.5124472633943118,0.3060143489622899,3,3.6503870609436806
2021-04-21,0.7349712489962776,0.5124472633943118,0.3027655651916431,3,3.5948044293826293
2021-04-22,0.735227579171716,0.3654128820173448,0.5029935051824262,5,3.601446236498204
2021-04-23,0.7360768311943046,0.43992788509194897,0.4023342857047218,4,3.6111709301930204
2021-04-26,0.738847304279076,0.5152543290901448,0.30262406574941786,3,3.646794137981843
2021-04-27,0.7387006759095973,0.5152543290901448,0.3024856401333496,3,3.644402634054563
2021-04-28,0.736341418495474,0.5152543290901448,0.30025078564379054,3,3.6059232225232067
2021-04-29,0.7354336428529664,0.44159739382581586,0.3995414839702901,4,3.5975359575649732
2021-04-30,0.7328607933829417,0.5146938154326414,0.29769224922406456,3,3.5678291718142563
2021-05-03,0.7314289222817958,0.5146938154326414,0.29631738675716934,3,3.5444128347822144
2021-05-04,0.7328268332261382,0.5146938154326414,0.2976597033615779,3,3.567273798864319
2021-05-06,0.7350009763259904,0.5146938154326414,0.2997372357171368,3,3.6028290018021285
2021-05-07,0.7365390243564808,0.4411875495266637,0.40099908499467174,4,3.623751827630371
2021-05-10,0.7442076910113513,0.22010778292257432,0.7042387688530122,7,3.682802706593071
2021-05-11,0.7377768094874846,0.22010778292257432,0.701660746052078,7,3.6376134830951274
2021-05-12,0.7300716875814122,0.22010778292257432,0.6985120959124587,7,3.5834702875471782
2021-05-13,0.7236924208578377,0.22010778292257432,0.695854514184815,7,3.53864375658797
2021-05-14,0.7287264768488051,0.22010778292257432,0.6979555568306298,7,3.5740176132564128
2021-05-17,0.7256941073316572,0.22010778292257432,0.6966934405297843,7,3.5527094266057646
2021-05-18,0.7319088518793015,0.22010778292257432,0.6992688606546978,7,3.596379875097757
2021-05-20,0.7301716912569778,0.22010778292257432,0.6985533874318482,7,3.5841730043409767
2021-05-21,0.7289346867577963,0.36572020887197915,0.49828123765291843,5,3.5775311972254022
2021-05-24,0.7271269294717344,0.292832608850679,0.5972744276388923,6,3.563794217320836
2021-05-25,0.730858962847424,0.292832608850679,0.5993308918183007,6,3.5944190685602244
2021-05-26,0.7297820028666245,0.07355047255353929,0.8992158312144874,9,3.591143501569779
2021-05-27,0.7291772250844063,0.07355047255353929,0.8991322410748287,9,3.5878339321538273
2021-05-28,0.7340758895409042,0.07395104555456497,0.8992596724559168,9,3.6141518094957443
2021-05-31,0.737220494565523,0.07395104555456497,0.8996893790939064,9,3.631368370943794
2021-06-01,0.7409364695616985,0.07395104555456497,0.9001924610374344,9,3.6517131555384283
2021-06-02,0.7414250322910007,0.07395104555456497,0.9002582293100403,9,3.654388013011595
2021-06-03,0.7462278523417679,0.07395104555456497,0.900900180390619,9,3.680683222069841
2021-06-04,0.7445567608002439,0.14855576963720885,0.8004775761118035,8,3.6723526278207848
2021-06-07,0.7463470787179518,0.2976987537466392,0.6011255858895898,6,3.6859989345906676
2021-06-08,0.7457552489840775,0.2976987537466392,0.6008090400272929,6,3.681136587743259
2021-06-09,0.740577683984436,0.2231611666516849,0.6986660934055705,7,3.645264028834057
2021-06-10,0.741938722152895,0.2231611666516849,0.6992188707928134,7,3.654852712826848
2021-06-11,0.7459092212069818,0.2231611666516849,0.7008199385300802,7,3.6828253748767414
2021-06-14,0.7463612918043068,0.2231611666516849,0.701001151718092,7,3.6860102687325034
2021-06-15,0.7474070067091514,0.2231611666516849,0.7014194881122829,7,3.693377460925546
2021-06-16,0.7506326349925563,0.2231611666516849,0.7027025521560253,7,3.7161024153056252
2021-06-17,0.7476121242595986,0.07311443574437404,0.9022027153227574,9,3.7005519727073866
2021-06-18,0.7480750388617647,0.14828790715762616,0.8017740207142134,8,3.7039182128325154
2021-06-21,0.7430938358511585,0.14828790715762616,0.8004452466117238,8,3.673157351891102
2021-06-22,0.7471466653864619,0.29862624971187035,0.6003110720471384,6,3.6993278853891582
2021-06-23,0.7489280279610052,0.22388616058510824,0.7010578423741868,7,3.713280213988598
2021-06-24,0.7503651462755948,0.29926372875277907,0.6011758671919109,6,3.7245123485475298
2021-06-25,0.7526631401678476,0.29926372875277907,0.6023935373186446,6,3.7434857019800747
2021-06-28,0.7525327283280842,0.29926372875277907,0.6023246332187321,6,3.7424089585057065
2021-06-29,0.7492992899319113,0.14866465931874057,0.8015950884829349,8,3.7251697287739858
2021-06-30,0.7511602759084097,0.07369909443980163,0.9018863259899171,9,3.736503870609437
2021-07-01,0.7481558949939531,0.07369909443980163,0.9014923294290192,9,3.7199333552460074
2021-07-02,0.7479478705022012,0.1487911337878841,0.8010675079695327,8,3.719615999274615
2021-07-05,0.7500956465212113,0.0,1.0,10,3.7325709233925357
2021-07-06,0.752677356504268,0.07561566916508719,0.8995377388310493,9,3.7461718935950765
2021-07-07,0.7486070506152536,0.07561566916508719,0.898991508157796,9,3.723650953768036
2021-07-08,0.7419167541716093,0.07561566916508719,0.8980806556262282,9,3.6866336465334526
2021-07-09,0.7348024248547761,0.07561566916508719,0.897093876384483,9,3.6472701719389318
2021-07-12,0.7406446555520431,0.07561566916508719,0.8979056034519999,9,3.6795951444536374
2021-07-13,0.7457473893062128,0.07561566916508719,0.8986041785068342,9,3.707828491765746
2021-07-14,0.7438341655358927,0.14999552909750974,0.7983481587062542,8,3.700381960579855
2021-07-15,0.7479637480064424,0.07552989793918997,0.8990193065633184,9,3.724648358249555
2021-07-16,0.7460587145199058,0.07552989793918997,0.8987614560768263,9,3.7140962722007504
2021-07-19,0.7391843547395995,0.14959408561327317,0.7976227653438739,8,3.6768409479876234
2021-07-20,0.7369756857104619,0.22328289822662822,0.6970281346373344,7,3.663988031146222
2021-07-21,0.7324123966650781,0.0753020365772616,0.897186288872038,9,3.6449580070044996
2021-07-22,0.7394209526728682,0.0753020365772616,0.8981608023074558,9,3.6838341135000965
2021-07-23,0.7401557139628292,0.001293942371475773,0.9982517970920634,10,3.6886057872128215
2021-07-26,0.733171748923668,0.1476472243329215,0.7986185030319638,8,3.6552040712237472
2021-07-27,0.7344009005112047,0.22103980983093968,0.6990202358451937,7,3.6637953507350196
2021-07-28,0.7350885518315777,0.22103980983093968,0.6993017925796999,7,3.6687030341497695
2021-07-29,0.73600806710755,0.22103980983093968,0.6996774631837832,7,3.6752655022724956
2021-07-30,0.7284405206520895,0.29202493652227346,0.5991094286451049,6,3.6295549082501224
2021-08-02,0.7312642643451526,0.29202493652227346,0.6006574493507051,6,3.653039250133176
2021-08-03,0.7331858273795246,0.29202493652227346,0.601704062439398,6,3.6690203901211618
2021-08-04,0.7390786206849325,0.29202493652227346,0.6048797403290561,6,3.718029219417652
2021-08-05,0.7384994261532953,0.29202493652227346,0.6045698531637642,6,3.7132122091375854
2021-08-06,0.7377130844009318,0.29202493652227346,0.604148357000587,6,3.7066724092985304
2021-08-09,0.7363584506022326,0.29202493652227346,0.6034201328395972,6,3.695406272314092
2021-08-10,0.7338627528328352,0.36566486032867607,0.5017258214602833,5,3.67587754593161
2021-08-11,0.7306743997747764,0.3654308016833417,0.4998718967080518,5,3.650296387808997
2021-08-12,0.7292862876595194,0.3654308016833417,0.49891996069731437,5,3.6364233982024055
2021-08-13,0.7241524270194737,0.29253199918261136,0.5960353258959046,6,3.5943850661347176
2021-08-17,0.7203143371364924,0.29253199918261136,0.593882859050771,6,3.5624227861587463
2021-08-18,0.7221832059436508,0.43574222786675804,0.39663201209810833,4,3.5803760668261004
2021-08-19,0.7166428667273661,0.43574222786675804,0.3919673967360813,4,3.5111244602114953
2021-08-20,0.7131198557920118,0.5050836974348002,0.29172677869999913,3,3.4688254428815926
2021-08-23,0.7151386937971838,0.5050836974348002,0.2937262354621746,3,3.5024878441328817
2021-08-24,0.7184075799813159,0.5050836974348002,0.2969399105617229,3,3.5569937322195653
2021-08-25,0.7189860416454241,0.5050836974348002,0.2975055589689907,3,3.566639086921534
2021-08-26,0.717743470644261,0.5050836974348002,0.2962893873748139,3,3.54592027564633
2021-08-27,0.7184888395722122,0.43260434106876827,0.39789692303872015,4,3.552006709811967
2021-08-30,0.7194275266680354,0.43260434106876827,0.3986825287707063,4,3.5636695417606457
2021-08-31,0.7244521024929085,0.43260434106876827,0.4028530808591269,4,3.6260979949903094
2021-09-01,0.7251590825699377,0.43260434106876827,0.403435257908328,4,3.634881954912784
2021-09-02,0.7223156543117442,0.43260434106876827,0.40108685380635467,4,3.5995534348116833
2021-09-03,0.7246153920848932,0.43260434106876827,0.4029876458681602,4,3.628126806378855
2021-09-06,0.724822468830036,0.43260434106876827,0.4031582081512295,4,3.6306996565755023
2021-09-07,0.7233711071493218,0.43260434106876827,0.4019607131205644,4,3.6126670369153002
2021-09-08,0.7204979579979595,0.43171818547886365,0.4008058167458591,4,3.5849777284112934
2021-09-09,0.7152172153275397,0.35981766455128317,0.4969113482727039,5,3.530245157487901
2021-09-10,0.7163013368021736,0.3590191075033026,0.49878760647565895,5,3.54278071835791
2021-09-13,0.716541372083682,0.3590191075033026,0.49895550837590125,5,3.5451608881433545
2021-09-14,0.7189382958233157,0.3590191075033026,0.5006259791848198,5,3.568928583572295
2021-09-15,0.7194606583168839,0.3590191075033026,0.5009885483617731,5,3.574108286391096
2021-09-16,0.7167962666921409,0.3590191075033026,0.4991336810944931,5,3.54768840177266
2021-09-17,0.7181360115147124,0.28736622762259945,0.5998442871337442,6,3.5594985775652
2021-09-23,0.7163624609430774,0.28736622762259945,0.5988535925733919,6,3.544843532171962
2021-09-24,0.7160414935542433,0.28736622762259945,0.5986737776938199,6,3.542191342982466
2021-09-27,0.7171936841808274,0.28736622762259945,0.5993185188868099,6,3.551712022124245
2021-09-28,0.7110560477150851,0.3576182195673312,0.497060434664039,5,3.5112264674880143
2021-09-29,0.7067606061834242,0.3576182195673312,0.4940037454853288,5,3.4685534234775415
2021-09-30,0.7077360650173073,0.3576182195673312,0.4947011502676696,5,3.478244114746852
2021-10-01,0.70207269934316,0.3576182195673312,0.49062508782650427,5,3.4219814346756734
2021-10-05,0.6955684995630806,0.3576182195673312,0.4858619678838704,5,3.357365492071768
2021-10-06,0.6894236793533792,0.3576182195673312,0.4812794653314684,5,3.2963198041460293
2021-10-07,0.695259319043803,0.3576182195673312,0.48563333166225375,5,3.3542939396343607
2021-10-08,0.6948987985859001,0.3576182195673312,0.4853664730820164,5,3.3507123508143586
2021-10-12,0.6883455505127303,0.284806604368371,0.5862447223545991,6,3.3054664566072383
2021-10-13,0.6920897657079235,0.35181760169551035,0.4916590027369589,5,3.337236056172007
2021-10-14,0.6980337547180715,0.21162533986785953,0.6968264952268206,7,3.3873669655102066
2021-10-15,0.7022503049621276,0.14143168407496629,0.7986021749287902,8,3.417311768239468
2021-10-18,0.7006915764316723,0.14143168407496629,0.7981541539357182,8,3.40781375738136
2021-10-19,0.704850665923436,0.14143168407496629,0.7993451791810761,8,3.433156898525428
2021-10-20,0.7018913137850658,0.14143168407496629,0.7984991674675779,8,3.415124278865226
2021-10-21,0.7006749668091842,0.21005086407995724,0.7002163998572527,7,3.4085504766006642
2021-10-22,0.7004840897853148,0.21005086407995724,0.7001347109192246,7,3.4072243820059165
2021-10-25,0.7028300826085987,0.21005086407995724,0.7011356382180739,7,3.423522877965295
2021-10-26,0.7074861768489688,0.21005086407995724,0.7031025185318949,7,3.455870518763672
2021-10-27,0.7034994231340794,0.279020704949353,0.6033817572922521,6,3.429133278173843
2021-10-28,0.7012630281144745,0.279020704949353,0.6021169036965036,6,3.4110666560881344
2021-10-29,0.6958095353659146,0.279020704949353,0.5989984460293137,6,3.3670108467737365
2021-11-01,0.6969684201125858,0.279020704949353,0.5996652116543802,6,3.376372847929819
2021-11-02,0.7018158133326202,0.279020704949353,0.6024302963132105,6,3.415532307971302
2021-11-03,0.6965152484743597,0.279020704949353,0.5994047430253432,6,3.3727119201169686
2021-11-04,0.6975689076084395,0.279020704949353,0.6000098314215958,6,3.3812238606353917
2021-11-05,0.6956117112142433,0.279020704949353,0.5988844056948077,6,3.365412732774938
2021-11-08,0.6938016763952235,0.3482689599368154,0.49802807951356937,5,3.3551326661301837
2021-11-09,0.6940278916276339,0.27891272115577354,0.5981246221939762,6,3.357694182184996
2021-11-10,0.6890925568712406,0.4838487577592666,0.29784648965570604,3,3.321096238198325
2021-11-11,0.6885887920895635,0.5517269579966505,0.1987569877191837,2,3.315145813734713
2021-11-12,0.6906420097091897,0.5517269579966505,0.20113901233872583,2,3.364880028108672
2021-11-15,0.6921685812412481,0.4825650560596928,0.30282149589292073,3,3.399698511827177
2021-11-16,0.6920071606995717,0.4825650560596928,0.30265886906162554,3,3.397080325063188
2021-11-17,0.6884808052918509,0.41331675237550114,0.39966844507699256,4,3.3576488456176543
2021-11-18,0.6870838165610625,0.41331675237550114,0.3984478422964444,4,3.3406022962971362
2021-11-19,0.6892796153373815,0.41331675237550114,0.4003641727121218,4,3.367396207596142
2021-11-22,0.6932021442004924,0.41331675237550114,0.40375725056043826,4,3.4152602885672514
2021-11-23,0.6917234167673707,0.41331675237550114,0.40248263633020664,4,3.397216334765213
2021-11-24,0.6914410467047647,0.41331675237550114,0.4022386227354225,4,3.3937707556472363
2021-11-25,0.6901388005607718,0.41331675237550114,0.4011106866623629,4,3.377880288793934
2021-11-26,0.6860676558752364,0.41331675237550114,0.3975568607031606,4,3.3282027451291527
2021-11-29,0.6835486176851449,0.41331675237550114,0.3953367153675051,4,3.29746455247141
2021-11-30,0.6770178811384875,0.41331675237550114,0.3895039349914082,4,3.2177742012263546
2021-12-01,0.682656922750599,0.41331675237550114,0.39454689668985937,4,3.2865837763093766
2021-12-02,0.6868878294452405,0.41331675237550114,0.3982762036862509,4,3.3382107923698556
2021-12-03,0.6888908808769996,0.4826149327321022,0.2994319621161128,3,3.3643473234424057
2021-12-06,0.6890936405196678,0.5520469188121103,0.1988796785357156,2,3.3699237212254474
2021-12-07,0.6899449826368589,0.5520469188121103,0.19986820296558194,2,3.390857881195525
2021-12-08,0.6904096024820829,0.5520469188121103,0.2004066617447768,2,3.4022826961656603
2021-12-09,0.6920691117671983,0.482981990079823,0.3021188464161786,3,3.4337576080427072
2021-12-10,0.6904925565276694,0.48327841725982373,0.3000961231354595,3,3.411837377732945
2021-12-13,0.6899026264646757,0.48327841725982373,0.29949764108548665,3,3.4021240181799635
2021-12-14,0.6888213952786992,0.551881315741525,0.19880346411389824,2,3.38658490972356
2021-12-15,0.6888873916021094,0.551881315741525,0.198880219801899,2,3.3882170261478652
2021-12-16,0.6896674314801939,0.551881315741525,0.19978631649017617,2,3.407507735551803
2021-12-17,0.6901862359114463,0.551881315741525,0.2003878271888147,2,3.4203379841095334
2021-12-20,0.687677917314057,0.551881315741525,0.19747122621434246,2,3.3583062258441103
2021-12-21,0.6882292615992132,0.551881315741525,0.1981141364737405,2,3.371941198472158
2021-12-22,0.6886623624715926,0.551881315741525,0.19861844378886012,2,3.382651962506659
2021-12-23,0.689289785851791,0.551881315741525,0.19934789827251442,2,3.3981684026793912
2021-12-24,0.6899433327766726,0.551881315741525,0.20010631377437618,2,3.4143308889367443
2021-12-27,0.6893530323283925,0.551881315741525,0.1994213561700546,2,3.3997325142526837
2021-12-28,0.6903012711696128,0.551881315741525,0.2005210785626336,2,3.423182853710231
2021-12-29,0.6890661316446787,0.551881315741525,0.1990880259572733,2,3.3926373414636912
2021-12-30,0.6877048822399154,0.4829450958930828,0.2977436857506551,3,3.374910743633046
2022-01-03,0.6884695553291559,0.4829450958930828,0.29852367159185744,3,3.387514309354067
2022-01-04,0.6885018751449781,0.4829450958930828,0.2985566004574949,3,3.388047014020333
2022-01-05,0.6852468758892701,0.4141305977071206,0.3956475946428971,4,3.348071495766698
2022-01-06,0.6820438523870382,0.48094169912181234,0.2948522335644583,3,3.3101701254689506
2022-01-07,0.6842744321481101,0.5484986300276008,0.19842302406985282,2,3.3491142368155593
2022-01-10,0.6829800339316843,0.5484986300276008,0.1969038584187002,2,3.3171859592650943
2022-01-11,0.6830103606204609,0.5484986300276008,0.19693951709702753,2,3.3179340126262344
2022-01-12,0.685082684353539,0.5484986300276008,0.19936871482136834,2,3.3690509923041176
2022-01-13,0.6846052687529475,0.5484986300276008,0.19881038744161822,2,3.3572748189370847
2022-01-14,0.681757982753576,0.4118025451683006,0.39596960272462517,4,3.311745571184078
2022-01-17,0.6780191761572679,0.34365788223630156,0.49314430281454247,5,3.275680331863673
2022-01-18,0.6740797313128547,0.27575323017228515,0.5909189709128011,6,3.2463702410771966
2022-01-19,0.6710257798405456,0.27575323017228515,0.5890571741702505,6,3.2214804656065468
2022-01-20,0.6738627839405049,0.27575323017228515,0.5907872689454959,6,3.2446021149508666
2022-01-21,0.6699146199013948,0.27575323017228515,0.5883755601379868,6,3.2124244862800215
2022-01-24,0.6640333991471162,0.27575323017228515,0.5847298787584144,6,3.1644924004578994
2022-01-25,0.6540746803432883,0.27575323017228515,0.5784071170167339,6,3.083328610774235
2022-01-26,0.6525240629063007,0.27575323017228515,0.5774052700154876,6,3.070691042627707
2022-01-27,0.6392273658782823,0.3355960718051925,0.4749973331568934,5,2.96330004873681
2022-01-28,0.6449005138786459,0.3355960718051925,0.47961574757196856,5,3.018667331602988
2022-02-03,0.6500661561111162,0.3355960718051925,0.48375089419694556,5,3.0690815944870735
2022-02-04,0.6548682918416174,0.39876600587929145,0.39107449414311446,4,3.1171836924367273
2022-02-07,0.6541193373415526,0.3332750794459306,0.4904980476492031,5,3.1112899386822925
2022-02-08,0.6542841389865559,0.3332750794459306,0.49062638143398635,5,3.1128880526810914
2022-02-09,0.6568999267987363,0.3332750794459306,0.49265471672363154,5,3.1382538621088303
2022-02-10,0.6572599190445592,0.3332750794459306,0.4929325982171505,5,3.141744777794149
2022-02-11,0.6544290709296794,0.3332750794459306,0.490739188935355,5,3.1142934862686875
2022-02-14,0.6493763226222371,0.3332750794459306,0.4867766688810929,5,3.065295991114033
2022-02-15,0.6458620804947968,0.45732557285774145,0.2919145020754539,3,3.033628398825783
2022-02-16,0.6494780674281616,0.5208059162312964,0.19811623771436687,2,3.093858028539369
2022-02-17,0.650029032086036,0.5848258882531793,0.10030804873993177,1,3.1101905269242542
2022-02-18,0.6500392494447408,0.5848258882531793,0.10032219015585034,1,3.1106778950231786
2022-02-21,0.6507817674832581,0.519911947349205,0.20109632241259726,2,3.1098618368110262
2022-02-22,0.6490165178137628,0.519911947349205,0.1989233970492024,2,3.067914177878022
2022-02-23,0.6496241719826191,0.519911947349205,0.19967271882377652,2,3.0823538745763868
2022-02-24,0.6462505943245969,0.519911947349205,0.19549482520388184,2,3.002187489374242
2022-02-25,0.6475841901300302,0.519911947349205,0.1971515746164056,2,3.0338777499461633
2022-02-28,0.6486535469954743,0.519911947349205,0.19847513397959965,2,3.059288895941244
2022-03-02,0.6488560730996561,0.4550507422503397,0.2986877042292095,3,3.0642079134978295
2022-03-03,0.6519787280871525,0.4550507422503397,0.302046642556241,3,3.1135794353330537
2022-03-04,0.649566484277941,0.4550507422503397,0.29945470823333087,3,3.075440048056761
2022-03-07,0.644987334523953,0.5179233155919358,0.19700234738066535,2,3.0050323589749404
2022-03-08,0.6436018229137208,0.5179233155919358,0.19527369694636973,2,2.972265354928652
2022-03-10,0.6463776386337017,0.5179233155919358,0.198729528009802,2,3.0379127044395835
2022-03-11,0.6452233857804341,0.45335441994661835,0.2973682759525827,3,3.016332498384885
2022-03-14,0.6440965175305761,0.45335441994661835,0.2961389984147879,3,2.9986172346960753
2022-03-15,0.642015006132033,0.3890553642201303,0.3940089242398183,4,2.9712792845889675
2022-03-16,0.645652797231154,0.3890553642201303,0.3974232499439752,4,3.0140089993086177
2022-03-17,0.6487171721381964,0.3240651287410327,0.5004523655926946,5,3.0539958517040886
2022-03-18,0.6502244580873664,0.3240651287410327,0.5016103674502348,5,3.0681748631402375
2022-03-21,0.6459180788438467,0.19376022728516537,0.7000235267729552,7,3.044407167711297
2022-03-22,0.6498199874707906,0.2584950534560998,0.6022051361297667,6,3.0715524374072016
2022-03-23,0.6535554137159195,0.12803662918184344,0.8040921603665316,8,3.0999444627050066
2022-03-24,0.6527102710150496,0.06304231532526003,0.9034145498779711,9,3.093835360255698
2022-03-25,0.6527793982125104,0.06304231532526003,0.9034247779603841,9,3.094198052794433
2022-03-28,0.6526886687658432,0.06304231532526003,0.9034113531579067,9,3.0937220188373438
2022-03-29,0.6551750876495098,0.06304231532526003,0.9037779114107816,9,3.106767616089948
2022-03-30,0.6562681480505625,0.12880409267382115,0.8037325244925687,8,3.1131940745106483
2022-03-31,0.6583632254310792,0.12880409267382115,0.804357096966521,8,3.1255596232531255
2022-04-01,0.6546710061393802,0.06319436878415133,0.9034715632867096,9,3.105384850786023
2022-04-04,0.6585676257733974,0.06319436878415133,0.9040427037239521,9,3.125842976799012
2022-04-05,0.6588482687387283,0.06319436878415133,0.904083577687579,9,3.1273164152376203
2022-04-06,0.6536304683756151,0.06319436878415133,0.9033178962094588,9,3.0999217944213355
2022-04-07,0.6450441539805171,0.12822702805098377,0.8012120143098658,8,3.0555259608518743
2022-04-08,0.6459125898712758,0.12822702805098377,0.8014792867305185,8,3.0606603271033332
2022-04-11,0.6443836355644906,0.19379820193326466,0.6992502738473577,7,3.0523977377052898
2022-04-12,0.6396713513268796,0.12967655822600943,0.7972762763925265,8,3.022543608110712
2022-04-13,0.6490514284463967,0.19472390940477385,0.6999869334378092,7,3.078908295458409
2022-04-14,0.6488958831914098,0.12977110088018437,0.8000124453834687,8,3.0791576465787895
2022-04-15,0.6445761332912016,0.19403250875769748,0.6989765851754877,7,3.0557526436885833
2022-04-18,0.6442336437258075,0.06548559665791355,0.8983511691826749,9,3.05252241326548
2022-04-19,0.6494924482741029,0.19503109839867605,0.6997176812187232,7,3.0816284894989177
2022-04-20,0.6493291726512855,0.2598241050614581,0.5998576438502424,6,3.0814018066622086
2022-04-21,0.6506930972780194,0.2598241050614581,0.600696386440313,6,3.092191909689558
2022-04-22,0.6473262665292541,0.2598241050614581,0.5986195547810107,6,3.0655566763762483
2022-04-25,0.6405095087834558,0.2598241050614581,0.5943477786068283,6,3.011628829523173
2022-04-26,0.6421112606035067,0.2598241050614581,0.5953596814090211,6,3.024300400095207
2022-04-27,0.6379206308417456,0.2598241050614581,0.5927015172426445,6,2.9911480352265127
2022-04-28,0.6420021801056751,0.2592645455337588,0.5961625153810487,6,3.0233710004647
2022-04-29,0.645956552646454,0.2592645455337588,0.5986347000095223,6,3.054607895363203
2022-05-02,0.6451758973683724,0.19503964856538958,0.6976953891784509,7,3.0459939475682596
2022-05-03,0.6436439021437543,0.1304766675009274,0.797284388050046,8,3.03807138242528
2022-05-04,0.6426533348318889,0.06592102128295253,0.8974236688584263,9,3.0347958154348347
2022-05-06,0.6355324116493286,0.06592102128295253,0.8962743361713452,9,2.997325142526834
2022-05-09,0.6282736363543412,0.06592102128295253,0.8950759390996098,9,2.959129084541364
2022-05-10,0.6250800000599886,0.12793317522631448,0.7953331170185628,8,2.9429779324258463
2022-05-11,0.6242586210514017,0.12793317522631448,0.7950638230500618,8,2.938115585578438
2022-05-12,0.6160591934062802,0.1885999697295878,0.6938606358801477,7,2.8902968411746706
2022-05-13,0.6250134539535654,0.2506522575544573,0.5989650207224513,6,2.9516825533554725
2022-05-16,0.6236641964806076,0.37446787169236484,0.3995681108431102,4,2.9430006007095173
2022-05-17,0.6262329402767821,0.3120342723589673,0.5017281074019284,5,2.9700438631289034
2022-05-18,0.6258953823910094,0.12364964661403959,0.802443587070925,8,2.976322977705743
2022-05-19,0.6197227894245682,0.062011437132109166,0.8999368133779803,9,2.9381949245712864
2022-05-20,0.6298235277498383,0.062011437132109166,0.901541567756834,9,2.991408720488728
2022-05-23,0.6315639957594537,0.062011437132109166,0.9018129001202155,9,3.000578041233608
2022-05-24,0.6226336092230964,0.062011437132109166,0.9004046100089501,9,2.9535300184746514
2022-05-25,0.6250754277532735,0.062011437132109166,0.9007936732451655,9,2.9663942694578878
2022-05-26,0.6239235107736262,0.12473962054143198,0.800072255032091,8,2.9609878838023778
2022-05-27,0.628625297162328,0.06180651637430415,0.9016798772602623,9,2.990003286901133
2022-05-30,0.6352888949066646,0.1257858109288949,0.8020021883943446,8,3.0258305092429927
2022-05-31,0.6382596254609902,0.18998922504045113,0.7023323778262971,7,3.0442371555837653
2022-06-02,0.6336410628035088,0.2535353147086342,0.5998754979879592,6,3.0137369799045666
2022-06-03,0.6349693223955859,0.18987701490759343,0.7009666322284149,7,3.0269525892847025
2022-06-07,0.6266758510834498,0.12656974250587255,0.7980299667091877,8,2.9767310068118196
2022-06-08,0.6266396713958886,0.12656974250587255,0.7980183057610626,8,2.976515658116946
2022-06-09,0.6265044736160542,0.12656974250587255,0.7979747187193442,8,2.975710934046629
2022-06-10,0.620873771715067,0.12656974250587255,0.7961425522030937,8,2.9421958766392002
2022-06-13,0.6034770545803291,0.12656974250587255,0.7902658575910697,8,2.838647156830521
2022-06-14,0.6012796146095007,0.12656974250587255,0.7894993619764193,8,2.82556755715241
2022-06-15,0.5924812521955062,0.18502339759512,0.6877143421677987,7,2.7738952045245897
2022-06-16,0.5928023443608579,0.35959950943314944,0.39339054095533454,4,2.7784628636842763
2022-06-17,0.5923324020456378,0.35888356541542443,0.39411795779530334,4,2.7665846830407235
2022-06-20,0.5875600009739775,0.35888356541542443,0.3891967376599568,4,2.710027315281824
2022-06-21,0.5892719444445731,0.35888356541542443,0.3909712335724799,4,2.7303154291672804
2022-06-22,0.5829482739263732,0.35888356541542443,0.38436464868793535,4,2.655374083351279
2022-06-23,0.5802235102684252,0.35888356541542443,0.3814735889461006,4,2.6230831132620795
2022-06-24,0.5852235328741646,0.35888356541542443,0.38675814410116705,4,2.6823380067778166
2022-06-27,0.5888301498753322,0.3572153628669966,0.393347363509449,4,2.7223701957406297
2022-06-28,0.5910704187123461,0.2983007191615466,0.4953211838761982,5,2.745231159822734
2022-06-29,0.5850585475165166,0.18093251742901778,0.6907445960800874,7,2.695247594328395
2022-06-30,0.577351570000014,0.18093251742901778,0.6866163931467038,7,2.6438472611046255
2022-07-01,0.5715757389137809,0.17757366869911273,0.6893260916977115,7,2.6129957270285282
2022-07-04,0.5702270812737167,0.17486922441752378,0.6933340590788528,7,2.607237982976119
2022-07-05,0.577349345629473,0.17486922441752378,0.6971171341211668,7,2.654206666742228
2022-07-06,0.5687954098913941,0.17486922441752378,0.6925621737156539,7,2.5977966428271886
2022-07-07,0.5760586070843058,0.17486922441752378,0.6964384833990827,7,2.645694726223804
2022-07-08,0.5787051510949064,0.11695021781970644,0.797910529051906,8,2.664214713982931
2022-07-11,0.576673956634717,0.11695021781970644,0.7971987177950777,8,2.652495211325075
2022-07-12,0.5722520816541696,0.11695021781970644,0.7956316428213829,8,2.626982058053475
2022-07-13,0.5743834607540781,0.11695021781970644,0.796389997605139,8,2.639279601944939
2022-07-14,0.5730345808544123,0.17347162004107225,0.6972754771929808,7,2.6321504267304405
2022-07-15,0.5745245629587921,0.17347162004107225,0.6980605682937276,7,2.6419657935599408
2022-07-18,0.5821413652406511,0.17347162004107225,0.7020111773549008,7,2.692142039465482
2022-07-19,0.5814049768565002,0.17347162004107225,0.7016337545320193,7,2.6872910267599086
2022-07-20,0.5835462532577056,0.11472342988513703,0.8034030220489259,8,2.705289643994605
2022-07-21,0.5879283623929432,0.11472342988513703,0.804868352637049,8,2.7305761144294958
2022-07-22,0.5842489550110863,0.11469566886996699,0.8036869935560422,8,2.7124188192091037
2022-07-25,0.586201429460113,0.17333828503813642,0.7043025207260589,7,2.7243763388455045
2022-07-26,0.5875568595477549,0.29150435184065376,0.5038703963646582,5,2.7348830883269675
2022-07-27,0.5878721797125348,0.29150435184065376,0.5041365080701773,5,2.7377959627786788
2022-07-28,0.5901739883876167,0.35145653360691026,0.4044865742607428,4,2.7601695587618584
2022-07-29,0.5916437055513828,0.4119499740342356,0.3037195018405232,3,2.7785648709607953
2022-08-01,0.591698680178606,0.4119499740342356,0.3037841931472836,3,2.779414931598454
2022-08-02,0.5907729074561661,0.4119499740342356,0.3026931857656297,3,2.7650999104602794
2022-08-03,0.5923730356058783,0.4119499740342356,0.30457676282835217,3,2.7898423420870686
2022-08-04,0.5931061734650682,0.4725956123760896,0.20318547754262467,2,2.803057951467205
2022-08-05,0.5939681779151995,0.4725956123760896,0.2043418655274125,2,2.8231080483741176
2022-08-08,0.5940802531122205,0.4725956123760896,0.20449196905587558,2,2.825714900996271
2022-08-09,0.5945850787822804,0.4725956123760896,0.20516738606361795,2,2.8374570719377985
2022-08-10,0.5934847927176132,0.4725956123760896,0.20369381292478042,2,2.81186457967335
2022-08-11,0.5955752387837878,0.4725956123760896,0.2064888168602047,2,2.860488048147435
2022-08-12,0.5957779487053563,0.4725956123760896,0.2067588043447155,2,2.8652030511509823
2022-08-16,0.5960498528789986,0.4725956123760896,0.20712066265365034,2,2.8715275022951636
2022-08-17,0.5950964034894911,0.5337885218729319,0.10302176463689869,1,2.8522027904657197
2022-08-18,0.5948912699638733,0.5337885218729319,0.10271246390059165,1,2.8426594430402705
2022-08-19,0.5943956025613277,0.5943956025613277,0.0,0,2.8252502011810177
2022-08-22,0.5943956025613277,0.5943956025613277,0.0,0,2.7910324269797915
2022-08-23,0.5943956025613277,0.5943956025613277,0.0,0,2.760248897754707
2022-08-24,0.5943956025613277,0.5943956025613277,0.0,0,2.7739745435174377
2022-08-25,0.5943956025613277,0.5943956025613277,0.0,0,2.8077616203289173
2022-08-26,0.5943956025613277,0.5943956025613277,0.0,0,2.812034591800882
2022-08-29,0.5941508581002827,0.534956042305195,0.09962926921347061,1,2.7506715479037505
2022-08-30,0.5947372231072314,0.534956042305195,0.10051696527368328,1,2.7779188248761746
2022-08-31,0.5960740755704805,0.47552490707026773,0.20223856973621893,2,2.801856532432647
2022-09-01,0.5933217869557066,0.47552490707026773,0.19853793080791218,2,2.737886635913362
2022-09-02,0.593019444832893,0.47552490707026773,0.19812931732067246,2,2.730859467975382
2022-09-05,0.592740022193583,0.47552490707026773,0.19775130872643187,2,2.7243650047036687
2022-09-06,0.5930491913965892,0.47552490707026773,0.19816953809440332,2,2.731550850627345
2022-09-07,0.5914126427447144,0.47552490707026773,0.19595072424664087,2,2.6935134706275714
2022-09-08,0.5917939839383277,0.47552490707026773,0.19646883885892394,2,2.7023767695428944
2022-09-13,0.5949763786052332,0.47552490707026773,0.20076674609332937,2,2.776343379161047
2022-09-14,0.5931174621985149,0.47552490707026773,0.1982618328119451,2,2.733137630484308
2022-09-15,0.5926498072053241,0.47552490707026773,0.19762918794720602,2,2.7222681884641107
2022-09-16,0.5917208366505502,0.47552490707026773,0.19636950802343256,2,2.7006766482675766
2022-09-19,0.5903983336875334,0.47552490707026773,0.19456936116297038,2,2.6699384556098336
2022-09-20,0.5909927773128716,0.47552490707026773,0.19537949476745503,2,2.683754774507248
2022-09-21,0.5899862706330535,0.47552490707026773,0.19400682568421312,2,2.6603611057588776
2022-09-22,0.5894615316738002,0.4166604321327463,0.29315076600567663,3,2.6434732344240555
2022-09-23,0.5863267792088269,0.4166604321327463,0.2893716492107416,3,2.5955184803182627
2022-09-26,0.5812101163577028,0.4166604321327463,0.28311565747710643,3,2.5172448968026386
2022-09-27,0.5813179741412748,0.4707946125397509,0.19012548470531893,2,2.5205544662185906
2022-09-28,0.5786059060063224,0.4707946125397509,0.1863294037399499,2,2.4587040542225345
2022-09-29,0.5785815852651137,0.5236022416390868,0.09502435788867139,1,2.460562853483548
2022-09-30,0.5781905634147612,0.5236022416390868,0.0944123360528039,1,2.443062938489612
2022-10-04,0.5795553411035889,0.5236022416390868,0.09654487759176933,1,2.5041426288408575
2022-10-05,0.5797032405599398,0.5236022416390868,0.09677537573649697,1,2.5107617676727605
2022-10-06,0.5802766042057935,0.5236022416390868,0.09766784005409841,1,2.536422264788222
2022-10-07,0.5801494714539303,0.5236022416390868,0.09747010485613086,1,2.5307325255868256
2022-10-11,0.5791169610369048,0.5236022416390868,0.09586097996235388,1,2.484523229323692
2022-10-12,0.5795580320098916,0.4656923689533513,0.1964698214286795,2,2.4963107368325606
2022-10-13,0.5775107486157756,0.4656923689533513,0.19362129610650455,2,2.451427535164175
2022-10-14,0.5800791586920303,0.4656923689533513,0.19719169017656105,2,2.5077355518026954
2022-10-17,0.5811931536761947,0.4078156653380439,0.2983130259561628,3,2.515850797356878
2022-10-18,0.5835551447684301,0.4078156653380439,0.30115316608188614,3,2.5501252422672818
2022-10-19,0.5821531998782778,0.3494648373514633,0.3997029692106258,4,2.535946230831133
2022-10-20,0.580140846557119,0.3494648373514633,0.3976206994811973,4,2.5140146663795355
2022-10-21,0.5795118829146704,0.4054005576168342,0.300444788849089,3,2.508381597887316
2022-10-24,0.581324493588679,0.4054005576168342,0.302626051219375,3,2.5344954606761947
2022-10-25,0.5812387407399521,0.4054005576168342,0.3025231644044669,3,2.533260039216131
2022-10-26,0.5823787029216528,0.4054005576168342,0.3038884224594103,3,2.549683210735699
2022-10-27,0.5859315093739582,0.3470327992941659,0.4077246337802262,4,2.594135715014338
2022-10-28,0.5838042818940666,0.3470327992941659,0.4055665399228157,4,2.571036733953689
2022-10-31,0.5864356560240012,0.3470327992941659,0.40823380070879794,4,2.5996101055208607
2022-11-01,0.5907788324439367,0.3470327992941659,0.41258423586613807,4,2.6467714696981717
2022-11-02,0.590951056454821,0.3470327992941659,0.4127554295679695,4,2.648641603101021
2022-11-03,0.5901473444040278,0.3470327992941659,0.41195567075774275,4,2.6399143138877244
2022-11-04,0.5921576683128948,0.3470327992941659,0.41395203023733457,4,2.6617438710628023
2022-11-07,0.5945959427942622,0.3470327992941659,0.4163552518315053,4,2.688220426390416
2022-11-08,0.5973137047003868,0.41017811965399426,0.31329531462911925,3,2.71910596289202
2022-11-09,0.5992926753689154,0.41017811965399426,0.3155629352528047,3,2.7478606807285586
2022-11-10,0.5975625386157437,0.41017811965399426,0.31358126865821667,3,2.7227215541375287
2022-11-11,0.603744275628223,0.4756249730444614,0.2122078962164034,2,2.814448764011833
2022-11-14,0.6033051999081775,0.4756249730444614,0.21163455392585548,2,2.8048034093098644
2022-11-15,0.6034698324298828,0.5397108411693251,0.10565398274149175,1,2.8112412018724005
2022-11-16,0.6033957995814996,0.5397108411693251,0.10554425214153766,1,2.80797696902379
2022-11-17,0.602507662459402,0.5397108411693251,0.10422576375832948,1,2.7688175089823077
2022-11-18,0.6025482777026123,0.5397108411693251,0.10428614412918565,1,2.770608303392309
2022-11-21,0.6019061455662882,0.5397108411693251,0.1033305688189115,1,2.7422956170873523
2022-11-22,0.6015403513188946,0.5397108411693251,0.10278530777529143,1,2.7261671332555055
2022-11-23,0.6017435298442294,0.6017435298442294,0.0,0,2.7406068299538706
2022-11-24,0.6017435298442294,0.6017435298442294,0.0,0,2.7670380487141415
2022-11-25,0.6017435298442294,0.6017435298442294,0.0,0,2.7631051014972403
2022-11-28,0.6017435298442294,0.6017435298442294,0.0,0,2.7295673758061407
2022-11-29,0.6017435298442294,0.6017435298442294,0.0,0,2.7580387400967936
2022-11-30,0.6017435298442294,0.6017435298442294,0.0,0,2.802400571240749
2022-12-01,0.6017435298442294,0.6017435298442294,0.0,0,2.8106858289224634
2022-12-02,0.6017435298442294,0.6017435298442294,0.0,0,2.759104149429326
2022-12-05,0.6017435298442294,0.6017435298442294,0.0,0,2.7420916025343143
2022-12-06,0.6017435298442294,0.6017435298442294,0.0,0,2.7124414874927743
2022-12-07,0.6017435298442294,0.6017435298442294,0.0,0,2.700710650693083
2022-12-08,0.6017435298442294,0.6017435298442294,0.0,0,2.687415702320099
2022-12-09,0.6017435298442294,0.6017435298442294,0.0,0,2.7077718210565687
2022-12-12,0.6017435298442294,0.6017435298442294,0.0,0,2.6896145258361766
2022-12-13,0.6013049013272025,0.5415691768598064,0.09934348503653831,1,2.6889118090423785
2022-12-14,0.6019809695290022,0.5415691768598064,0.1003549874948086,1,2.719343979870564
2022-12-15,0.6010171002267716,0.5415691768598064,0.0989121995772411,1,2.675956884924458
2022-12-16,0.6016516852940516,0.4815460770764596,0.19962648016001405,2,2.6748801414500902
2022-12-19,0.6011676650504653,0.42142793254769556,0.2989843648488336,3,2.6659828401092613
2022-12-20,0.5997249605904762,0.42142793254769556,0.29729799451274014,3,2.64458398032393
2022-12-21,0.5993933219593135,0.42142793254769556,0.296909196168352,3,2.639664962767344
2022-12-22,0.6015161148564796,0.42142793254769556,0.29939045332435127,3,2.671151208786227
2022-12-23,0.5982272377400639,0.42142793254769556,0.29553870843505387,3,2.622369062326446
2022-12-26,0.5984902201271444,0.3616139964332707,0.39578963152238517,4,2.6262793412596763
2022-12-27,0.6001058951477145,0.3016588619197172,0.4973239483917008,5,2.644017273232157
2022-12-28,0.5934097425925537,0.3016588619197172,0.49165165269819006,5,2.584694374865407
2022-12-29,0.5877741766763362,0.3016588619197172,0.4867776198922249,5,2.5347674800802458
2023-01-02,0.5864014270218296,0.3016588619197172,0.48557618037909805,5,2.522605945890807
2023-01-03,0.5855071567436375,0.3016588619197172,0.4847904787408131,5,2.5146833807478264
2023-01-04,0.590279156940571,0.3016588619197172,0.48895559266699967,5,2.556959729794059
2023-01-05,0.5913883591311182,0.3016588619197172,0.48991410253167395,5,2.566786430765395
2023-01-06,0.5946276900958998,0.3016588619197172,0.49269287834364645,5,2.5954844778927564
2023-01-09,0.602331975668536,0.3016588619197172,0.49918172352563195,5,2.663738680025842
2023-01-10,0.6023568542303241,0.3607451424309456,0.40111058768992297,4,2.665008103911412
2023-01-11,0.6032015103033179,0.3607451424309456,0.40194920558215097,4,2.674324768500153
2023-01-12,0.6037738624111737,0.3607451424309456,0.4025161324633892,4,2.6806378855024993
2023-01-13,0.6058080114761226,0.42197436426444224,0.30345199094305136,3,2.704428249215111
2023-01-16,0.606746404193314,0.48310266283118714,0.20378158075203537,2,2.720035362522527
2023-01-17,0.605691764595303,0.48310266283118714,0.20239519328123043,2,2.6968343741853587
2023-01-18,0.6046947418733458,0.42252848881225247,0.30125324473095605,3,2.6842874791735145
2023-01-19,0.6056192952959383,0.42252848881225247,0.3023199688415109,3,2.697911117659727
2023-01-20,0.6067669106923677,0.42252848881225247,0.30363953378717534,3,2.7148216572782196
2023-01-25,0.6092036673202578,0.4850927866342057,0.2037264175246783,2,2.7525756837321067
2023-01-26,0.6118141918163379,0.48747021027830895,0.20323814517750857,2,2.798002924208594
2023-01-27,0.6125883667687368,0.48747021027830895,0.20424507430723413,2,2.8154235002096817
2023-01-30,0.6108984793482435,0.48747021027830895,0.2020438309187115,2,2.7773974543517435
2023-01-31,0.6096196047847166,0.48747021027830895,0.2003698594134681,2,2.748620068231534
2023-02-01,0.6108647319690562,0.48747021027830895,0.2019997476249749,2,2.776638066848769
2023-02-02,0.6118257767375515,0.48747021027830895,0.20325323186340022,2,2.7982636094708093
2023-02-03,0.6124060301826806,0.48747021027830895,0.20400814777591805,2,2.8113205408652484
2023-02-06,0.610279945293887,0.48747021027830895,0.20123508229725245,2,2.7634791281778104
2023-02-07,0.6109609371843511,0.48747021027830895,0.2021254050629756,2,2.77880288793934
2023-02-08,0.6125692264641232,0.48747021027830895,0.2042202101922614,2,2.8149928028199342
2023-02-09,0.6124624437120681,0.48747021027830895,0.20408146608336483,2,2.812589964750819
2023-02-10,0.6118685905768187,0.48747021027830895,0.20330898204994863,2,2.7992270115268223
2023-02-13,0.6106592197349713,0.4263224881066397,0.30186514126215025,3,2.7799249679810494
2023-02-14,0.6113689398113105,0.3651165492819078,0.4027885201453065,4,2.7945913475161226
2023-02-15,0.6075997094213996,0.3651165492819078,0.3990837328911857,4,2.7518162962291313
2023-02-16,0.6128859797147044,0.3669384453053047,0.40129411105779766,4,2.8057441430822068
2023-02-17,0.6104746709341382,0.3669384453053047,0.398929287690476,4,2.7782361808475673
2023-02-20,0.610863143012095,0.3669384453053047,0.3993115323737263,4,2.7826678303052286
2023-02-21,0.611158668863929,0.3058283855241382,0.49959249356204555,5,2.787020140770042
2023-02-22,0.6059121596001984,0.3660832246086971,0.39581469226454974,4,2.7402328032733
2023-02-23,0.6080359880217298,0.3660832246086971,0.397925070521296,4,2.7644992009430007
2023-02-24,0.605909649007389,0.3052458984985689,0.49621878608695585,5,2.746953949381723
2023-02-27,0.6033081913272464,0.3052458984985689,0.494046487538908,5,2.723186253952782
2023-02-28,0.6045748047232529,0.3052458984985689,0.49510648456761824,5,2.7347584127667774
2023-03-02,0.6068561397792993,0.18428726978551535,0.6963246184630566,7,2.751759625519954
2023-03-03,0.6073032131107359,0.12341228870065821,0.7967863728753973,8,2.756542633374514
2023-03-06,0.6135122594369596,0.06227628268689425,0.8984921951778971,9,2.791168436681817
2023-03-07,0.6136756635606277,0.06227628268689425,0.8985192237776565,9,2.7919958290358045
2023-03-08,0.6066380941796343,0.06227628268689425,0.8973419518417957,9,2.756361287105147
2023-03-09,0.6037684491585041,0.06227628268689425,0.8968540294318275,9,2.741830917272099
2023-03-10,0.5982843381586842,0.06227628268689425,0.8959085526481281,9,2.714062269775244
2023-03-13,0.6017485316396705,0.12190936573398463,0.7974081209607596,8,2.732208230853801
2023-03-14,0.5893647252047384,0.17985265066000256,0.6948364179795052,7,2.6623559147219167
2023-03-15,0.5947255839182386,0.17985265066000256,0.6975871636880375,7,2.6972084008659283
2023-03-16,0.5942917258183091,0.23888852605498737,0.5980281809812342,6,2.695156921193712
2023-03-17,0.5966308137173053,0.17907389529677903,0.6998581179857941,7,2.715309025377144
2023-03-20,0.5928886598134608,0.05988089397473448,0.8990014516493288,9,2.696619025490485
2023-03-21,0.5944973216101542,0.05935675797432225,0.900156391262523,9,2.7069897652699226
2023-03-22,0.6009295640358931,0.0,1.0,10,2.7394167450611477
2023-03-23,0.602799264122593,0.0,1.0,10,2.747940019721407
2023-03-24,0.600312240278147,0.0599114850985317,0.9001994610824985,9,2.7371499166940576
2023-03-27,0.599027788223152,0.0599114850985317,0.899985465989412,9,2.7306441192805084
2023-03-28,0.6047832075357781,0.0599114850985317,0.9009372542887817,9,2.759795532081289
2023-03-29,0.6067062306890794,0.12193816774642391,0.7990161274461774,8,2.7699735914495234
2023-03-30,0.6084168212828421,0.18292889514456825,0.6993362301212118,7,2.78044633850548
2023-03-31,0.6124042217853239,0.24442667106282337,0.6008736348187583,6,2.807308254655499
2023-04-03,0.6112782973546818,0.1830532821813297,0.7005401909842108,7,2.802185222545875
2023-04-04,0.6126857043214032,0.12186431060034023,0.8010981654365278,8,2.811445216425439
2023-04-05,0.615594410388986,0.12186431060034023,0.8020379838677616,8,2.8281064049235516
2023-04-06,0.6084750060140454,0.12186431060034023,0.7997217479833063,8,2.787326162599599
2023-04-07,0.6146446288158977,0.12186431060034023,0.801732082430933,8,2.822666016842535
2023-04-10,0.618932496876069,0.12186431060034023,0.8031056517222401,8,2.847227102199957
2023-04-11,0.6260123270187975,0.12186431060034023,0.805332410656059,8,2.887780661687201
2023-04-12,0.6265624088465445,0.12186431060034023,0.8055033163820289,8,2.8909315531174555
2023-04-13,0.6286157127729987,0.18535520854568838,0.7051374873719987,7,2.9034217774201228
2023-04-14,0.630060884592926,0.3129875814005527,0.5032423229974515,5,2.9145632388443707
2023-04-17,0.6304778536055606,0.37687542251654943,0.4022384444413331,4,2.91957292953564
2023-04-18,0.629876986661875,0.4399142360151012,0.3015870632986754,3,2.914109873170953
2023-04-19,0.6301717843449902,0.4399142360151012,0.3019137845526446,3,2.9186321957632977
2023-04-20,0.6292873912956447,0.4399142360151012,0.30093270245037257,3,2.905065227986263
2023-04-21,0.6279050192026409,0.4399142360151012,0.29939366215970675,3,2.8838590486121345
2023-04-24,0.6263608408625136,0.4399142360151012,0.2976664450968408,3,2.860170692176042
2023-04-25,0.623690960186371,0.5009697979736781,0.19676597874053114,2,2.821090571127407
2023-04-26,0.6234843721839962,0.5009697979736781,0.1964998317137656,2,2.816341565698353
2023-04-27,0.624025741221246,0.5009697979736781,0.19719690249755062,2,2.828786453433678
2023-04-28,0.6241844894302443,0.5624847527619448,0.09884855793936674,1,2.8352695825635563
2023-05-02,0.6250062556781865,0.562199233792536,0.10049022920178513,1,2.861179430799397
2023-05-03,0.6244342626687264,0.562199233792536,0.0996662620821099,1,2.8351222387196957
2023-05-04,0.6244228178325214,0.562199233792536,0.09964976016727593,1,2.8346008681952646
2023-05-08,0.6242151940575873,0.4372271421091426,0.29955703374178694,3,2.8485078602273632
2023-05-09,0.6239808275049962,0.4372271421091426,0.2992939480890673,3,2.844937605549196
2023-05-10,0.6222542683199351,0.3124919863138972,0.4978066005756543,5,2.8295798433621604
2023-05-11,0.6215705978464128,0.3124919863138972,0.49725423403776803,5,2.8233347312108266
2023-05-12,0.6196374606454185,0.3124919863138972,0.49568577408408554,5,2.805676138231194
2023-05-15,0.620240395231167,0.2505979721560921,0.5959663799990119,6,2.810130455972526
2023-05-16,0.6203730839425377,0.2505979721560921,0.5960527968694016,6,2.811139194595881
2023-05-17,0.6225229392436217,0.2505979721560921,0.5974478105809662,6,2.8274830271226015
2023-05-18,0.625615033483877,0.2505979721560921,0.599437419589198,6,2.8509900372893267
2023-05-19,0.6290001286960398,0.187806425345182,0.7014206885227234,7,2.8763671808589013
2023-05-22,0.6323536869249076,0.187806425345182,0.7030041427314645,7,2.898230740459486
2023-05-23,0.6341738919355994,0.187806425345182,0.7038565798223465,7,2.9100975869612036
2023-05-24,0.6341565069784771,0.187806425345182,0.7038484612575991,7,2.909984245542849
2023-05-25,0.6319381864496876,0.187806425345182,0.7028088674300514,7,2.8955218805608136
2023-05-26,0.6326544466831212,0.187806425345182,0.7031453326064283,7,2.900191546997019
2023-05-30,0.6372979687304543,0.187806425345182,0.7053082944555643,7,2.9304650398395085
2023-05-31,0.6357093944353198,0.2517971358841493,0.6039115701478462,6,2.92094436069773
2023-06-01,0.6341045533711576,0.12479111717425934,0.8032010391491136,8,2.9119337179385463
2023-06-02,0.6404859136981029,0.12479111717425934,0.805161808393681,8,2.948418320506863
2023-06-05,0.6428340979104652,0.18968525060757446,0.7049234767972838,7,2.9643427897856713
2023-06-07,0.6428670175219171,0.18968525060757446,0.7049385869277273,7,2.964558138480545
2023-06-08,0.6417846338278992,0.31912256105945735,0.5027575541096031,5,2.9591744211087057
2023-06-09,0.6458183125235153,0.25477972953725614,0.6054931788141589,6,2.9935282050119576
2023-06-12,0.6440697756438609,0.25477972953725614,0.6044221617408472,6,2.98014258350429
2023-06-13,0.6452111020663098,0.3206237351119383,0.5030715775269052,5,2.9898899454827776
2023-06-14,0.6428892371278428,0.3206237351119383,0.5012768660673967,5,2.968502419839282
2023-06-15,0.6415923395946451,0.3206237351119383,0.5002687605115317,5,2.9565562343447165
2023-06-16,0.643714871136169,0.3206237351119383,0.5019165324765119,5,2.9761076290108694
2023-06-19,0.6412432002576394,0.3208323062708862,0.4996714099393462,5,2.95764431196092
2023-06-20,0.6406796110630046,0.3208323062708862,0.4992312838884217,5,2.952441940858448
2023-06-21,0.6379439319221636,0.3208323062708862,0.4970838498232924,5,2.9271894728490633
2023-06-22,0.6393031764504002,0.3208323062708862,0.49815311719199984,5,2.9397363678609074
2023-06-23,0.635566518858659,0.2568364207326142,0.5958937214096216,6,2.9129877931292434
2023-06-26,0.6373495756219464,0.2568364207326142,0.5970242539473178,6,2.926702104750139
2023-06-27,0.6372302139708503,0.2568364207326142,0.5969487712577874,6,2.925784039261467
2023-06-28,0.6346956208858467,0.2568364207326142,0.5953392267396664,6,2.906289315304492
2023-06-29,0.6323562448997166,0.38222708297210745,0.3955510267274682,4,2.890228836323658
2023-06-30,0.6337731035704446,0.31890896555063675,0.4968089309028405,5,2.906391322581011
2023-07-03,0.6391419782166159,0.2554902265921809,0.6002606067198563,6,2.9496764102505977
2023-07-04,0.6369772216976639,0.1275954927054847,0.7996859410994026,8,2.9392943363293247
2023-07-05,0.6341664306461203,0.1275954927054847,0.7987980969357145,8,2.9230751793627947
2023-07-06,0.6295805916927517,0.19002421600628855,0.6981733259988672,7,2.8973353432544857
2023-07-07,0.6244942839605283,0.19002421600628855,0.6957150435370532,7,2.863808951705222
2023-07-10,0.6234608590291333,0.19002421600628855,0.6952106724033994,7,2.8569971324621157
2023-07-11,0.6306466872958547,0.19002421600628855,0.6986835579505032,7,2.904362511192465
2023-07-12,0.6330444269188058,0.12704345931772149,0.7993135174792148,8,2.9182241666572213
2023-07-13,0.6362890810851207,0.12704345931772149,0.8003368860250392,8,2.9369368348275513
2023-07-14,0.6434455241900914,0.19131364022798195,0.7026731354316443,7,2.978952498611568
2023-07-17,0.6418456967271504,0.19131364022798195,0.7019320356847237,7,2.9684117467045983
2023-07-18,0.6398880583907776,0.19131364022798195,0.7010201429463975,7,2.955513493295855
2023-07-19,0.6399947135549736,0.19131364022798195,0.7010699679606828,7,2.9562162100896527
2023-07-20,0.6384890028593484,0.2550832374417185,0.6004892233078754,6,2.947137562479457
2023-07-21,0.6398942081467385,0.2550832374417185,0.6013665474790112,6,2.957938999648642
2023-07-24,0.6426618580149766,0.2550832374417185,0.6030832789274168,6,2.9792131838737834
2023-07-25,0.6435346836334455,0.19059852968472119,0.7038255520144034,7,2.9882011583492956
2023-07-26,0.6346998758782276,0.126205547990847,0.8011571251432533,8,2.9382175928549574
2023-07-27,0.6368171810612033,0.19038951638085846,0.7010295544105923,7,2.9511951852565486
2023-07-28,0.637333913237351,0.3183905086600904,0.5004337568625227,5,2.956306883224337
2023-07-31,0.6400423983958305,0.44713718171128514,0.30139443444376995,3,2.9838035113171406
2023-08-01,0.6429915698724273,0.3830467691685664,0.40427404165724173,4,3.0228949665076112
2023-08-02,0.6380598631997058,0.3830467691685664,0.39966954315589515,4,2.965544208820229
2023-08-03,0.6369799558887621,0.3830467691685664,0.3986517697654851,4,2.9529859796665496
2023-08-04,0.636727522681601,0.3830467691685664,0.3984133628222147,4,2.950050436931168
2023-08-07,0.634574530578826,0.3830467691685664,0.3963722924410928,4,2.925013317616657
2023-08-08,0.6337920793969548,0.4461776052107681,0.296018963134881,3,2.9173854401613983
2023-08-09,0.6360618385738551,0.4461776052107681,0.2985310890350467,3,2.952679957836992
2023-08-10,0.6358023542235094,0.4461776052107681,0.2982448047779339,3,2.948645003343572
2023-08-11,0.6350515989402059,0.4461776052107681,0.29741519278848627,3,2.9369708372530576
2023-08-14,0.6335653950347147,0.4461776052107681,0.2957670846490584,3,2.913860522050573
2023-08-16,0.6302686317858,0.4461776052107681,0.29208343441340134,3,2.8625961985288284
2023-08-17,0.629846605272176,0.4461776052107681,0.29160909739608565,3,2.8560337304061023
2023-08-18,0.6287277612334663,0.4461776052107681,0.2903484898846571,3,2.838635822688685
2023-08-21,0.62904118334203,0.4461776052107681,0.29070207638826884,3,2.843509503677929
2023-08-22,0.629424533738298,0.5073042614921688,0.1940189263370918,2,2.851375398111732
2023-08-23,0.6288054206194666,0.5682012575388564,0.0963798356269036,1,2.8397692368722303
2023-08-24,0.6295838049610887,0.5682012575388564,0.09749702412695631,1,2.8762425052987113
2023-08-25,0.6291353510862076,0.5682012575388564,0.09685371111661095,1,2.8552290063357852
2023-08-28,0.6298196050384167,0.5052507624776564,0.19778495550827135,2,2.8827369685704247
2023-08-29,0.630124689059516,0.566860093072793,0.10040012252360371,1,2.8926543426764444
2023-08-30,0.630349274210776,0.566860093072793,0.10072063812157828,1,2.9029230751793627
2023-08-31,0.6302265704029684,0.566860093072793,0.10054555029258573,1,2.8973126749708147
2023-09-01,0.6304109979444005,0.566860093072793,0.1008086868389508,1,2.9057452764963903
2023-09-04,0.6309275933695946,0.566860093072793,0.10154493315886907,1,2.92936562808147
2023-09-05,0.6308688442737351,0.566860093072793,0.1014612653357925,1,2.926679436466468
2023-09-06,0.6304018261446249,0.566860093072793,0.10079560438528054,1,2.9053259132484786
2023-09-07,0.6300280133321525,0.566860093072793,0.10026208187993256,1,2.888234027360619
2023-09-08,0.6300136359162881,0.566860093072793,0.10024154913987704,1,2.887576647134162
2023-09-11,0.630241691478274,0.566860093072793,0.10056713045564358,1,2.8980040576227775
2023-09-12,0.628881038435916,0.5038122755547335,0.19887507372179614,2,2.874995749696812
2023-09-13,0.6287883430451865,0.5038122755547335,0.19875697263279557,2,2.8728649310317467
2023-09-14,0.6306713414345266,0.5038122755547335,0.2011492477067995,2,2.916150018701334
2023-09-15,0.6325882036880282,0.440734836444971,0.3032831882171374,3,2.94832764737218
2023-09-18,0.6306293121292664,0.440734836444971,0.3011190124403396,3,2.9182241666572213
2023-09-19,0.6294853961625347,0.440734836444971,0.2998489891397383,3,2.9006449126704372
2023-09-20,0.6295244854895732,0.440734836444971,0.29989246390914076,3,2.901245622187716
2023-09-21,0.6262225436565251,0.440734836444971,0.2962009418065467,3,2.8505026691904023
2023-09-22,0.6255937237737592,0.5027836419547805,0.19630964498517248,2,2.842750116174954
2023-09-25,0.624988029207648,0.5027836419547805,0.19553076465767932,2,2.8287297827245013
2023-09-26,0.6233824734418606,0.5027836419547805,0.19345881000025836,2,2.7915651316460575
2023-09-27,0.6237945828581066,0.44051874387979695,0.2938080002852464,3,2.7939453014315023
2023-10-04,0.6175988378154817,0.3161953645808433,0.4880246768286309,5,2.7266431672125946
2023-10-05,0.6173369864301992,0.3161953645808433,0.487807515941547,5,2.7242743315689855
2023-10-06,0.617979712557711,0.3161953645808433,0.4883402186907311,5,2.730088746330572
2023-10-10,0.6172091929311618,0.3161953645808433,0.48770146620919014,5,2.7231182491017694
2023-10-11,0.6233814890748032,0.2540492186840673,0.5924658926572931,6,2.776955422820161
2023-10-12,0.6281102668337616,0.1914832971893407,0.6951438190071497,7,2.8106631606387924
2023-10-13,0.6239426416143976,0.1914832971893407,0.6931075319777884,7,2.78383524691428
2023-10-16,0.6203175866765551,0.25109413362087857,0.5952168066584195,6,2.761268970519897
2023-10-17,0.6239442889848754,0.25109413362087857,0.5975696259206162,6,2.7883915719321313
2023-10-18,0.624455661762027,0.18882276708237247,0.6976202176635389,7,2.7911457683981458
2023-10-19,0.6155255786466589,0.1858618095634586,0.6980437271638518,7,2.7381019846082357
2023-10-20,0.6082690666098204,0.1858618095634586,0.6944414572988942,7,2.6918586859195957
2023-10-23,0.6050712213543705,0.1858618095634586,0.6928265582563454,7,2.671479898899455
2023-10-24,0.6097826185077002,0.1858618095634586,0.6951998893994196,7,2.7015040406215647
2023-10-25,0.6053782308498832,0.1247818142596231,0.7938779296962108,8,2.6784503961282575
2023-10-26,0.5923442873167181,0.1247818142596231,0.7893424197186457,8,2.605809881104852
2023-10-27,0.5931028551023119,0.1247818142596231,0.7896118469399411,8,2.6100375160094753
2023-10-30,0.594676934099764,0.1247818142596231,0.7901687334678268,8,2.6188101417901146
2023-10-31,0.587939576545532,0.18249144230173053,0.6896085081158034,7,2.581906175973886
2023-11-01,0.5920051967575983,0.24043606007625393,0.5938615718356564,6,2.608620748280044
2023-11-02,0.5983535923329805,0.24043606007625393,0.5981706082204775,6,2.655725441748178
2023-11-03,0.6022060113996586,0.24043606007625393,0.6007411823780571,6,2.6843101474571855
2023-11-06,0.6226794343777259,0.24043606007625393,0.6138686348031817,6,2.836221650477734
2023-11-07,0.6136327355213309,0.3025231254741437,0.5069964362036101,5,2.7700189280168654
2023-11-08,0.6106662380172629,0.3637379011833501,0.4043589140209392,4,2.7446984551564677
2023-11-09,0.6112229846245395,0.3637379011833501,0.4049014674950647,4,2.750886896598624
2023-11-10,0.6094466978298951,0.3637379011833501,0.40316699970885017,4,2.7311428215212685
2023-11-13,0.6088450851956585,0.3637379011833501,0.40257725646835235,4,2.724455677838353
2023-11-14,0.6117287875095554,0.4252851474361638,0.30478153698215366,3,2.7578800621110973
2023-11-15,0.615695663850745,0.48832892853751875,0.2068663834931638,2,2.8184270477960762
2023-11-16,0.615773005745859,0.48832892853751875,0.20696600211302338,2,2.8201385032132293
2023-11-17,0.6148341468468931,0.48832892853751875,0.20575502996725534,2,2.7993630212288476
2023-11-20,0.6159276895360868,0.48832892853751875,0.20716516429822265,2,2.823561414047535
2023-11-21,0.6167840338883116,0.5522509118905071,0.10462839252011219,1,2.8453456346552723
2023-11-22,0.6168169377036721,0.5522509118905071,0.10467615570599549,1,2.8467964048102097
2023-11-23,0.6169007396084182,0.5522509118905071,0.10479777955680189,1,2.850491335048567
2023-11-24,0.6164295466900142,0.5522509118905071,0.10411349544180883,1,2.8297158530641853
2023-11-27,0.6161297922657964,0.4905945900465155,0.20374798264117283,2,2.8286164413061465
2023-11-28,0.617313009654992,0.555289570025055,0.100473242358202,1,2.858198551496674
2023-11-29,0.617265048823161,0.555289570025055,0.10040335009452517,1,2.8559883938387607
2023-11-30,0.6176457840420048,0.555289570025055,0.10095788820718163,1,2.8735336454000384
2023-12-01,0.6163994715275636,0.49356139266244936,0.19928323196107936,2,2.8392138639222937
2023-12-04,0.6168868989246274,0.49356139266244936,0.1999159108049826,2,2.8504800009067313
2023-12-05,0.6158733049309342,0.49356139266244936,0.198599145780805,2,2.8270523297328545
2023-12-06,0.6159272455885569,0.49356139266244936,0.1986693295393668,2,2.8282990853347543
2023-12-07,0.6156156388469053,0.43197965238296415,0.2982964935847069,3,2.82454748438722
2023-12-08,0.6175153189245276,0.43197965238296415,0.30045516419688945,3,2.853766902039012
2023-12-11,0.6180687168059451,0.43197965238296415,0.3010815130470474,3,2.862278842557436
2023-12-12,0.6187989662073896,0.43197965238296415,0.30190631210882346,3,2.873510977116368
2023-12-13,0.6169855012457803,0.43197965238296415,0.2998544511812083,3,2.845617654059323
2023-12-14,0.6194555274754895,0.43197965238296415,0.3026462220081544,3,2.8836096974917544
2023-12-15,0.6208836034997067,0.43197965238296415,0.30425018482040145,3,2.905575264368858
2023-12-18,0.6211267743397438,0.43197965238296415,0.3045225705458319,3,2.9093155311745575
2023-12-19,0.6211505749257236,0.24568693828304794,0.6044647655483104,6,2.9112310011447486
2023-12-20,0.6278381852024955,0.24568693828304794,0.6086779299608753,6,2.9630847000419367
2023-12-21,0.6257507737324998,0.24568693828304794,0.6073725377636114,6,2.9468995455009126
2023-12-22,0.6255483518746999,0.30949479091347787,0.5052424165358986,5,2.946321504267305
2023-12-26,0.6259228243590376,0.30949479091347787,0.5055384164486905,5,2.9498124199526234
2023-12-27,0.6274642651714015,0.24694190103761482,0.6064446778173753,6,2.9621779686951
2023-12-28,0.6343563744350176,0.1841551436634381,0.7096976540553346,7,3.0095320132836147
2024-01-02,0.6366894185707747,0.24927923103220564,0.6084759322814226,6,3.0260005213705243
2024-01-03,0.6276201826621667,0.24927923103220564,0.6028183319809095,6,2.955162134898956
2024-01-04,0.6246759459167962,0.24927923103220564,0.6009463263927112,6,2.9321651611148263
2024-01-05,0.6233786824124289,0.24927923103220564,0.6001158877176973,6,2.922032438313933
2024-01-08,0.621763277101373,0.31245240363732263,0.497473692730843,5,2.9104036087907605
2024-01-09,0.6209706726558147,0.31245240363732263,0.4968322701924032,5,2.9029457434630337
2024-01-10,0.6179948699720985,0.2503224517192127,0.5949441267521939,6,2.8811161862879553
2024-01-11,0.6177475352821276,0.2503224517192127,0.594781949870687,6,2.879178048034093
2024-01-12,0.6147411873369812,0.12688055694895,0.7936032926334604,8,2.861927484160537
2024-01-15,0.6149228031436245,0.12688055694895,0.7936642513494249,8,2.862992893493069
2024-01-16,0.6094356872833366,0.12688055694895,0.7918064865637559,8,2.8308039306803887
2024-01-17,0.5975166669516054,0.12688055694895,0.7876535267271024,8,2.760883609697492
2024-01-18,0.597962796529457,0.3034032064437794,0.4926052118882399,5,2.7655759444173684
2024-01-19,0.6018950713384981,0.24326420508288904,0.5958361902816108,6,2.802638588219293
2024-01-22,0.5999466255451437,0.18283060607204923,0.6952552139018708,7,2.7931292432193495
2024-01-23,0.6022470860140102,0.12259948721903671,0.7964299204327165,8,2.809291729476703
2024-01-24,0.6005209344285445,0.12259948721903671,0.795844773778449,8,2.7991816749594807
2024-01-25,0.6005280597607898,0.1818104561534965,0.6972490240907018,7,2.799918394178785
2024-01-26,0.6021815030821641,0.18121042374732452,0.6990767354695725,7,2.8092350587675257
2024-01-29,0.6059333796324622,0.18121042374732452,0.7009400210675959,7,2.8342721780820366
2024-01-30,0.6056208647907895,0.18121042374732452,0.7007856989703892,7,2.8321866959843134
2024-01-31,0.6053287313518347,0.18121042374732452,0.7006412972623304,7,2.8302372235886164
2024-02-01,0.6141371799354683,0.12076519064382751,0.8033579555360626,8,2.881660225096057
2024-02-02,0.6282739409542832,0.12076519064382751,0.8077825884988996,8,2.964229448367317
2024-02-05,0.6236166689645569,0.12076519064382751,0.8063470772127627,8,2.9370275079622346
2024-02-06,0.6205599247309026,0.18294229229498996,0.7051980235843937,7,2.919901619648868
2024-02-07,0.6262301663933165,0.18294229229498996,0.7078673272023608,7,2.9577349850956036
2024-02-08,0.627800035987232,0.3099518206444159,0.5062889409411891,5,2.969907853426878
2024-02-13,0.6313565900240867,0.3099518206444159,0.509070111024594,5,3.00313955728842
2024-02-14,0.6278121661169621,0.3099518206444159,0.5062984800669321,5,2.9700211948452324
2024-02-15,0.6270091515288319,0.3099518206444159,0.5056661934061686,5,2.962517992950164
2024-02-16,0.6312498448824623,0.3099518206444159,0.5089870941637563,5,3.0021421528069006
2024-02-19,0.6349404966841949,0.37499101319992906,0.4094076292846051,4,3.037844699588571
2024-02-20,0.6326324296523684,0.43925055129216717,0.30567809883926533,3,3.0123768828843125
2024-02-21,0.6321777525828829,0.5034770670717216,0.2035830666063936,2,3.0072991873420305
2024-02-22,0.6327093751649415,0.5034770670717216,0.20425224149639054,2,3.0197214067936846
2024-02-23,0.6328757497503852,0.5034770670717216,0.20446143295852334,2,3.023609017443244
2024-02-26,0.6317469259225575,0.5676664743672104,0.10143373703286121,1,3.0002380169785443
2024-02-27,0.6312136241909272,0.5676664743672104,0.10067455357157377,1,2.9752689025150465
2024-02-28,0.6318730494823304,0.5676664743672104,0.1016130932751792,1,3.0061431048748144
2024-02-29,0.6314798754838158,0.5045004966466472,0.20108222568436063,2,2.9948883020322117
2024-03-04,0.6330933266298207,0.44260072961499525,0.3008918101046568,3,3.0310555486291357
2024-03-05,0.6309253292418309,0.3793873459504984,0.3986810667335232,4,3.002867537884369
2024-03-06,0.6301743420568703,0.3793873459504984,0.3979644669248364,4,2.9939022316925272
2024-03-07,0.6307563333898423,0.3793873459504984,0.3985199579184946,4,3.0008500606376587
2024-03-08,0.633863768353655,0.3793873459504984,0.4014686358617916,4,3.03794670686509
2024-03-11,0.6319165183961909,0.3793873459504984,0.3996242622152267,4,3.01470038196058
2024-03-12,0.6340731319674981,0.3160662888601712,0.5015302290456104,5,3.0396014915730656
2024-03-13,0.6354676231786363,0.3160662888601712,0.50262408762984,5,3.052930442371556
2024-03-14,0.6388073357932165,0.2524626085336897,0.6047906866626646,6,3.081481145655057
2024-03-15,0.6314293332334779,0.2524626085336897,0.6001728218091209,6,3.022634281245396
2024-03-18,0.6341755991335246,0.1891536985734048,0.7017329288104969,7,3.0441691507327526
2024-03-19,0.6287227578417833,0.12593944260667136,0.7996900207032689,8,3.01054075190697
2024-03-20,0.6351528994436149,0.12593944260667136,0.801717912778179,8,3.049042831721996
2024-03-21,0.6474036726102482,0.12593944260667136,0.8054699904637554,8,3.1223973976810346
2024-03-22,0.6462111529725815,0.12593944260667136,0.80511100430974,8,3.1152568883247005
2024-03-25,0.6441308687157629,0.12593944260667136,0.8044815910503352,8,3.10280066644754
2024-03-26,0.647825786704216,0.12593944260667136,0.8055967434587893,8,3.1249249113103406
2024-03-27,0.6475594257615047,0.06138571413338295,0.9052045083565948,9,3.122680751226921
2024-03-28,0.6451647490305515,0.06534947118744923,0.8987088626809728,9,3.1121513334617874
2024-03-29,0.6450754966308566,0.19523634585234023,0.6973434165891688,7,3.1130693989504588
2024-04-01,0.6451466414993806,0.26025743317988437,0.5965918189157399,6,3.114463498396219
2024-04-02,0.6458890056678948,0.26025743317988437,0.5970554833786653,6,3.120470593569008
2024-04-03,0.6394192319049383,0.26025743317988437,0.5929784088530878,6,3.06811819243106
2024-04-04,0.6443258388526838,0.26025743317988437,0.5960779197629096,6,3.1078216912806447
2024-04-05,0.640311392697184,0.1962176019603733,0.6935590960925342,7,3.0763241111199267
2024-04-08,0.6407457608817777,0.2603281051065587,0.5937107648620227,6,3.080223055911322
2024-04-09,0.6389974060455652,0.2603281051065587,0.5925991206793798,6,3.0660667127588432
2024-04-11,0.6391220131159235,0.32387954640418304,0.49324301188568515,5,3.068106858289225
2024-04-12,0.6361943024688755,0.32387954640418304,0.49091096046081273,5,3.0396128257149013
2024-04-15,0.6347418821187102,0.38674527605042386,0.3907046518507592,4,3.0267032381643224
2024-04-16,0.6280218510521836,0.3849710910015633,0.3870100373791369,4,2.957791655804781
2024-04-17,0.6246879854669616,0.322080240329361,0.4844142230643316,5,2.928946264833558
2024-04-18,0.6306038826894274,0.322080240329361,0.4892510985569279,5,2.986206349386256
2024-04-19,0.6255873142608757,0.322080240329361,0.485155416378775,5,2.9376508857631847
2024-04-22,0.629987936145679,0.322080240329361,0.4887517334063952,5,2.980244590780809
2024-04-23,0.6288921497638729,0.25904971258677867,0.5880856317191385,6,2.9729680717224496
2024-04-24,0.6362014125836011,0.3217237014703873,0.49430527014412956,5,3.0327330016207825
2024-04-25,0.6294251216299485,0.2535375842475263,0.5971918254692953,6,2.979315191150302
2024-04-26,0.6333875976290915,0.2535375842475263,0.5997117954368335,6,3.0107220981763367
2024-04-29,0.6378362670023623,0.2535375842475263,0.6025036559318327,6,3.0459826134264247
2024-04-30,0.638341987379576,0.18967130467368834,0.7028688251382336,7,3.0512189869544026
2024-05-02,0.636940339406813,0.18967130467368834,0.7022149596454661,7,3.0416869736707888
2024-05-03,0.6357703550109989,0.18967130467368834,0.7016669569778745,7,3.0337304061023023
2024-05-07,0.6452631085262636,0.2539349338905143,0.6064629597832051,6,3.0991624069183605
2024-05-08,0.6467930088271955,0.2539349338905143,0.6073938177671948,6,3.1112786045404577
2024-05-09,0.6420830912496773,0.2539349338905143,0.6045139058306546,6,3.073977943759988
2024-05-10,0.6442999439775945,0.2539349338905143,0.6058746609182619,6,3.091534529463102
2024-05-13,0.6439228651022754,0.1893966013704157,0.7058706692449359,7,3.091058495506013
2024-05-14,0.6442536321595489,0.12490815004186714,0.8061196028912201,8,3.0946060819005092
2024-05-16,0.6484324503369037,0.19047812558018,0.7062483139435511,7,3.120289247299641
2024-05-17,0.643580926213176,0.25564034346515485,0.6027844626015563,6,3.088122952770631
2024-05-20,0.6460754828888758,0.25564034346515485,0.6043181482106718,6,3.107980369266341
2024-05-21,0.6435182775295396,0.25564034346515485,0.6027457923237929,6,3.087624250529871
2024-05-22,0.6434157615017712,0.25564034346515485,0.6026824974438381,6,3.0868081923177186
2024-05-23,0.6430507340033234,0.32055771593621785,0.5015047818380047,5,3.084938058914869
2024-05-24,0.6389973701946534,0.32055771593621785,0.49834266792276705,5,3.0461639596957917
2024-05-27,0.6434147018280023,0.3862278387333091,0.39972176943424037,4,3.086275487651452
2024-05-28,0.6434463336720116,0.3219569228260412,0.4996367125309404,5,3.0861168096657563
2024-05-29,0.6369425772920845,0.2576511347922842,0.5954876562222148,6,3.0344897936052777
2024-05-30,0.6308875541510333,0.3198977498801795,0.4929401479307094,5,2.98704507588208
2024-05-31,0.6310149973819975,0.3198977498801795,0.4930425565043694,5,2.988269163200308
2024-06-03,0.6364431349971431,0.3198977498801795,0.49736632812982506,5,3.0404062156433826
2024-06-04,0.634033513907985,0.3198977498801795,0.4954560873155909,5,3.017261898015392
2024-06-05,0.6372667958787457,0.3198977498801795,0.4980159770617528,5,3.0483174466445275
2024-06-07,0.6411809551112322,0.3198977498801795,0.5010803934051915,5,3.0859127951127183
2024-06-10,0.6386438907911097,0.3198977498801795,0.49909839506346587,5,3.0615443901664987
2024-06-11,0.638610127713906,0.3194283424407939,0.49980695798815133,5,3.066248059028211
2024-06-12,0.6411775464770406,0.3835463093129553,0.4018095121696695,4,3.0921465731222164
2024-06-13,0.6430110972955476,0.25463068837858926,0.6040026533763645,6,3.122431400106541
2024-06-14,0.6433616604964371,0.19026853493510726,0.7042588226530465,7,3.1264323521744553
2024-06-17,0.6410094829607325,0.19026853493510726,0.7031736035225504,7,3.1102018610660895
2024-06-18,0.6439249706496177,0.06135704288526217,0.9047139873712884,9,3.1326661301839533
2024-06-19,0.6509669959132314,0.06135704288526217,0.9057447715929355,9,3.1705334980561948
2024-06-20,0.6531379884368835,0.06135704288526217,0.9060580704666953,9,3.182207664146709
2024-06-21,0.6482121539438979,0.06135704288526217,0.9053441955508713,9,3.1557197746772605
2024-06-24,0.6439647277705449,0.12671178013819212,0.8032318003240985,8,3.1335841956726247
2024-06-25,0.6456409494457316,0.1921138982193749,0.7024446817007187,7,3.1445329766856704
2024-06-26,0.6483960376750839,0.25787020772184993,0.6022952135141352,6,3.1645490711670767
2024-06-27,0.6472784712341797,0.25787020772184993,0.6016085515247197,6,3.1554930918405515
2024-06-28,0.6492030912876017,0.25787020772184993,0.6027896182527394,6,3.1710888710061322
2024-07-01,0.6502444261411093,0.19301787572579057,0.7031610453452718,7,3.1784447290573397
2024-07-02,0.6464210390664853,0.19301787572579057,0.7014053317253827,7,3.1518661664532073
2024-07-03,0.6485650706243236,0.19301787572579057,0.7023924283495762,7,3.1667705629668252
2024-07-04,0.6536080285014291,0.19301787572579057,0.7046886401191619,7,3.201827063663875
2024-07-05,0.6596879476490937,0.19301787572579057,0.7074103348202109,7,3.244092078568271
2024-07-08,0.6588246629885339,0.26012188631050215,0.6051728161927822,6,3.239025717167825
2024-07-09,0.6601668053348619,0.26012188631050215,0.6059755137513189,6,3.2499291616135286
2024-07-10,0.659948783166503,0.2614324894444195,0.6038594264996758,6,3.250620544265491
2024-07-11,0.6630601098966198,0.3286074969051955,0.5044076818971511,5,3.2770970995931044
2024-07-12,0.6590867247110643,0.3286074969051955,0.5014199428015289,5,3.2381643223883305
2024-07-15,0.6592739976730208,0.4614249349955593,0.3001014197068157,3,3.2426073059878275
2024-07-16,0.6596315328903783,0.4614249349955593,0.300480780575052,3,3.2484670573167556
2024-07-17,0.6580547818351072,0.4614249349955593,0.2988046774634921,3,3.222625213931927
2024-07-18,0.6567449719672636,0.4614249349955593,0.29740621597243116,3,3.201158349295583
2024-07-19,0.6545054100464383,0.3959173797745972,0.39508921744969805,4,3.1684140135329657
2024-07-22,0.6515499438379483,0.3959173797745972,0.3923453090296503,4,3.1322014303687
2024-07-23,0.6516056170819015,0.265138956550676,0.5930990316841449,6,3.1444196352673157
2024-07-24,0.6494352777983095,0.265138956550676,0.5917392146457767,6,3.1267610422876833
2024-07-25,0.6427403801109262,0.265138956550676,0.5874866979651762,6,3.072289156626506
2024-07-26,0.6455739510598175,0.3283202480724083,0.49142890983532456,5,3.0963742080268393
2024-07-29,0.6494793802598127,0.3283202480724083,0.49448703368986147,5,3.134490927019461
2024-07-30,0.6460291416485567,0.26361769131016743,0.5919414863585568,6,3.103503383241338
2024-07-31,0.6505680422127973,0.26361769131016743,0.5947884399400922,6,3.1403393442065535
2024-08-01,0.6515442549803061,0.26361769131016743,0.5953955709146179,6,3.1482619093495336
2024-08-02,0.6362218267546291,0.19927733508564321,0.68678010293649,7,3.033231703861542
2024-08-05,0.59791189527547,0.19927733508564321,0.666711205011514,7,2.767287399834522
2024-08-06,0.6108395982904389,0.3150193085436273,0.48428472969782227,5,2.858640583028256
2024-08-07,0.6162653844663948,0.3150193085436273,0.48882524236471137,5,2.911072323159052
2024-08-08,0.6148954496947743,0.3150193085436273,0.48768638847466084,5,2.8978340454952454
2024-08-09,0.6186135089636416,0.3150193085436273,0.4907655523537197,5,2.9337632751136247
2024-08-12,0.6223770607508031,0.2529969199382362,0.5934989640636273,6,2.967618356776117
2024-08-13,0.6228285049896605,0.2529969199382362,0.5937936078528773,6,2.971245282163461
2024-08-14,0.6258393207224502,0.19032455770693102,0.6958891021944323,7,2.997313808384998
2024-08-16,0.6343973210301319,0.253171129244825,0.6009265473666775,6,3.057078738283331
2024-08-19,0.6311648777434525,0.253171129244825,0.59888273544313,6,3.0311575559056547
2024-08-20,0.6340601122487264,0.3791211480690241,0.402073808547187,4,3.056398689773204
2024-08-21,0.6346867295472545,0.31580428791167703,0.5024249394075847,5,3.061499053599157
2024-08-22,0.6354588105534618,0.31580428791167703,0.5030294919719142,5,3.068911582359542
2024-08-23,0.634752840459101,0.31580428791167703,0.502476762950342,5,3.062133765541942
2024-08-26,0.6343183973241098,0.31580428791167703,0.5021360104895168,5,3.0579628013464966
2024-08-27,0.6331576822203006,0.3789535134626559,0.4014863530775214,4,3.048034093098641
2024-08-28,0.6332125073268839,0.3789535134626559,0.4015381738708641,4,3.048691473325097
2024-08-29,0.6306083147641721,0.3789535134626559,0.3990667351026401,4,3.01746591256843
2024-08-30,0.6316191681449684,0.4419746938021772,0.30025129683724905,3,3.0311008851964774
2024-09-02,0.6320935789400346,0.4419746938021772,0.30077648543222035,3,3.0386834260843942
2024-09-03,0.6309327262172794,0.4419746938021772,0.29948998453129716,3,3.020129435899761
2024-09-04,0.6249880540273851,0.4419746938021772,0.29282697332513935,3,2.925115324893176
2024-09-05,0.6246122128892908,0.4419746938021772,0.29240145376325705,3,2.9191082297203867
2024-09-06,0.6223982958456489,0.4419746938021772,0.28988447309022797,3,2.883723038910109
2024-09-09,0.621685522464259,0.5021772001646932,0.19223275752965022,2,2.8742590304775075
2024-09-10,0.6210964470446912,0.5021772001646932,0.19146663524778001,2,2.8600913531831935
2024-09-11,0.6200975778927728,0.49928448678575255,0.1948291614322532,2,2.84868920649673
2024-09-12,0.622920140710744,0.49928448678575255,0.19847753483123007,2,2.9152432873544982
2024-09-13,0.623042414318853,0.4369938186233788,0.2986130501225564,3,2.9190062224438678
2024-09-19,0.6220584892744757,0.24966368941513484,0.5986491725137862,6,2.925115324893176
2024-09-20,0.6229991989746294,0.1854494366603071,0.7023279693368286,7,2.9393623411803373
2024-09-23,0.6244652454432221,0.12309721399605138,0.8028757967007731,8,2.9491550397261674
2024-09-24,0.6301822063669069,0.12309721399605138,0.8046640911908242,8,2.98278343855195
2024-09-25,0.6233688683735973,0.12309721399605138,0.8025290959472863,8,2.942705913021796
2024-09-26,0.6378684069481606,0.12309721399605138,0.8070178540664809,8,3.0279953303335643
2024-09-27,0.6336698030207223,0.12309721399605138,0.8057391824429011,8,3.0032982352741167
2024-09-30,0.6227811794346947,0.12309721399605138,0.8023427520597395,8,2.939248999761983
2024-10-02,0.6166961903558281,0.12309721399605138,0.8003924526839944,8,2.903455779845629
2024-10-04,0.6182415232377949,0.12309721399605138,0.8008913840801593,8,2.9125457615976607
2024-10-07,0.6260780180394891,0.12309721399605138,0.8033835872699701,8,2.9586417164424397
2024-10-08,0.6229912059735156,0.12309721399605138,0.8024093874588585,8,2.9404844212220476
2024-10-10,0.6239160934839196,0.12309721399605138,0.8027022939756498,8,2.9459248093030634
2024-10-11,0.6234825524634178,0.12309721399605138,0.8025651022475502,8,2.943374627390087
2024-10-14,0.6285655800726799,0.12309721399605138,0.8041617010243898,8,2.973274093552007
2024-10-15,0.6304232559704099,0.060065698101398626,0.9047216333906661,9,2.9847895816568246
2024-10-16,0.625294196980987,0.1240291786557408,0.8016466820665024,8,2.958619048158769
2024-10-17,0.6250906461606308,0.1240291786557408,0.8015820914653892,8,2.9574176291242114
2024-10-18,0.6219926393353915,0.18660214779250875,0.6999929967147265,7,2.939872377562933
2024-10-21,0.6234804609887186,0.37392152799281786,0.40026744799692504,4,2.9524532750002837
2024-10-22,0.6199556083413469,0.4969134751792448,0.19846926377727872,2,2.91366784163937
2024-10-23,0.6212152078687694,0.5590921296179661,0.10000250712459485,1,2.9464461798274946
2024-10-24,0.6207709629311698,0.5590921296179661,0.09935843812984958,1,2.9253760101553916
2024-10-25,0.6203623163546061,0.4969758183736602,0.19889425055021676,2,2.9279148579265324
2024-10-28,0.6217551054479352,0.4969758183736602,0.20068880171780726,2,2.9609652155187067
2024-10-29,0.6220115964435174,0.4969758183736602,0.20101840349082828,2,2.9670516496843446
2024-10-30,0.6208647903347784,0.4969758183736602,0.1995425958916362,2,2.9398383751374264
2024-10-31,0.6184845501094458,0.43497794097832115,0.2967036267901141,3,2.8971766652687894
2024-11-01,0.6173567603232399,0.3732241772873085,0.39544814072839646,4,2.8815468836777027
2024-11-04,0.6218325307472966,0.3732241772873085,0.3997995298850308,4,2.934375318772739
2024-11-05,0.6207076783708629,0.31122078085287613,0.4986033012033618,5,2.9206723412936793
2024-11-06,0.6191019226430776,0.31122078085287613,0.49730283581706786,5,2.9055185936596812
2024-11-07,0.619457055787754,0.06388170651428356,0.8968746809525864,9,2.9067880175452516
2024-11-08,0.6187031839951478,0.06388170651428356,0.896749025757746,9,2.9028437361865147
2024-11-11,0.612193772363887,0.12425974763562428,0.797025462778206,8,2.86941935191377
2024-11-12,0.6027325171898469,0.12425974763562428,0.7938393166259431,8,2.8137800496435417
2024-11-13,0.590110443420283,0.12425974763562428,0.7894296753749787,8,2.739552754763173
2024-11-14,0.5904535078776021,0.12425974763562428,0.7895520206454888,8,2.7415702320098836
2024-11-15,0.5900680421952211,0.12425974763562428,0.7894145441713084,8,2.7393034036427935
2024-11-18,0.6001306238337756,0.12425974763562428,0.7929454976954453,8,2.7984789581656826
2024-11-19,0.6006856944164041,0.12425974763562428,0.7931368288097008,8,2.8017431910142925
2024-11-20,0.6026785519943135,0.12425974763562428,0.7938208565338215,8,2.8134626936721485
2024-11-21,0.6022402065636896,0.1833457958452135,0.6955603530834273,7,2.811581226127464
2024-11-22,0.6057205376912289,0.1833457958452135,0.697309593390945,7,2.834940892450328
2024-11-25,0.6113100068965444,0.1833457958452135,0.7000772214150223,7,2.872456901925671
2024-11-26,0.6089492582714595,0.1833457958452135,0.6989144935233981,7,2.8566117716397104
2024-11-27,0.604904423676348,0.12162756803180552,0.7989309331007935,8,2.83700370626438
2024-11-28,0.6050938684583648,0.1822086794214153,0.6988753498930015,7,2.838828503099888
2024-11-29,0.5968612941801398,0.1822086794214153,0.6947219040703575,7,2.783563227510229
2024-12-02,0.5965016695302493,0.24118315929610346,0.5956706047679003,6,2.78194244522776
2024-12-03,0.6031057691508948,0.24118315929610346,0.6000980729538331,6,2.833648800281087
2024-12-04,0.5974041236256616,0.4785535057529383,0.19894509122470685,2,2.792732548255109
2024-12-05,0.5963357221703528,0.4785535057529383,0.197509912686009,2,2.7676274240895853
2024-12-06,0.5949867909839667,0.41887290457793797,0.2959962961779004,3,2.7521109839168525
2024-12-09,0.5900852291250615,0.41887290457793797,0.2901484668595849,3,2.675514853392875
2024-12-10,0.5942382837572147,0.41887290457793797,0.29510952756272596,3,2.7404141495426675
2024-12-11,0.5960275931839563,0.41887290457793797,0.29722564967112475,3,2.768375477450725
2024-12-12,0.5989004973750074,0.41887290457793797,0.3005968330067079,3,2.813270013260946
2024-12-13,0.6005564466446667,0.29921421993797365,0.5017716958835498,5,2.8272563442858925
2024-12-16,0.5992434597515639,0.23895779803884035,0.6012341993053905,6,2.8210339004182297
2024-12-17,0.594588206019827,0.23895779803884035,0.598112112518303,6,2.7845833002754197
2024-12-18,0.5985862815195339,0.23895779803884035,0.6007964007590736,6,2.815888200024935
2024-12-19,0.5917855405290344,0.1209162014736956,0.7956756405950692,8,2.760917612122998
2024-12-20,0.5856424134296603,0.1209162014736956,0.7935323694102314,8,2.724897709369935
2024-12-23,0.5929608146877569,0.1209162014736956,0.7960806203739313,8,2.7678087703589527
2024-12-24,0.5924373590700109,0.23839882944077237,0.5975965630948676,6,2.76611998322547
2024-12-26,0.5908633838325709,0.23839882944077237,0.5965246181030471,6,2.753822439334006
2024-12-27,0.5872512194627775,0.23839882944077237,0.5940428533143589,6,2.725600426163733
2024-12-30,0.5864852665361707,0.23839882944077237,0.5935126710875874,6,2.7196159992746147
2025-01-02,0.5864054797729825,0.23839882944077237,0.5934573641210437,6,2.7189926214736655
2025-01-03,0.5926404526490354,0.23839882944077237,0.5977344638302082,6,2.7677067630824332
2025-01-06,0.6008894795986458,0.11954056677820826,0.8010606428688792,8,2.82065987373766
2025-01-07,0.6014376166187292,0.17996489927484083,0.7007754515146557,7,2.824581486812726
2025-01-08,0.6063337424431767,0.17996489927484083,0.7031916802952685,7,2.857393827426357
2025-01-09,0.6064774974328411,0.17996489927484083,0.7032620335682455,7,2.85835722948237
2025-01-10,0.6054424615072583,0.17996489927484083,0.7027547443124232,7,2.851420734679074
2025-01-13,0.6004405597654681,0.11954969436777832,0.8008967042225222,8,2.8217026147865214
2025-01-14,0.6014951725359623,0.17959561637821628,0.7014180253167724,7,2.830588581985515
2025-01-15,0.6012759117677549,0.23927043462504416,0.6020621649026524,6,2.8299198676172233
2025-01-16,0.6057241188955453,0.23927043462504416,0.6049844687358314,6,2.864693014768387
2025-01-17,0.6051528693491472,0.23927043462504416,0.6046115837104369,6,2.8602273628852193
2025-01-20,0.604400723581717,0.36137103734828047,0.40210025691767415,4,2.8562604132428118
2025-01-21,0.6042059179365149,0.36137103734828047,0.4019074844840391,4,2.8539709165920506
2025-01-22,0.6071531000804713,0.3007790744499141,0.5046075291223099,5,2.8868739303403643
2025-01-23,0.6033556913075501,0.3007790744499141,0.5014896208270004,5,2.8510920445658456
2025-01-24,0.6059189723006115,0.3007790744499141,0.5035985202643729,5,2.875245100817192
2025-01-31,0.6035818277818323,0.3007790744499141,0.5016763914923029,5,2.8532228632309105
2025-02-03,0.5959533303355649,0.3007790744499141,0.4952976027828326,5,2.7813417357104804
2025-02-04,0.5992900461848153,0.3007790744499141,0.49810767529892075,5,2.812782645162022
2025-02-05,0.60260751637668,0.3007790744499141,0.5008706890043135,5,2.844042208344195
2025-02-06,0.6056676461066515,0.423189725537435,0.30128391658728965,3,2.8751884301080146
2025-02-07,0.6046008687095719,0.423189725537435,0.3000510792505662,3,2.858379897766041
2025-02-10,0.6045541117771308,0.423189725537435,0.29999694437039226,3,2.8576431785467364
2025-02-11,0.6058330937137508,0.423189725537435,0.30147472970932265,3,2.8777952827301685
2025-02-12,0.6065049548660584,0.423189725537435,0.3022485271684336,3,2.888381371204479
2025-02-13,0.6088826143058025,0.48516358670613563,0.20319027788422078,2,2.9278015165081777
2025-02-14,0.6091354053688068,0.547346842157737,0.10143649944901725,1,2.9367328202745133
2025-02-17,0.6095973202177671,0.547346842157737,0.10211737485622854,1,2.9586870530097817
2025-02-18,0.6099881712438103,0.547346842157737,0.10269269477528252,1,2.9772637114780856
2025-02-19,0.6110543670567692,0.547346842157737,0.1042583579033869,1,3.0279386596243865
2025-02-20,0.6106379998258531,0.547346842157737,0.103647591021466,1,3.008149247979689
2025-02-21,0.6106504002244828,0.547346842157737,0.103665793133804,1,3.0087386233551325
2025-02-24,0.6103918056963977,0.5492812037013811,0.10011700914840328,1,2.998186537306328
2025-02-25,0.6100457401462326,0.5492812037013811,0.09960652529150649,1,2.9812079928368225
2025-02-26,0.6104334532576041,0.48827762306584044,0.20011326302625437,2,2.9934488660191096
2025-02-27,0.6095389385852875,0.48827762306584044,0.198939407875876,2,2.9715286357093476
2025-02-28,0.6054238935803231,0.48827762306584044,0.19349462708138168,2,2.8706887757993407
2025-03-04,0.6052453606622703,0.48827762306584044,0.19325672726915524,2,2.8663137970508563
2025-03-05,0.606596383081007,0.48827762306584044,0.19505352045491164,2,2.899420825352209
2025-03-06,0.6074303075661088,0.48827762306584044,0.19615860949990643,2,2.9198562830815264
2025-03-07,0.6068438315555104,0.48827762306584044,0.19538174786378168,2,2.905484591234175
2025-03-10,0.6071634332300557,0.48827762306584044,0.19580528677715872,2,2.9133164832424714
2025-03-11,0.6060275311991135,0.42780965325836434,0.2940755473404304,3,2.8761518321640276
2025-03-12,0.6086415245065514,0.42780965325836434,0.2971073513178291,3,2.9183375080755765
2025-03-13,0.6078643700625221,0.36678228424547155,0.3966050614091002,4,2.917000079338993
2025-03-14,0.6071824263622578,0.36678228424547155,0.3959273715431259,4,2.908748824082785
2025-03-17,0.6117388664112313,0.3058583344161441,0.5000181430183385,5,2.9589930748393387
2025-03-18,0.6119321880533228,0.3058583344161441,0.5001760973072199,5,2.960863208242188
2025-03-19,0.6140713239895572,0.24465175884281273,0.6015906470711972,6,2.979315191150302
2025-03-20,0.6152630816085529,0.24465175884281273,0.602362361474393,6,2.9889265434267647
2025-03-21,0.6161105224626265,0.24465175884281273,0.6029092996741451,6,2.9957610309535414
2025-03-24,0.6144345668941126,0.3053358052458784,0.5030621294805866,5,2.983225470083533
2025-03-25,0.6125250637789218,0.3053358052458784,0.5015129611805028,5,2.9647961554590894
2025-03-26,0.6157061121113471,0.3664211616909208,0.4048765239077965,4,2.996679096442213
2025-03-27,0.6122373521069719,0.3664211616909208,0.4015047261819161,4,2.954980788629589
2025-03-28,0.6066646248256335,0.3053343288864849,0.49669996173875564,5,2.899250813224677
2025-03-31,0.597610509255581,0.3053343288864849,0.4890746997290471,5,2.8121365990774008
2025-04-01,0.6023543192218316,0.3053343288864849,0.4930984652339845,5,2.8577791882487618
2025-04-02,0.5999338341459892,0.24504906752263983,0.591539843937175,6,2.8401772659783067
2025-04-03,0.5972203576834161,0.24504906752263983,0.589684001273548,6,2.8184610502215826
2025-04-04,0.5942066426978444,0.24504906752263983,0.5876029483446082,6,2.794341996395743
2025-04-07,0.5746616244187781,0.3007649185812735,0.4766225796172279,5,2.638814902129685
2025-04-08,0.5753710124164588,0.3007649185812735,0.47726786353363054,5,2.6456493896564623
2025-04-09,0.5704953957983296,0.3544279132743437,0.37873659299498685,4,2.5997121127973792
2025-04-10,0.5847535699949684,0.3544279132743437,0.3938849945330075,4,2.771265683618765
2025-04-11,0.583476842647585,0.41146075732165427,0.2948121891957022,3,2.757279352593818
2025-04-14,0.5851151786241882,0.41146075732165427,0.2967867313079393,3,2.7835405592265583
2025-04-15,0.5867100991909637,0.4106765465198788,0.30003497964978626,3,2.8079316324564485
2025-04-16,0.5845798559494013,0.4106765465198788,0.2974842661095301,3,2.7739518752337666
2025-04-17,0.5865414268759257,0.35218822023567425,0.3995509880495201,4,2.799997733171633
2025-04-18,0.5877756087398227,0.35218822023567425,0.4008117808924435,4,2.8147434516995546
2025-04-21,0.5882499292101905,0.35218822023567425,0.40129492117655285,4,2.8204105226172804
2025-04-22,0.5880810711227396,0.35218822023567425,0.40112301257496447,4,2.81839304537057
2025-04-23,0.5917731816640823,0.35218822023567425,0.404859444212542,4,2.8625055253941447
2025-04-24,0.5913481470003069,0.41138141655466026,0.30433295742711314,3,2.858844597581294
2025-04-25,0.5930583921025664,0.41138141655466026,0.306339102468153,3,2.8860125355608703
2025-04-28,0.5932410465648853,0.41138141655466026,0.30655267544831677,3,2.888914075870746
2025-04-29,0.594300366536042,0.4723722314570414,0.20516247666087584,2,2.9076834147502524
2025-04-30,0.5938816487939,0.4723722314570414,0.2046020744766726,2,2.89769803579322
2025-05-02,0.5940327864125166,0.4723722314570414,0.2048044447011212,2,2.9013022928968932
2025-05-07,0.5946986474303837,0.4723722314570414,0.20569479433306104,2,2.9171814256083604
2025-05-08,0.5949686039315605,0.4723722314570414,0.20605519629842747,2,2.9236192181708964
2025-05-09,0.5948635680393772,0.4723722314570414,0.20591500835402898,2,2.9211143728252615
2025-05-12,0.5962922462832807,0.4723722314570414,0.20781758541828932,2,2.955184803182627
2025-05-13,0.5963440513160769,0.4723722314570414,0.20788640313497056,2,2.956420224642691
2025-05-14,0.5978720621458007,0.4723722314570414,0.20991084654187125,2,2.9928594906436663
2025-05-15,0.5968347061051341,0.534423753247069,0.10456991227160847,1,2.971086604177765
2025-05-16,0.5967613248591602,0.47471818824118367,0.20450912539746038,2,2.977331716329098
2025-05-19,0.5955478813079998,0.5365780468809601,0.09901778896018316,1,2.950753153724966
2025-05-20,0.5955111868323595,0.5365780468809601,0.0989622718338445,1,2.948917022747623
2025-05-21,0.5960498254933035,0.5365780468809601,0.09977652214414,1,2.975869612032325
2025-05-22,0.5953270349268306,0.5365780468809601,0.09868355475086246,1,2.939702365435401
2025-05-23,0.5952912464876258,0.5365780468809601,0.09862936831859849,1,2.9379115710254
2025-05-26,0.5974081097011927,0.477034516252872,0.2014930689650804,2,2.997200466966644
2025-05-27,0.5970812747288138,0.477034516252872,0.20105597605697043,2,2.9890625531287895
2025-05-28,0.5989403373884964,0.4172734032775047,0.30331390753058485,3,3.02638588219293
2025-05-29,0.6023754865386429,0.4172734032775047,0.3072868790275114,3,3.0836119643201214
2025-05-30,0.6008126943821988,0.4172734032775047,0.3054850418788556,3,3.0575774405240908
2025-06-02,0.6009011414785582,0.4172734032775047,0.3055872680641361,3,3.059050878962699
2025-06-04,0.6057909051826786,0.4172734032775047,0.31119236075082,3,3.1405093563340856
2025-06-05,0.6085946781372744,0.4172734032775047,0.3143656718217562,3,3.187217354837979
2025-06-09,0.611569222024072,0.4172734032775047,0.31770045278524434,3,3.23677022294257
2025-06-10,0.6126632445698109,0.4172734032775047,0.31891882371612096,3,3.254995523013975
2025-06-11,0.6150574394320343,0.4172734032775047,0.32157002496737597,3,3.294880368132927
2025-06-12,0.6159412300333496,0.4172734032775047,0.32254347828783625,3,3.309603418377178
2025-06-13,0.6142124294806612,0.4172734032775047,0.32063666697477233,3,3.280803363973297
2025-06-16,0.6176195457179984,0.48388444729197616,0.21653313816445324,2,3.3397862380849834
2025-06-17,0.6177847482721684,0.48388444729197616,0.21674264596963108,2,3.3439118657130877
2025-06-18,0.6187782328630427,0.48388444729197616,0.21800021139548273,2,3.3687223021908896
2025-06-19,0.6190301213728349,0.48388444729197616,0.2183184136195887,2,3.3750127509095647
2025-06-20,0.621031613856049,0.48388444729197616,0.22083765705985894,2,3.4249963164039037
2025-06-23,0.6206971240691718,0.48388444729197616,0.22041777136049512,2,3.416643053871176
2025-06-24,0.624602176767257,0.5547205042211097,0.11188189081862111,1,3.517709596617892
2025-06-25,0.624705975697042,0.5547205042211097,0.11202945737447613,1,3.522934636004035
2025-06-26,0.6239213116276392,0.6239213116276392,0.0,0,3.490416983078126
2025-06-27,0.6239213116276392,0.6239213116276392,0.0,0,3.463645740062791
2025-06-30,0.6239213116276392,0.6239213116276392,0.0,0,3.4815083475954616
2025-07-01,0.6239213116276392,0.6239213116276392,0.0,0,3.5018531321900963
2025-07-02,0.6239213116276392,0.6239213116276392,0.0,0,3.4853166192521736
2025-07-03,0.6239213116276392,0.6239213116276392,0.0,0,3.5320246177560666
2025-07-04,0.6239213116276392,0.6239213116276392,0.0,0,3.461764272518107
2025-07-07,0.6239213116276392,0.6239213116276392,0.0,0,3.4676466921307054
2025-07-08,0.6239213116276392,0.6239213116276392,0.0,0,3.530528511033787
2025-07-09,0.6239213116276392,0.6239213116276392,0.0,0,3.551825363542599
2025-07-10,0.6245709278177923,0.5615291804648753,0.10093608995407542,1,3.6079180314862462
2025-07-11,0.623759853275278,0.43660263699744306,0.3000469095519661,3,3.5994627616769996
2025-07-14,0.625307430240693,0.43660263699744306,0.3017792274923293,3,3.629226218136894
2025-07-15,0.626088290666883,0.43660263699744306,0.30265005190818656,3,3.6442439560688666
2025-07-16,0.6243851309448536,0.43660263699744306,0.3007478632030327,3,3.6114882861644135
2025-07-17,0.6247334241613655,0.43660263699744306,0.30113770111862814,3,3.6181867639891645
2025-07-18,0.6244847274822318,0.43660263699744306,0.30085938409139784,3,3.6134037561346046
2025-07-21,0.6258248607721608,0.43660263699744306,0.30235651479433057,3,3.63917759466842
2025-07-22,0.6225096579008638,0.3740242172877294,0.3991672056157983,4,3.592854956986932
2025-07-23,0.6235937647431635,0.3740242172877294,0.4002117429096217,4,3.6085300751453606
2025-07-24,0.6241173969706806,0.3740242172877294,0.4007149630772109,4,3.6161012818914418
2025-07-25,0.6245563700955453,0.3740242172877294,0.401136174096646,4,3.6224484013192946
2025-07-28,0.6256122572369609,0.3740242172877294,0.40214691614320214,4,3.6377154903716464
2025-07-29,0.627262325858104,0.3740242172877294,0.4037196211711603,4,3.661573858935271
2025-07-30,0.6291358004445801,0.3740242172877294,0.4054952571075681,4,3.6886624579219984
2025-07-31,0.6277189655467588,0.31094359229164875,0.5046452164770756,5,3.6784277278445865
2025-08-01,0.6154176442185747,0.31094359229164875,0.4947437805647111,5,3.535583538292398
2025-08-04,0.6181838066119789,0.31094359229164875,0.497004630393333,5,3.5677044962540663
2025-08-05,0.6230885229235019,0.31094359229164875,0.5009640189924923,5,3.6246585589772073
2025-08-06,0.6231649094053354,0.31200068033312267,0.49932886845176494,5,3.6248172369629033
2025-08-07,0.6260362593225254,0.3130850981330313,0.49989302780666234,5,3.6582982919448255
2025-08-08,0.6236637007445608,0.1880155274044781,0.6985305907975472,7,3.638270863321584
2025-08-11,0.6228289901329098,0.125503806009108,0.7984939558090803,8,3.6345986013668976
2025-08-12,0.620214239900019,0.125503806009108,0.7976444300451088,8,3.6154892382323274
2025-08-13,0.625558504017778,0.125503806009108,0.7993731917909612,8,3.6545466909972912
2025-08-14,0.6257585649786577,0.125503806009108,0.7994373340884459,8,3.6560087952940643
2025-08-18,0.6182555035155937,0.125503806009108,0.7970033339040993,8,3.601174217094153
2025-08-19,0.6141440627464443,0.18669539400289117,0.6960071661883503,7,3.572022804293373
2025-08-20,0.611232069029706,0.18669539400289117,0.6945589024815749,7,3.54768840177266
2025-08-21,0.6128121680888583,0.18669539400289117,0.6953464638518403,7,3.56089267701096
2025-08-22,0.6164728439349119,0.18669539400289117,0.6971555262495833,7,3.5914835258248425
2025-08-25,0.6220513395832329,0.18669539400289117,0.6998714059068261,7,3.6381008511940522
2025-08-26,0.6168707824106829,0.06255476015745448,0.8985934138216185,9,3.6035317185959266
2025-08-27,0.6182306991780748,0.06255476015745448,0.8988164770196306,9,3.612372349227578
2025-08-28,0.6199883816139575,0.06224272348693804,0.8996066292001998,9,3.6227544231488515
2025-08-29,0.6176241393271328,2.611408194261311e-05,0.9999577184888352,10,3.611068922916502
2025-09-01,0.6092732167225072,2.611408194261311e-05,0.9999571389629055,10,3.562241439889379
2025-09-02,0.6149761912589066,2.611408194261311e-05,0.999957536434233,10,3.5955864851692754
2025-09-03,0.6171917723965277,0.06197717754821768,0.8995819770772979,9,3.609266794364665
2025-09-04,0.6198045811346445,0.18589448704682918,0.7000756485108232,7,3.62786612111664
2025-09-05,0.6201376995162974,0.309866793620869,0.5003258246312671,5,3.632728467964048
2025-09-08,0.6214785750707164,0.3100479509528346,0.5011124061395759,5,3.649128971199946
2025-09-09,0.6253922668922867,0.3100479509528346,0.5042344343438528,5,3.69498690906618
2025-09-10,0.630662111935271,0.3100479509528346,0.5083770769082496,5,3.756735313785717
2025-09-11,0.6335320881178215,0.3100479509528346,0.5106041875890376,5,3.7903637126114997
2025-09-12,0.6384982012695619,0.3100479509528346,0.5144106117505909,5,3.848553196794705
2025-09-15,0.6396367122122184,0.3100479509528346,0.515274928669249,5,3.8618934817350303
2025-09-16,0.6437293543518783,0.3100479509528346,0.5183566682849221,5,3.9098482358408235
2025-09-17,0.6402257973133889,0.3100479509528346,0.5157209343111383,5,3.86879597411282
2025-09-18,0.6448591596033845,0.3100479509528346,0.519200516367749,5,3.9230865135046304
2025-09-19,0.6433056773825634,0.3100479509528346,0.5180394610936193,5,3.904883881716896
2025-09-22,0.6453015295859567,0.4440767535094748,0.31183062002904793,3,3.9314171077536866
2025-09-23,0.6463190674097157,0.4440767535094748,0.31291404524204613,3,3.9512971925330675
2025-09-24,0.6453695091533849,0.5111841566293159,0.20792019241828957,2,3.935372723254259
2025-09-25,0.6451953668710794,0.5782181183996267,0.10380925206618215,1,3.934205306645208
2025-09-26,0.6435540807248663,0.5782181183996267,0.10152365478228118,1,3.8377970961928622
2025-09-29,0.6444254713004951,0.5782181183996267,0.1027385723398819,1,3.8889820807217585
2025-09-30,0.6442979271971978,0.5782181183996267,0.10256095201955585,1,3.8814902129685254
2025-10-01,0.6449005296701138,0.5782181183996267,0.1033995293888147,1,3.9168867379206382
2025-10-02,0.6470074833393467,0.5135936713812589,0.20620134294198586,2,4.022724954380079
2025-10-10,0.6492710506525249,0.5182385673906217,0.20181476307963225,2,4.092305251107913
2025-10-13,0.6483256686692056,0.5182385673906217,0.20065085737791163,2,4.062779811626563
2025-10-14,0.6475004100780086,0.5182385673906217,0.1996320630465917,2,4.0370059730927474
2025-10-15,0.650965117100945,0.5182385673906217,0.20389195399811486,2,4.1452130251957975
2025-10-16,0.6542708693028856,0.5182385673906217,0.20791434907869893,2,4.24845572317492
2025-10-17,0.6542897406514969,0.5182385673906217,0.20793719480517125,2,4.249045098550363
2025-10-20,0.6566776920719349,0.5182385673906217,0.21081746243657704,2,4.323623751827631
2025-10-21,0.6570097552253849,0.5182385673906217,0.21121632781108138,2,4.3339944916070685
2025-10-22,0.6591814119578926,0.5182385673906217,0.21381495595976258,2,4.401817996350406
2025-10-23,0.6577979969404595,0.5182385673906217,0.21216153013380196,2,4.358612247673667
2025-10-24,0.661283026954208,0.5182385673906217,0.21631352043380334,2,4.467454011719503
2025-10-27,0.6649571333646205,0.5182385673906217,0.22064364545067247,2,4.582200863661608
2025-10-28,0.6637805773608121,0.5182385673906217,0.2192622305233223,2,4.545455575831076
2025-10-29,0.6663478065930579,0.5182385673906217,0.2222701684270529,2,4.6256332951750565
2025-10-30,0.6665561172488834,0.5182385673906217,0.22251322284824498,2,4.632139092588605
2025-10-31,0.6673040758928838,0.5182385673906217,0.2233846815678528,2,4.655498758911469
2025-11-03,0.6714546838557331,0.5182385673906217,0.2281853416902086,2,4.785127339083521
2025-11-04,0.667820860516395,0.5182385673906217,0.22398565538984244,2,4.671638576885151
2025-11-05,0.6634166794839995,0.5913492815492412,0.10863066932657132,1,4.538666424871641
2025-11-06,0.6636682248333069,0.6636682248333069,0.0,0,4.563635539335139
2025-11-07,0.6636682248333069,0.6636682248333069,0.0,0,4.481247662333247
2025-11-10,0.6636682248333069,0.6636682248333069,0.0,0,4.616667988983214
2025-11-11,0.6636682248333069,0.6636682248333069,0.0,0,4.654240669167734
2025-11-12,0.6636682248333069,0.6636682248333069,0.0,0,4.704110893243719
2025-11-13,0.6636682248333069,0.6636682248333069,0.0,0,4.727051196318671
2025-11-14,0.6627149015600282,0.5973014023499762,0.098705339288537,1,4.546770336283989
2025-11-17,0.6639815678823501,0.5973014023499762,0.10042472375406186,1,4.634813950061771
2025-11-18,0.6617699567431055,0.5973014023499762,0.09741837588156872,1,4.48108898434755
2025-11-19,0.6613768140418802,0.5973014023499762,0.09688185362942975,1,4.453762368382279
2025-11-20,0.6626053238349252,0.5973014023499762,0.0985562885414095,1,4.539153792970565
2025-11-21,0.6601334655985609,0.5973014023499762,0.09518084830256737,1,4.367339536886965
2025-11-24,0.6600160608930934,0.5973014023499762,0.09501989763439321,1,4.35917895476544
2025-11-25,0.66020716966366,0.5973014023499762,0.09528186030716822,1,4.372462568996589
2025-11-26,0.663962346953626,0.46514876007123196,0.2994350324149933,3,4.489306237178252
2025-11-27,0.6650943161129595,0.39860906971302007,0.4006728669061121,4,4.518820342517766
2025-11-28,0.6610625245593894,0.39860906971302007,0.3970175968170325,4,4.450452798966326
2025-12-01,0.6597203653766428,0.33222656734841227,0.49641304894576066,5,4.443402962744676
2025-12-02,0.6667524066071682,0.2660981505737018,0.6009041018272928,6,4.527910324269798
2025-12-03,0.6712011184301615,0.19926916429679162,0.7031155657743058,7,4.574799669043059
2025-12-04,0.6703422149173933,0.06543559505578964,0.902384791529423,9,4.565970372553243
2025-12-05,0.6810844048548389,0.06543559505578964,0.9039243967570567,9,4.6470548232440585
2025-12-08,0.6893129764032317,0.06543559505578964,0.9050712850391613,9,4.70916592050233
2025-12-09,0.6876162089124135,0.06543559505578964,0.9048370381505584,9,4.69635834022827
2025-12-10,0.6858241309101925,0.0,1.0,10,4.686667648958959
2025-12-11,0.681646447941572,0.06689457196224377,0.9018632427936047,9,4.659035011164129
2025-12-12,0.6901021239874899,0.06689457196224377,0.9030656918200466,9,4.723118249101769
2025-12-15,0.6786509192680712,0.06689457196224377,0.9014300724231097,9,4.636332725067722
2025-12-16,0.6649728836975078,0.06689457196224377,0.8994025567023366,9,4.532670663840688
2025-12-17,0.6735392283015081,0.06689457196224377,0.9006819957154766,9,4.597592628274151
2025-12-18,0.6642819529700204,0.06689457196224377,0.8992979236254175,9,4.527434290312709
2025-12-19,0.668176289797677,0.06689457196224377,0.899884846284355,9,4.556948395652223
2025-12-22,0.6809450485666984,0.06689457196224377,0.9017621581902265,9,4.653719298643304
2025-12-23,0.6823693898012463,0.20614413835893874,0.6978994933829281,7,4.666628886193882
2025-12-24,0.6812263328793217,0.27439789266445186,0.5972001089496035,6,4.656768182797039
2025-12-26,0.6833116576236216,0.27439789266445186,0.5984293702543643,6,4.6806378855025
2025-12-29,0.6921695015420917,0.3447251386119833,0.5019642763167597,5,4.783642566503078
2025-12-30,0.6916998199627223,0.3461928608173111,0.4995041912314385,5,4.776400049870224
2026-01-02,0.6993829455497034,0.4177240011370773,0.4027249251713549,4,4.884595767831439
2026-01-05,0.7087521152133907,0.5655711316568924,0.20201842150889288,2,5.052216391435923
2026-01-06,0.7109350733700561,0.5655711316568924,0.204468659879295,2,5.129243219349647
2026-01-07,0.7117567341947693,0.5655711316568924,0.2053870311508338,2,5.158235954164731
2026-01-08,0.7117988129938456,0.5655711316568924,0.20543400560323427,2,5.159720726745174
2026-01-09,0.7127453005641945,0.6374410394674448,0.10565381635928066,1,5.198200138276531
2026-01-12,0.7133769518498423,0.6374410394674448,0.10644570473645061,1,5.2418025819175105
2026-01-13,0.7144910027916462,0.6374410394674448,0.1078389553166565,1,5.318704734271045
2026-01-14,0.7149911353146727,0.6374410394674448,0.10846301725558823,1,5.353228530301829
2026-01-15,0.7162135537762395,0.6374410394674448,0.10998467411495676,1,5.4376112162667605
2026-01-16,0.7169227042578389,0.6374410394674448,0.1108650407057115,1,5.4865633748540725
2026-01-19,0.7179722272674205,0.6374410394674448,0.11216476730092308,1,5.559011209466275
2026-01-20,0.7176617379039788,0.6374410394674448,0.11178065403184051,1,5.537578347255438
2026-01-21,0.718058757090019,0.6374410394674448,0.11227175607367122,1,5.564984302213558
2026-01-22,0.7187582201721243,0.6374410394674448,0.11313565316192993,1,5.613267746432578
2026-01-23,0.7193746014890782,0.6374410394674448,0.11389554461894269,1,5.655816114882861
2026-01-26,0.7187099473678663,0.6374410394674448,0.11307608611520258,1,5.609935508732956
2026-01-27,0.7209308247501568,0.6374410394674448,0.1158083167156099,1,5.7632411111992665
2026-01-28,0.7221724272181994,0.7221724272181994,0.0,0,5.860669394416802
2026-01-29,0.7221724272181994,0.7221724272181994,0.0,0,5.917838805834816
2026-01-30,0.7221724272181994,0.7221724272181994,0.0,0,5.921363723945642
2026-02-02,0.7221724272181994,0.7221724272181994,0.0,0,5.6100261818676405
2026-02-03,0.7221724272181994,0.7221724272181994,0.0,0,5.993584875721135
2026-02-04,0.7221724272181994,0.7221724272181994,0.0,0,6.087680921239049
2026-02-05,0.7221724272181994,0.7221724272181994,0.0,0,5.8524634757279355
2026-02-06,0.7221724272181994,0.7221724272181994,0.0,0,5.768103458046674
2026-02-09,0.7221724272181994,0.7221724272181994,0.0,0,6.0048736809892445
2026-02-10,0.7221724272181994,0.7221724272181994,0.0,0,6.009010642759184
2026-02-11,0.7221724272181994,0.7221724272181994,0.0,0,6.068854911650364
2026-02-12,0.7221724272181994,0.7221724272181994,0.0,0,6.259019143365561
2026-02-13,0.7221724272181994,0.7221724272181994,0.0,0,6.241723242924662
2026-02-19,0.7221724272181994,0.7221724272181994,0.0,0,6.434675673531379
2026-02-20,0.7221724272181994,0.7221724272181994,0.0,0,6.583470287547178
2026-02-23,0.7221724272181994,0.7221724272181994,0.0,0,6.6260413242811325
2026-02-24,0.7221724272181994,0.7221724272181994,0.0,0,6.7660746466581285
2026-02-25,0.7221724272181994,0.7221724272181994,0.0,0,6.895533214702649
2026-02-26,0.7221724272181994,0.7221724272181994,0.0,0,7.1487492774484585
2026-02-27,0.7221724272181994,0.7221724272181994,0.0,0,7.077185505899421
2026-03-03,0.7221724272181994,0.7221724272181994,0.0,0,6.564632943816659
2026-03-04,0.7221724272181994,0.7221724272181994,0.0,0,5.773090480454273
2026-03-05,0.7221724272181994,0.7221724272181994,0.0,0,6.328871459497444
2026-03-06,0.7221724272181994,0.7221724272181994,0.0,0,6.329970871255483
2026-03-09,0.7221724272181994,0.7221724272181994,0.0,0,5.952543948134967
2026-03-10,0.7221724272181994,0.7221724272181994,0.0,0,6.270715977739746
2026-03-11,0.7221724272181994,0.7221724272181994,0.0,0,6.358396898978794
2026-03-12,0.7222302226532702,0.6499551844963795,0.10007202120588729,1,6.3281347402781405
2026-03-13,0.7209873754919496,0.6499551844963795,0.09852071396826186,1,6.219315644515976
2026-03-16,0.721797860449457,0.6499551844963795,0.09953295775681814,1,6.290278706547735
2026-03-17,0.7229710636390256,0.6499551844963795,0.10099419301116382,1,6.393000034002426
2026-03-18,0.7284902824864976,0.5774941688443127,0.20727265314617788,2,6.7155130399301814
2026-03-19,0.7243666441001195,0.5774941688443127,0.2027598543528554,2,6.532115290890751
2026-03-20,0.7248248544591028,0.5774941688443127,0.20326384326974406,2,6.552494077910891
2026-03-23,0.7152567187927925,0.5774941688443127,0.19260574046895348,2,6.126953722698886
2026-03-24,0.7190327493206317,0.5774941688443127,0.1968458051598481,2,6.294891702274763
2026-03-25,0.7212827711557057,0.5774941688443127,0.19935122265710245,2,6.394960840539959
2026-03-26,0.7166509728940147,0.5774941688443127,0.19417653685412883,2,6.188962812680638
2026-03-27,0.7161007636809753,0.5774941688443127,0.19355739005804515,2,6.1644924004579
2026-03-30,0.7119832415619027,0.5774941688443127,0.18889359308873152,2,5.981366670822519
2026-03-31,0.7062533184743727,0.5774941688443127,0.18231298354562295,2,5.72652982579424
2026-04-01,0.7171158092092457,0.5774941688443127,0.1946988736992034,2,6.2096362873885
2026-04-02,0.7108810392245265,0.5774941688443127,0.18763599395718947,2,5.932346507384194
2026-04-03,0.7145316862725994,0.5774941688443127,0.1917864806572144,2,6.094708089177028
2026-04-06,0.7163928154448211,0.5774941688443127,0.19388615240964374,2,6.177481327001327
2026-04-07,0.7175255991187257,0.5774941688443127,0.19515879356276825,2,6.2278615874599055
2026-04-08,0.7269954723658005,0.6533594355572658,0.10128816424249124,1,6.6557934465991915
2026-04-09,0.7258126240715688,0.6533594355572658,0.09982354413714176,1,6.548878486665383
2026-04-10,0.7268265656921729,0.6533594355572658,0.10107931328148777,1,6.640526357546839
2026-04-13,0.726196457277192,0.6533594355572658,0.10029933496649368,1,6.583572294823697
2026-04-14,0.7280421984331901,0.7280421984331901,0.0,0,6.763932493851228
2026-04-15,0.7280421984331901,0.7280421984331901,0.0,0,6.904067823504744
2026-04-16,0.7280421984331901,0.7280421984331901,0.0,0,7.056693377460926
2026-04-17,0.7280421984331901,0.7280421984331901,0.0,0,7.0180099513765315
2026-04-20,0.7280421984331901,0.7280421984331901,0.0,0,7.048804814743452
2026-04-21,0.7280421984331901,0.7280421984331901,0.0,0,7.24078250915232
2026-04-22,0.7280421984331901,0.7280421984331901,0.0,0,7.274172890999559
2026-04-23,0.7280421984331901,0.7280421984331901,0.0,0,7.339774903943149
2026-04-24,0.7280421984331901,0.7280421984331901,0.0,0,7.33957088939011
2026-04-27,0.7280421984331901,0.7280421984331901,0.0,0,7.497568826576296
2026-04-28,0.7280421984331901,0.7280421984331901,0.0,0,7.527026261206633
2026-04-29,0.7280421984331901,0.7280421984331901,0.0,0,7.5835609606818615
2026-04-30,0.7280421984331901,0.7280421984331901,0.0,0,7.479252853370207
2026-05-04,0.7280421984331901,0.7280421984331901,0.0,0,7.862482857110474
2026-05-06,0.7280421984331901,0.7280421984331901,0.0,0,8.369765043239752
2026-05-07,0.7280421984331901,0.7280421984331901,0.0,0,8.489328905461923
2026-05-08,0.7280421984331901,0.7280421984331901,0.0,0,8.498339548221107
2026-05-11,0.7280421984331901,0.7280421984331901,0.0,0,8.865837763093767
2026-05-12,0.7280421984331901,0.7280421984331901,0.0,0,8.662854616962676
2026-05-13,0.7280421984331901,0.7280421984331901,0.0,0,8.890512189869545
2026-05-14,0.7280421984331901,0.7280421984331901,0.0,0,9.04624329868864
2026-05-15,0.7280421984331901,0.7280421984331901,0.0,0,8.49287649185642
2026-05-18,0.7280421984331901,0.7280421984331901,0.0,0,8.51878634009226
2026-05-19,0.7280421984331901,0.7280421984331901,0.0,0,8.24180258191751
2026-05-20,0.7280421984331901,0.7280421984331901,0.0,0,8.170726178467397
2026-05-21,0.7280421984331901,0.7280421984331901,0.0,0,8.858300558773193
2026-05-22,0.7280421984331901,0.7280421984331901,0.0,0,8.894705822348662
2026-05-26,0.7276862205786689,0.6552379785898711,0.099559727723284,1,9.121161976220971
2026-05-27,0.7293173955589983,0.6552379785898711,0.1015736323035977,1,9.326525292137507
2026-05-28,0.7289265941577284,0.6552379785898711,0.10109195652684914,1,9.277323782429814
2026-05-29,0.7315450805795982,0.6552379785898711,0.1043095005563697,1,9.606988631855739
2026-06-01,0.7343559518424065,0.6552379785898711,0.10773790701095072,1,9.960874542384023
2026-06-02,0.734473975486052,0.6552379785898711,0.10788128584643852,1,9.9757336023303
2026-06-04,0.7330148395469175,0.6552379785898711,0.10610543847259746,1,9.792029831461312
2026-06-05,0.72870423077115,0.6552379785898711,0.10081765561252935,1,9.24932845209625
2026-06-08,0.7226168755186576,0.6552379785898711,0.09324290535067471,1,8.48293644946673
2026-06-09,0.7281311274031509,0.6552379785898711,0.10010991986189373,1,9.177175305171769
2026-06-10,0.7248351978703489,0.6552379785898711,0.09601799068941831,1,8.762221038434076
2026-06-11,0.7251334528904843,0.6552379785898711,0.09638980800292676,1,8.799771050334924
2026-06-12,0.7283714058965831,0.6552379785898711,0.1004067797206962,1,9.207426129730587
2026-06-15,0.7321737297814107,0.6552379785898711,0.10507854633695833,1,9.686134944292693
2026-06-16,0.7337997732989728,0.6552379785898711,0.10706162303090985,1,9.890852214124608
2026-06-17,0.7350388865187562,0.6552379785898711,0.10856691991743857,1,10.046855342347754
2026-06-18,0.7368357987438996,0.6552379785898711,0.11074084659449239,1,10.273084813383356
2026-06-19,0.7367329894372305,0.6552379785898711,0.1106167526305713,1,10.26014122340727
2026-06-22,0.7372923188788546,0.6552379785898711,0.1112914622707007,1,10.330560246630926
2026-06-23,0.7289458805354747,0.7289458805354747,0.0,0,9.298348615534575
2026-06-24,0.7289458805354747,0.7289458805354747,0.0,0,9.601174217094153
2026-06-25,0.7289458805354747,0.7289458805354747,0.0,0,10.121728683312742
2026-06-26,0.7289458805354747,0.7289458805354747,0.0,0,9.53338471477632
2026-06-29,0.7289458805354747,0.7289458805354747,0.0,0,9.514615375896813
2026-06-30,0.7289458805354747,0.7289458805354747,0.0,0,9.607362658536308
2026-07-01,0.7263609613813056,0.6560512924819273,0.09679714720030086,1,9.41120266579016
2026-07-02,0.7180745171554783,0.5837287587656226,0.18709166692343024,2,8.66845368302939
2026-07-03,0.7288991771464044,0.5117602978018309,0.2978997454691319,3,9.167439277335117
2026-07-06,0.7279056098724591,0.5117602978018309,0.29694140165852057,3,9.125491618402114
2026-07-07,0.7173009369582772,0.5117602978018309,0.2865472893818372,3,8.67777034761813
2026-07-08,0.7063069982923471,0.5117602978018309,0.27544212496956105,3,8.213614571172744
2026-07-09,0.7055258455491479,0.44048569872737653,0.37566327086922896,4,8.264754219134298
2026-07-10,0.7122148115703426,0.44048569872737653,0.3815269051254889,4,8.473336431332102
2026-07-13,0.6878982047245048,0.44048569872737653,0.35966441589452053,4,7.7150710083986
2026-07-14,0.6897119275113202,0.44048569872737653,0.3613482946180499,4,7.7716283761575
2026-07-15,0.7052532419238751,0.44048569872737653,0.3754219441434024,4,8.25625361275771
2026-07-16,0.6883950702655022,0.44048569872737653,0.36012659335650277,4,7.730564780287661
2026-07-20,0.677333542094931,0.44048569872737653,0.34967682633139,4,7.385632841809383
2026-07-21,0.6857544498153592,0.44048569872737653,0.35766264608858434,4,7.6482222398531094
2026-07-22,0.687562720529669,0.44048569872737653,0.3593519753542701,4,7.704609595484478
2026-07-23,0.6984374243490532,0.44048569872737653,0.36932689547970443,4,8.043715785059335
2026-07-24,0.6836706677037736,0.44048569872737653,0.3557048451313202,4,7.58324360471047
2026-07-27,0.686037957585643,0.44048569872737653,0.35792809441977913,4,7.657062870484761
2026-07-28,0.6553413110546094,0.37317397145830544,0.4305654699872736,5,6.8273016808532345
2026-07-29,0.6383621874008095,0.42103191996851025,0.3404497818349691,4,6.418796540819912
2026-07-30,0.6355863907548691,0.4718223423546043,0.25765820474187096,3,6.33982024051049
2026-07-31,0.6647965622280403,0.532905648411751,0.1983928938715656,2,7.475376576862483
2026-08-03,0.6580374890988518,0.532905648411751,0.19015913646266927,2,7.092282582824241
2026-08-04,0.6600672107633863,0.532905648411751,0.19264941551114062,2,7.207324122454068
2026-08-05,0.6648527545223983,0.532905648411751,0.19846064442559533,2,7.478561470718245
2026-08-06,0.6586963355579788,0.5926093947237939,0.10032990509686515,1,7.136406396989653
2026-08-07,0.6583015801834979,0.5926093947237939,0.09979041132089139,1,7.093778689546522
2026-08-10,0.6585297252159386,0.5267293176264484,0.2001434446201674,2,7.14012399551168
2026-08-11,0.6604669425673619,0.4610010392040969,0.30200739886829564,3,7.192113704110893
2026-08-12,0.6678071147979487,0.4610010392040969,0.30967935353073167,3,7.456777250110508
2026-08-13,0.6751721199524454,0.4610010392040969,0.31720960392060216,3,7.722336193315123
2026-08-14,0.6803461696683231,0.4610010392040969,0.322402242039754,3,7.908896167926645
2026-08-18,0.6769478311823964,0.4610010392040969,0.3190006408634389,3,7.786362760543586
2026-08-19,0.6644163204914377,0.4610010392040969,0.3061563586169647,3,7.334515862131499
2026-08-20,0.6764055932868989,0.4610010392040969,0.3184547203935342,3,7.766811365877433
2026-08-21,0.6783032687507357,0.4610010392040969,0.320361465966182,3,7.8352355801380495
2026-08-24,0.671513821617489,0.4610010392040969,0.31348987263780453,3,7.590429450634145
2026-08-25,0.6728113299508969,0.5316314403745173,0.20983577905366607,2,7.642317151956839
2026-08-26,0.6741821446894996,0.5316314403745173,0.21144242017954248,2,7.716521778553537
2026-08-27,0.6763630529401923,0.5316314403745173,0.21398509563246784,2,7.8345781999115935
2026-08-28,0.6737774120043432,0.5316314403745173,0.21096873996854854,2,7.694612882385611
2026-08-31,0.6744294231691528,0.5316314403745173,0.21173154356704355,2,7.729907400061205
2026-09-01,0.6747598257439985,0.5316314403745173,0.21211752672392153,2,7.747792675877546
2026-09-02,0.6690420605260725,0.5316314403745173,0.20538412793286623,2,7.438279930635052
2026-09-03,0.6685457761474168,0.464543795984887,0.30514287493987047,3,7.457275952351267
2026-09-04,0.6718860299855484,0.464543795984887,0.30859732863491907,3,7.579378662344581
2026-09-07,0.6812955294075744,0.5373305173730105,0.21131066595982184,2,7.928674245429508
2026-09-08,0.6803082101387034,0.6102919699738303,0.10291841127508654,1,7.88235160774802
2026-09-09,0.681285988223289,0.6102919699738303,0.10420589807608178,1,7.99242879325392
2026-09-10,0.6811075880208708,0.6102919699738303,0.1039712657625986,1,7.9723446939215
2026-09-11,0.6798590886358886,0.6102919699738303,0.10232579048349875,1,7.831790001020073
2026-09-14,0.6775884124703466,0.6102919699738303,0.09931758167346377,1,7.576159766063313
2026-09-15,0.6770134443236139,0.6102919699738303,0.0985526578669988,1,7.511430482041053
2026-09-16,0.6779266882491983,0.6102919699738303,0.09976700939454126,1,7.614242482630428
2026-09-17,0.6779009148565238,0.6102919699738303,0.09973278306757097,1,7.6113409423205525
2026-09-18,0.6797012266057578,0.6102919699738303,0.1021173037726273,1,7.8140180666220855
2026-09-21,0.6808438134552186,0.6102919699738303,0.1036241236053013,1,7.942649242312619
2026-09-22,0.6809464036393406,0.6102919699738303,0.10375917001381503,1,7.954198732842943
2026-09-23,0.6815807714020026,0.6102919699738303,0.10459332836155605,1,8.025615160548119
2026-09-28,0.6796560224912624,0.6102919699738303,0.10205758534027251,1,7.808929036937968
2026-09-29,0.679465440333713,0.6102919699738303,0.101805722931116,1,7.787473506443461
2026-09-30,0.6791355207720174,0.6102919699738303,0.10136938606881914,1,7.750331523648687
2026-10-01,0.6804776500600747,0.6102919699738303,0.10314178589120175,1,7.901426968457084
2026-10-02,0.6806627203359751,0.6806627203359751,0.0,0,7.938138253862109
