date,equity,cash,exposure,positions,benchmark
1996-01-03,1.0054243483473613,0.0,0.0,0,1.0074351970440558
1996-01-04,0.9727566820591553,0.0,0.0,0,0.9747021954232736
1996-01-05,0.9689673232618738,0.0,0.0,0,0.9709052579083975
1996-01-06,0.9709355275327006,0.0,0.0,0,0.972877398587766
1996-01-08,0.9804937609168882,0.0,0.0,0,0.9824547484387219
1996-01-09,0.9976646464520325,0.0,0.0,0,0.9996599757449365
1996-01-10,1.0019404005576218,0.0,0.0,0,1.003944281358737
1996-01-11,0.99989301565521,0.0,0.0,0,1.0018928016865203
1996-01-12,0.993875287654751,0.0,0.0,0,0.9958630382300604
1996-01-13,0.9891470727972476,0.0,0.0,0,0.991125366942842
1996-01-15,0.9789667058791779,0.0,0.0,0,0.9809246392909362
1996-01-16,0.9821452426613752,0.0,0.0,0,0.9841095331466978
1996-01-17,0.9694650300889793,0.0,0.0,0,0.9714039601491573
1996-01-18,0.9605063072010781,0.0,0.0,0,0.9624273198154802
1996-01-19,0.9592959746897076,0.0,0.0,0,0.961214566639087
1996-01-20,0.9532443121328551,0.0,0.0,0,0.9551508007571208
1996-01-22,0.9533348042832378,0.0,0.0,0,0.9552414738918042
1996-01-23,0.9624179538779157,0.0,0.0,0,0.9643427897856715
1996-01-24,0.9790685095483584,0.0,0.0,0,0.9810266465674551
1996-01-25,0.9820321274733965,0.0,0.0,0,0.9839961917283433
1996-01-26,0.981138517488366,0.0,0.0,0,0.9831007945233426
1996-01-27,0.9781862110821258,0.0,0.0,0,0.98014258350429
1996-01-29,0.9876652638347284,0.0,0.0,0,0.9896405943623978
1996-01-30,0.9902669131582352,0.0,0.0,0,0.9922474469845517
1996-01-31,0.9940788949931124,0.0,0.0,0,0.9960670527830986
1996-02-01,1.001216463354559,0.0,0.0,0,1.003218896281268
1996-02-02,0.9970877589933419,0.0,0.0,0,0.9990819345113285
1996-02-03,1.0006508874146662,0.0,0.0,0,1.0026521891894955
1996-02-05,1.0074943562873686,0.0,0.0,0,1.0095093449999433
1996-02-06,0.9967823479857998,0.0,0.0,0,0.9987759126817713
1996-02-07,0.9996780967980508,0.0,0.0,0,1.0016774529916468
1996-02-08,1.005605332648127,0.0,0.0,0,1.007616543313423
1996-02-09,0.9975402197452561,0.0,0.0,0,0.9995353001847466
1996-02-10,0.9899954367070867,0.0,0.0,0,0.9919754275805008
1996-02-12,0.9785821142400507,0.0,0.0,0,0.9805392784685308
1996-02-13,0.9707319201943392,0.0,0.0,0,0.9726733840347278
1996-02-14,0.9840795123758084,0.0,0.0,0,0.9860476714005599
1996-02-15,0.9833668866915435,0.0,0.0,0,0.9853336204649266
1996-02-16,0.9931852850080818,0.0,0.0,0,0.995171655578098
1996-02-17,1.005978612768456,0.0,0.0,0,1.007990569993993
1996-02-21,0.9990672747829665,0.0,0.0,0,1.0010654093325324
1996-02-22,0.9972234972189161,0.0,0.0,0,0.999217944213354
1996-02-23,0.9915111802259992,0.0,0.0,0,0.9934942025864512
1996-02-24,0.9825298343005022,0.0,0.0,0,0.9844948939691032
1996-02-26,0.9717160223297525,0.0,0.0,0,0.973659454374412
1996-02-27,0.9726435668711767,0.0,0.0,0,0.974588854004919
1996-02-28,0.9673723991113763,0.0,0.0,0,0.9693071439095989
1996-02-29,0.9646802576374868,0.0,0.0,0,0.9666096181527617
1996-03-02,0.9688428965550974,0.0,0.0,0,0.9707805823482075
1996-03-04,0.9672479724045998,0.0,0.0,0,0.969182468349409
1996-03-05,0.9702115903296379,0.0,0.0,0,0.9721520135102971
1996-03-06,0.9626781188102662,0.0,0.0,0,0.9646034750478867
1996-03-07,0.9526787361929623,0.0,0.0,0,0.9545840936653482
1996-03-08,0.960517618719876,0.0,0.0,0,0.9624386539573156
1996-03-09,0.9768966979391703,0.0,0.0,0,0.9788504913350486
1996-03-11,0.9595108935468668,0.0,0.0,0,0.9614299153339605
1996-03-12,0.9551672703284904,0.0,0.0,0,0.9570776048691473
1996-03-13,0.9488893773956808,0.0,0.0,0,0.9507871561504722
1996-03-14,0.9551785818472882,0.0,0.0,0,0.9570889390109828
1996-03-15,0.9688089619987038,0.0,0.0,0,0.9707465799227012
1996-03-16,0.9689220771866824,0.0,0.0,0,0.9708599213410557
1996-03-18,0.9660053798482329,0.0,0.09971729181612464,1,0.9684570832719401
1996-03-19,0.9660470834615329,0.0,0.09378234537101625,1,0.9748835416926408
1996-03-20,0.9734597089201297,0.0,0.09038418056626776,1,0.9860476714005599
1996-03-21,0.9724349959975926,0.0,0.09128872095534823,1,0.9840301941538497
1996-03-22,0.9763433864285564,0.0,0.09092328399085776,1,0.9883825046186628
1996-03-23,0.9716828282638573,0.0,0.08999871471932794,1,0.9846649060966349
1996-03-25,0.9653080624277726,0.0,0.08977778197440166,1,0.9784424622289724
1996-03-26,0.96024627150209,0.0,0.08943146193176321,1,0.9736821226580831
1996-03-27,0.9557718213219354,0.0,0.08714936185772308,1,0.9715739722766892
1996-03-28,0.953536267033062,0.0,0.08570300821430106,1,0.9708372530573848
1996-03-29,0.9667825686815202,0.0,0.08749181960090027,1,0.9823980777295447
1996-03-30,0.9771790023074003,0.0,0.08949251411675196,1,0.9907853426877784
1996-04-01,0.9797399492131411,0.0,0.08739501895206289,1,0.9956703578188578
1996-04-02,0.9858468092615222,0.0,0.0868536476714015,1,1.0024708429201283
1996-04-03,0.986918784955596,0.0,0.08755672871834072,1,1.002788198891521
1996-04-04,0.9854367166584026,0.0,0.08954120854113823,1,0.9991046027949995
1996-04-06,0.980178925774553,0.0,0.0894755434929048,1,0.9938455609833502
1996-04-08,0.9788094552479645,0.0,0.08802483814807799,1,0.9940382413945528
1996-04-09,0.9701489037515757,0.0,0.08744781570096359,1,0.9858663251311928
1996-04-10,0.9688978238704448,0.0,0.0,0,0.9851296059118884
1996-04-12,0.9919171872434613,0.0,0.0,0,1.0085346088020946
1996-04-13,0.9983269373352214,0.0,0.0,0,1.015051740357479
1996-04-15,1.0122834714480622,0.0,0.0,0,1.0292420859354634
1996-04-16,1.0118821653553607,0.0,0.0,0,1.0288340568293872
1996-04-17,1.0282353886329467,0.0,0.0,0,1.0454612429019936
1996-04-18,1.044387958864182,0.0,0.0,0,1.061884414421562
1996-04-19,1.0571851642647743,0.0,0.0,0,1.0748960092486597
1996-04-20,1.0497387067668686,0.0,0.0,0,1.0673248025025786
1996-04-22,1.0596821799526945,0.0,0.0,0,1.077434857019801
1996-04-23,1.0484679041399805,0.0,0.0,0,1.0660327103333371
1996-04-24,1.066370614831053,0.0,0.0,0,1.0842353421210713
1996-04-25,1.0753777071339088,0.0,0.0,0,1.0933933287241158
1996-04-26,1.0752439384363417,0.0,0.0,0,1.0932573190220904
1996-04-27,1.0795691263243465,0.0,0.0,0,1.0976549660542454
1996-04-29,1.0980515013715433,0.0,0.0,0,1.116446973217423
1996-04-30,1.09344762869694,0.0,0.0,0,1.1117659726393816
1996-05-02,1.0718439840398428,0.0,0.0,0,1.0898004057622777
1996-05-03,1.0764701514973738,0.0,0.0,0,1.0945040746239898
1996-05-04,1.075333117568053,0.0,0.0,0,1.093347992156774
1996-05-06,1.0858674025014674,0.0,0.0,0,1.1040587561912751
1996-05-07,1.1000691792265147,0.0,0.0,0,1.1184984528896396
1996-05-08,1.088821461239409,0.0,0.0,0,1.1070623037776695
1996-05-09,1.0691909048714272,0.0,0.0,0,1.0871028800054403
1996-05-10,1.0766485097607967,0.0,0.0,0,1.0946854208933572
1996-05-11,1.0820104050549473,0.0,0.0,0,1.100137143116209
1996-05-13,1.0910286447492672,0.0,0.0,0,1.1093064638610888
1996-05-14,1.0747311584290007,0.0,0.0,0,1.0927359484976595
1996-05-15,1.068109607899426,0.0,0.0,0,1.0860034682474016
1996-05-16,1.0489249471900017,0.0,0.0,0,1.0664974101485907
1996-05-17,1.0450790971349457,0.0,0.0,0,1.06258713121536
1996-05-18,1.0351657296490093,0.0,0.10002308649931614,1,1.0527150936766823
1996-05-20,1.0398236459807926,0.0,0.09800634533044492,1,1.05982160060751
1996-05-21,1.0248624609608978,0.0,0.09970541385732734,1,1.0426050391594601
1996-05-22,1.0310339383137133,0.0,0.10108617857063366,1,1.047274705595666
1996-05-23,1.0312618237745241,0.0,0.10701364109298196,1,1.0405988960545853
1996-05-25,1.0243424671363366,0.0,0.10719954042021261,1,1.0334017159890738
1996-05-27,1.0308576429048653,0.0,0.10440611804283924,1,1.0432284169604098
1996-05-28,1.013872633514031,0.0,0.10347067946800939,1,1.0271112672703988
1996-05-29,1.0000101983421346,0.0,0.10299886339282432,1,1.013600970202541
1996-05-30,1.0047009759834657,0.0,0.10292386021225296,1,1.0184406487662787
1996-05-31,1.0092447555056885,0.0,0.10246048071403975,1,1.023575015017738
1996-06-01,1.0135995891169007,0.0,0.10147760806066648,1,1.0291174103752736
1996-06-03,1.0021335329314136,0.0,0.10196678632042028,1,1.0169218737603283
1996-06-04,1.0184680471955125,0.0,0.10434466701459749,1,1.0307608609414138
1996-06-05,1.0224324355239434,0.0,0.10406993563899467,1,1.0350905031225561
1996-06-07,1.0148147518072368,0.0,0.10270177942837082,1,1.0289473982477417
1996-06-08,1.010291033121757,0.0,0.10316164093698638,1,1.0238357002799534
1996-06-10,0.9977414976717928,0.0,0.10309049195094468,1,1.0111981321334256
1996-06-11,0.9942208208234482,0.0,0.10345554999508776,1,1.0072198483491823
1996-06-12,0.9723116571393878,0.0,0.0,0,0.9898219406317651
1996-06-13,0.9738369654151214,0.0,0.0,0,0.9913747180632219
1996-06-14,0.9603095964004033,0.0,0.0,0,0.977603735733149
1996-06-15,0.9569249707374615,0.0,0.0,0,0.9741581566151719
1996-06-17,0.9535180778004213,0.0,0.0,0,0.9706899092135238
1996-06-18,0.9600646563853219,0.0,0.0,0,0.977354384612769
1996-06-19,0.9681365432459562,0.0,0.0,0,0.985571637443471
1996-06-20,0.9594077717994222,0.0,0.0,0,0.9766856702444775
1996-06-21,0.9622468492469555,0.0,0.0,0,0.9795758764125174
1996-06-22,0.9534401423410773,0.0,0.0,0,0.9706105702206758
1996-06-24,0.937986654116856,0.0,0.0,0,0.9548787813530699
1996-06-25,0.9318186191916265,0.0,0.0,0,0.9485996667762301
1996-06-26,0.9169997482792067,0.0,0.0,0,0.9335139239932448
1996-06-27,0.9130139062156106,0.0,0.0,0,0.9294563012161534
1996-06-28,0.9168884119087152,0.0,0.0,0,0.9334005825748903
1996-06-29,0.9100968933087332,0.0,0.0,0,0.9264867560552652
1996-07-01,0.9283115235211439,0.0,0.0,0,0.945029412098063
1996-07-02,0.9329208492594923,0.0,0.0,0,0.9497217468179396
1996-07-03,0.9332659920080161,0.0,0.0,0,0.9500731052148387
1996-07-04,0.9369066913230883,0.0,0.0,0,0.9537793695950312
1996-07-05,0.9409259342978318,0.0,0.0,0,0.9578709947976289
1996-07-06,0.9467933610227343,0.0,0.0,0,0.9638440875449116
1996-07-08,0.9441212881309381,0.0,0.0,0,0.9611238935044034
1996-07-09,0.9553217270023837,0.0,0.0,0,0.972526040190867
1996-07-10,0.9561456161440208,0.0,0.0,0,0.9733647666866904
1996-07-11,0.943453269907989,0.0,0.0,0,0.9604438449942763
1996-07-12,0.935025106661782,0.0,0.0,0,0.95186389962484
1996-07-13,0.9299927027155657,0.0,0.0,0,0.946740867515216
1996-07-15,0.9064005258084151,0.0,0.0,0,0.9227238209658957
1996-07-16,0.9047861484362882,0.0,0.0,0,0.9210803703997552
1996-07-18,0.9090280641520148,0.0,0.0,0,0.9253986784390621
1996-07-19,0.9323196328588382,0.0,0.0,0,0.9491097031588254
1996-07-20,0.9352811803139123,0.0,0.0,0,0.9521245848870553
1996-07-22,0.9338338074975228,0.0,0.0,0,0.9506511464484467
1996-07-23,0.9338672084086701,0.0,0.0,0,0.9506851488739531
1996-07-24,0.9268530170677052,0.0,0.0,0,0.943544639517619
1996-07-25,0.9132811135047904,0.0,0.0,0,0.9297283206202043
1996-07-26,0.906311456712022,0.0,0.0,0,0.922633147831212
1996-07-27,0.895756768789427,0.0,0.0,0,0.9118883813712044
1996-07-29,0.896424787012376,0.0,0.0,0,0.9125684298813316
1996-07-30,0.8987962517038451,0.0,0.0,0,0.9149826020922825
1996-07-31,0.9148620899657698,0.0,0.0,0,0.9313377687608384
1996-08-01,0.9299593018044182,0.0,0.0,0,0.9467068650897098
1996-08-02,0.919894493911986,0.0,0.0,0,0.9364608008704621
1996-08-03,0.9175007619464185,0.0,0.0,0,0.9340239603758402
1996-08-05,0.9177457019614997,0.0,0.0,0,0.9342733114962201
1996-08-06,0.9219208158549314,0.0,0.0,0,0.9385236146845142
1996-08-07,0.9285787308103235,0.0,0.0,0,0.9453014315021139
1996-08-08,0.9321080937549044,0.0,0.0,0,0.9488943544639519
1996-08-09,0.9269977543493442,0.0,0.0,0,0.9436919833614799
1996-08-10,0.9316293473617908,0.0,0.0,0,0.9484069863650274
1996-08-12,0.9329876510817873,0.0,0.0,0,0.9497897516689524
1996-08-13,0.9279107125873745,0.0,0.0,0,0.9446213829919867
1996-08-14,0.9194602820670691,0.0,0.0,0,0.9360187693388796
1996-08-16,0.907346884957593,0.0,0.0,0,0.923687223021909
1996-08-17,0.9025928219376057,0.0,0.0,0,0.9188475444581714
1996-08-19,0.8912699130586192,0.0,0.0,0,0.9073207222115178
1996-08-20,0.8839105789691305,0.0,0.0,0,0.8998288544582846
1996-08-21,0.8785775668225874,0.0,0.0,0,0.8943998005191037
1996-08-22,0.8680117452629432,0.0,0.0,0,0.8836436999172608
1996-08-23,0.8700046662947412,0.0,0.0,0,0.8856725113058065
1996-08-24,0.8707951545252309,0.0,0.0,0,0.8864772353761236
1996-08-26,0.8538274916623251,0.0,0.0,0,0.8692040032188963
1996-08-27,0.8481048022190616,0.0,0.0,0,0.8633782543154745
1996-08-28,0.838752547097775,0.0,0.0,0,0.8538575751736958
1996-08-29,0.853014736157737,0.0,0.0,0,0.8683766108649084
1996-08-30,0.871619043666868,0.0,0.0,0,0.887315961871947
1996-08-31,0.8700826017540852,0.0,0.0,0,0.8857518502986547
1996-09-02,0.8620329821675492,0.0,0.0,0,0.8775572657516236
1996-09-03,0.8570673800436279,0.0,0.0,0,0.8725022384930124
1996-09-04,0.8813832433589733,0.0,0.0,0,0.8972560042616373
1996-09-05,0.8763731066868554,0.0,0.0,0,0.8921556404356844
1996-09-06,0.8729328128386679,0.0,0.0,0,0.8886533906085301
1996-09-07,0.8742799829216151,0.0,0.0,0,0.8900248217706197
1996-09-09,0.8877739510251859,0.0,0.0,0,0.9037618016751862
1996-09-10,0.8940755895950052,0.0,0.0,0,0.9101769259540514
1996-09-11,0.8923053413041903,0.0,0.0,0,0.9083747974022148
1996-09-12,0.8879854901291198,0.0,0.0,0,0.9039771503700599
1996-09-13,0.8742020474622711,0.0,0.0,0,0.8899454827777716
1996-09-14,0.8703498090432649,0.0,0.0,0,0.8860238697027055
1996-09-16,0.8705168135990021,0.0,0.0,0,0.8861938818302373
1996-09-17,0.8703832099544123,0.0,0.0,0,0.8860578721282119
1996-09-18,0.8707617536140835,0.0,0.0,0,0.8864432329506172
1996-09-19,0.8607971484550935,0.0,0.0,0,0.8762991760078885
1996-09-20,0.8454327293272654,0.0,0.0,0,0.8606580602749664
1996-09-21,0.8554752699455994,0.0,0.0,0,0.870881456210543
1996-09-23,0.856399361820679,0.0,0.0,0,0.8718221899828855
1996-09-24,0.8660967596904893,0.0,0.0,0,0.8816942275215632
1996-09-25,0.88313122437569,0.0,0.0,0,0.8990354645298032
1996-09-30,0.8791899168602906,0.0,0.0,0,0.8950231783200535
1996-10-01,0.8789672441193076,0.0,0.0,0,0.8947964954833445
1996-10-02,0.884021915339622,0.0,0.0,0,0.8999421958766393
1996-10-04,0.8644489814072149,0.0,0.0,0,0.8800167745299164
1996-10-05,0.8654287414675402,0.0,0.0,0,0.8810141790114361
1996-10-07,0.88549155543011,0.0,0.0,0,0.9014383025989188
1996-10-08,0.8880411583143655,0.0,0.0,0,0.904033821079237
1996-10-09,0.9104865706054535,0.0,0.0,0,0.9268834510195061
1996-10-10,0.924325681457548,0.0,0.0,0,0.9409717893209717
1996-10-11,0.9279107125873745,0.0,0.0,0,0.9446213829919867
1996-10-12,0.9361162030925986,0.0,0.0,0,0.9529746455247141
1996-10-14,0.9377639813758729,0.0,0.0,0,0.9546520985163608
1996-10-15,0.9225442995296839,0.0,0.0,0,0.9391583266272995
1996-10-16,0.9298479654339267,0.0,0.0,0,0.9465935236713552
1996-10-17,0.9349249039283395,0.0,0.0,0,0.9517618923483209
1996-10-18,0.9243702160057445,0.0,0.0,0,0.9410171258883134
1996-10-19,0.9254056442513156,0.0,0.0,0,0.9420712010790103
1996-10-21,0.9270088879863932,0.0,0.0,0,0.9437033175033153
1996-10-22,0.9120898143405313,0.0,0.0,0,0.928515567443811
1996-10-23,0.904029061116946,0.0,0.0,0,0.9203096487549446
1996-10-24,0.8944336567812107,0.0,0.098992555834234,1,0.9117637058110146
1996-10-25,0.8889350887956253,0.0,0.1054328261324089,1,0.8996815106144238
1996-10-26,0.8897873517372292,0.0,0.10850767401617215,1,0.89744868467284
1996-10-28,0.8724787477062053,0.0,0.10429058078649946,1,0.8841537362998562
1996-10-29,0.8533248689342305,0.0,0.10033958422147032,1,0.8685579571342756
1996-10-30,0.838991744982823,0.0,0.09599116081111936,1,0.8580965442201545
1996-10-31,0.8402461983561533,0.0,0.09674467190269845,1,0.858663251311927
1996-11-01,0.8502621639663211,0.0,0.09527268704392383,1,0.8703147491187705
1996-11-02,0.8496254054764856,0.0,0.09711793344714466,1,0.867889242765984
1996-11-04,0.8264784809734437,0.0,0.09402540544587394,1,0.8471364290652733
1996-11-05,0.8090448655421457,0.0,0.19148833817000413,2,0.8315293157578574
1996-11-06,0.8292386215457195,0.0,0.19651157943891515,2,0.8469890852214125
1996-11-07,0.8250835207350496,0.0,0.198441046678196,2,0.8407213047864082
1996-11-08,0.8130963547409512,0.0,0.1895298264280773,2,0.8377177572000136
1996-11-09,0.796828869919026,0.0,0.18225982285623227,2,0.8283217536184249
1996-11-11,0.7898128471137682,0.0,0.17645196599598081,2,0.8268596493216516
1996-11-12,0.8128862460360051,0.0,0.1745898855754949,2,0.8529395096850242
1996-11-13,0.8060879650126458,0.0,0.1734023987342364,2,0.8470230876469189
1996-11-14,0.8057805965617809,0.0,0.17783399366649896,2,0.8421607407995104
1996-11-15,0.8136019995692283,0.0,0.09418069708088915,1,0.8503893277720478
1996-11-16,0.8169919175493665,0.0,0.1910077383949879,2,0.8576205102630654
1996-11-18,0.8155071826951218,0.0,0.19580076807374378,2,0.8509900372893268
1996-11-19,0.8149659527466171,0.0,0.19930739672232078,2,0.8467170658173616
1996-11-20,0.8160639217604044,0.0,0.20349944328346023,2,0.8434188305432454
1996-11-21,0.8158316556047676,0.0,0.2024482658563257,2,0.8442915594645751
1996-11-22,0.7993978750563577,0.0,0.20077082472139582,2,0.8290244704122228
1996-11-25,0.7839618850583597,0.0,0.201735988264764,2,0.8120345918008819
1996-11-26,0.7839141302874945,0.0,0.20222220483514639,2,0.8114905529927802
1996-11-27,0.790091168183076,0.0,0.20110743003684545,2,0.8190277573133551
1996-11-28,0.8089666779003719,0.0,0.10367567599624927,1,0.8352355801380499
1996-11-29,0.8076105362483523,0.0,0.10633733662817568,1,0.8313593036303256
1996-11-30,0.8017077731789786,0.0,0.10837335140073684,1,0.8234027360618391
1996-12-02,0.8080580485644002,0.0,0.11373649925745151,1,0.8249328452096251
1996-12-03,0.80585398817251,0.0,0.11404757560230412,1,0.8223939974384841
1996-12-04,0.7972945172584691,0.0,0.11653193203674603,1,0.8113772115744257
1996-12-05,0.7853670671997697,0.0,0.11510448891649118,1,0.8005304378378991
1996-12-06,0.7740372233055857,0.0,0.11030036202109682,1,0.7932652529213751
1996-12-07,0.7698156108733287,0.0,0.11025279849960636,1,0.7889809473075746
1996-12-09,0.7659388260768788,0.0,0.11081084094168832,1,0.7845152954244069
1996-12-10,0.7740882283969683,0.0,0.0,0,0.7965974906209977
1996-12-11,0.7761257954082432,0.0,0.0,0,0.798694306860556
1996-12-12,0.7592745655312124,0.0,0.0,0,0.7813530698523161
1996-12-13,0.7589331353833771,0.0,0.0,0,0.7810017114554172
1996-12-14,0.7570277348809417,0.0,0.0,0,0.7790409049178842
1996-12-16,0.7422471136423955,0.0,0.0,0,0.763830486574709
1996-12-17,0.7306054469887867,0.0,0.0,0,0.7518502986546374
1996-12-18,0.7284467273444089,0.0,0.0,0,0.749628806854889
1996-12-19,0.7610257717733352,0.0,0.0,0,0.7831551984041529
1996-12-20,0.7719295087525905,0.0,0.0,0,0.7943759988212493
1996-12-21,0.7664826809133578,0.0,0.10380073483985054,1,0.7856147071824457
1996-12-23,0.7582274168624881,0.0,0.10493087397188444,1,0.776173367033515
1996-12-24,0.7477980780822149,0.0,0.10179067994134844,1,0.7681827970395222
1996-12-26,0.7234787065646867,0.0,0.09728175756363887,1,0.7469312810980517
1996-12-27,0.7104035093068639,0.0,0.09153416460232286,1,0.7381019846082354
1997-01-03,0.7180428452462179,0.0,0.09765236983887822,1,0.7410148590599462
1997-01-04,0.7132401224951039,0.0,0.10599899248373043,1,0.7292500198347482
1997-01-06,0.6984154029311636,0.0,0.1104924364865091,1,0.7105033492389125
1997-01-07,0.6799952893904865,0.0,0.10945306779342294,1,0.692572736855229
1997-01-08,0.6910457830620219,0.0,0.10883651262390209,1,0.7043149077967562
1997-01-09,0.715216014990519,0.0,0.11337395226606987,1,0.7252377336249987
1997-01-10,0.7198952111488337,0.0,0.2078945887679829,2,0.7352344467238664
1997-01-11,0.7355284550502237,0.0,0.2117631705902261,2,0.7475319906153306
1997-01-13,0.736483970292712,0.0,0.2127858300581467,2,0.7475319906153306
1997-01-14,0.7592422903654574,0.0,0.20506403722601713,2,0.7781908442802253
1997-01-15,0.7747280520054787,0.0,0.20601025414970592,2,0.7931179090775142
1997-01-16,0.7887050360029876,0.0,0.20659480809466788,2,0.8068322206984099
1997-01-17,0.7753089682596832,0.0,0.2049951572697434,2,0.7947273572181482
1997-01-18,0.7684936489519518,0.0,0.20589458762257398,2,0.7868501286425099
1997-01-20,0.7957569969444239,0.0,0.09356587884309946,1,0.8143127543098075
1997-01-21,0.7661383271262969,0.0,0.09511004162926649,1,0.7826678303052285
1997-01-22,0.7550775990229857,0.0,0.0972782065118006,1,0.7695202257761055
1997-01-23,0.7564835756444445,0.0,0.10165005791212868,1,0.7672193949835088
1997-01-24,0.7651877822315953,0.0,0.10839211998727229,1,0.7702229425699033
1997-01-25,0.7773635261700049,0.0,0.11518950689106734,1,0.7765133912885787
1997-01-27,0.7561539165537753,0.0,0.11746977054895093,1,0.7533804078024233
1997-01-28,0.7538702793920549,0.0,0.11726010233870154,1,0.7512835915628648
1997-01-29,0.7616299220145356,0.0,0.12531774046406793,1,0.7520883156331818
1997-01-30,0.7739139215220896,0.0,0.12238891800578656,1,0.7667773634519263
1997-01-31,0.7819834571999544,0.0,0.11947972107709016,1,0.7773407836425665
1997-02-01,0.7775992522719023,0.0,0.0,0,0.7742692312051593
1997-02-03,0.7822890022746254,0.0,0.0,0,0.7789388976413651
1997-02-04,0.7921921151444534,0.0,0.0,0,0.7887996010382075
1997-02-05,0.7952085805588263,0.0,0.0,0,0.791803148624602
1997-02-06,0.7970526084725184,0.0,0.0,0,0.793639279601945
1997-02-10,0.807946032629329,0.0,0.0,0,0.8044860533384715
1997-02-11,0.8091735998895604,0.0,0.09695803184377172,1,0.8086116809665755
1997-02-12,0.8058974933981684,0.0,0.0944689732961073,1,0.8075576057758788
1997-02-13,0.8107996294492034,0.0,0.09462563376869065,1,0.8123292794886036
1997-02-14,0.8151935840344638,0.0,0.09411559450252839,1,0.8171916263360121
1997-02-15,0.8153777042074183,0.0,0.09266204184012249,1,0.8186877330582916
1997-02-17,0.8034365963660718,0.0,0.09114719492738217,1,0.808044973874803
1997-02-18,0.7955620230485552,0.0,0.08986297156223931,1,0.801255822915368
1997-02-19,0.8065180988082333,0.0,0.09367993483892728,1,0.8088837003706264
1997-02-20,0.8021709382458309,0.0,0.09201149995590018,1,0.8060048283444219
1997-02-21,0.7719385777360421,0.0,0.08883879091432044,1,0.7783381881240863
1997-02-22,0.766325787263495,0.0,0.089489471770327,1,0.7721270783982591
1997-02-24,0.760401430449434,0.0,0.08865897464085967,1,0.7668567024447744
1997-02-25,0.7720030138249829,0.0,0.09410231719432097,1,0.7739065386664249
1997-02-26,0.7682499359387496,0.0,0.0938097224903854,1,0.7703929546974352
1997-02-27,0.7594399859621322,0.0,0.09718865560590983,1,0.7587187886069207
1997-02-28,0.767900382502371,0.0,0.0976387286824652,1,0.7667886975937617
1997-03-03,0.7710857435187254,0.0,0.0972353823586021,1,0.7703136157045869
1997-03-04,0.7685162362166441,0.0,0.09377721627387216,1,0.7706876423851569
1997-03-05,0.76506301875306,0.0,0.09647434190366223,1,0.7649412324745832
1997-03-06,0.7703702390950725,0.0,0.0,0,0.768579492003763
1997-03-07,0.7739033700673126,0.0,0.0,0,0.7721044101145882
1997-03-08,0.7669166319710823,0.0,0.0,0,0.7651339128857859
1997-03-10,0.7581462875641071,0.0,0.0,0,0.7563839553888178
1997-03-11,0.7451952608491437,0.0,0.0,0,0.7434630336964038
1997-03-12,0.7542268979003681,0.0,0.0,0,0.7524736764555872
1997-03-13,0.7474105680503874,0.0,0.0,0,0.7456731913543166
1997-03-14,0.7294381783459383,0.0,0.0,0,0.7277425789706333
1997-03-15,0.7291541646021891,0.0,0.0,0,0.7274592254247471
1997-03-17,0.7485466230253842,0.0,0.0,0,0.7468066055378617
1997-03-18,0.7474900918986372,0.0,0.0,0,0.7457525303471648
1997-03-19,0.7354003238444391,0.0,0.1016434003087868,1,0.732514252683358
1997-03-20,0.7318941030321279,0.0,0.10213033442141362,1,0.7286266420337985
1997-03-21,0.7181262994135539,0.0,0.10659576752972452,1,0.7113647440184067
1997-03-22,0.7090237032569968,0.0,0.10161384694477504,1,0.7062643801924537
1997-03-24,0.6972592074308094,0.0,0.09506159483011016,1,0.6996112389350441
1997-03-25,0.721541860495613,0.0,0.0948584539397824,1,0.7241383218669598
1997-03-26,0.7450585462785987,0.0,0.09911605067462341,1,0.7442224211993789
1997-03-27,0.7404292741109232,0.0,0.10034507475621093,1,0.7385893527071598
1997-03-28,0.7412252144867132,0.0,0.09962864077640546,1,0.7399721180110849
1997-03-29,0.7549631135398915,0.0,0.09662318865316062,1,0.7562026091194506
1997-03-31,0.7671403110812507,0.0,0.09743796333473456,1,0.7677067630824332
1997-04-01,0.7686377634538399,0.0,0.10498144976941944,1,0.7627764113840121
1997-04-02,0.7810314697855127,0.0,0.11150123192722548,1,0.7694295526414218
1997-04-03,0.7784779465046978,0.0,0.10874439638481237,1,0.7692935429393963
1997-04-04,0.7941052346313165,0.0,0.11511008013899916,1,0.7791315780525677
1997-04-07,0.803552088344401,0.0,0.11599764733956693,1,0.787609516145485
1997-04-08,0.8036236438711828,0.0,0.11598731878238205,1,0.7876888551383333
1997-04-09,0.8146002038014502,0.0,0.1232687062207923,1,0.7918711534756145
1997-04-10,0.8032940495254465,0.0,0.12444329025898962,1,0.7798342948463657
1997-04-11,0.8089260981132688,0.0,0.0,0,0.7865214385292818
1997-04-12,0.8124348561547723,0.0,0.0,0,0.7899330152217525
1997-04-14,0.8208861836633771,0.0,0.0,0,0.7981502680524545
1997-04-15,0.8176105656910764,0.0,0.0,0,0.7949653741966927
1997-04-16,0.8188112370474713,0.0,0.0,0,0.7961327908057442
1997-04-17,0.8098819723970005,0.0,0.0,0,0.7874508381597888
1997-04-18,0.8109427597118737,0.0,0.0,0,0.7884822450668147
1997-04-19,0.8167479474350257,0.0,0.0,0,0.7941266477008694
1997-04-21,0.8128894792897179,0.0,0.0,0,0.7903750467533351
1997-04-22,0.8019552100441023,0.0,0.0,0,0.7797436217116822
1997-04-23,0.8078886248053159,0.0,0.0,0,0.7855126999059266
1997-04-24,0.8052657990267833,0.0,0.0,0,0.7829625179929501
1997-04-25,0.8072241756080877,0.0,0.0,0,0.7848666538213059
1997-04-26,0.8157104741270729,0.0,0.0,0,0.7931179090775142
1997-04-28,0.8208395556495364,0.0,0.0,0,0.7981049314851126
1997-04-29,0.8207113286114748,0.0,0.0,0,0.7979802559249226
1997-04-30,0.819755454327743,0.0,0.0,0,0.7970508562944157
1997-05-02,0.8231010143208045,0.0,0.0,0,0.8003037550011901
1997-05-03,0.8216672028952067,0.0,0.0,0,0.7989096555554297
1997-05-06,0.8178203917533591,0.0,0.0,0,0.7951693887497309
1997-05-07,0.8032841084385588,0.0,0.0,0,0.7810357138809235
1997-05-08,0.7981433699126351,0.0,0.0,0,0.7760373573314897
1997-05-09,0.8015588719264574,0.0,0.0,0,0.7793582608892768
1997-05-10,0.7914872209368926,0.0,0.0,0,0.7695655623434472
1997-05-12,0.7834672025563132,0.0,0.0,0,0.7617676727606569
1997-05-13,0.7971758386254431,0.0,0.0,0,0.7750966235591472
1997-05-15,0.8159319571928156,0.0,0.0,0,0.7933332577723878
1997-05-16,0.8154423630474895,0.0,0.0,0,0.7928572238152988
1997-05-17,0.8232758693727067,0.0,0.0,0,0.8004737671287219
1997-05-19,0.8407030895456228,0.0,0.0,0,0.8174183091727211
1997-05-20,0.8564050732064373,0.0,0.0,0,0.8326853982250734
1997-05-21,0.8599488022583214,0.0,0.0,0,0.8361309773430505
1997-05-22,0.8444100166459486,0.0,0.0,0,0.8210225662763944
1997-05-23,0.8515790737739375,0.0,0.0,0,0.8279930635051967
1997-05-24,0.8453309199193,0.0,0.0,0,0.821917963481395
1997-05-26,0.8381268917809308,0.0,0.0,0,0.8149134638270864
1997-05-27,0.8432093452895538,0.0,0.0,0,0.819855149667343
1997-05-28,0.8604267394001872,0.0,0.0,0,0.836595677158304
1997-05-29,0.8655325069157305,0.0,0.0,0,0.8415600312822314
1997-05-30,0.8700321102513463,0.0,0.0,0,0.8459350100307156
1997-05-31,0.8821670508533568,0.0,0.0,0,0.8577338516814199
1997-06-02,0.8840554854139001,0.0,0.0,0,0.859569982658763
1997-06-03,0.8929964070678309,0.0,0.0,0,0.8682632694465539
1997-06-04,0.8897207890955304,0.0,0.0,0,0.8650783755907921
1997-06-05,0.8925417839328853,0.0,0.0,0,0.8678212379149712
1997-06-07,0.8891612529294435,0.0,0.0,0,0.8645343367826905
1997-06-09,0.9034294251646603,0.0,0.0,0,0.8784073263892824
1997-06-10,0.8973910973723055,0.0,0.0,0,0.8725362409185189
1997-06-11,0.8926816679744071,0.0,0.0,0,0.8679572476169967
1997-06-12,0.9030214300435553,0.0,0.0,0,0.8780106314250417
1997-06-13,0.9199124280573047,0.0,0.0,0,0.8944338029446101
1997-06-14,0.9231997030330655,0.0,0.0,0,0.8976300309422073
1997-06-16,0.9197958580227032,0.0,0.0,0,0.8943204615262556
1997-06-17,0.92357272714379,0.0,0.0,0,0.8979927234809416
1997-06-18,0.9013311645418344,0.0,0.0,0,0.8763671808589013
1997-06-19,0.8986966817598417,0.0,0.0,0,0.8738056648040895
1997-06-20,0.8978457205072512,0.0,0.0,0,0.8729782724501015
1997-06-21,0.8863985431093891,0.0,0.0,0,0.8618481451676886
1997-06-23,0.877830645566183,0.0,0.0,0,0.8535175509186321
1997-06-24,0.8785883507910924,0.0,0.0,0,0.8542542701379366
1997-06-25,0.8684351007773066,0.0,0.0,0,0.8443822325992588
1997-06-26,0.8676773955523972,0.0,0.0,0,0.8436455133799545
1997-06-27,0.8607881065074516,0.0,0.0,0,0.8369470355552029
1997-06-28,0.8706499314347339,0.0,0.0,0,0.8465357195479944
1997-06-30,0.8689130379191724,0.0,0.0,0,0.8448469324145123
1997-07-01,0.8836358332893349,0.0,0.0,0,0.8591619535526868
1997-07-02,0.9060872219535733,0.0,0.0,0,0.8809915107277653
1997-07-03,0.903720850251164,0.0,0.0,0,0.8786906799351687
1997-07-04,0.9112279604794971,0.0,0.0,0,0.8859898672771992
1997-07-05,0.9083603376283015,0.0,0.0,0,0.8832016683856783
1997-07-07,0.9016808746456386,0.0,0.0,0,0.8767072051139648
1997-07-08,0.8949547836491353,0.0,0.0,0,0.8701674052749097
1997-07-09,0.8999090101196967,0.0,0.0,0,0.8749844155549763
1997-07-10,0.8949897546595157,0.0,0.0,0,0.870201407700416
1997-07-11,0.8956075758429033,0.0,0.0,0,0.8708021172176948
1997-07-12,0.8944069044865085,0.0,0.0,0,0.8696347006086435
1997-07-14,0.8911196295107477,0.0,0.0,0,0.8664384726110463
1997-07-15,0.8801620462582118,0.0,0.0,0,0.8557843792857224
1997-07-16,0.8622918599538104,0.0,0.0,0,0.8384091398519762
1997-07-18,0.871209467600821,0.0,0.0,0,0.8470797583560961
1997-07-19,0.8651245117946255,0.0,0.0,0,0.8411633363179907
1997-07-21,0.8637023573724878,0.0,0.0,0,0.8397805710140657
1997-07-22,0.8462751371995718,0.0,0.0,0,0.8228360289700666
1997-07-23,0.8516373587912383,0.0,0.0,0,0.828049734214374
1997-07-24,0.8614991837185205,0.0,0.0,0,0.8376384182071654
1997-07-25,0.8552044018500424,0.0,0.0,0,0.831517981616022
1997-07-26,0.8536656773933035,0.0,0.0,0,0.8300218748937425
1997-07-28,0.8555307979469264,0.0,0.0,0,0.8318353375874146
1997-07-29,0.8540853295178685,0.0,0.0,0,0.8304299039998186
1997-07-30,0.847335924514445,0.0,0.0,0,0.8238674358770925
1997-07-31,0.8464383352480138,0.0,0.0,0,0.8229947069557629
1997-08-01,0.8526515180922709,0.0,0.0,0,0.8290358045540582
1997-08-02,0.851241744856173,0.0,0.09996704904719277,1,0.8278797220868421
1997-08-04,0.8548406787585379,0.0,0.09914269367360443,1,0.8321413594169719
1997-08-05,0.8626991140379829,0.0,0.09923912106049457,1,0.8397012320212176
1997-08-06,0.8678711511244024,0.0,0.09881803719287831,1,0.8451302859603985
1997-08-07,0.8731737133115032,0.0,0.10465106025950376,1,0.844790261705335
1997-08-08,0.8774492976775944,0.0,0.10105254792505092,1,0.8523388001677453
1997-08-09,0.8860212201647332,0.0,0.09929632585852467,1,0.8623468474084486
1997-08-11,0.8909754297809417,0.0,0.09932488079333986,1,0.8671411894048443
1997-08-12,0.8888927607196443,0.0,0.09975161360700216,1,0.8647043489102223
1997-08-13,0.8883485526406987,0.0,0.09942445365353066,1,0.8644890002153488
1997-08-14,0.8829311309464469,0.0,0.10215517013537423,1,0.8566117716397103
1997-08-16,0.8740181872478903,0.0,0.10184388175126437,1,0.848258509106983
1997-08-18,0.8706260948346578,0.0,0.09969386091328274,1,0.8469890852214125
1997-08-19,0.8656877484515871,0.0,0.10182783665969296,1,0.8401886001201418
1997-08-20,0.8638970331299415,0.0,0.09396819585485375,1,0.8457876661868547
1997-08-21,0.8538993278950978,0.0,0.09166382913732317,1,0.8381257863060899
1997-08-22,0.851944725403813,0.0,0.0930887096818922,1,0.8348955558829864
1997-08-23,0.8580236909078427,0.0,0.09222819508844288,1,0.8416507044169151
1997-08-25,0.8563013013475537,0.0,0.09140670692602697,1,0.8407213047864082
1997-08-26,0.8495985719607462,0.0,0.0,0,0.8319600131476045
1997-08-27,0.8452581572026944,0.0,0.0,0,0.8277097099593105
1997-08-28,0.8297252595885461,0.0,0.0,0,0.8124992916161353
1997-08-29,0.8151530404408468,0.0,0.0,0,0.7982296070453025
1997-08-30,0.8048517894150704,0.0,0.0,0,0.7881422208117512
1997-09-01,0.7896082527847923,0.0,0.0,0,0.7732151560144624
1997-09-02,0.7972242338802539,0.0,0.0,0,0.7806730213421891
1997-09-03,0.7970506172899319,0.0,0.0,0,0.7805030092146573
1997-09-04,0.7963098531712244,0.0,0.0,0,0.7797776241371885
1997-09-05,0.8112756032569871,0.0,0.0,0,0.7944326695304265
1997-09-06,0.8135789166885933,0.0,0.0,0,0.7966881637556812
1997-09-08,0.8078727180866745,0.0,0.0,0,0.791100431830804
1997-09-09,0.7974441482279953,0.0,0.0,0,0.7808883700370627
1997-09-10,0.8005113746570185,0.0,0.0,0,0.7838919176234572
1997-09-11,0.8048517894150704,0.0,0.0,0,0.7881422208117512
1997-09-12,0.8094352673995732,0.0,0.0,0,0.7926305409785899
1997-09-13,0.8099098194131201,0.0,0.0,0,0.7930952407938433
1997-09-18,0.8118196019066629,0.0,0.0,0,0.7949653741966927
1997-09-19,0.7976640625757365,0.0,0.0,0,0.7811037187319362
1997-09-20,0.7870271528086709,0.0,0.0,0,0.7706876423851569
1997-09-22,0.7736933986719355,0.0,0.0,0,0.7576307109907174
1997-09-23,0.7573965880603701,0.0,0.0,0,0.7416722392864025
1997-09-24,0.7589938606913332,0.0,0.0,0,0.7432363508596946
1997-09-25,0.748866226255879,0.0,0.0,0,0.7333189767536751
1997-09-26,0.7387501662597794,0.0,0.0,0,0.723412936789491
1997-09-27,0.7285183618701319,0.0,0.0,0,0.7133935554069524
1997-09-29,0.7234834807507918,0.0,0.0,0,0.7084632037085313
1997-09-30,0.7489935450887818,0.0,0.0,0,0.7334436523138651
1997-10-01,0.7464587428700795,0.0,0.0,0,0.7309614752519012
1997-10-02,0.7368866815236558,0.0,0.0,0,0.7215881399539834
1997-10-04,0.7478823989107205,0.0,0.0,0,0.7323555746976618
1997-10-06,0.7456369576758884,0.0,0.0,0,0.7301567511815844
1997-10-07,0.7292244026707749,0.0,0.0,0,0.7140849380589148
1997-10-08,0.7065500759747122,0.0,0.0,0,0.6918813542032666
1997-10-09,0.7053000365243932,0.0,0.0,0,0.6906572668850378
1997-10-10,0.7058556096134239,0.0,0.0,0,0.6912013056931395
1997-10-11,0.7178814521030662,0.0,0.0,0,0.702977479060173
1997-10-13,0.7095131324495422,0.0,0.0,0,0.694782894513142
1997-10-14,0.7184023018740323,0.0,0.0,0,0.7034875154427682
1997-10-15,0.6999526455424733,0.0,0.0,0,0.6854208933570595
1997-10-16,0.6704493996270755,0.0,0.0,0,0.6565301658184951
1997-10-17,0.6776718497844738,0.0,0.0,0,0.6636026703238165
1997-10-18,0.676769043514799,0.0,0.0,0,0.6627186072606513
1997-10-20,0.654696587665186,0.0,0.0,0,0.6411043987804463
1997-10-21,0.6560970948271174,0.0,0.0,0,0.6424758299425359
1997-10-22,0.6959941872831301,0.0,0.0,0,0.6815446168493353
1997-10-23,0.6991655836663465,0.0,0.0,0,0.6846501717122487
1997-10-24,0.6607963172051682,0.0,0.0,0,0.647077491527729
1997-10-25,0.634823275292986,0.0,0.0,0,0.6216436772489772
1997-10-27,0.6139892844543371,0.0,0.0,0,0.6012422219451655
1997-10-28,0.5732588323647785,0.0,0.0,0,0.5613573768262136
1997-10-29,0.586407395471837,0.0,0.0,0,0.5742329619512858
1997-10-30,0.5614529042228775,0.0,0.0,0,0.5497965521540537
1997-10-31,0.5449130303848613,0.0,0.0,0,0.5336000634711944
1997-11-01,0.5755042735996108,0.0,0.0,0,0.5635562003422911
1997-11-03,0.592217764027949,0.0,0.0,0,0.5799227011526823
1997-11-04,0.6274850807420397,0.0,0.0,0,0.6144578313253012
1997-11-05,0.6432378927039292,0.0,0.0,0,0.62988359836335
1997-11-06,0.6410734725445807,0.0,0.0,0,0.6277641138401207
1997-11-07,0.5968128164518066,0.0,0.0,0,0.5844223554613562
1997-11-08,0.5737449588176804,0.0,0.0,0,0.5618334107833025
1997-11-10,0.6080284481866126,0.0,0.0,0,0.5954051388999083
1997-11-11,0.6043130531537202,0.0,0.0,0,0.5917668793707285
1997-11-12,0.5989656621718004,0.0,0.0,0,0.5865305058427501
1997-11-13,0.6012574011640517,0.0,0.0,0,0.5887746659261694
1997-11-14,0.6018824208892112,0.0,0.0,0,0.5893867095852837
1997-11-15,0.6011416567705037,0.0,0.0,0,0.5886613245078149
1997-11-17,0.5752264870550954,0.0,0.0,0,0.5632841809382403
1997-11-18,0.5725412171247807,0.0,0.0,0,0.5606546600324157
1997-11-19,0.5817197475331409,0.0,0.0,0,0.5696426345079282
1997-11-20,0.5653071925280276,0.0,0.0,0,0.5535708213852588
1997-11-21,0.585747652428613,0.0,0.0,0,0.5735869158666652
1997-11-22,0.5618580096002957,0.0,0.0,0,0.5501932471182944
1997-11-24,0.5215905350849294,0.0,0.0,0,0.5107617676727607
1997-11-25,0.5088007795978698,0.0,0.0,0,0.4982375409445874
1997-11-26,0.5077706544952922,0.0,0.0,0,0.49722880232123223
1997-11-27,0.5012889684566015,0.0,0.0,0,0.4908816828933798
1997-11-28,0.4767627314637699,0.0,0.0,0,0.4668646363440593
1997-11-29,0.4720750835250739,0.0,0.0,0,0.4622743089007016
1997-12-01,0.4550606576735106,0.0,0.0,0,0.44561312040258877
1997-12-02,0.4362058959645334,0.0,0.0,0,0.4271498033526392
1997-12-03,0.4390300591671058,0.0,0.0,0,0.4299153339604892
1997-12-04,0.46970232345733887,0.0,0.0,0,0.45995080982443415
1997-12-05,0.5024695612707916,0.0,0.0,0,0.49203776536059574
1997-12-06,0.5043330460069152,0.0,0.0,0,0.49386256219610336
1997-12-08,0.4801424677553729,0.0,0.0,0,0.4701742057600109
1997-12-09,0.4490882469664313,0.0,0.0,0,0.43976470321549604
1997-12-10,0.46280395760187515,0.0,0.0,0,0.4531956612905054
1997-12-11,0.43678461793227363,0.0,0.0,0,0.4277165104444117
1997-12-12,0.4058924392942993,0.0,0.0,0,0.3974656858855932
1997-12-13,0.41647147686459096,0.0,0.0,0,0.40782509152319535
1997-12-15,0.44654187030837417,0.0,0.0,0,0.43727119201169684
1997-12-16,0.4679082853573441,0.0,0.0,0,0.45819401783993924
1997-12-17,0.4843787125592315,0.0,0.0,0,0.47432250167178597
1997-12-19,0.45952839126446526,0.0,0.0,0,0.4499880991510728
1997-12-20,0.4631974885399385,0.0,0.0,0,0.45358102211291074
1997-12-22,0.458417245086404,0.0,0.0,0,0.4489000215348695
1997-12-23,0.42404116020263344,0.0,0.0,0,0.41523762028358024
1997-12-24,0.4067836711246192,0.0,0.0,0,0.3983384148069229
1997-12-26,0.43421509239550693,0.0,0.0,0,0.4252003309569416
1997-12-27,0.4355577273606643,0.0,0.0,0,0.42651509140985394
1998-01-03,0.44618306268837526,0.0,0.0,0,0.43691983361479786
1998-01-05,0.45891494597866067,0.0,0.0,0,0.44938738963379393
1998-01-06,0.47031576874314346,0.0,0.0,0,0.460551519341713
1998-01-07,0.47388069606442346,0.0,0.0,0,0.46404243502703196
1998-01-08,0.49070993088630976,0.0,0.0,0,0.48052227725577756
1998-01-09,0.4791817892889241,0.0,0.0,0,0.46923347198766846
1998-01-10,0.5101781378810917,0.0,0.0,0,0.499586303823006
1998-01-12,0.5280259233662009,0.0,0.0,0,0.5170635505332714
1998-01-13,0.5367530506397238,0.0,0.0,0,0.5256094934772014
1998-01-14,0.5499363370648466,0.0,0.0,0,0.53851908102778
1998-01-15,0.5856434824744199,0.0,0.0,0,0.5734849085901461
1998-01-16,0.5649483849080287,0.0,0.0,0,0.5532194629883599
1998-01-17,0.5739880220441312,0.0,0.0,0,0.562071427761847
1998-01-19,0.6120216297640202,0.0,0.0,0,0.5993154178331388
1998-01-20,0.617554211775617,0.0,0.0,0,0.6047331376304843
1998-01-21,0.5864305443505465,0.0,0.0,0,0.5742556302349568
1998-01-22,0.5601912903332038,0.0,0.0,0,0.5485611306939895
1998-01-23,0.5635131544280328,0.0,0.0,0,0.551814029400764
1998-01-24,0.5897524084453756,0.0,0.0,0,0.5775085289417312
1998-01-26,0.6002967226976028,0.0,0.0,0,0.587833932153827
1998-01-30,0.6462356724968237,0.0,0.0,0,0.6328191410987318
1998-01-31,0.6567105401129221,0.0,0.0,0,0.6430765394598148
1998-02-02,0.6292791188420344,0.0,0.0,0,0.616214623309796
1998-02-03,0.636837227740722,0.0,0.0,0,0.6236158179283456
1998-02-04,0.6334459170097642,0.0,0.0,0,0.6202949143705584
1998-02-05,0.6111882701304743,0.0,0.0,0,0.5984993596209862
1998-02-06,0.6255405749304325,0.0,0.0,0,0.6125536954969455
1998-02-07,0.6281448237852636,0.0,0.0,0,0.615103877409922
1998-02-09,0.6415017268007084,0.0,0.0,0,0.6281834770880323
1998-02-10,0.6270684009252666,0.0,0.0,0,0.614049802219225
1998-02-11,0.6020328886008236,0.0,0.0,0,0.5895340534291447
1998-02-12,0.5931784424943979,0.0,0.0,0,0.5808634349250247
1998-02-13,0.5858981201402255,0.0,0.0,0,0.573734259710526
1998-02-14,0.5603417580448162,0.0,0.0,0,0.5487084745378504
1998-02-16,0.5520776083454856,0.0,0.0,0,0.5406158972673385
1998-02-17,0.546001027684213,0.0,0.0,0,0.5346654728037267
1998-02-18,0.5645201306519009,0.0,0.0,0,0.5528000997404482
1998-02-19,0.5942895886724592,0.0,0.0,0,0.581951512541228
1998-02-20,0.6043362020324298,0.0,0.0,0,0.5917895476543994
1998-02-21,0.6122299696724068,0.0,0.0,0,0.599519432386177
1998-02-23,0.6285615036020364,0.0,0.0,0,0.6155119065159981
1998-02-24,0.6260498502620438,0.0,0.0,0,0.6130523977377053
1998-02-25,0.597680899403417,0.0,0.0,0,0.585272416099015
1998-02-26,0.6076349172485492,0.0,0.0,0,0.595019778077503
1998-02-27,0.6347654030962119,0.0,0.0,0,0.6215870065397998
1998-02-28,0.646988011054886,0.0,0.0,0,0.633555860318036
1998-03-02,0.6647779243432211,0.0,0.0,0,0.6509764363191242
1998-03-03,0.6607731683264586,0.0,0.0,0,0.647054823244058
1998-03-04,0.6629375884858071,0.0,0.0,0,0.6491743077672875
1998-03-05,0.6200195673581904,0.0,0.0,0,0.6071473098414353
1998-03-06,0.6048223284853316,0.0,0.0,0,0.5922655816114882
1998-03-07,0.6087923611840297,0.0,0.0,0,0.596153192261048
1998-03-09,0.5876458604828011,0.0,0.0,0,0.5754457151276791
1998-03-10,0.6083062347311278,0.0,0.0,0,0.595677158303959
1998-03-11,0.6146606019369157,0.0,0.0,0,0.6018996021716215
1998-03-12,0.6202047583878674,0.0,0.0,0,0.6073286561108027
1998-03-13,0.6205751404472211,0.0,0.0,0,0.607691348649537
1998-03-14,0.6175657862149717,0.0,0.0,0,0.6047444717723197
1998-03-16,0.6121489485969231,0.0,0.0,0,0.5994400933933287
1998-03-17,0.5966739231795489,0.0,0.0,0,0.5842863457593308
1998-03-18,0.5996485540937339,0.0,0.0,0,0.5871992202110418
1998-03-19,0.6038732244582377,0.0,0.0,0,0.5913361819809814
1998-03-20,0.6087576378659654,0.0,0.0,0,0.5961191898355417
1998-03-21,0.6037459056253347,0.0,0.0,0,0.5912115064207913
1998-03-23,0.5924955505724643,0.0,0.0,0,0.580194720556733
1998-03-24,0.588479220116347,0.0,0.0,0,0.5762617733398316
1998-03-25,0.5904584492460186,0.0,0.0,0,0.5781999115936937
1998-03-26,0.5800298793873394,0.0,0.0,0,0.5679878497999524
1998-03-27,0.5822868950615264,0.0,0.0,0,0.5701980074578653
1998-03-28,0.5743931274215495,0.0,0.0,0,0.5624681227260878
1998-03-30,0.5582699334003062,0.0,0.0,0,0.5466796631493046
1998-03-31,0.5567768307235363,0.0,0.0,0,0.5452175588525315
1998-04-01,0.5419383994706765,0.0,0.0,0,0.5306871890194834
1998-04-02,0.5250860157700805,0.0,0.0,0,0.5141846785070668
1998-04-03,0.5028515177695001,0.0,0.0,0,0.4924117920411656
1998-04-04,0.512111069253344,0.0,0.0,0,0.5014791055095263
1998-04-06,0.5045529603546565,0.0,0.0,0,0.4940779108909769
1998-04-07,0.5319380838681249,0.0,0.0,0,0.5208944904736538
1998-04-08,0.5272504359294289,0.0,0.0,0,0.5163041630302961
1998-04-09,0.5418110806377736,0.0,0.0,0,0.5305625134592935
1998-04-10,0.54201942054616,0.0,0.0,0,0.5307665280123316
1998-04-11,0.5678767180647942,0.0,0.0,0,0.5560870008727289
1998-04-13,0.5728074292299411,0.0,0.0,0,0.560915345294631
1998-04-14,0.541255507548743,0.0,0.0,0,0.5300184746511918
1998-04-15,0.5415332940932582,0.0,0.0,0,0.5302904940552426
1998-04-16,0.5256531632984659,0.0,0.0,0,0.514740051457004
1998-04-17,0.5211159830713824,0.0,0.0,0,0.5102970678575072
1998-04-18,0.5112198374230241,0.0,0.0,0,0.5006063765881966
1998-04-20,0.5043330460069152,0.0,0.0,0,0.49386256219610336
1998-04-21,0.5083609509023873,0.0,0.0,0,0.49780684355484023
1998-04-22,0.49979586577983165,0.0,0.0,0,0.48941957859660656
1998-04-23,0.48334042077736494,0.0,0.10246921015977711,1,0.47211234401387303
1998-04-24,0.4808724481727934,0.0,0.10215108926312096,1,0.4698681839304537
1998-04-25,0.47782094813632026,0.0,0.10280345507886843,1,0.4665472803726666
1998-04-27,0.4720548335519484,0.0,0.10371385259383398,1,0.460449512065194
1998-04-28,0.4680347686574821,0.0,0.10460467619456404,1,0.45607453331670994
1998-04-29,0.48305983569212446,0.0,0.10084832975152765,1,0.472690385247481
1998-04-30,0.48594062677423466,0.0,0.09724160984080751,1,0.4774167223928641
1998-05-02,0.4712103536204368,0.0,0.10148871772294774,1,0.4607668680365866
1998-05-04,0.4549762929980489,0.0,0.10314667435657554,1,0.4440716771129674
1998-05-06,0.4353506894563107,0.0,0.09996386685618644,1,0.42642441827517036
1998-05-07,0.43904940174619417,0.0,0.09986050654648365,1,0.4300966802298564
1998-05-08,0.433002320052761,0.0,0.10275522439986902,1,0.4228088270296615
1998-05-09,0.43495582295662666,0.0,0.1026665855615211,1,0.42475829942535903
1998-05-11,0.41895625811355863,0.0,0.1011618907114765,1,0.4098199004862347
1998-05-12,0.4090768812736496,0.0,0.10420069496707124,1,0.39880311462217644
1998-05-13,0.41602194218424415,0.0,0.10733912009208814,1,0.40415282956850923
1998-05-14,0.42353891908469354,0.0,0.10754306202692407,1,0.41136134377585604
1998-05-15,0.41211643872459425,0.0,0.10835634062852875,1,0.3999025263802151
1998-05-16,0.4115046210808394,0.0,0.10832140820858287,1,0.3993244851466071
1998-05-18,0.4183640285637256,0.0,0.0,0,0.40689569189268837
1998-05-19,0.4224777472847004,0.0,0.0,0,0.4108966439606025
1998-05-20,0.4302157337740128,0.0,0.0,0,0.41842251413934195
1998-05-21,0.422209714620161,0.0,0.0,0,0.4106359586983872
1998-05-22,0.412152662902877,0.0,0.0,0,0.400854594294393
1998-05-23,0.4149262183011546,0.0,0.0,0,0.40355212005123037
1998-05-25,0.386782788524514,0.0,0.0,0,0.3761801675186163
1998-05-26,0.3635804826506874,0.0,0.0,0,0.3536138911242335
1998-05-27,0.36531686817313846,0.0,0.0,0,0.3553026782577158
1998-05-28,0.3765159721132426,0.0,0.0,0,0.36619478856158405
1998-05-29,0.39229493853873804,0.0,0.0,0,0.38154121660678464
1998-05-30,0.3869342852479493,0.0,0.0,0,0.37632751136247716
1998-06-01,0.39237651369751086,0.0,0.0,0,0.38162055559963276
1998-06-02,0.3776929851183941,0.0,0.0,0,0.36733953688696463
1998-06-03,0.38743538979469694,0.0,0.0,0,0.3768148794614016
1998-06-05,0.398005199652839,0.0,0.0,0,0.3870949461061556
1998-06-08,0.40307451309086745,0.0,0.0,0,0.39202529780457673
1998-06-09,0.3953132194133343,0.0,0.0,0,0.38447675934216646
1998-06-10,0.37820574325925216,0.0,0.0,0,0.3678382391277245
1998-06-11,0.3830536384091827,0.0,0.0,0,0.37255324213127206
1998-06-12,0.3520434244813812,0.0,0.0,0,0.3423930907071371
1998-06-13,0.3528824832573308,0.0,0.0,0,0.3432091489192896
1998-06-15,0.3358682358561319,0.0,0.0,0,0.32666130183953124
1998-06-16,0.32630063509148516,0.0,0.0,0,0.317355971392626
1998-06-17,0.3540478426683718,0.0,0.0,0,0.3443425631028347
1998-06-18,0.3793128346997411,0.0,0.0,0,0.3689149826020923
1998-06-19,0.36506048910270944,0.0,0.0,0,0.3550533271373358
1998-06-20,0.36796223403620154,0.0,0.0,0,0.3578755284543631
1998-06-22,0.3627414238747378,0.0,0.0,0,0.35279783291208106
1998-06-23,0.3534651629628513,0.0,0.0,0,0.34377585601106214
1998-06-24,0.3516122414992961,0.0,0.0,0,0.3419737274592255
1998-06-25,0.3502720781765989,0.0,0.0,0,0.34067030114814856
1998-06-26,0.34790639857218564,0.0,0.0,0,0.3383694703555521
1998-06-27,0.3518220061932834,0.0,0.0,0,0.34217774201226353
1998-06-29,0.34797632013684815,0.0,0.0,0,0.33843747520656475
1998-06-30,0.34713726136089856,0.0,0.0,0,0.3376214169944123
1998-07-01,0.3677408157481038,0.0,0.0,0,0.35766017975948955
1998-07-02,0.3633241035802583,0.0,0.0,0,0.3533645400038536
1998-07-03,0.3595483390884854,0.0,0.0,0,0.34969227804916747
1998-07-04,0.35875589468897756,0.0,0.0,0,0.3489215564043569
1998-07-06,0.3608069272524097,0.0,0.0,0,0.35091636536739623
1998-07-07,0.37000161300552337,0.0,0.0,0,0.359859003275567
1998-07-08,0.3715049266457663,0.0,0.0,0,0.3613211075723402
1998-07-09,0.3717729593103057,0.0,0.0,0,0.36158179283455555
1998-07-10,0.36042235864676614,0.0,0.0,0,0.3505423386868263
1998-07-11,0.35539965958517944,0.0,0.0,0,0.345657323555747
1998-07-13,0.35120436570543173,0.0,0.0,0,0.34157703249498467
1998-07-14,0.3574506921486116,0.0,0.0,0,0.34765213251878635
1998-07-15,0.365246946608476,0.0,0.0,0,0.35523467340670306
1998-07-16,0.3849764814374005,0.0,0.0,0,0.37442337553412147
1998-07-18,0.4010934020920977,0.0,0.0,0,0.3900984936925501
1998-07-20,0.4255659497239591,0.0,0.0,0,0.41390019154699703
1998-07-21,0.42507649877132186,0.0,0.0,0,0.4134241575899081
1998-07-22,0.42194168195562154,0.0,0.0,0,0.4103752734361718
1998-07-23,0.39792362449406615,0.0,0.0,0,0.3870156071133074
1998-07-24,0.40063891192179174,0.0,0.0,0,0.3896564621609675
1998-07-25,0.3827506449623121,0.0,0.0,0,0.3722585544435503
1998-07-27,0.3843355337613279,0.0,0.0,0,0.3737999977331717
1998-07-28,0.3907799713043847,0.0,0.0,0,0.380067778168176
1998-07-29,0.40136143475663716,0.0,0.0,0,0.39035917895476546
1998-07-30,0.4019441144621577,0.0,0.0,0,0.39092588604653805
1998-07-31,0.40010284659271284,0.0,0.0,0,0.38913509163653676
1998-08-01,0.39329714763223333,0.0,0.0,0,0.3825159528046334
1998-08-03,0.3839509651556844,0.0,0.0,0,0.3734259710526018
1998-08-04,0.3882977557588673,0.0,0.0,0,0.37765360595722497
1998-08-05,0.37621297866637193,0.0,0.0,0,0.3659001008738623
1998-08-06,0.3735792663974193,0.0,0.0,0,0.36333858481905046
1998-08-07,0.374907776126006,0.0,0.0,0,0.3646306769882918
1998-08-08,0.3662841164843025,0.0,0.0,0,0.35624341203005816
1998-08-10,0.36353386827424566,0.0,0.0,0,0.35356855455689173
1998-08-11,0.362718116686517,0.0,0.0,0,0.3527751646284102
1998-08-12,0.355842496161375,0.0,0.0,0,0.3460880209454942
1998-08-13,0.35311555513953896,0.0,0.0,0,0.3434358317559986
1998-08-14,0.35498013019720465,0.0,0.0,0,0.3452492944496708
1998-08-17,0.3509037136448353,0.0,0.09868239439228316,1,0.34186038604087093
1998-08-18,0.3368441283726704,0.0,0.093655098342329,1,0.3299935395391538
1998-08-19,0.34889118646913886,0.0,0.09264173920342232,1,0.34217774201226353
1998-08-20,0.36443910582746103,0.0,0.08908489528258881,1,0.35882759636854095
1998-08-21,0.3663262794059068,0.0,0.09369170979406027,1,0.35886159879404733
1998-08-22,0.3558749818308075,0.0,0.10034146829304744,1,0.3460653526618232
1998-08-24,0.3569113684575532,0.0,0.10348269706174633,1,0.34586133810878505
1998-08-25,0.3634633381212368,0.0,0.10498798594530981,1,0.3516190821611942
1998-08-26,0.37114950231529664,0.0,0.10281378149846193,1,0.35992700812657974
1998-08-27,0.37026935038910597,0.0,0.11098947081006273,1,0.3558013804984756
1998-08-28,0.3660584031137734,0.0,0.11393964817977424,1,0.3505876752541681
1998-08-29,0.3603894411157075,0.0,0.11318232833629593,1,0.3454533090027089
1998-08-31,0.3635520867573757,0.0,0.10540837244922677,1,0.3515397431683461
1998-09-01,0.3615307886115001,0.0,0.10171194887690223,1,0.3510297067857507
1998-09-02,0.3666108253190885,0.0,0.10074484567617385,1,0.3563454193065772
1998-09-03,0.3661625065182551,0.0,0.09855560687664945,1,0.3567761166963243
1998-09-04,0.3655752961569082,0.0,0.09871391317944175,1,0.3561414047535391
1998-09-05,0.3702723080044821,0.0,0.10558756152947256,1,0.3579662015890467
1998-09-07,0.38326433724928455,0.0,0.10200831724829636,1,0.37200920332317045
1998-09-08,0.37899403327362247,0.0,0.0,0,0.3698897187999411
1998-09-09,0.3823269975006649,0.0,0.0,0,0.3731426175067155
1998-09-10,0.39362655914844286,0.0,0.0,0,0.3841707375126092
1998-09-11,0.3723281048195376,0.0,0.0,0,0.36338392138639225
1998-09-12,0.3720029375778749,0.0,0.0,0,0.3630665654149996
1998-09-14,0.3649305500717117,0.0,0.0,0,0.35616407303721004
1998-09-15,0.3603433693411133,0.0,0.0,0,0.3516870870122069
1998-09-16,0.3636879466839294,0.0,0.0,0,0.3549513198608168
1998-09-17,0.3610285431717596,0.0,0.0,0,0.3523558013804985
1998-09-18,0.3509599717959903,0.0,0.0,0,0.3425291004091625
1998-09-19,0.349821886450171,0.0,0.0,0,0.34141835450928837
1998-09-21,0.3454321286877248,0.0,0.0,0,0.33713404889548787
1998-09-22,0.33981138065327005,0.0,0.0,0,0.33164832424712964
1998-09-23,0.3390216887806607,0.0,0.0,0,0.33087760260231897
1998-09-24,0.36087757266670195,0.0,0.0,0,0.35220845753663765
1998-09-25,0.35279484408822975,0.0,0.0,0,0.3443198948191638
1998-09-26,0.35570973614742013,0.0,0.0,0,0.347164764419862
1998-09-28,0.35504778854832114,0.0,0.0,0,0.3465187183352413
1998-09-29,0.36271244495894134,0.0,0.0,0,0.35399925194663884
1998-09-30,0.36037820868843423,0.0,0.0,0,0.35172108943771324
1998-10-01,0.3549432705063581,0.0,0.0,0,0.3464167110587222
1998-10-02,0.3579742937232852,0.0,0.0,0,0.3493749220777749
1998-10-07,0.3640595663886867,0.0,0.0,0,0.3553140123995512
1998-10-08,0.3544555196438641,0.0,0.0,0,0.3459406771016333
1998-10-09,0.3808637449131828,0.0,0.0,0,0.37171451563544866
1998-10-10,0.3930226771282122,0.0,0.0,0,0.3835813621371658
1998-10-12,0.4089790982012307,0.0,0.0,0,0.3991544730190754
1998-10-13,0.40190671069506745,0.0,0.0,0,0.39225198064128575
1998-10-14,0.4019647762739358,0.0,0.0,0,0.392308651350463
1998-10-15,0.4282220310381969,0.0,0.0,0,0.4179351460404176
1998-10-16,0.43434214305091934,0.0,0.0,0,0.4239082387877002
1998-10-17,0.4453281505728084,0.0,0.0,0,0.4346303369640368
1998-10-19,0.43429569058782475,0.0,0.0,0,0.42386290222035844
1998-10-20,0.4509953510703579,0.0,0.0,0,0.4401613981797369
1998-10-21,0.44222744866123925,0.0,0.0,0,0.4316041210939714
1998-10-22,0.44422490457430996,0.0,0.0,0,0.43355359348966893
1998-10-23,0.43993966485382685,0.0,0.0,0,0.42937129515238753
1998-10-24,0.44223906177701294,0.0,0.0,0,0.43161545523580686
1998-10-26,0.43354083806253635,0.0,0.0,0,0.4231261830010541
1998-10-27,0.4185715318302796,0.0,0.0,0,0.40851647417515785
1998-10-28,0.42261289611951575,0.0,0.0,0,0.4124607555338948
1998-10-29,0.43003367709888896,0.0,0.0,0,0.4197032721667479
1998-10-30,0.44681462939183775,0.0,0.0,0,0.4360811071189745
1998-10-31,0.4685195427728213,0.0,0.0,0,0.4572646182094323
1998-11-02,0.4698782773183404,0.0,0.0,0,0.45859071280418007
1998-11-03,0.47339705139776145,0.0,0.0,0,0.46202495778032165
1998-11-04,0.48016749789380936,0.0,0.0,0,0.4686327624703896
1998-11-05,0.48566050165475383,0.0,0.0,0,0.47399381155855785
1998-11-06,0.48345400965775714,0.0,0.0,0,0.4718403246098222
1998-11-07,0.4843366064565558,0.0,0.0,0,0.47270171938931643
1998-11-09,0.4929186990132957,0.0,0.0,0,0.4810776502057147
1998-11-10,0.468287280457348,0.0,0.0,0,0.4570379353727233
1998-11-11,0.4653375490508366,0.0,0.0,0,0.45415906334651873
1998-11-12,0.46861244769901067,0.0,0.0,0,0.4573552913441159
1998-11-13,0.4695182707293567,0.0,0.0,0,0.4582393544072811
1998-11-14,0.4810384815768344,0.0,0.0,0,0.4694828231080484
1998-11-16,0.4903173610799943,0.0,0.0,0,0.47853880243457364
1998-11-17,0.4928954727817484,0.0,0.0,0,0.4810549819220438
1998-11-18,0.49209416779336534,0.0,0.0,0,0.4802729261353977
1998-11-19,0.5122080843133566,0.0,0.0,0,0.4999036597943987
1998-11-20,0.5259928527366994,0.0,0.0,0,0.513357286153079
1998-11-21,0.5311839154875284,0.0,0.0,0,0.5184236475535254
1998-11-23,0.5271773905456133,0.0,0.0,0,0.514513368620295
1998-11-24,0.5351091486190279,0.0,0.0,0,0.5222545874939079
1998-11-25,0.5388601850139223,0.0,0.0,0,0.5259155153067585
1998-11-26,0.5186301373361945,0.0,0.0,0,0.506171440229403
1998-11-27,0.5191062750829147,0.0,0.0,0,0.5066361400446565
1998-11-28,0.5291632333429105,0.0,0.0,0,0.5164515068741571
1998-11-30,0.5247734755804643,0.0,0.0,0,0.5121672012603566
1998-12-01,0.5178985110424534,0.0,0.0,0,0.5054573892937696
1998-12-02,0.5183514225576265,0.0,0.0,0,0.5058994208253522
1998-12-03,0.5203953309337919,0.0,0.0,0,0.5078942297883916
1998-12-04,0.5415660409891867,0.0,0.0,0,0.5285563703544186
1998-12-05,0.5698672041296132,0.0,0.0,0,0.5561776740074126
1998-12-07,0.5975180327867143,0.0,0.0,0,0.5831642657176211
1998-12-08,0.5920947077204118,0.0,0.0,0,0.5778712214804657
1998-12-09,0.6114537717151147,0.0,0.0,0,0.5967652359201623
1998-12-10,0.6591720644291125,0.0,0.0,0,0.6433372247220303
1998-12-11,0.6447253484066706,0.0,0.0,0,0.6292375522787292
1998-12-14,0.6495215652211951,0.0,0.0,0,0.6339185528567705
1998-12-15,0.6733981312518545,0.0,0.0,0,0.6572215484704576
1998-12-16,0.6340412818948971,0.0,0.0,0,0.6188101417901144
1998-12-17,0.6142060801534738,0.0,0.0,0,0.5994514275351642
1998-12-18,0.6095143813809124,0.0,0.0,0,0.594872434233642
1998-12-21,0.6564545953380744,0.0,0.0,0,0.6406850355325346
1998-12-22,0.6361084165026097,0.0,0.0,0,0.6208276190368247
1998-12-23,0.6428207974197893,0.0,0.0,0,0.6273787530177153
1998-12-24,0.6449459976063704,0.0,0.0,0,0.6294529009736028
1998-12-28,0.653191309805674,0.0,0.0,0,0.637500141676773
1999-01-04,0.6823518435133519,0.0,0.0,0,0.6659601718255903
1999-01-05,0.6951030446328381,0.0,0.0,0,0.6784050595609153
1999-01-06,0.7111407575162723,0.0,0.0,0,0.6940575094356731
1999-01-07,0.7404406486132341,0.0,0.0,0,0.7226535492865158
1999-01-08,0.7273642802520851,0.0,0.0,0,0.7098913055797981
1999-01-11,0.7443426555131862,0.0,0.0,0,0.7264618209432273
1999-01-12,0.7330082545180873,0.0,0.0,0,0.7153996985118273
1999-01-13,0.7351450678204419,0.0,0.0,0,0.7174851806095501
1999-01-14,0.7019199435919806,0.0,0.0,0,0.685058200818325
1999-01-15,0.7137072561022527,0.0,0.0,0,0.6965623547813078
1999-01-18,0.7229396831423179,0.0,0.0,0,0.7055729975404912
1999-01-19,0.7178299122019045,0.0,0.0,0,0.7005859751328929
1999-01-20,0.7123833609040545,0.0,0.0,0,0.6952702626120663
1999-01-21,0.6759297904905138,0.0,0.0,0,0.6596923913905859
1999-01-22,0.6393949282665576,0.0,0.0,0,0.6240351811762573
1999-01-25,0.6268295369994499,0.0,0.0,0,0.6117716397102994
1999-01-26,0.616923549244512,0.0,0.0,0,0.6021036167246597
1999-01-27,0.6563733035276588,0.0,0.0,0,0.6406056965396866
1999-01-28,0.663654727117748,0.0,0.0,0,0.6477122034705143
1999-01-29,0.6636082746546532,0.0,0.0,0,0.6476668669031724
1999-02-01,0.6755001052068882,0.0,0.0,0,0.6592730281426742
1999-02-02,0.6587888316085814,0.0,0.0,0,0.6429631980414603
1999-02-03,0.642588535104316,0.0,0.0,0,0.6271520701810063
1999-02-04,0.6388955642882899,0.0,0.0,0,0.6235478130773329
1999-02-05,0.6403355906442245,0.0,0.0,0,0.6249532466649288
1999-02-08,0.6333561080642507,0.0,0.0,0,0.6181414274218228
1999-02-09,0.6078072533621833,0.0,0.0,0,0.5932063153838307
1999-02-10,0.6090963092130603,0.0,0.0,0,0.5944644051275658
1999-02-11,0.608515653424377,0.0,0.0,0,0.5938976980357933
1999-02-12,0.6407768890436238,0.0,0.0,0,0.6253839440546759
1999-02-18,0.6229391432152713,0.0,0.0,0,0.6079747021954233
1999-02-19,0.6064136794693432,0.0,0.0,0,0.5918462183635765
1999-02-22,0.5905153239751931,0.0,0.0,0,0.5763297781908443
1999-02-23,0.584000366026166,0.0,0.0,0,0.5699713246211563
1999-02-24,0.5788209163911106,0.0,0.0,0,0.5649162973625452
1999-02-25,0.5796570607268144,0.0,0.0,0,0.5657323555746977
1999-02-26,0.6039516989253259,0.0,0.0,0,0.589443380294461
1999-03-02,0.6201055429664967,0.0,0.0,0,0.6052091715875733
1999-03-03,0.6207094249867273,0.0,0.0,0,0.6057985469630167
1999-03-04,0.6181545395165206,0.0,0.0,0,0.6033050357592175
1999-03-05,0.6250062778229842,0.0,0.0,0,0.6099921794421336
1999-03-08,0.6640844124013736,0.0,0.0,0,0.648131566718426
1999-03-09,0.665257337094514,0.0,0.0,0,0.6492763150438066
1999-03-10,0.6610998416475411,0.0,0.0,0,0.645218692266715
1999-03-11,0.6758833380274193,0.0,0.0,0,0.659647054823244
1999-03-12,0.6861028799082461,0.0,0.0,0,0.6696210996384409
1999-03-15,0.6875196800326335,0.0,0.0,0,0.6710038649423659
1999-03-16,0.698912146606601,0.0,0.0,0,0.6821226580829434
1999-03-17,0.6973908284402505,0.0,0.0,0,0.6806378855024992
1999-03-18,0.6723761770637718,0.0,0.0,0,0.6562241439889379
1999-03-19,0.7016876812765074,0.0,0.0,0,0.6848315179816161
1999-03-22,0.7057754980288381,0.0,0.0,0,0.6888211359076948
1999-03-23,0.7134401544394584,0.0,0.0,0,0.6963016695190924
1999-03-24,0.7101188033281896,0.0,0.0,0,0.6930601049541535
1999-03-25,0.7096426655814693,0.0,0.0,0,0.6925954051388999
1999-03-26,0.7081561867624397,0.0,0.0,0,0.6911446349839622
1999-03-29,0.6980295498078023,0.0,0.0,0,0.681261263303449
1999-03-30,0.7177486203914887,0.0,0.0,0,0.7005066361400446
1999-03-31,0.7188286401584398,0.0,0.0,0,0.7015607113307416
1999-04-01,0.7396277305090774,0.0,0.0,0,0.7218601593580343
1999-04-02,0.751113102009234,0.0,0.0,0,0.7330696256332951
1999-04-06,0.7742812679776997,0.0,0.0,0,0.7556812385950198
1999-04-07,0.781980763735641,0.0,0.0,0,0.7631957746319238
1999-04-08,0.7910738333864222,0.0,0.0,0,0.7720704076890819
1999-04-09,0.7983088045134167,0.0,0.0,0,0.7791315780525677
1999-04-12,0.8008869162151708,0.0,0.0,0,0.7816477575400379
1999-04-13,0.8010727260675494,0.0,0.0,0,0.7818291038094051
1999-04-14,0.798297191397643,0.0,0.0,0,0.7791202439107323
1999-04-15,0.8384785719745309,0.0,0.0,0,0.8183363746613925
1999-04-16,0.8421134772116886,0.0,0.0,0,0.8218839610558887
1999-04-19,0.8902498420935384,0.0,0.0,0,0.8688639789638328
1999-04-20,0.8947092785506264,0.0,0.0,0,0.8732162894286459
1999-04-21,0.8631564429935732,0.0,0.0,0,0.8424214260617258
1999-04-22,0.8598350918823044,0.0,0.0,0,0.8391798614967868
1999-04-23,0.8721333814866179,0.0,0.0,0,0.8511827177005293
1999-04-26,0.9015261775097689,0.0,0.0,0,0.8798694306860556
1999-04-27,0.9220581661976123,0.0,0.0,0,0.8999081934511329
1999-04-28,0.9174709854670138,0.0,0.0,0,0.8954312074261297
1999-04-29,0.8740147062419519,0.0,0.0,0,0.8530188486778724
1999-04-30,0.8739914800104046,0.0,0.0,0,0.8529961803942016
1999-05-03,0.8785670476252293,0.0,0.0,0,0.8574618322773692
1999-05-04,0.8955686491178778,0.0,0.0,0,0.8740550159244692
1999-05-06,0.9412894859188048,0.0,0.0,0,0.9186775323306395
1999-05-07,0.9413823908449942,0.0,0.0,0,0.9187682054653232
1999-05-10,0.9455863387550616,0.0,0.0,0,0.9228711648097565
1999-05-11,0.9074604796701128,0.0,0.0,0,0.8856611771639711
1999-05-12,0.8978448198095166,0.0,0.0,0,0.8762765077242177
1999-05-13,0.8621228756897169,0.0,0.0,0,0.8414126874383706
1999-05-14,0.8568505211284722,0.0,0.0,0,0.836266987045076
1999-05-17,0.8336242895811381,0.0,0.0,0,0.8135987033741741
1999-05-18,0.8469329202577605,0.0,0.0,0,0.8265876299176008
1999-05-19,0.853540783132977,0.0,0.0,0,0.8330367566219724
1999-05-20,0.8229053837220435,0.0,0.0,0,0.8031372904600529
1999-05-21,0.8251002626032665,0.0,0.0,0,0.8052794432669531
1999-05-24,0.8078083332162763,0.0,0.0,0,0.7884029060739667
1999-05-25,0.8109390299381011,0.0,0.09969248504329246,1,0.7919051559011211
1999-05-26,0.8344170795677094,0.0,0.09827518641769604,1,0.8161148828616441
1999-05-27,0.856363344379445,0.0,0.31120124780801933,3,0.8236067506148772
1999-05-28,0.8762161959730833,0.0,0.32163826905678883,3,0.8299312017590589
1999-05-31,0.8805462515586902,0.0,0.32148944225820264,3,0.8342155073728593
1999-06-01,0.8886067502423515,0.0,0.4131892539465382,4,0.8542769384216075
1999-06-02,0.9109883889633401,0.0,0.41144576685242673,4,0.878395992247447
1999-06-03,0.9003021745567119,0.0,0.4019931827673282,4,0.8820342517766269
1999-06-04,0.9146452329396084,0.0,0.3967801234947649,4,0.9038978113772116
1999-06-07,0.9500084442614776,0.0,0.3865950532753532,4,0.9546974350837028
1999-06-08,0.9687359325973742,0.0,0.3903976615524495,4,0.9674823470740913
1999-06-09,0.9128495804264487,0.0,0.39107659527442784,4,0.9106529599111404
1999-06-10,0.9634378372130415,0.0,0.38527888166456925,4,0.9702705459656122
1999-06-11,0.9451645987034516,0.0,0.3788473743366382,4,0.9618266102982014
1999-06-14,0.9202082040495961,0.0,0.3820749655580135,4,0.9315644515975473
1999-06-15,0.8941801326362364,0.0,0.37816181629330936,4,0.9109476475988622
1999-06-16,0.915267353018537,0.0,0.3729794824644228,4,0.940201067676161
1999-06-17,0.9204496056541167,0.0,0.3744577714343067,4,0.9432952883972391
1999-06-18,0.9189892956879795,0.0,0.36934587262880375,4,0.9494950639812307
1999-06-21,0.948442977699993,0.0,0.2771749254603959,3,0.9849369255006858
1999-06-22,0.9651729340348651,0.0,0.284007032418106,3,0.992836822359995
1999-06-23,0.9773372236287016,0.0,0.12555882342338848,1,1.007185845923676
1999-06-24,0.9600082473710589,0.0,0.12112475029866511,1,0.99434426322411
1999-06-25,0.9665845733216205,0.0,0.1223483277898782,1,0.9997619830214556
1999-06-28,0.9867728340816653,0.0,0.0,0,1.0235296784503962
1999-06-29,0.9806536514551693,0.0,0.0,0,1.0171825590225436
1999-06-30,0.9648639748564426,0.0,0.0,0,1.000804724070317
1999-07-01,1.005272434414983,0.0,0.0,0,1.0427183805778146
1999-07-02,1.0199584727185738,0.0,0.0,0,1.0579514672046606
1999-07-05,1.0521060357313445,0.0,0.0,0,1.0912965124845573
1999-07-06,1.081161226095368,0.0,0.0,0,1.1214339956250212
1999-07-07,1.0992455961790308,0.0,0.0,0,1.1401920003626926
1999-07-08,1.09173867034974,0.0,0.0,0,1.1324054449217378
1999-07-09,1.123230606652529,0.0,0.0,0,1.1650704416915074
1999-07-12,1.0973552058319167,0.0,0.0,0,1.1382311938251595
1999-07-13,1.0790522935115936,0.0,0.0,0,1.1192465062507793
1999-07-14,1.042085874180457,0.0,0.0,0,1.0809031044214488
1999-07-15,1.0731953615690901,0.0,0.0,0,1.1131714062269775
1999-07-16,1.1154614301392456,0.0,0.0,0,1.157011866846502
1999-07-19,1.1120553407539069,0.0,0.09412002971329622,1,1.1612735041766313
1999-07-20,1.0824935539302059,0.0,0.09311506887972637,1,1.131657391560598
1999-07-21,1.045159763106711,0.0,0.09208473706729002,1,1.0938693626812046
1999-07-22,1.0543531967037563,0.0,0.08923052762680095,1,1.1069602965011505
1999-07-23,0.9810104950146764,0.0,0.09300078092930246,1,1.0256944995409674
1999-07-26,0.942299551107052,0.0,0.08915056498159249,1,0.9894025773838535
1999-07-27,1.0013693218282225,0.0,0.08798393890638764,1,1.0527717643858596
1999-07-28,1.0084409753126091,0.0,0.18001280010187704,2,1.0704643597909984
1999-07-29,1.070273035682847,0.0,0.18300612253219162,2,1.1319520792483198
1999-07-30,1.0491142753240412,0.0,0.1907223551360781,2,1.0990944020673477
1999-08-02,1.0681121073780742,0.0,0.21323973132474863,2,1.0878622675084155
1999-08-03,1.0675431750358826,0.0,0.20173213162096731,2,1.1031860272699454
1999-08-04,1.064692434437016,0.0,0.29853636285523755,3,1.1055888653390609
1999-08-05,1.0150254711931694,0.0,0.2916541665748488,3,1.0643552573416906
1999-08-06,1.0161332610587979,0.0,0.293036727667528,3,1.063437191853019
1999-08-09,1.0242451572348137,0.0,0.2906298955608609,3,1.075576057758787
1999-08-10,1.041218914088606,0.0,0.28771526773175987,3,1.0978929830327897
1999-08-11,1.0171725639254077,0.0,0.28937827979882635,3,1.0700336624012514
1999-08-12,1.0227792954625956,0.0,0.28932875314872614,3,1.076006755148534
1999-08-13,0.9860346742250179,0.0,0.2071129132011866,2,1.0398735109771164
1999-08-16,0.9726918242584944,0.0,0.20516362912524128,2,1.0283240204467918
1999-08-17,0.9371102541312106,0.0,0.2055193842534371,2,0.9902639721633477
1999-08-18,0.9282749276488222,0.0,0.20232711596814643,2,0.9848689206496731
1999-08-19,0.9343857372158817,0.0,0.20550099829666338,2,0.987407768420814
1999-08-20,0.9468563644790772,0.0,0.20947621738633226,2,0.9955796846841741
1999-08-23,0.9898188057853446,0.0,0.21004946429430837,2,1.0399981865373065
1999-08-24,1.0048667375218485,0.0,0.09078026177501396,1,1.05680671887928
1999-08-25,1.034474397549533,0.0,0.08782756576142273,1,1.0914778587539244
1999-08-26,1.029278121884603,0.0,0.08619273906468994,1,1.0879416065012637
1999-08-27,1.0278854781010507,0.0,0.08457333905431545,1,1.0883949721746817
1999-08-30,1.0098107314444504,0.0,0.08537296446100624,1,1.0683222069840983
1999-08-31,1.0073667286033674,0.0,0.0,0,1.0630064944632718
1999-09-01,0.9726092038266316,0.0,0.0,0,1.0263292114837526
1999-09-02,0.9655739199178672,0.0,0.0,0,1.0189053485815323
1999-09-03,0.9780870584731506,0.0,0.0,0,1.0321096238198326
1999-09-06,1.0131023646450168,0.0,0.0,0,1.0690589262034025
1999-09-07,1.01385422704748,0.0,0.0,0,1.069852316131884
1999-09-08,1.0063463439143099,0.0,0.0,0,1.0619297509889039
1999-09-09,1.0209539563050272,0.0,0.0,0,1.0773441838851172
1999-09-10,1.0332522770310353,0.0,0.0,0,1.0903217762867086
1999-09-13,1.053584784571938,0.0,0.0,0,1.1117773067812171
1999-09-14,1.0402983018312637,0.0,0.0,0,1.0977569733307642
1999-09-15,1.0232739888612,0.0,0.0,0,1.0797923585215747
1999-09-16,0.9840375123440751,0.0,0.0,0,1.0383887383966723
1999-09-17,0.9937472782273166,0.0,0.0,0,1.04863480261592
1999-09-20,1.0030703720178624,0.0,0.0,0,1.0584728377290913
1999-09-21,1.0283544305235595,0.0,0.0,0,1.0851534076097429
1999-09-22,1.0113301175534959,0.0,0.0,0,1.0671887928005532
1999-09-27,0.9707510296034008,0.0,0.0,0,1.0243684049462194
1999-09-28,0.9674643168154894,0.0,0.0,0,1.0209001575445715
1999-09-29,0.9332545775034055,0.0,0.0,0,0.9848009157986604
1999-09-30,0.8981318624169017,0.0,0.0,0,0.9477382719967358
1999-10-01,0.9015367250109145,0.0,0.0,0,0.9513311949585738
1999-10-04,0.8790023347199406,0.0,0.0,0,0.9275521653877977
1999-10-05,0.8501952638141291,0.0,0.0,0,0.8971539969851182
1999-10-06,0.8971974048595543,0.0,0.0,0,0.9467522016570515
1999-10-07,0.9129941130582311,0.0,0.09900112293576212,1,0.9647054823244058
1999-10-08,0.9036028776593323,0.0,0.10219368288431416,1,0.9513991998095864
1999-10-11,0.9007000606320679,0.0,0.10468672896077044,1,0.9457094606081901
1999-10-12,0.9279661336321365,0.0,0.10822646209287004,1,0.9704858946604858
1999-10-13,0.9272606141942452,0.0,0.10830880773716021,1,0.9696585023064979
1999-10-14,0.9401978864909455,0.0,0.10978527290793534,1,0.9815593512337214
1999-10-15,0.9408316972099094,0.0,0.11386734618562032,1,0.9777170771515035
1999-10-18,0.8961827941588884,0.0,0.10895221627835391,1,0.936483469154133
1999-10-19,0.8829839584795132,0.0,0.11184304243665026,1,0.9196976050958303
1999-10-20,0.9021487779311408,0.0,0.11008825072932626,1,0.9415158281290733
1999-10-21,0.8937269929249739,0.0,0.11487371441678852,1,0.927710843373494
1999-10-22,0.8994413497185548,0.0,0.11941186220288921,1,0.9288555916988745
1999-10-25,0.8789007116575464,0.0,0.12157212173218918,1,0.905416586383162
1999-10-26,0.8768518964774346,0.0,0.12153664772328508,1,0.9033424384272745
1999-10-27,0.8709551219146173,0.0,0.22002322379379516,2,0.8992734815083476
1999-10-28,0.897403259064402,0.0,0.21674464930602427,2,0.9304763739813441
1999-10-29,0.9091377573258919,0.0,0.21502572309538337,2,0.9447120561266704
1999-11-01,0.953568621624835,0.0,0.21295593546407568,2,0.9934942025864512
1999-11-02,0.9650148817977685,0.0,0.21019818503469434,2,1.0089426379081707
1999-11-03,0.9576266759520304,0.0,0.08987914189469134,1,1.0055083929320292
1999-11-04,0.9816477895856344,0.0,0.08746051117862434,1,1.0334697208400867
1999-11-05,0.9822576988478026,0.0,0.08675691767794433,1,1.034909156853189
1999-11-08,0.9753734192665475,0.0,0.08584083586243031,1,1.0286867129855264
1999-11-09,1.0099613325163626,0.0,0.08226564098155612,1,1.0693309456074533
1999-11-10,1.00779536485279,0.0,0.08487490305979974,1,1.0640038989447915
1999-11-11,1.0164107658483552,0.0,0.08426136359571755,1,1.073819265774292
1999-11-12,1.0346700626948142,0.0,0.0796846764989501,1,1.0985730315429167
1999-11-15,1.040681680255954,0.0,0.0798372047498813,1,1.1047728071269085
1999-11-16,1.0709632465978907,0.0,0.07559229390600399,1,1.142164141042061
1999-11-17,1.029028716996181,0.0,0.07618594747336097,1,1.0967369005655736
1999-11-18,1.0289788393854384,0.0,0.07370654303637089,1,1.0996271067336139
1999-11-19,1.0539473777841466,0.0,0.07428633750504354,1,1.1256049598204672
1999-11-22,1.0395152289264822,0.0,0.0758276861892034,1,1.1083430618050756
1999-11-23,1.0336354443172429,0.0,0.0,0,1.1040020854820978
1999-11-24,1.0285842614057392,0.0,0.0,0,1.098607033968423
1999-11-25,1.0322134726572818,0.0,0.0,0,1.1024833104761473
1999-11-26,1.0072228513199057,0.0,0.0,0,1.0757914064536604
1999-11-29,1.0232465618164823,0.0,0.0,0,1.0929059606251914
1999-11-30,1.057628563146885,0.0,0.0,0,1.1296285801720523
1999-12-01,1.0602814953483048,0.0,0.0,0,1.132462115630915
1999-12-02,1.0271092311017498,0.0,0.0,0,1.0970315882532955
1999-12-03,1.0257190946282058,0.0,0.0,0,1.0955468156728514
1999-12-06,1.0591672638237086,0.0,0.0,0,1.1312720307381927
1999-12-07,1.0610879867375365,0.0,0.0,0,1.1333235104104094
1999-12-08,1.048778381322948,0.0,0.0,0,1.1201759058812863
1999-12-09,1.0405224563121291,0.0,0.0,0,1.1113579435333054
1999-12-10,1.0721971508115828,0.0,0.09327083366616659,1,1.1540083192601072
1999-12-13,1.072719783812731,0.0,0.09773591085885755,1,1.1488852871504833
1999-12-14,1.0597877015963522,0.0,0.09664575601763332,1,1.136406396989652
1999-12-15,1.0184594341012585,0.0,0.0966085420757623,1,1.0921352389803807
1999-12-16,1.0000951391355621,0.0,0.09435080209093705,1,1.075122692085369
1999-12-17,1.0011571910137809,0.0,0.09465345666991994,1,1.075904747872015
1999-12-20,1.0185470570397208,0.0,0.09343328655889928,1,1.096068186197282
1999-12-21,1.002605397751363,0.0,0.08687564834099805,1,1.086717519183035
1999-12-22,1.0168725729988761,0.0,0.09120802349138953,1,1.0969522492604473
1999-12-23,1.0132396826491925,0.0,0.0819844433999075,1,1.1041267610422878
1999-12-24,1.027501527153697,0.0,0.07849198054996605,1,1.1239275068288206
1999-12-27,1.0405616022488584,0.0,0.07711933580507278,1,1.1399086468168063
1999-12-28,1.0618927933634836,0.0,0.07557017067185781,1,1.1652291196772036
2000-01-04,1.1031573763732874,0.0,0.0833430650834828,1,1.2003309569415952
2000-01-05,1.0260506550446105,0.0,0.0821397284456399,1,1.1178977433723605
2000-01-06,0.9960381198382712,0.0,0.07894735858463528,1,1.0889730134082898
2000-01-07,0.9803284346732841,0.0,0.07601196090230176,1,1.0752133652200524
2000-01-10,1.0184712436229468,0.0,0.0744371599124953,1,1.1189518185630576
2000-01-11,1.0154103833096786,0.0,0.07720461552776813,1,1.1122533407383062
2000-01-12,0.9849844089660943,0.0,0.0,0,1.0824218794273992
2000-01-13,0.980900118477507,0.0,0.0,0,1.0779335592605606
2000-01-14,0.9777853312867156,0.0,0.0,0,1.0745106484262543
2000-01-17,1.0141313910891945,0.0,0.0,0,1.1144521642543834
2000-01-18,1.0123367786017847,0.0,0.0,0,1.112480023575015
2000-01-19,0.9682450062818085,0.0,0.0,0,1.0640265672284623
2000-01-20,0.9755884780693695,0.0,0.0,0,1.0720964762153034
2000-01-21,0.9541975223286372,0.0,0.0,0,1.0485894660485782
2000-01-24,0.9558580545727345,0.0,0.0,0,1.0504142628840858
2000-01-25,0.9191922649592806,0.0,0.0,0,1.0101213886590577
2000-01-26,0.913333989713024,0.0,0.0,0,1.0036835960965216
2000-01-27,0.9377675355904566,0.0,0.0,0,1.0305341781047048
2000-01-28,0.9712257132292876,0.0,0.0,0,1.0673021342189075
2000-01-31,0.9735050773655952,0.0,0.0,0,1.0698069795645424
2000-02-01,0.9579001998170281,0.0,0.0,0,1.0526584229675051
2000-02-02,0.9732059752843603,0.0,0.0,0,1.0694782894513142
2000-02-03,0.9800440676932829,0.0,0.0,0,1.0769928254882182
2000-02-07,1.003673132110842,0.0,0.0,0,1.1029593444332362
2000-02-08,0.9913893190504698,0.0,0.0,0,1.0894603815072144
2000-02-09,1.0066847806529318,0.0,0.0,0,1.106268913849188
2000-02-10,0.996504996026074,0.0,0.0,0,1.0950821158575978
2000-02-11,0.9831382271543339,0.0,0.0,0,1.0803930680388536
2000-02-14,0.9394590094291644,0.0,0.0,0,1.0323929773657188
2000-02-15,0.9073106926288449,0.0,0.0,0,0.9970644572646183
2000-02-16,0.9071044153314415,0.0,0.0,0,0.9968377744279092
2000-02-17,0.9256899998274876,0.0,0.0,0,1.0172618980153918
2000-02-18,0.9067331161961153,0.0,0.0,0,0.996429745321833
2000-02-21,0.8718516252052009,0.0,0.0,0,0.9580976776343381
2000-02-22,0.8766991416941806,0.0,0.0,0,0.9634247242969999
2000-02-23,0.9083111375212514,0.0,0.0,0,0.998163869022657
2000-02-24,0.8945936972439255,0.0,0.0,0,0.9830894603815072
2000-02-25,0.891901778512811,0.0,0.0,0,0.9801312493624545
2000-02-28,0.8447158467317838,0.0,0.0,0,0.9282775504652665
2000-02-29,0.854379938115133,0.0,0.0,0,0.938897641365084
2000-03-02,0.922740234474619,0.0,0.0,0,1.0140203334504527
2000-03-03,0.922915570177412,0.0,0.0,0,1.0142130138616556
2000-03-06,0.9378706742391583,0.0,0.0,0,1.0306475195230593
2000-03-07,0.9358182151299945,0.0,0.0,0,1.0283920252978047
2000-03-08,0.9446881389183406,0.0,0.0,0,1.0381393872762925
2000-03-09,0.912354172550358,0.0,0.0,0,1.0026068526221539
2000-03-10,0.919336659067463,0.0,0.0,0,1.010280066644754
2000-03-13,0.8814847749939394,0.0,0.0,0,0.968683766108649
2000-03-14,0.873316194016765,0.0,0.0,0,0.959707125774972
2000-03-15,0.8638171244713384,0.0,0.0,0,0.9492683811445216
2000-03-16,0.8676229406084311,0.0,0.0,0,0.9534506794818031
2000-03-17,0.882423336697125,0.0,0.0,0,0.9697151730156752
2000-03-20,0.877204521072819,0.0,0.0,0,0.963980097246937
2000-03-21,0.8905094067553381,0.0,0.0,0,0.9786011402146686
2000-03-22,0.9101263777384012,0.0,0.0,0,1.0001586779856964
2000-03-23,0.8948515438656797,0.0,0.0,0,0.9833728139273935
2000-03-24,0.9171501197149869,0.0,0.0,0,1.0078772285756386
2000-03-27,0.914540711902834,0.0,0.0,0,1.0050096906912693
2000-03-28,0.9192644620133718,0.0,0.0,0,1.0102007276519058
2000-03-29,0.9370249373198043,0.0,0.0,0,1.0297181198925525
2000-03-30,0.917882404120769,0.0,0.0,0,1.0086819526459556
2000-03-31,0.8879618821324062,0.0,0.0,0,0.9758016071813124
2000-04-03,0.8730067780706599,0.0,0.0,0,0.9593671015199086
2000-04-04,0.8562158060620232,0.0,0.0,0,0.9409151186117943
2000-04-06,0.8295957208321149,0.0,0.0,0,0.9116616985344955
2000-04-07,0.8636624164982859,0.0,0.0,0,0.94909836901699
2000-04-10,0.8974815794075729,0.0,0.0,0,0.9862630200954334
2000-04-11,0.8818870157238761,0.0,0.0,0,0.9691257976402317
2000-04-12,0.8632808034980897,0.0,0.0,0,0.9486790057690783
2000-04-14,0.826027123587036,0.0,0.0,0,0.9077400854594294
2000-04-17,0.7299328445916632,0.0,0.0,0,0.8021398859785333
2000-04-18,0.7707551217477956,0.0,0.0,0,0.8470004193632479
2000-04-19,0.7787793086167878,0.0,0.0,0,0.8558183817112288
2000-04-20,0.7851429632416825,0.0,0.0,0,0.862811547223702
2000-04-21,0.7912384573799529,0.0,0.0,0,0.8695100250484534
2000-04-24,0.7710439099641604,0.0,0.0,0,0.8473177753346406
2000-04-25,0.760338118228924,0.0,0.0,0,0.8355529361094426
2000-04-26,0.7356157841351268,0.0,0.0,0,0.8083849981298666
2000-04-27,0.7137916460698474,0.0,0.0,0,0.7844019540060525
2000-04-28,0.7481574438172534,0.0,0.0,0,0.822167314601775
2000-05-01,0.7363790101355194,0.0,0.0,0,0.80922372462569
2000-05-02,0.7762111562641155,0.0,0.0,0,0.8529961803942016
2000-05-03,0.7763864919669083,0.0,0.0,0,0.8531888608054041
2000-05-04,0.7748703538309933,0.0,0.0,0,0.8515227419555929
2000-05-08,0.7944151277599654,0.0,0.0,0,0.8730009407337724
2000-05-09,0.7847304086468758,0.0,0.0,0,0.862358181550284
2000-05-10,0.783348350754273,0.0,0.0,0,0.8608394065443336
2000-05-12,0.7635354163386766,0.0,0.0,0,0.8390665200784323
2000-05-15,0.751540391494669,0.0,0.0,0,0.8258849131238029
2000-05-16,0.7702084869096766,0.0,0.0,0,0.846399709845969
2000-05-17,0.7500036256290137,0.0,0.0,0,0.8241961259903207
2000-05-18,0.735326995918762,0.0,0.0,0,0.808067642158474
2000-05-19,0.7536134783335732,0.0,0.0,0,0.8281630756327284
2000-05-22,0.7133172082858195,0.0,0.0,0,0.7838805834816217
2000-05-23,0.7010952784146681,0.0,0.0,0,0.7704496254066123
2000-05-24,0.6961343094121165,0.0,0.0,0,0.7649979031837605
2000-05-25,0.721485789262994,0.0,0.0,0,0.7928572238152988
2000-05-26,0.6772702505645757,0.0,0.0,0,0.7442677577667207
2000-05-29,0.6765173384290533,0.0,0.0,0,0.7434403654127327
2000-05-30,0.7129562230153635,0.0,0.0,0,0.7834838885173809
2000-05-31,0.7548511421179936,0.0,0.0,0,0.8295231726529826
2000-06-01,0.761668606797176,0.0,0.0,0,0.8370150404062157
2000-06-02,0.7845653868089532,0.0,0.0,0,0.8621768352809168
2000-06-05,0.8191374618537626,0.0,0.0,0,0.9001688787133483
2000-06-07,0.8483566410309538,0.0,0.0,0,0.9322785025331807
2000-06-08,0.8252226421271628,0.0,0.0,0,0.9068560223962643
2000-06-09,0.8626516577410093,0.0,0.0,0,0.9479876231171157
2000-06-12,0.872357004583839,0.0,0.0,0,0.958653050584275
2000-06-13,0.8296988594808166,0.0,0.0,0,0.91177503995285
2000-06-14,0.8449840072184083,0.0,0.0,0,0.9285722381529883
2000-06-15,0.7951474121657475,0.0,0.0,0,0.8738056648040895
2000-06-16,0.782863599105375,0.0,0.0,0,0.8603067018780673
2000-06-19,0.7790887245628928,0.0,0.0,0,0.8561584059662923
2000-06-20,0.8099684359841816,0.0,0.0,0,0.8900928266216325
2000-06-21,0.8064101526039729,0.0,0.0,0,0.8861825476884018
2000-06-22,0.8067917656041692,0.0,0.0,0,0.8866019109363135
2000-06-23,0.8033881901970131,0.0,0.0,0,0.8828616441306147
2000-06-26,0.8163939737982973,0.0,0.0,0,0.8971539969851182
2000-06-27,0.8352889742404486,0.0,0.0,0,0.9179181448276644
2000-06-28,0.8444270585154191,0.0,0.0,0,0.9279601944938739
2000-06-29,0.8446023942182119,0.0,0.0,0,0.9281528749050766
2000-06-30,0.8469952108680914,0.0,0.0,0,0.9307823958109013
2000-07-03,0.8614243078214591,0.0,0.0,0,0.9466388602386971
2000-07-04,0.8442207812180157,0.0,0.0,0,0.9277335116571649
2000-07-05,0.8564633388189073,0.0,0.0,0,0.9411871380158452
2000-07-06,0.8639202631200401,0.0,0.0,0,0.9493817225628762
2000-07-07,0.86815926158168,0.0,0.0,0,0.9540400548572465
2000-07-10,0.8781946521003553,0.0,0.0,0,0.9650681748631403
2000-07-11,0.863126095525037,0.0,0.0,0,0.9485089936415465
2000-07-12,0.8661171163373863,0.0,0.0,0,0.9517958947738272
2000-07-13,0.8722951213946181,0.0,0.0,0,0.9585850457332623
2000-07-14,0.8539364419257157,0.0,0.0,0,0.9384102732661598
2000-07-18,0.8378261849985104,0.0,0.0,0,0.9207063437191854
2000-07-19,0.822324446098645,0.0,0.0,0,0.9036711285405026
2000-07-20,0.8033469347375324,0.0,0.0,0,0.8828163075632729
2000-07-21,0.8076375025235231,0.0,0.0,0,0.8875313105668204
2000-07-24,0.7610497749049657,0.0,0.0,0,0.8363349918960886
2000-07-25,0.7607919282832115,0.0,0.0,0,0.8360516383502024
2000-07-26,0.7671865245027168,0.0,0.0,0,0.843078806288182
2000-07-27,0.7505193188725222,0.0,0.0,0,0.8247628330820932
2000-07-28,0.7143898502323172,0.0,0.0,0,0.7850593342325086
2000-07-31,0.7281279182393835,0.0,0.0,0,0.8001564111573293
2000-08-01,0.7492071947387172,0.0,0.09934298124052812,1,0.8241054528556371
2000-08-02,0.749678158536867,0.0,0.09838615229594774,1,0.8254995523013976
2000-08-03,0.7438779013641386,0.0,0.09915330102358871,1,0.8184157136542407
2000-08-04,0.7323989535753122,0.0,0.10034113019226164,1,0.804724070317016
2000-08-07,0.6969783182552345,0.0,0.10043784360281442,1,0.7657232882612294
2000-08-08,0.6892254898427201,0.0,0.10312422171327465,1,0.7549445193757155
2000-08-09,0.7315395601377593,0.0,0.09899245344739839,1,0.8049847555792313
2000-08-10,0.7502915869017444,0.0,0.09794823777359048,1,0.8265762957757653
2000-08-11,0.7434621252625768,0.0,0.0984872336329693,1,0.8185630574981017
2000-08-14,0.7570603335997002,0.0,0.10114671010580828,1,0.8310759500844394
2000-08-16,0.7721878307413426,0.0,0.09725483893412455,1,0.8513527298280611
2000-08-17,0.767770423215696,0.0,0.10130777118717099,1,0.8426821113239411
2000-08-18,0.7582516213374637,0.0,0.10859283432271212,1,0.8254882181595622
2000-08-21,0.753729297326162,0.0,0.1103119185653458,1,0.8189824207460134
2000-08-22,0.7663260057570686,0.0,0.10552367151022535,1,0.8371510501082411
2000-08-23,0.746982796280908,0.0,0.10574280829073733,1,0.8158201951739223
2000-08-24,0.7451809804747856,0.0,0.10473874552603585,1,0.8147661199832256
2000-08-25,0.7584181739717679,0.0,0.10697758467698515,1,0.8271656711512088
2000-08-28,0.7613563795800264,0.0,0.10797386024857973,1,0.8294438336601344
2000-08-29,0.7619513501673469,0.0,0.10204901519299733,1,0.8291604801142481
2000-08-30,0.7497541500702803,0.0,0.103195763976415,1,0.8148454589760736
2000-08-31,0.7176534857473897,0.0,0.10258204124563075,1,0.7804916750728219
2000-09-01,0.7213772778051492,0.0,0.10258611457617957,1,0.7845379637080779
2000-09-04,0.7122509182185176,0.0,0.10538681635870994,1,0.7721950832492718
2000-09-05,0.7111043029733128,0.0,0.2066452352235528,2,0.769860250031169
2000-09-06,0.7071528599435629,0.0,0.20520716344248943,2,0.766970043863129
2000-09-07,0.6877053553425072,0.0,0.20727271886268864,2,0.7439390676534926
2000-09-08,0.6831445236963616,0.0,0.20525081001894738,2,0.7408901834997563
2000-09-14,0.6759492888878379,0.0,0.30209083089561956,3,0.7368778972900067
2000-09-15,0.655925253748178,0.0,0.30505615505575134,3,0.7120107901030275
2000-09-18,0.5989444159471361,0.0,0.30029219211816505,3,0.6546146958483038
2000-09-19,0.5889174612367507,0.0,0.2962521354380693,3,0.6473721792154506
2000-09-20,0.6203581204806089,0.0,0.2910859003468401,3,0.68693966836301
2000-09-21,0.6208921076095393,0.0,0.3034874178568942,3,0.6755035192510399
2000-09-22,0.5763265146745067,0.0,0.3034393207715762,3,0.6270613970463227
2000-09-25,0.6126460349696572,0.0,0.30756724641529476,3,0.6626279341259677
2000-09-26,0.6219861184399426,0.0,0.314500365386836,3,0.6659941742510966
2000-09-27,0.6325948569903193,0.0,0.31256442976651544,3,0.6792664543404096
2000-09-28,0.6399978837196139,0.0,0.22234397201313538,2,0.6866789831007946
2000-09-29,0.6514007310407082,0.0,0.2266625578254225,2,0.695032245633522
2000-10-02,0.6259795054482951,0.0,0.2267528400645159,2,0.6678303052284397
2000-10-04,0.6337004776694508,0.0,0.2242477680780269,2,0.6782577157170545
2000-10-05,0.6374754469032502,0.0,0.2180555143561077,2,0.6877443924333269
2000-10-06,0.6377253128511977,0.0,0.10473741556282692,1,0.6900792256514299
2000-10-09,0.6160324775255303,0.0,0.10315339858496651,1,0.6677849686610978
2000-10-10,0.6177962816779697,0.0,0.10698888241599865,1,0.66683290074692
2000-10-11,0.5914774882766944,0.0,0.11665352836187114,1,0.6315157147876548
2000-10-12,0.5683984060021534,0.0,0.0,0,0.6060478980833967
2000-10-13,0.5576514443132347,0.0,0.0,0,0.5945890806877557
2000-10-16,0.5847580242407746,0.0,0.0,0,0.6234911423681556
2000-10-17,0.545161157483878,0.0,0.0,0,0.581271464031101
2000-10-18,0.5465643216213035,0.0,0.0,0,0.5827675707533804
2000-10-19,0.5474891343482431,0.0,0.0,0,0.5837536410930646
2000-10-20,0.5803678212956476,0.0,0.0,0,0.6188101417901144
2000-10-23,0.5616589661299729,0.0,0.0,0,0.5988620521597208
2000-10-24,0.5793898584119872,0.0,0.0,0,0.6177674007412528
2000-10-25,0.5764984898863831,0.0,0.0,0,0.6146845141620103
2000-10-26,0.5566628513982301,0.0,0.0,0,0.5935350054970587
2000-10-27,0.5478080352885671,0.0,0.0,0,0.5840936653481282
2000-10-30,0.5365295720324417,0.0,0.0,0,0.5720681408607148
2000-10-31,0.5468938525929716,0.0,0.0,0,0.5831189291502794
2000-11-01,0.5833336000406607,0.0,0.0,0,0.6219723673622052
2000-11-02,0.5932620493160813,0.0,0.0,0,0.6325584558365164
2000-11-03,0.595717586556576,0.0,0.0,0,0.6351766426005055
2000-11-06,0.591731324802526,0.0,0.0,0,0.6309263394122114
2000-11-07,0.5882127844276179,0.0,0.0,0,0.6271747384646772
2000-11-08,0.5932514192847371,0.0,0.0,0,0.632547121694681
2000-11-09,0.5959833373401794,0.0,0.0,0,0.6354599961463918
2000-11-10,0.6007881115077276,0.0,0.0,0,0.6405830282560155
2000-11-13,0.5728949092607218,0.0,0.0,0,0.6108422400797925
2000-11-14,0.5878301032992291,0.0,0.0,0,0.6267667093586009
2000-11-15,0.592602987372745,0.0,0.0,0,0.6318557390427184
2000-11-16,0.5900092597247765,0.0,0.0,0,0.6290902084348683
2000-11-17,0.5859911078766941,0.0,0.0,0,0.624805902821068
2000-11-20,0.5712578844337253,0.0,0.0,0,0.6090967822371329
2000-11-21,0.5649330157839659,0.0,0.0,0,0.6023529678450397
2000-11-22,0.5552384271981163,0.0,0.0,0,0.5920162304911084
2000-11-23,0.5467131420601213,0.0,0.0,0,0.5829262487390767
2000-11-24,0.5642845838719738,0.0,0.0,0,0.6016615851930772
2000-11-27,0.588946256590363,0.0,0.0,0,0.6279567942513232
2000-11-28,0.5707689029918952,0.0,0.0,0,0.6085754117127022
2000-11-29,0.5489773387364218,0.0,0.0,0,0.5853404209500278
2000-11-30,0.5413130861373017,0.0,0.0,0,0.5771685046866677
2000-12-01,0.5468725925302834,0.0,0.0,0,0.5830962608666086
2000-12-04,0.5333405626292017,0.0,0.0,0,0.5686678983100795
2000-12-05,0.5495301003663168,0.0,0.0,0,0.5859297963254713
2000-12-06,0.5505186932813211,0.0,0.0,0,0.5869838715161682
2000-12-07,0.5567797817430157,0.0,0.0,0,0.5936596810572488
2000-12-08,0.5685047063155947,0.0,0.0,0,0.606161239501751
2000-12-11,0.5897541389725172,0.0,0.0,0,0.6288181890308175
2000-12-12,0.577295742237193,0.0,0.0,0,0.6155345747996691
2000-12-13,0.5929856685011338,0.0,0.0,0,0.6322637681487947
2000-12-14,0.5818666557151703,0.0,0.0,0,0.620408255788913
2000-12-15,0.5676436737767199,0.0,0.0,0,0.6052431740130796
2000-12-18,0.5732457002950782,0.0,0.0,0,0.6112162667603622
2000-12-19,0.5642420637465972,0.0,0.0,0,0.6016162486257353
2000-12-20,0.5466068417466801,0.0,0.0,0,0.5828129073207223
2000-12-21,0.5441513045061852,0.0,0.0,0,0.580194720556733
2000-12-22,0.5321393690873146,0.0,0.0,0,0.5673871402826736
2000-12-26,0.5364126416876562,0.0,0.0,0,0.5719434653005248
2001-01-02,0.553771482872626,0.0,0.0,0,0.5904521189178162
2001-01-03,0.5542817243771443,0.0,0.0,0,0.5909961577259177
2001-01-04,0.5931770090653282,0.0,0.0,0,0.6324677827018327
2001-01-05,0.6174453706239846,0.0,0.0,0,0.6583436285121672
2001-01-08,0.6236107888035819,0.0,0.0,0,0.6649174307767287
2001-01-09,0.6270868090531134,0.0,0.0,0,0.6686236951569212
2001-01-10,0.5961427878103414,0.0,0.0,0,0.6356300082739235
2001-01-11,0.5971845308820665,0.0,0.0,0,0.6367407541737977
2001-01-12,0.6249076526275662,0.0,0.0,0,0.6663001960806538
2001-01-15,0.6367388775135866,0.0,0.0,0,0.6789150959435106
2001-01-16,0.6414373513676934,0.0,0.0,0,0.68392478663478
2001-01-17,0.6333691575774963,0.0,0.0,0,0.6753221729816727
2001-01-18,0.6421070433423739,0.0,0.0,0,0.6846388375704133
2001-01-19,0.6588280826466956,0.0,0.0,0,0.7024674426775777
2001-01-22,0.6669813166876459,0.0,0.0,0,0.7111607294653686
2001-01-26,0.6290108447264017,0.0,0.0,0,0.6706751748291379
2001-01-29,0.6341238898029298,0.0,0.0,0,0.6761268970519897
2001-01-30,0.6285962735039805,0.0,0.0,0,0.6702331432975552
2001-01-31,0.6568402667853427,0.0,0.0,0,0.7003479581543484
2001-02-01,0.6508768192012838,0.0,0.0,0,0.6939895045846604
2001-02-02,0.646816147227825,0.0,0.0,0,0.6896598624035182
2001-02-05,0.615648895326826,0.0,0.0,0,0.656428158541976
2001-02-06,0.623536378584173,0.0,0.0,0,0.6648380917838806
2001-02-07,0.6124917760176185,0.0,0.0,0,0.6530619184168471
2001-02-08,0.6288407642248955,0.0,0.0,0,0.6704938285597707
2001-02-09,0.6329864764491075,0.0,0.0,0,0.6749141438755966
2001-02-12,0.6369514781404693,0.0,0.0,0,0.6791417787802198
2001-02-13,0.6365050168240156,0.0,0.0,0,0.6786657448231307
2001-02-14,0.641873182652803,0.0,0.0,0,0.6843894864500335
2001-02-15,0.6416605820259204,0.0,0.0,0,0.6841628036133245
2001-02-16,0.6430318560693135,0.0,0.0,0,0.6856249079100976
2001-02-19,0.6342620802104034,0.0,0.0,0,0.6762742408958505
2001-02-20,0.6470925280427725,0.0,0.0,0,0.6899545500912398
2001-02-21,0.631987253502759,0.0,0.0,0,0.673848734543064
2001-02-22,0.6201666586480827,0.0,0.0,0,0.6612451688220427
2001-02-23,0.6202835889928682,0.0,0.0,0,0.6613698443822326
2001-02-26,0.6221969946348123,0.0,0.0,0,0.6634099899126138
2001-02-27,0.6139587203431089,0.0,0.0,0,0.6546260299901394
2001-02-28,0.6145221120043479,0.0,0.0,0,0.6552267395074183
2001-03-02,0.5946864735161952,0.0,0.0,0,0.6340772308424668
2001-03-05,0.6010007121346104,0.0,0.0,0,0.6408097110927247
2001-03-06,0.6039452308169352,0.0,0.0,0,0.6439492683811445
2001-03-07,0.6044661023527977,0.0,0.0,0,0.6445046413310817
2001-03-08,0.6157764557029556,0.0,0.0,0,0.6565641682440014
2001-03-09,0.6013706374665218,0.0,0.10014950464117106,1,0.6412404084824718
2001-03-12,0.5790370326334278,0.0,0.09965212413492629,1,0.6177674007412528
2001-03-13,0.561109711166802,0.0,0.10000146737418109,1,0.5984086864863027
2001-03-14,0.5758471835068695,0.0,0.0976047286048301,1,0.615761257636378
2001-03-15,0.5767050889707849,0.0,0.10135201656360499,1,0.6141178070702378
2001-03-16,0.5737761948102835,0.0,0.10203253088689083,1,0.6105362182502352
2001-03-19,0.5683153940913168,0.0,0.10070852013240729,1,0.6056172006936495
2001-03-20,0.5672850878350799,0.0,0.10369508973348221,1,0.602511645830736
2001-03-21,0.5693807083864437,0.0,0.20546595237980683,2,0.6036450600142811
2001-03-22,0.563807818869416,0.0,0.20595891086753362,2,0.5973659454374411
2001-03-23,0.5728155942104394,0.0,0.2022524514412965,2,0.6097428283217536
2001-03-26,0.5806387685182021,0.0,0.20128294593953625,2,0.6188214759319498
2001-03-27,0.5657550503967997,0.0,0.19990872619769512,2,0.60399641841118
2001-03-28,0.5609413464205728,0.0,0.1992664341075131,2,0.5993380861168096
2001-03-29,0.5530093993699505,0.0,0.1954459336109202,2,0.5936823493409197
2001-03-30,0.5486522329577597,0.0,0.18995445388282828,2,0.5930249691144636
2001-04-02,0.5422624137209492,0.0,0.19297199695315162,2,0.5839349873624319
2001-04-03,0.5289821116868973,0.0,0.19188404676699078,2,0.5704020220109035
2001-04-04,0.5192035712059366,0.0,0.2922367528021076,3,0.559555248274377
2001-04-06,0.524544210587109,0.0,0.18577140349509821,2,0.573756927994197
2001-04-09,0.5146097318227056,0.0,0.18441482990604033,2,0.5638282197463419
2001-04-10,0.506989064740462,0.0,0.18255647681643647,2,0.5567443810991851
2001-04-11,0.5221047640718054,0.0,0.17985014568217536,2,0.575241700574641
2001-04-12,0.5323320976268878,0.0,0.1850198806173127,2,0.5828129073207223
2001-04-13,0.5353572379318943,0.0,0.186646518129717,2,0.5849550601276224
2001-04-16,0.526809400160372,0.0,0.18586118278284597,2,0.5761711002051481
2001-04-17,0.5336223286128438,0.0,0.18736985933613687,2,0.5825408879166715
2001-04-18,0.5576172359254635,0.0,0.0992422556804703,1,0.6120436591143502
2001-04-19,0.5778200796979714,0.0,0.09321304170846362,1,0.6384635437327862
2001-04-20,0.57375517364863,0.0,0.09816918137484859,1,0.6305069761642997
2001-04-23,0.5800261682050133,0.0,0.10046253326991776,1,0.6357773521177845
2001-04-24,0.5750964022212774,0.0,0.10132370502693287,1,0.6297702569449954
2001-04-25,0.5763576080785203,0.0,0.08602221426946552,1,0.641897788708928
2001-04-26,0.5646250889664085,0.0,0.07480595802477456,1,0.6365480737625951
2001-04-27,0.553731091440351,0.0,0.06498595602823969,1,0.6308923369867051
2001-04-30,0.5690953981201494,0.0,0.056347591524112936,1,0.6543880130115949
2001-05-02,0.5754854561136867,0.0,0.05657848758675397,1,0.6615738589352708
2001-05-03,0.5733191409220859,0.0,0.0,0,0.6623672488637523
2001-05-04,0.5744963876180246,0.0,0.0,0,0.6637273458840064
2001-05-07,0.5851897117727999,0.0,0.0,0,0.676081560484648
2001-05-08,0.5797057042475526,0.0,0.0,0,0.6697457751986309
2001-05-09,0.5678645645642373,0.0,0.0,0,0.6560654660032417
2001-05-10,0.5703564034039739,0.0,0.0,0,0.6589443380294461
2001-05-11,0.5720045487782878,0.0,0.0,0,0.6608484738578019
2001-05-14,0.5730052084698357,0.0,0.0,0,0.662004556325018
2001-05-15,0.5702779202909113,0.0,0.0,0,0.6588536648947625
2001-05-16,0.5615466739627002,0.0,0.0,0,0.6487662786612112
2001-05-17,0.5850817974923389,0.0,0.0,0,0.6759568849244579
2001-05-18,0.5891531089824598,0.0,0.0,0,0.6806605537861701
2001-05-21,0.6072238457651169,0.0,0.0,0,0.7015380430470708
2001-05-22,0.6062722380192332,0.0,0.0,0,0.7004386312890319
2001-05-23,0.6107948274094639,0.0,0.0,0,0.7056636706751749
2001-05-24,0.6104808949572136,0.0,0.0,0,0.7053009781364404
2001-05-25,0.6122761961685199,0.0,0.0,0,0.707375126092328
2001-05-28,0.6067431366976087,0.0,0.0,0,0.7009826700971337
2001-05-29,0.6200656451399802,0.0,0.0,0,0.716374434709676
2001-05-30,0.6165044738847659,0.0,0.0,0,0.7122601412234073
2001-05-31,0.6005527811547983,0.0,0.0,0,0.693830826598964
2001-06-01,0.5955592930861923,0.0,0.0,0,0.6880617484047197
2001-06-04,0.5993264825131956,0.0,0.0,0,0.6924140588695327
2001-06-05,0.5863277169122072,0.0,0.0,0,0.6773963209375602
2001-06-07,0.589741732330429,0.0,0.0,0,0.6813406022962971
2001-06-08,0.6099903755005726,0.0,0.0,0,0.7047342710446679
2001-06-11,0.5966972982255995,0.0,0.0,0,0.6893765088576319
2001-06-12,0.5956377761992547,0.0,0.0,0,0.6881524215394031
2001-06-13,0.6024069447009015,0.0,0.0,0,0.6959729794058642
2001-06-14,0.602112633026917,0.0,0.0,0,0.6956329551508008
2001-06-15,0.6072238457651169,0.0,0.0,0,0.7015380430470708
2001-06-18,0.5981073734325038,0.0,0.1015099967191119,1,0.6899998866585817
2001-06-19,0.6018217664340367,0.0,0.10686471993642348,1,0.6901472305024425
2001-06-20,0.5926901755434353,0.0,0.21250855153783657,2,0.6751974974214828
2001-06-21,0.5933643307449821,0.0,0.213654144242907,2,0.6749821487266091
2001-06-22,0.602410999333056,0.0,0.22084596855342034,2,0.6790057690781943
2001-06-25,0.6032383666291603,0.0,0.22329134023281183,2,0.6778043500436365
2001-06-26,0.5933321020610746,0.0,0.32275889690483467,3,0.6672522639948317
2001-06-27,0.5870358271202656,0.0,0.3200878657810972,3,0.6627752779698285
2001-06-28,0.578724857624453,0.0,0.41331850288486194,4,0.6610864908363463
2001-06-29,0.5960283871740444,0.0,0.5184400079559699,5,0.6745287830531912
2001-07-02,0.5918809419185171,0.0,0.5137537180656879,5,0.6763535798886988
2001-07-03,0.5853947181424126,0.0,0.510368062414435,5,0.6735993834226841
2001-07-04,0.5919431858966524,0.0,0.6130970284815206,6,0.6769316211223068
2001-07-05,0.5949596262397686,0.0,0.617404687131367,6,0.6728059934942027
2001-07-06,0.585866026341899,0.0,0.621329904556287,6,0.655725441748178
2001-07-09,0.5729948433152666,0.0,0.7242951466798392,7,0.634711942785252
2001-07-10,0.5725053993026853,0.0,0.7247492935904065,7,0.6331251629282889
2001-07-11,0.5656790720032525,0.0,0.7238962595350769,7,0.6275147627197407
2001-07-12,0.5684222433246595,0.0,0.7221020888006776,7,0.6346552720760749
2001-07-13,0.5540598599979647,0.0,0.5956292085956983,6,0.621666345532648
2001-07-16,0.5508541268057958,0.0,0.5929496701557394,6,0.6221650477734078
2001-07-18,0.53765036584355,0.0,0.4945552768073809,5,0.6126443686316291
2001-07-19,0.5356911884858376,0.0,0.48781707787490186,5,0.618549456527899
2001-07-20,0.5279907913071745,0.0,0.5881454751153364,6,0.609448140634032
2001-07-23,0.5171324688465037,0.0,0.6899293806038752,7,0.5941470491561732
2001-07-24,0.5116600948593408,0.0,0.5842461857217841,6,0.5968785773385168
2001-07-25,0.5134080980566427,0.0,0.5860865703943718,6,0.5962665336794025
2001-07-26,0.5172840024976746,0.0,0.4952028192535383,5,0.5998254542157341
2001-07-27,0.5311427295298077,0.0,0.4110948708649957,4,0.6133244171417561
2001-07-30,0.5230406565583308,0.0,0.41037164232886436,4,0.6047104693468134
2001-07-31,0.5291518792119476,0.0,0.4084204078546601,4,0.6138004510988451
2001-08-01,0.5488357880607744,0.0,0.3051430165602665,3,0.6378741683573428
2001-08-02,0.5656604552923914,0.0,0.32021604084755906,3,0.6431672125944985
2001-08-03,0.561813118928221,0.0,0.3140772731195164,3,0.644561312040259
2001-08-06,0.5592275947478225,0.0,0.20105201503723788,2,0.6453320336850695
2001-08-07,0.5594896967240157,0.0,0.20404907613024748,2,0.6432125491618402
2001-08-08,0.5563556137134997,0.0,0.20176560986129274,2,0.64144442303551
2001-08-09,0.5416596652913915,0.0,0.20367920667427528,2,0.6230037742692311
2001-08-10,0.5447938631819748,0.0,0.20009342311229625,2,0.6294302326899319
2001-08-13,0.5532311508256205,0.0,0.2028460396015237,2,0.6369787711523422
2001-08-14,0.5668778415163359,0.0,0.20106446676635958,2,0.6541499960330504
2001-08-16,0.5720310529958738,0.0,0.20304890953681412,2,0.6584569699305218
2001-08-17,0.5776785882548531,0.0,0.09590456852466593,1,0.6585023064978636
2001-08-20,0.5609224466516615,0.0,0.0,0,0.6427478493465868
2001-08-21,0.5624951541410831,0.0,0.0,0,0.6445499778984234
2001-08-22,0.5686178329835486,0.0,0.0,0,0.6515658116945676
2001-08-23,0.5638700367890681,0.0,0.0,0,0.6461254236135512
2001-08-24,0.5631183023916086,0.0,0.0,0,0.6452640288340568
2001-08-27,0.5724457436653486,0.0,0.0,0,0.655952124584887
2001-08-28,0.5702399966833295,0.0,0.0,0,0.6534246109555815
2001-08-29,0.5594783253091735,0.0,0.0,0,0.6410930646386109
2001-08-30,0.5582221375660505,0.0,0.0,0,0.6396536286255087
2001-08-31,0.5391814965777693,0.0,0.0,0,0.6178354055922656
2001-09-03,0.5359371691782076,0.0,0.0,0,0.6141178070702378
2001-09-04,0.5527127157320387,0.0,0.0,0,0.6333405116231624
2001-09-05,0.5459075411866167,0.0,0.0,0,0.6255426220403723
2001-09-06,0.5478794464502958,0.0,0.10233428326273072,1,0.626313343685183
2001-09-07,0.5499995988254769,0.0,0.10176529070980872,1,0.6291355450022103
2001-09-10,0.5503300345818163,0.0,0.4070081141428116,4,0.6242051933037891
2001-09-11,0.5437509293607782,0.0,0.4109052404720443,4,0.6126897051989709
2001-09-12,0.480326638184738,0.0,0.41326985098678704,4,0.5390517856940462
2001-09-13,0.5123744292442428,0.0,0.4226171796400215,4,0.5658570311348876
2001-09-14,0.49588156244169385,0.0,0.4236802166938559,4,0.5466343265819629
2001-09-17,0.4829764547500631,0.0,0.42488086434370653,4,0.5312992326785978
2001-09-18,0.5069204619204828,0.0,0.4331443730541622,4,0.5496265400265219
2001-09-19,0.5082882974822006,0.0,0.4325480655030866,4,0.5516893538405739
2001-09-20,0.5019805021467086,0.0,0.4330668627277807,4,0.5443448299312018
2001-09-21,0.4938852647976691,0.0,0.4333246737540203,4,0.5353228530301829
2001-09-24,0.5045820402844553,0.0,0.4337351001869974,4,0.5465209851636084
2001-09-25,0.4922140337648775,0.0,0.43161731818903026,4,0.5351188384771447
2001-09-26,0.49619633917329564,0.0,0.4353191378090368,4,0.5359348966892972
2001-09-27,0.4972661383779117,0.0,0.43709404031342547,4,0.535402192023031
2001-09-28,0.5041675132084855,0.0,0.4362195850379858,4,0.5436761155629102
2001-10-04,0.52614821669765,0.0,0.43616676113405095,4,0.5674324768500153
2001-10-05,0.5249472269651998,0.0,0.4334319408917857,4,0.5688832470049531
2001-10-08,0.5208276830861401,0.0,0.3318057442052719,3,0.562320778882227
2001-10-09,0.5267352555096136,0.0,0.42538226632373266,4,0.5753323737093247
2001-10-10,0.5224213051699171,0.0,0.09952095672848554,1,0.5706287048476124
2001-10-11,0.5345572923122139,0.0,0.09620943687550976,1,0.5860318036019903
2001-10-12,0.5331375640040303,0.0,0.09494188095048342,1,0.585295084382686
2001-10-15,0.5313141644579578,0.0,0.19609579094870278,2,0.5825635562003423
2001-10-16,0.5391035952998482,0.0,0.19550302211687987,2,0.5915401965340195
2001-10-17,0.5453557439378798,0.0,0.19500436530913423,2,0.5987713790250371
2001-10-18,0.5403275028269062,0.0,0.19378800649679817,2,0.5941470491561732
2001-10-19,0.5429835798935683,0.0,0.19187014217249815,2,0.5984880254791508
2001-10-22,0.5442743413205539,0.0,0.19277895378991083,2,0.5992360788402907
2001-10-23,0.5458387662077474,0.0,0.19235215501479924,2,0.6012762243706719
2001-10-24,0.5554309309952912,0.0,0.18985751748142568,2,0.6137324462478324
2001-10-25,0.5556080652150608,0.0,0.18906883913933092,2,0.614525836176314
2001-10-26,0.556498351410313,0.0,0.18854438261777887,2,0.615908601480239
2001-10-29,0.5591292623862487,0.0,0.18573395461361292,2,0.62096362873885
2001-10-30,0.545141930939784,0.0,0.1861826286361445,2,0.6050958301692188
2001-10-31,0.5474519864244959,0.0,0.18363596376627295,2,0.6095614820523864
2001-11-01,0.5535097705499681,0.0,0.18314216410173328,2,0.6166793231250497
2001-11-02,0.5610962703503708,0.0,0.18458970851145087,2,0.6240238470344218
2001-11-05,0.5744138120759092,0.0,0.09735711735182473,1,0.6365480737625951
2001-11-06,0.5766648855162939,0.0,0.09471706612430514,1,0.6409117183692438
2001-11-07,0.572406129074114,0.0,0.09352987858153071,1,0.6370127735778486
2001-11-08,0.5806204067906575,0.0,0.08884783058219987,1,0.6494916637386801
2001-11-09,0.5829757430571377,0.0,0.0,0,0.6536966303596323
2001-11-12,0.5907891847456193,0.0,0.0,0,0.6624579219984359
2001-11-13,0.5951861409351269,0.0,0.0,0,0.6673882736968572
2001-11-14,0.6132288232300032,0.0,0.0,0,0.6876197168731369
2001-11-15,0.6129862325436856,0.0,0.0,0,0.6873476974690862
2001-11-16,0.6174741602405623,0.0,0.0,0,0.6923800564440263
2001-11-19,0.6331920151248943,0.0,0.0,0,0.7100046469981525
2001-11-20,0.6229829904090259,0.0,0.0,0,0.6985571637443472
2001-11-21,0.6220934912258612,0.0,0.0,0,0.6975597592628275
2001-11-22,0.6313018293606691,0.0,0.0,0,0.7078851624749232
2001-11-23,0.6521444124934618,0.0,0.0,0,0.731256162939623
2001-11-26,0.6818415556768492,0.0,0.0,0,0.7645558716521779
2001-11-27,0.6773334120894461,0.0,0.0,0,0.7595008443935668
2001-11-28,0.6388423565270432,0.0,0.0,0,0.7163404322841697
2001-11-29,0.6356482458238607,0.0,0.0,0,0.7127588434641672
2001-11-30,0.6508404875545044,0.0,0.0,0,0.7297940586428499
2001-12-03,0.6576835664977152,0.0,0.0,0,0.7374672726654501
2001-12-04,0.6569153626577092,0.0,0.0,0,0.7366058778859559
2001-12-05,0.6957399804137988,0.0,0.0,0,0.7801403166759229
2001-12-06,0.6940216297190487,0.0,0.0,0,0.7782135125638963
2001-12-07,0.712104743794978,0.0,0.0,0,0.798490292307518
2001-12-10,0.6759890553694357,0.0,0.0,0,0.7579934035294518
2001-12-11,0.6773131961989196,0.0,0.0,0,0.7594781761098959
2001-12-12,0.6887857140726924,0.0,0.0,0,0.7723424270931326
2001-12-13,0.6838934685652862,0.0,0.0,0,0.7668567024447744
2001-12-14,0.6723805189104605,0.0,0.0,0,0.7539471148941959
2001-12-17,0.655277875525065,0.0,0.0,0,0.7347697469086129
2001-12-18,0.6507090842660823,0.0,0.0,0,0.729646714798989
2001-12-19,0.654034598257687,0.0,0.0,0,0.7333756474628523
2001-12-20,0.671683070687297,0.0,0.0,0,0.7531650591075497
2001-12-21,0.6516693390660898,0.0,0.0,0,0.7307234582733569
2001-12-24,0.6534685533229458,0.0,0.0,0,0.7327409355200671
2001-12-26,0.6609282169272139,0.0,0.0,0,0.7411055321946299
2001-12-27,0.6757666805736444,0.0,0.0,0,0.7577440524090718
2001-12-28,0.7068882423867529,0.0,0.10745604450936837,1,0.786249419125231
2002-01-02,0.7348800535073396,0.0,0.10277726177266945,1,0.8216686123610152
2002-01-03,0.7392841445881273,0.0,0.10478822300945104,1,0.8247401647984223
2002-01-04,0.7583944062475342,0.0,0.10328888488736243,1,0.8474764533203369
2002-01-07,0.7570655771057259,0.0,0.09719781029975783,1,0.8517380906504665
2002-01-08,0.7353835814380084,0.0,0.09125872746646192,1,0.8327874055015925
2002-01-09,0.7535181512242517,0.0,0.09279066964302073,1,0.8518854344943273
2002-01-10,0.7292315028984426,0.0,0.0917365853290333,1,0.8253862108830431
2002-01-11,0.7280097722088174,0.0,0.09129925959973846,1,0.8244001405433589
2002-01-14,0.7427363598353685,0.0,0.08890337250922963,1,0.8432941549830555
2002-01-15,0.716191136558924,0.0,0.08737760553563391,1,0.8145167688628455
2002-01-16,0.7109233356877697,0.0,0.0904533776265297,1,0.8058008137913839
2002-01-17,0.7138905403483433,0.0,0.0909850474776287,1,0.8086910199594238
2002-01-18,0.7103940949919332,0.0,0.0929508954819547,1,0.802989946616192
2002-01-21,0.7193360067933646,0.0,0.09299855333041736,1,0.8130546645660724
2002-01-22,0.7270075850079586,0.0,0.0937997139485247,1,0.8209998979927235
2002-01-23,0.7479288937029878,0.0,0.09694332494877973,1,0.8416960409842569
2002-01-24,0.7607925278612799,0.0,0.09417259179686358,1,0.8587992610139524
2002-01-25,0.7779533054782896,0.0,0.0943143424930751,1,0.8780332997087126
2002-01-28,0.7855108484965659,0.0,0.0,0,0.8843350825692233
2002-01-29,0.7792588973415833,0.0,0.0,0,0.8772965804894083
2002-01-30,0.7545128491307179,0.0,0.0,0,0.84943725985787
2002-01-31,0.7531235266518329,0.0,0.0,0,0.8478731482845777
2002-02-01,0.74743535853176,0.0,0.0,0,0.8414693581475479
2002-02-04,0.7351428748598859,0.0,0.0,0,0.8276303709664623
2002-02-05,0.7449084024288605,0.0,0.0,0,0.8386244885468497
2002-02-06,0.7465594813168107,0.0,0.0,0,0.8404832878078636
2002-02-07,0.7326259863111811,0.0,0.0,0,0.8247968355075996
2002-02-08,0.74465671357399,0.0,0.0,0,0.8383411350009634
2002-02-14,0.8015585298831075,0.0,0.0,0,0.9024017046549321
2002-02-15,0.7888834791518303,0.0,0.0,0,0.8881320200840994
2002-02-18,0.7957092808959176,0.0,0.0,0,0.8958165682485351
2002-02-19,0.7875545619981141,0.0,0.0,0,0.8866359133618198
2002-02-20,0.7821382178413016,0.0,0.0,0,0.8805381450543472
2002-02-21,0.7929407034923425,0.0,0.0,0,0.8926996792437861
2002-02-22,0.7973502922296732,0.0,0.0,0,0.8976640333677136
2002-02-25,0.7968267794115427,0.0,0.0,0,0.8970746579922702
2002-02-26,0.8065520367637379,0.0,0.0,0,0.9080234390053157
2002-02-27,0.8276636979102735,0.0,0.0,0,0.9317911344342563
2002-02-28,0.8255293764209719,0.0,0.0,0,0.9293882963651408
2002-03-04,0.8398454384860047,0.0,0.0,0,0.945505446055152
2002-03-05,0.8476377254327947,0.0,0.0,0,0.954278071835791
2002-03-06,0.8487552239484195,0.0,0.0,0,0.955536161579526
2002-03-07,0.835043215135076,0.0,0.0,0,0.940099060399642
2002-03-08,0.8308450450358363,0.0,0.0,0,0.9353727232542588
2002-03-11,0.8326068670199297,0.0,0.0,0,0.9373561980754628
2002-03-12,0.8517452875442808,0.0,0.0,0,0.9589024017046549
2002-03-13,0.8548662293446747,0.0,0.0,0,0.9624159856736447
2002-03-14,0.86264844873727,0.0,0.0,0,0.9711772773124483
2002-03-15,0.8661720927054566,0.0,0.0,0,0.9751442269548561
2002-03-18,0.8755852558776125,0.0,0.0,0,0.9857416495710029
2002-03-19,0.8959921882305109,0.0,0.0,0,1.0087159550714617
2002-03-20,0.8934752996818061,0.0,0.0,0,1.005882419612599
2002-03-21,0.8916228697099593,0.0,0.0,0,1.003796937514876
2002-03-22,0.9020327207474023,0.0,0.0,0,1.0155164401727323
2002-03-25,0.885350783446587,0.0,0.0,0,0.9967357671513901
2002-03-26,0.8869817272261477,0.0,0.0,0,0.9985718981287331
2002-03-27,0.9085564958656451,0.0,0.0,0,1.0228609640821047
2002-03-28,0.8987003603089171,0.0,0.0,0,1.011764839225198
2002-03-29,0.9016300185796096,0.0,0.0,0,1.0150630744993143
2002-04-01,0.8817465990448418,0.0,0.0,0,0.9926781443742988
2002-04-02,0.911455951473753,0.0,0.0,0,1.0261251969307146
2002-04-03,0.9247954607818882,0.0,0.0,0,1.041142934862687
2002-04-04,0.9242115426385887,0.0,0.0,0,1.0404855546362308
2002-04-08,0.9067745387731622,0.0,0.0,0,1.02085482097723
2002-04-09,0.8948827409364064,0.0,0.10041095365044718,1,1.0072311824910176
2002-04-10,0.8605733255821557,0.0,0.09890438556610445,1,0.9702365435401059
2002-04-11,0.8716816308795764,0.0,0.10328958478586649,1,0.9779777624137189
2002-04-12,0.8871655395666612,0.0,0.10583946501646033,1,0.9925194663886024
2002-04-15,0.9006195849240266,0.0,0.20160842317556163,2,1.0135896360607057
2002-04-16,0.9091592747462771,0.0,0.20290810311730081,2,1.0215348694873567
2002-04-17,0.9437158814243459,0.0,0.20720008250475935,2,1.0546532319305444
2002-04-18,0.9485317841525691,0.0,0.3056911895068421,3,1.0627004726337146
2002-04-19,0.9354586573434021,0.0,0.3062523825813266,3,1.0472067007446533
2002-04-22,0.9264629428121935,0.0,0.3018286263431435,3,1.0437497874848407
2002-04-23,0.927863509602509,0.0,0.29924129376534586,3,1.0492015097076925
2002-04-24,0.9152380297709704,0.0,0.2972566449971114,3,1.0378560337304061
2002-04-25,0.8702687291830937,0.0,0.2957380745174972,3,0.9889945482777772
2002-04-26,0.866032457404728,0.0,0.2946694965556426,3,0.9856736447199901
2002-04-29,0.8314882230892584,0.0,0.29167188894814344,3,0.9503791270443959
2002-04-30,0.8265364448063952,0.0,0.28417353559619285,3,0.9547201033673736
2002-05-02,0.855435353662552,0.0,0.2939704386323709,3,0.9745775198630836
2002-05-03,0.8522261354260943,0.0,0.2938997086268605,3,0.971018599326752
2002-05-06,0.8227968914470203,0.0,0.294126420147802,3,0.937186185947931
2002-05-07,0.8260229137841906,0.0,0.1691926110094394,2,0.9365854764306522
2002-05-08,0.8482979130075524,0.0,0.1730631593939075,2,0.9573609584150335
2002-05-09,0.8423024296559233,0.0,0.2735842219443862,3,0.950560473313763
2002-05-10,0.8264665205374224,0.0,0.27797358539641026,3,0.9270534631470378
2002-05-13,0.8305666536304699,0.0,0.1936901200339953,2,0.9315417833138764
2002-05-14,0.8471916332802663,0.0,0.19462431237397176,2,0.9490870348751544
2002-05-15,0.8635539649785731,0.0,0.2872221674924423,3,0.9777057430096681
2002-05-16,0.8555319110581303,0.0,0.2945271821110599,3,0.9725147060490315
2002-05-17,0.8670405684962007,0.0,0.2901076626995594,3,0.9917714130274626
2002-05-20,0.8547606963145374,0.0,0.28752116299771335,3,0.9812873318296705
2002-05-21,0.8200943001961647,0.0,0.2816086430248971,3,0.9493023835700279
2002-05-22,0.8471371445888007,0.0,0.28336794859294656,3,0.9782044452504278
2002-05-23,0.827152172468913,0.0,0.2809778031865213,3,0.9583130263292116
2002-05-24,0.8337264401498166,0.0,0.2790037066747864,3,0.9685817588321302
2002-05-27,0.8185251939048768,0.0,0.27764480831628274,3,0.9527139602624988
2002-05-28,0.8233521872444697,0.0,0.37557257671419764,4,0.9620419589930749
2002-05-29,0.8059063640165727,0.0,0.37228437230515915,4,0.9466161919550262
2002-05-30,0.7826972657286715,0.0,0.36882328923414787,4,0.9244239422412133
2002-05-31,0.7648887473076365,0.0,0.3693400963598698,4,0.902651055775312
2002-06-03,0.7655259238362355,0.0,0.3631158331647775,4,0.9123190787609516
2002-06-04,0.7656624969730363,0.0,0.36212191241379665,4,0.9139058586179148
2002-06-05,0.7702448908971875,0.0,0.2718940422537843,3,0.9176007888562718
2002-06-07,0.7520435723883607,0.0,0.26756380618201153,3,0.9012456221877161
2002-06-10,0.7715320698937478,0.0,0.2710347357475399,3,0.9202189756202609
2002-06-11,0.7762670736634775,0.0,0.2724203679688638,3,0.9241065862698207
2002-06-12,0.7862124161179078,0.0,0.1867956824996422,2,0.9328678779086241
2002-06-14,0.7850979632839358,0.0,0.09122641916328846,1,0.9316777930159018
2002-06-17,0.7723294809503498,0.0,0.09064337362626314,1,0.9171134207573474
2002-06-18,0.7709226664822169,0.0,0.08871372771799817,1,0.9173854401613982
2002-06-19,0.7390235149965748,0.0,0.08817198620451291,1,0.8799487696789038
2002-06-20,0.7379973610791233,0.0,0.08638664013136195,1,0.8804474719196635
2002-06-21,0.7370705305084598,0.0,0.0832123640135834,1,0.8823969443153612
2002-06-24,0.7254357696084903,0.0,0.08120323863538884,1,0.8703714198279477
2002-06-25,0.7170435289768028,0.0,0.0849754252492489,1,0.8567704496254066
2002-06-26,0.6656617670821011,0.0,0.0,0,0.7955094130047944
2002-06-27,0.6737801718097897,0.0,0.0,0,0.8052114384159403
2002-06-28,0.7044043877744001,0.0,0.0,0,0.8418093824026115
2002-07-02,0.7077333130774592,0.0,0.0,0,0.8457876661868547
2002-07-03,0.7144954889779755,0.0,0.0,0,0.8538689093155313
2002-07-04,0.7290820619583319,0.0,0.0,0,0.8713008194584547
2002-07-05,0.7471872425951982,0.0,0.0,0,0.8929376962223307
2002-07-08,0.7429383578779032,0.0,0.0,0,0.8878600006800486
2002-07-09,0.7606167532195055,0.0,0.0,0,0.9089868410613291
2002-07-10,0.7537123155539012,0.0,0.0,0,0.9007355858051208
2002-07-11,0.725421192536734,0.0,0.0,0,0.8669258407099707
2002-07-12,0.7520241426081902,0.0,0.0,0,0.8987181085584105
2002-07-15,0.7430995878783363,0.0,0.0,0,0.8880526810912512
2002-07-16,0.7316522578475885,0.0,0.0,0,0.874372371895862
2002-07-18,0.7339284460889965,0.0,0.0,0,0.8770925659363702
2002-07-19,0.7156904878047148,0.0,0.0,0,0.855297011186798
2002-07-22,0.6837100430129321,0.0,0.0,0,0.8170782849176574
2002-07-23,0.7051631171882027,0.0,0.0,0,0.8427161137494474
2002-07-24,0.6841937330142314,0.0,0.0,0,0.8176563261512655
2002-07-25,0.6861948818431359,0.0,0.0,0,0.8200478300785456
2002-07-26,0.6618396676600702,0.0,0.0,0,0.7909417538451077
2002-07-29,0.6642201811958761,0.0,0.0,0,0.7937866234458059
2002-07-30,0.6867259924327979,0.0,0.0,0,0.820682542021331
2002-07-31,0.680950164770225,0.0,0.0,0,0.8137800496435413
2002-08-01,0.6712858488619133,0.0,0.0,0,0.8022305591132167
2002-08-02,0.6621459589867212,0.0,0.0969564032244085,1,0.7941606501263757
2002-08-05,0.6392097924839787,0.0,0.09782291758421355,1,0.765915968672432
2002-08-06,0.6373345519558018,0.0,0.0978196138515136,1,0.7636718085890127
2002-08-07,0.6432182316034303,0.0,0.09865563372510086,1,0.7700075938750298
2002-08-08,0.6501851990639835,0.0,0.10159376361444074,1,0.7758106744947807
2002-08-09,0.6558648255714273,0.0,0.09901656010734,1,0.7848326513957996
2002-08-12,0.658373764323893,0.0,0.09863922659520609,1,0.7881648890954221
2002-08-13,0.6709713520937394,0.0,0.09872300552810895,1,0.8031712928855592
2002-08-14,0.6722709398587562,0.0,0.09715215877467868,1,0.8061295039046119
2002-08-16,0.6799571963252525,0.0,0.09850987267214166,1,0.8141200738986047
2002-08-19,0.6791657490676989,0.0,0.09835146993434478,1,0.8133153498282878
2002-08-20,0.6954823847640071,0.0,0.09604405692105954,1,0.8349862290176701
2002-08-21,0.7058221492150397,0.0,0.09910605700390354,1,0.8445295764431197
2002-08-22,0.7058031376997953,0.0,0.09832006291862648,1,0.845243627378753
2002-08-23,0.7009603295675384,0.0,0.0984699302228919,1,0.8393045370569767
2002-08-26,0.6942235221207094,0.0,0.09675276301494523,1,0.8328214079270988
2002-08-27,0.6847895267475457,0.0,0.09754376657470973,1,0.8207845492978499
2002-08-28,0.6846871210841796,0.0,0.09755835577000156,1,0.8206485395958245
2002-08-29,0.6845188943409514,0.0,0.09622702146168545,1,0.8216572782191798
2002-08-30,0.6942204906126856,0.0,0.0,0,0.8346462047626064
2002-09-02,0.7089080995802924,0.0,0.0,0,0.852304797742239
2002-09-03,0.6981704958485183,0.0,0.0,0,0.8393952101916604
2002-09-04,0.681635151734794,0.0,0.0,0,0.8195151254122794
2002-09-05,0.6796837171672109,0.0,0.0,0,0.8171689580523411
2002-09-06,0.668135372503977,0.0,0.0,0,0.8032846343039137
2002-09-09,0.6579162658795318,0.0,0.0,0,0.7909984245542849
2002-09-10,0.6724436121048732,0.0,0.0,0,0.8084643371227147
2002-09-11,0.683200070276914,0.0,0.0,0,0.8213965929569643
2002-09-12,0.6968789666902628,0.0,0.0,0,0.8378424327602036
2002-09-13,0.677034668309767,0.0,0.0,0,0.8139840641965793
2002-09-16,0.6640345317460123,0.0,0.0,0,0.7983542826054926
2002-09-17,0.6851703592847636,0.0,0.0,0,0.8237654286005734
2002-09-18,0.6635537435192166,0.0,0.0,0,0.7977762413718845
2002-09-19,0.6637894240225478,0.0,0.0,0,0.7980595949177708
2002-09-23,0.6405136175135483,0.0,0.0,0,0.7700755987260425
2002-09-24,0.633773155118273,0.0,0.0,0,0.761971687313695
2002-09-25,0.6202733758874561,0.0,0.0,0,0.7457411962053294
2002-09-26,0.6244684888467532,0.0,0.0,0,0.750784889322105
2002-09-27,0.6257034546842093,0.0,0.0,0,0.7522696619025491
2002-09-30,0.6093943638536831,0.0,0.0,0,0.732661596527219
2002-10-01,0.6147773065497701,0.0,0.0,0,0.7391333915152615
2002-10-02,0.6109781368360695,0.0,0.0,0,0.7345657323555748
2002-10-04,0.6136366129136466,0.0,0.0,0,0.7377619603531719
2002-10-07,0.5914637911602376,0.0,0.0,0,0.7111040587561913
2002-10-08,0.5984776429393772,0.0,0.0,0,0.7195366602817669
2002-10-09,0.5844310849408316,0.0,0.0,0,0.7026487889469449
2002-10-10,0.5505873646624564,0.0,0.0,0,0.661959219757676
2002-10-11,0.553858610048695,0.0,0.0,0,0.6658921669745775
2002-10-14,0.5790858511252776,0.0,0.0,0,0.6962223305262442
2002-10-15,0.5935094979291534,0.0,0.0,0,0.7135635675344842
2002-10-16,0.5998068809781657,0.0,0.0,0,0.7211347742805654
2002-10-17,0.6077351731102307,0.0,0.0,0,0.7306667875641796
2002-10-18,0.6323684993184185,0.0,0.0,0,0.7602829001802128
2002-10-21,0.6152863764369657,0.0,0.0,0,0.7397454351743757
2002-10-22,0.6026539014584079,0.0,0.0,0,0.7245576851148715
2002-10-23,0.6197737332203936,0.0,0.0,0,0.7451404866880504
2002-10-24,0.6174640642877469,0.0,0.0,0,0.742363621938365
2002-10-25,0.6183125140997396,0.0,0.0,0,0.7433836947035556
2002-10-28,0.64113392340812,0.0,0.1027777212065257,1,0.7686134944292693
2002-10-29,0.6354842003434299,0.0,0.10142177342835934,1,0.7629917600788856
2002-10-30,0.622973377415275,0.0,0.10400486840199707,1,0.7458205351981775
2002-10-31,0.623225938364473,0.0,0.10315660651426549,1,0.7468292738215326
2002-11-01,0.6123047199310814,0.0,0.10277326409385076,1,0.7340556959729794
2002-11-04,0.6343794107955774,0.0,0.10052544959108613,1,0.762425052987113
2002-11-05,0.6282985384851514,0.0,0.10232376641899063,1,0.7536070906391322
2002-11-06,0.6416582088862008,0.0,0.09766766031135715,1,0.7736231851205385
2002-11-07,0.6399805302501608,0.0,0.09701206670920809,1,0.7721610808237654
2002-11-08,0.6348750248894844,0.0,0.09832827091533429,1,0.764884561765406
2002-11-11,0.6183694403617075,0.0,0.09767687140160376,1,0.7455371816522912
2002-11-12,0.6147660764324874,0.0,0.0970103989836353,1,0.7417402441374151
2002-11-13,0.6180663286901792,0.0,0.10262805622252263,1,0.741082863910959
2002-11-14,0.6178235416923856,0.0,0.10460948488268687,1,0.7391560597989323
2002-11-15,0.6388382513757542,0.0,0.10644491852993647,1,0.7627310748166704
2002-11-18,0.6350844233430905,0.0,0.10893691204543884,1,0.7561346042684378
2002-11-19,0.6434888353296333,0.0,0.11489328090831817,1,0.7610196193995172
2002-11-20,0.651263419979691,0.0,0.11170517326999178,1,0.7729884731777534
2002-11-21,0.6575129192724745,0.0,0.10933711582351933,1,0.7824864840358613
2002-11-22,0.6625502538923774,0.0,0.0,0,0.7853086853528886
2002-11-25,0.6749718160873953,0.0,0.0,0,0.8000317355971394
2002-11-26,0.6715389132174866,0.0,0.0,0,0.7959627786782124
2002-11-27,0.6770851072691497,0.0,0.0,0,0.802536580942774
2002-11-28,0.6832719823578152,0.0,0.0,0,0.8098697707103106
2002-11-29,0.6930830083871363,0.0,0.0,0,0.8214986002334833
2002-12-02,0.698208456683156,0.0,0.0,0,0.827573700257285
2002-12-03,0.7043379573505976,0.0,0.0,0,0.8348388851738091
2002-12-04,0.6832337327436657,0.0,0.0,0,0.8098244341429689
2002-12-05,0.6911322780655169,0.0,0.0,0,0.8191864352990513
2002-12-06,0.6866666356135744,0.0,0.0,0,0.8138933910618958
2002-12-09,0.678079597237034,0.0,0.0,0,0.8037153316936608
2002-12-10,0.6717014740776216,0.0,0.0,0,0.7961554590894151
2002-12-11,0.6680390735228164,0.0,0.0,0,0.7918144827664374
2002-12-12,0.6840752242549526,0.0,0.0,0,0.8108218386244885
2002-12-13,0.6771424816903737,0.0,0.0,0,0.8026045857937867
2002-12-16,0.6621199457331967,0.0,0.0,0,0.7847986489702932
2002-12-17,0.6736617668027783,0.0,0.0,0,0.7984789581656825
2002-12-18,0.6781847836759449,0.0,0.0,0,0.8038400072538509
2002-12-20,0.6783951565537667,0.0,0.0,0,0.8040893583742308
2002-12-23,0.6611254557653123,0.0,0.0,0,0.7836198982194064
2002-12-24,0.6483373676161516,0.0,0.10044817637801796,1,0.768250801890535
2002-12-26,0.6429567402209861,0.0,0.10085592575231507,1,0.7615296557821125
2002-12-27,0.6287774073177613,0.0,0.10106473479437485,1,0.7445624454544424
2002-12-30,0.6007236442488586,0.0,0.10115155693656072,1,0.711274070883723
2003-01-02,0.6072800803640127,0.0,0.10005948469107326,1,0.7199106869623366
2003-01-03,0.6299619711667697,0.0,0.09704587478394103,1,0.749300116741661
2003-01-06,0.6340467963247606,0.0,0.09525015122909768,1,0.755658570311349
2003-01-07,0.6224897307862788,0.0,0.09850885383940189,1,0.7392127305081096
2003-01-08,0.6202213335959137,0.0,0.09587763810250576,1,0.738668691700008
2003-01-09,0.6008566129311491,0.0,0.09726928017572502,1,0.7145043013068265
2003-01-10,0.5995651949047598,0.0,0.09825243203642366,1,0.7121921363723946
2003-01-13,0.6206901962555444,0.0,0.10163423550215729,1,0.7345203957882329
2003-01-14,0.6227735200508486,0.0,0.10189009359783568,1,0.7367758900134876
2003-01-15,0.6195893185951468,0.0,0.09971863036921313,1,0.7347810810504483
2003-01-16,0.6200262581369876,0.0,0.09979797967695196,1,0.7352344467238664
2003-01-17,0.6079261798751312,0.0,0.09919014111485462,1,0.7213727912591099
2003-01-20,0.6070746744918223,0.0,0.10070459721231302,1,0.7191512994593615
2003-01-21,0.6040864936655933,0.0,0.09859205073696274,1,0.7172925001983476
2003-01-22,0.5938651143226977,0.0,0.09810199233713641,1,0.7055389951149849
2003-01-23,0.5977950710524921,0.0,0.0,0,0.7085878792687211
2003-01-24,0.5827349725703321,0.0,0.0,0,0.6907366058778859
2003-01-27,0.5671107180180469,0.0,0.0,0,0.6722166181187592
2003-01-28,0.5742535075838713,0.0,0.0,0,0.680683222069841
2003-01-29,0.5577973618773334,0.0,0.0,0,0.66117716397103
2003-01-30,0.5659345960413449,0.0,0.0,0,0.6708225186729987
2003-02-03,0.5741100780745174,0.0,0.0,0,0.6805132099423092
2003-02-04,0.5753817712407153,0.0,0.29823006349109904,3,0.6843328157408561
2003-02-05,0.5759753467231454,0.0,0.502119327413403,5,0.6808192317718663
2003-02-06,0.5630251677885036,0.0,0.600919107907142,6,0.6681476611998323
2003-02-07,0.5461745258099898,0.0,0.5969949937484353,6,0.6545240227136203
2003-02-10,0.5376911746326889,0.0,0.5907996778630921,6,0.6542633374514049
2003-02-11,0.5361899878296926,0.0,0.5905568244262128,6,0.6528239014383026
2003-02-12,0.5394241999115905,0.0,0.5878464561561138,6,0.6611091591200172
2003-02-13,0.5327924944389261,0.0,0.588167673781274,6,0.6524725430414036
2003-02-14,0.5337130138836433,0.0,0.589185069928965,6,0.6519851749424793
2003-02-17,0.5517147731663175,0.0,0.5841918311776642,6,0.6821679946502851
2003-02-18,0.5508766549553744,0.0,0.5824659894974897,6,0.6839587890602864
2003-02-19,0.5461957218277756,0.0,0.5807160397507648,6,0.6809892438993982
2003-02-20,0.5509220482600552,0.0,0.5810751719717078,6,0.6862936222783892
2003-02-21,0.5492815861866653,0.0,0.5811494167881968,6,0.6841288011878182
2003-02-24,0.554890663297307,0.0,0.576666500086795,6,0.6985118271770053
2003-02-25,0.5345947671554159,0.0,0.5777347921352768,6,0.6712645502045813
2003-02-26,0.5362824386870091,0.0,0.5804780279734928,6,0.6690090559793266
2003-02-27,0.5299387620517837,0.0,0.5810662467748807,6,0.6601684253476748
2003-02-28,0.5264710534260679,0.0,0.5833964791575033,6,0.6522005236373528
2003-03-03,0.5427685270770035,0.0,0.2877986488762747,3,0.6687597048589466
2003-03-04,0.5274355000363901,0.0,0.09143056775723785,1,0.6535039499484298
2003-03-05,0.5111683252028418,0.0,0.09984940709715094,1,0.6350066304729738
2003-03-06,0.505410924111254,0.0,0.09760641246657537,1,0.6294188985480965
2003-03-07,0.4976930522377094,0.0,0.09897578616158353,1,0.6188668124992917
2003-03-10,0.49514003237754606,0.0,0.09728240616260593,1,0.6168493352525813
2003-03-11,0.478329924135574,0.0,0.08566358346864708,1,0.6035770551632683
2003-03-12,0.4719957240057421,0.0,0.07464596111225053,1,0.6027609969511158
2003-03-13,0.46889864441191964,0.0,0.0685865347427063,1,0.6027269945256095
2003-03-14,0.47850048687331626,0.0,0.07720176373298587,1,0.6093801357830192
2003-03-17,0.46029667737609337,0.0,0.08069161519419557,1,0.5839803239297737
2003-03-18,0.4815664809404995,0.0,0.08365679769149466,1,0.6089947749606138
2003-03-19,0.4856539465531566,0.0,0.08381002322086052,1,0.6140611363610604
2003-03-20,0.5107098355981089,0.0,0.08585480988753222,1,0.6443006267780436
2003-03-21,0.5176035146492874,0.0,0.0864311024168025,1,0.6525858844597582
2003-03-24,0.5128133427335227,0.0,0.08737843707152643,1,0.6458760724931712
2003-03-25,0.4984760926065907,0.0,0.08562890595809958,1,0.6290222035838557
2003-03-26,0.49900919574867314,0.0,0.08691845468256784,1,0.628806854888982
2003-03-27,0.4956878979213941,0.0,0.08996279826456376,1,0.6225390744539777
2003-03-28,0.5028726154485239,0.0,0.09141830430212375,1,0.6305523127316416
2003-03-31,0.4857861055808498,0.0,0.09433820612555445,1,0.6071699781251063
2003-04-01,0.487880510570866,0.0,0.0,0,0.6104115426900452
2003-04-02,0.49183022652839903,0.0,0.0,0,0.6153532285303018
2003-04-03,0.4939319102489212,0.0,0.0,0,0.6179827494361265
2003-04-04,0.505500229693347,0.0,0.0,0,0.6324564485599973
2003-04-07,0.5307657292473826,0.0,0.0,0,0.6640673701390699
2003-04-08,0.5320521046280472,0.0,0.0,0,0.665676818279704
2003-04-09,0.5158818225542021,0.0,0.0,0,0.6454453751034241
2003-04-10,0.5233645413177853,0.0,0.0,0,0.6548073762595066
2003-04-11,0.5281114476520681,0.0,0.0,0,0.6607464665812829
2003-04-14,0.5384658635682612,0.0,0.0,0,0.6737013906992032
2003-04-15,0.5480593250339205,0.0,0.0,0,0.6857042469029457
2003-04-16,0.5628707598746694,0.0,0.0,0,0.704235568803908
2003-04-17,0.5550619177751431,0.0,0.0,0,0.6944655385417494
2003-04-18,0.5659779905476826,0.0,0.0,0,0.7081231794534677
2003-04-21,0.5624087518154166,0.0,0.0,0,0.7036575275703001
2003-04-22,0.5465464751144068,0.0,0.0,0,0.6838114452164256
2003-04-23,0.5418086277616779,0.0,0.0,0,0.6778836890364847
2003-04-24,0.5329851797281066,0.0,0.0,0,0.6668442348887554
2003-04-25,0.5133090717928732,0.0,0.0,0,0.642226478822156
2003-04-28,0.5154741683842732,0.0,0.0,0,0.6449353387208288
2003-04-29,0.5411473221082378,0.0,0.0,0,0.6770562966824968
2003-04-30,0.5429500594374788,0.0,0.0,0,0.6793117909077515
2003-05-02,0.5412197939606697,0.0,0.0,0,0.6771469698171804
2003-05-06,0.5474614322513582,0.0,0.0,0,0.684956193541806
2003-05-07,0.5599175318880736,0.0,0.0,0,0.700540638565551
2003-05-09,0.5608506069881329,0.0,0.0,0,0.7017080551746026
2003-05-12,0.5716579719820248,0.0,0.0,0,0.7152296863842954
2003-05-13,0.5562848802849297,0.0,0.0,0,0.6959956476895353
2003-05-14,0.5525706978478,0.0,0.0,0,0.6913486495370004
2003-05-15,0.5610680225454283,0.0,0.0,0,0.7019800745786533
2003-05-16,0.5533316522983338,0.0,0.0,0,0.6923007174511782
2003-05-19,0.5402414239528404,0.0,0.0,0,0.6759228824989516
2003-05-20,0.5454231614017139,0.0,0.0,0,0.6824060116288296
2003-05-21,0.5440552551870638,0.0,0.0,0,0.6806945562116765
2003-05-22,0.5404098044828758,0.0,0.1019589421654974,1,0.6748121365990775
2003-05-23,0.5540100061323875,0.0,0.1002722293779047,1,0.6930941073796598
2003-05-26,0.5581104718435869,0.0,0.0979150335753396,1,0.7000532704666266
2003-05-27,0.5528752692549393,0.0,0.0943121905983556,1,0.6962563329517505
2003-05-28,0.5643011669141584,0.0,0.09234092664995189,1,0.7121921363723946
2003-05-29,0.5670969563497263,0.0,0.09096560201231753,1,0.7168051320994231
2003-05-30,0.5687039893763846,0.0,0.09211536143546087,1,0.7179272121411328
2003-06-02,0.5810629227789145,0.0,0.08997651744048264,1,0.7352571150075373
2003-06-03,0.570599252661901,0.0,0.09010244975073092,1,0.7219168300672115
2003-06-04,0.5729657738105168,0.0,0.0891231932848338,1,0.7256910992984166
2003-06-05,0.5731203614660946,0.0,0.08636791300154695,1,0.7280826032256968
2003-06-09,0.5822605902918803,0.0,0.08955247640055876,1,0.7371159142685512
2003-06-10,0.5811453822590393,0.0,0.0886469158823495,1,0.7364358657584241
2003-06-11,0.5856356926251768,0.0,0.09349116115112788,1,0.7381813236010836
2003-06-12,0.5907513711168593,0.0,0.09215161842938145,1,0.7457298620634939
2003-06-13,0.5964153645993271,0.0,0.09080989069670965,1,0.7539924514615376
2003-06-16,0.5913063216963734,0.0,0.09318285629496463,1,0.7455825182196331
2003-06-17,0.6041982143541567,0.0,0.08981285959752053,1,0.7646692130705324
2003-06-18,0.6035561577852369,0.0,0.08737252356196334,1,0.7659046345305965
2003-06-19,0.6144944547614256,0.0,0.0,0,0.7826111595960512
2003-06-20,0.6106944122961744,0.0,0.0,0,0.7777714810323137
2003-06-23,0.6003444137315675,0.0,0.0,0,0.7645898740776843
2003-06-24,0.5909288518387438,0.0,0.0,0,0.7525983520157772
2003-06-25,0.5998460475066165,0.0,0.0,0,0.763955162134899
2003-06-26,0.601376743768966,0.0,0.0,0,0.7659046345305965
2003-06-27,0.602738351490707,0.0,0.0,0,0.7676387582314205
2003-06-30,0.5961972947882255,0.0,0.0,0,0.759308163982364
2003-07-01,0.6004868040815535,0.0,0.0,0,0.7647712203470515
2003-07-02,0.6103206376274611,0.0,0.0,0,0.7772954470752247
2003-07-03,0.6087002527445584,0.0,0.09645009504247816,1,0.7784628636842762
2003-07-04,0.6154872315446976,0.0,0.09806092863517622,1,0.7857393827426357
2003-07-07,0.6265224396991801,0.0,0.09983678455863639,1,0.7982522753289735
2003-07-08,0.6283938373484155,0.0,0.09735658114647146,1,0.8028426027723312
2003-07-09,0.6251594608551779,0.0,0.09632434960582352,1,0.7996237064910631
2003-07-10,0.6211636316586959,0.0,0.09694398608946521,1,0.793967969715173
2003-07-11,0.6227067146845732,0.0,0.09450093738103617,1,0.7980935973432771
2003-07-14,0.6382223747318719,0.0,0.09650208316234905,1,0.8161715535708215
2003-07-15,0.6308397063710092,0.0,0.09436981020336709,1,0.8086343492502466
2003-07-16,0.6325801764065416,0.0,0.09302594429285227,1,0.8120685942263882
2003-07-18,0.6158452688147414,0.0,0.09065362454466404,1,0.7926532092622608
2003-07-21,0.609377556396243,0.0,0.08868948639332323,1,0.7860227362885219
2003-07-22,0.6151653402447057,0.0,0.08919294543473785,1,0.7930499042265016
2003-07-23,0.6117199594003606,0.0,0.08924682895123276,1,0.7885615840596629
2003-07-24,0.6225670670978508,0.0,0.39397107986404156,4,0.7967221661811877
2003-07-25,0.630268786894117,0.0,0.49905559487014484,5,0.7991590066758096
2003-07-28,0.6394638133582742,0.0,0.5980410259368274,6,0.8135647009486676
2003-07-29,0.6412553267553343,0.0,0.6974302022304752,7,0.818699067200127
2003-07-30,0.628582453174982,0.0,0.6948256029350189,7,0.8094277391787281
2003-07-31,0.6272297620618124,0.0,0.6064378174128634,6,0.8087136882430946
2003-08-01,0.6437866131085915,0.0,0.6091756387206038,6,0.8242867991250042
2003-08-04,0.6400546698958597,0.0,0.7109314739328777,7,0.814403427444491
2003-08-05,0.6553403411164839,0.0,0.7163773108322131,7,0.81814369425019
2003-08-06,0.6472617259336365,0.0,0.7183909261832587,7,0.8023212322479004
2003-08-07,0.653376342839824,0.0,0.7202657543869286,7,0.8045087216221424
2003-08-08,0.6487943386026529,0.0,0.7205404899224419,7,0.7980822632014417
2003-08-11,0.6501850641458642,0.0,0.7209639911413309,7,0.7985809654422016
2003-08-12,0.6516890034712638,0.0,0.7229039244236171,7,0.7948633669201737
2003-08-13,0.6674158269327686,0.0,0.7248885387820957,7,0.8082149860023349
2003-08-14,0.6788342100712479,0.0,0.7242321755389076,7,0.824003445579118
2003-08-18,0.6870293550085015,0.0,0.7263635272175337,7,0.8275056954062724
2003-08-19,0.7032856279001435,0.0,0.729016283622099,7,0.8388738396672296
2003-08-20,0.682520903806086,0.0,0.7218773887128883,7,0.8355529361094426
2003-08-21,0.6958205438964404,0.0,0.40751547475804784,4,0.8549796552154054
2003-08-22,0.6990949137811266,0.0,0.3076875845885036,3,0.8554103526051525
2003-08-25,0.6992101580451162,0.0,0.20326017904533072,2,0.8576885151140782
2003-08-26,0.6929638968489243,0.0,0.0867620947448638,1,0.853460880209455
2003-08-27,0.696843717719334,0.0,0.08463457474653052,1,0.8602386970270547
2003-08-28,0.6942557241204175,0.0,0.08869139335199978,1,0.8532455315145814
2003-08-29,0.6991654058024942,0.0,0.08708518824587796,1,0.8607940699769917
2003-09-01,0.7041154548966065,0.0,0.0,0,0.866053111788641
2003-09-02,0.7063178026439242,0.0,0.0,0,0.8687619716873137
2003-09-03,0.7061519354495656,0.0,0.0,0,0.8685579571342756
2003-09-04,0.7041523142731306,0.0,0.0,0,0.8660984483559827
2003-09-05,0.7017564547990612,0.0,0.0,0,0.8631515714787654
2003-09-08,0.7005585250620265,0.0,0.0,0,0.861678133040157
2003-09-09,0.7072024276805037,0.0,0.0,0,0.8698500493035171
2003-09-15,0.6922147790269516,0.0,0.09730804032361856,1,0.8541522628614175
2003-09-16,0.703646934075888,0.0,0.10016688652209857,1,0.8655090729805394
2003-09-17,0.7044752024240367,0.0,0.19822083205544222,2,0.8688639789638328
2003-09-18,0.6929791714891163,0.0,0.1938618553211014,2,0.8593319656802185
2003-09-19,0.6815487406511715,0.0,0.19107709133170317,2,0.8480771628376158
2003-09-22,0.649928055174327,0.0,0.18954059448658034,2,0.8102664656745515
2003-09-23,0.6573403961168311,0.0,0.19425198872374758,2,0.8147434516995546
2003-09-24,0.6683556114933713,0.0,0.2010713572396531,2,0.8213852588151289
2003-09-25,0.659446107468354,0.0,0.3026871148596227,3,0.8087136882430946
2003-09-26,0.6493201162596403,0.0,0.4072870048281591,4,0.7904430516043478
2003-09-29,0.6484773445108674,0.0,0.4076570374505198,4,0.7889242765983974
2003-09-30,0.6457999014616628,0.0,0.40395362075667707,4,0.7905790613063732
2003-10-01,0.6508471234439865,0.0,0.4028356180596587,4,0.7982522753289735
2003-10-02,0.6667760119833008,0.0,0.40803886908584514,4,0.8106631606387923
2003-10-06,0.683232573904004,0.0,0.415924244480677,4,0.819605798546963
2003-10-07,0.6869901859784664,0.0,0.4159379310169997,4,0.8240941187138017
2003-10-08,0.6891093715621485,0.0,0.42120160658216454,4,0.8191864352990513
2003-10-09,0.7013330653836017,0.0,0.5215539196745236,5,0.8343741853585556
2003-10-10,0.7201154641548737,0.0,0.5202785481477035,5,0.8590032755669905
2003-10-13,0.7212132448845806,0.0,0.42300013759764515,4,0.8580172052273062
2003-10-14,0.7311590002377786,0.0,0.42370651413024546,4,0.8687846399709847
2003-10-15,0.73897775147099,0.0,0.3124729883760943,3,0.8661891214906664
2003-10-16,0.7621222119756916,0.0,0.3222388394927397,3,0.8806288181890309
2003-10-17,0.7442998656647483,0.0,0.31424508159397374,3,0.8701787394167451
2003-10-20,0.7506495944506204,0.0,0.3123496105825039,3,0.880028108671752
2003-10-21,0.7463668976882216,0.0,0.3053308239923937,3,0.8839383876049826
2003-10-22,0.7603700161622227,0.0,0.3186573205566956,3,0.88324700495302
2003-10-23,0.7437750980451959,0.0,0.17712215536005493,2,0.8547529723786964
2003-10-24,0.737263307865642,0.0,0.09276619897974908,1,0.8479864897029321
2003-10-27,0.7513040221631254,0.0,0.09372817837541936,1,0.8632195763297782
2003-10-28,0.7632848049821168,0.0,0.09184844972485315,1,0.8788040213535233
2003-10-29,0.7680640601641134,0.0,0.09249429727747464,1,0.8836777023427671
2003-10-30,0.775547996632586,0.0,0.0940123759483707,1,0.8907955434154304
2003-10-31,0.7734376701153436,0.0,0.09567847015664031,1,0.8867379206383389
2003-11-03,0.7810856049945127,0.0,0.0935451731888213,1,0.8976186968003719
2003-11-04,0.7844392076754667,0.0,0.09274773126495171,1,0.9022656949529066
2003-11-05,0.7961662922763791,0.0,0.0,0,0.9129764589874078
2003-11-06,0.7808757402763846,0.0,0.0,0,0.8954425415679652
2003-11-07,0.7947232278988748,0.0,0.0,0,0.9113216742794319
2003-11-10,0.7873201099622259,0.0,0.0,0,0.9028324020446792
2003-11-11,0.7786320716894429,0.0,0.0,0,0.8928696913713179
2003-11-12,0.7870730098975847,0.0,0.0,0,0.9025490484987929
2003-11-13,0.8036781342414703,0.0,0.0,0,0.9215904067823505
2003-11-14,0.8004954854088921,0.0,0.0,0,0.9179408131113354
2003-11-17,0.7852543534218259,0.0,0.0,0,0.9004635664010701
2003-11-18,0.7916789551024959,0.0,0.0,0,0.9078307585941131
2003-11-19,0.7627484795343098,0.0,0.0,0,0.8746557254417483
2003-11-20,0.7605245789525393,0.0,0.0,0,0.8721055435287718
2003-11-21,0.7618391512964302,0.0,0.0,0,0.8736129843928867
2003-11-24,0.7449078548672184,0.0,0.0,0,0.8541975994287593
2003-11-25,0.7592001226060627,0.0,0.0,0,0.8705867685228214
2003-11-26,0.7735714623655922,0.0,0.0,0,0.887066610751567
2003-11-27,0.77061833501277,0.0,0.0978716974278214,1,0.8859671989935282
2003-11-28,0.7851410399858242,0.0,0.09813355091186964,1,0.9024017046549321
2003-12-01,0.7963925321220626,0.0,0.1985813355700882,2,0.9151072776524726
2003-12-02,0.7949938478072103,0.0,0.19678355096199415,2,0.9155493091840551
2003-12-03,0.7913318873087545,0.0,0.19250718047777693,2,0.9161840211268405
2003-12-04,0.7859752643936523,0.0,0.19023239971362535,2,0.9125457615976607
2003-12-05,0.7731866648841557,0.0,0.1929108037317809,2,0.8947284906323317
2003-12-08,0.7694623121572391,0.0,0.19374038539454588,2,0.8895034512461889
2003-12-09,0.7708834435930587,0.0,0.19261183531277015,2,0.8923936574142289
2003-12-10,0.7789821578891487,0.0,0.19360806174030662,2,0.9006562468122726
2003-12-11,0.7766261955882645,0.0,0.1947345172817727,2,0.8966779630280294
2003-12-12,0.7877531255391375,0.0,0.19110662912068915,2,0.9136225050720286
2003-12-15,0.8073993450993076,0.0,0.1950457158526052,2,0.9318478051434336
2003-12-16,0.8002305302767414,0.0,0.19906636423510018,2,0.9189608858765258
2003-12-17,0.7914104700253028,0.0,0.20082789535233453,2,0.9068333541125935
2003-12-18,0.8019126965389187,0.0,0.2039896643502279,2,0.9152319532126625
2003-12-19,0.8042516543288907,0.0,0.2026679079225341,2,0.9194255856917795
2003-12-22,0.7958410531735571,0.0,0.20085687374082398,2,0.911877047229369
2003-12-23,0.7869152702596683,0.0,0.19446451929475717,2,0.9088621655011391
2003-12-24,0.7742018893914765,0.0,0.09935604779625826,1,0.8982874111686634
2003-12-26,0.7695622525091665,0.0,0.09815611190962903,1,0.8940937786895465
2003-12-29,0.7746548162758042,0.0,0.0,0,0.8981627356084735
2003-12-30,0.7925165757061514,0.0,0.10020244841872099,1,0.9188702127418423
2004-01-02,0.8020840577790177,0.0,0.09936583464810829,1,0.930827732378243
2004-01-05,0.8051368902990375,0.0,0.09967808888083379,1,0.9340466286595112
2004-01-06,0.8028678812162495,0.0,0.0978676997042368,1,0.9332872411565358
2004-01-07,0.8057974022795765,0.0,0.09717404371128203,1,0.93741286878464
2004-01-08,0.8026639281346246,0.0,0.09684945514442278,1,0.9341032993686883
2004-01-09,0.8243180169350743,0.0,0.09803788843948442,1,0.9580410069251607
2004-01-12,0.8294508132139228,0.0,0.0977656225272511,1,0.9642974532183296
2004-01-13,0.8268150544204117,0.0,0.09740011796903425,1,0.9616225957451632
2004-01-14,0.8284216755012299,0.0,0.09788707551686152,1,0.9629713586235819
2004-01-15,0.8201922059098478,0.0,0.09308249981330825,1,0.9584830384567432
2004-01-16,0.8213589592596527,0.0,0.09191839715254702,1,0.9610785569370616
2004-01-19,0.8325028100938819,0.0,0.09472321977624587,1,0.9711092724614355
2004-01-20,0.8362400904637468,0.0,0.09396204941271612,1,0.9762889752802367
2004-01-26,0.8432691738574394,0.0,0.09351384953886202,1,0.9849822620680275
2004-01-27,0.8374279938594394,0.0,0.09350367143887957,1,0.9781704428249215
2004-01-28,0.8327173426345684,0.0,0.09200935016024891,1,0.9742714980335264
2004-01-29,0.825099732288061,0.0,0.09015074201027407,1,0.9673350032302305
2004-01-30,0.8196083134803778,0.0,0.08938851565108807,1,0.9617019347380114
2004-02-02,0.8238212069857679,0.0,0.0,0,0.9689444513708645
2004-02-03,0.8093470705133256,0.0,0.0,0,0.9519205703340172
2004-02-04,0.8051358869990397,0.0,0.0,0,0.9469675503519251
2004-02-05,0.8103589109458198,0.0,0.0,0,0.9531106552267395
2004-02-06,0.8193305627806027,0.0,0.0,0,0.9636627412755444
2004-02-09,0.8333421436267618,0.0,0.0,0,0.98014258350429
2004-02-10,0.8352983684629175,0.0,0.0,0,0.9824434142968865
2004-02-11,0.8444916615352944,0.0,0.0,0,0.9932561856079067
2004-02-12,0.8460431501984523,0.0,0.0,0,0.9950809824434144
2004-02-13,0.8501194216550721,0.0,0.0,0,0.99987532443981
2004-02-16,0.8492521298557913,0.0,0.0,0,0.9988552516746194
2004-02-17,0.8526442044485342,0.0,0.0,0,1.0028448696006982
2004-02-18,0.8467092491557915,0.0,0.10177873416158109,1,0.9941175803874011
2004-02-19,0.8509804914622828,0.0,0.10165090710698528,1,0.9992746149225311
2004-02-20,0.8484646674218443,0.0,0.1032385304015059,1,0.9945596119189836
2004-02-23,0.8481647370767804,0.0,0.10289074544350424,1,0.9945936143444899
2004-02-24,0.8354248391809274,0.0,0.1026304056235293,1,0.979938568951252
2004-02-25,0.835438921157199,0.0,0.10027912869972676,1,0.9825227532897347
2004-02-26,0.8344590015816937,0.0,0.1013111916938031,1,0.980244590780809
2004-02-27,0.8524066083600954,0.0,0.10135338026672007,1,1.001280758027406
2004-03-02,0.8684980050280191,0.0,0.1022388066425286,1,1.0191773679855831
2004-03-03,0.8689324367035387,0.0,0.10608047634624897,1,1.0153237597615297
2004-03-04,0.8927508589012108,0.0,0.1186439657384652,1,1.0284940325743237
2004-03-05,0.8886844602809287,0.0,0.11661130651543576,1,1.0261705334980562
2004-03-08,0.8808322598181937,0.0,0.11393399305084996,1,1.0201861066089382
2004-03-09,0.877807390555643,0.0,0.11929672636604988,1,1.010529417765134
2004-03-10,0.8610438300415901,0.0,0.11781983623172224,1,0.9928934930691723
2004-03-11,0.8503090810921788,0.0,0.11289297879974296,1,0.9859910006913827
2004-03-12,0.8298046730018683,0.0,0.1130522822631394,1,0.9620419589930749
2004-03-15,0.8349874473894663,0.0,0.11496451277811061,1,0.9659635720681409
2004-03-16,0.8346688391414114,0.0,0.11683943671468396,1,0.9635493998571898
2004-03-17,0.8520502635802417,0.0,0.0,0,0.9887678654410682
2004-03-18,0.8524800099246963,0.0,0.0,0,0.9892665676818281
2004-03-19,0.862745087379737,0.0,0.0,0,1.001178750750887
2004-03-22,0.8435627732772634,0.0,0.0,0,0.9789184961860614
2004-03-23,0.8459849799460074,0.0,0.0,0,0.981729363361253
2004-03-24,0.8416386816895916,0.0,0.0,0,0.9766856702444775
2004-03-25,0.8364786380451273,0.0,0.10341201223848522,1,0.9672329959537114
2004-03-26,0.8449513713353969,0.0,0.10140871169525385,1,0.9792131838737831
2004-03-29,0.858503014062628,0.0,0.10461932480499662,1,0.9913633839213863
2004-03-30,0.8582561378367541,0.0,0.10560077676254156,1,0.989991952759297
2004-03-31,0.8634547496800876,0.0,0.2042151340904357,2,0.9979711886114543
2004-04-01,0.8675311979435899,0.0,0.20593048655057444,2,1.0005213705244307
2004-04-02,0.8698977730359155,0.0,0.2072475014462071,2,1.0015867798569633
2004-04-06,0.891129698767402,0.0,0.2064318194759523,2,1.0270885989867278
2004-04-07,0.8909628471514416,0.0,0.20300740309230805,2,1.0313275680331864
2004-04-08,0.8996333120839318,0.0,0.20467726773337697,2,1.0391821283251539
2004-04-09,0.887483863812728,0.0,0.20383128326467942,2,1.026238538349069
2004-04-12,0.8962719074296636,0.0,0.19995307559554765,2,1.041448956692244
2004-04-13,0.8917431886849753,0.0,0.19696643028019642,2,1.0400548572464836
2004-04-14,0.8878312906628657,0.0,0.1945884059790985,2,1.038558750524204
2004-04-16,0.8699941656099774,0.0,0.19370999640722772,2,1.018803341305013
2004-04-19,0.8766126425412277,0.0,0.19693101946430533,2,1.0224529349760283
2004-04-20,0.8958197420081335,0.0,0.19951440616275834,2,1.0414942932595859
2004-04-21,0.9038301015299413,0.0,0.19706813115849361,2,1.0540185199877592
2004-04-22,0.8901151962238762,0.0,0.1899042496106658,2,1.0472860397375012
2004-04-23,0.8989730383052884,0.0,0.09249171061934124,1,1.0609436806492196
2004-04-26,0.8829637191090322,0.0,0.092146450467147,1,1.0424463611737638
2004-04-27,0.8794974960735668,0.0,0.09279989919688394,1,1.0376066826100263
2004-04-28,0.8665893358071447,0.0,0.09300494735700209,1,1.022146913146471
2004-04-29,0.8404466081534532,0.0,0.0,0,0.9922021104172097
2004-04-30,0.8283786470101159,0.0,0.0,0,0.977955094130048
2004-05-03,0.8315180450163778,0.0,0.0,0,0.9816613585102405
2004-05-04,0.8328333279731298,0.0,0.0,0,0.9832141359416973
2004-05-06,0.8042235235123938,0.0,0.0,0,0.9494383932720534
2004-05-07,0.8052411876979099,0.0,0.0,0,0.9506398123066112
2004-05-10,0.7591006775508302,0.0,0.0,0,0.896167926645434
2004-05-11,0.7594270981386373,0.0,0.0,0,0.8965532874678394
2004-05-12,0.7844558767390195,0.0,0.0,0,0.9261013952328601
2004-05-13,0.7585726442470248,0.0,0.0,0,0.8955445488444843
2004-05-14,0.7377681320770869,0.0,0.0,0,0.8709834634870621
2004-05-17,0.6998649414693735,0.0,0.0,0,0.8262362715207019
2004-05-18,0.7123553292557553,0.0,0.0,0,0.8409819900486235
2004-05-19,0.7468791067191133,0.0,0.0,0,0.8817395640889051
2004-05-20,0.7371248915069964,0.0,0.0,0,0.8702240759840869
2004-05-21,0.754953215964576,0.0,0.0,0,0.8912715773725193
2004-05-24,0.7677028201000986,0.0,0.0,0,0.9063233177299981
2004-05-25,0.7527450766941164,0.0,0.0,0,0.8886647247503655
2004-05-27,0.7704101908577924,0.0,0.0,0,0.9095195457275953
2004-05-28,0.7838990416186428,0.0,0.0,0,0.9254440150064038
2004-05-31,0.7717350744200681,0.0,0.0,0,0.9110836573008876
2004-06-01,0.7831885968098862,0.0,0.0,0,0.9246052885105804
2004-06-02,0.7722631077238736,0.0,0.0,0,0.9117070351018373
2004-06-03,0.7393042289608848,0.0,0.0,0,0.8727969261807342
2004-06-04,0.7495576756602358,0.0,0.0,0,0.8849017896609959
2004-06-07,0.7771210141188846,0.0,0.0,0,0.9174421108705755
2004-06-08,0.7769866056415521,0.0,0.0,0,0.9172834328848791
2004-06-09,0.762796910677469,0.0,0.0,0,0.9005315712520826
2004-06-10,0.7510553701219387,0.0,0.0,0,0.8866699157873261
2004-06-11,0.7215143069254003,0.0,0.0,0,0.8517947613596436
2004-06-14,0.7092831354881595,0.0,0.0,0,0.8373550646612792
2004-06-15,0.7220615414402533,0.0,0.0,0,0.8524408074442644
2004-06-16,0.722291955972823,0.0,0.0,0,0.8527128268483153
2004-06-17,0.7297324252537191,0.0,0.0,0,0.8614967867707897
2004-06-18,0.7121057135121381,0.0,0.0,0,0.8406873023609018
2004-06-21,0.719373371893607,0.0,0.0,0,0.8492672477303381
2004-06-22,0.7166660011359132,0.0,0.0,0,0.846071019732741
2004-06-23,0.7094175439654917,0.0,0.0,0,0.8375137426469754
2004-06-24,0.7326510093329351,0.0,0.0,0,0.8649423658887667
2004-06-25,0.7479159721156767,0.0,0.0,0,0.8829636514071337
2004-06-28,0.7401586828524974,0.0,0.0,0,0.8738056648040895
2004-06-29,0.7476183533444409,0.0,0.0,0,0.8826122930102348
2004-06-30,0.7544059814497229,0.0,0.0,0,0.8906255312878986
2004-07-01,0.7469559115633031,0.0,0.0,0,0.8818302372235887
2004-07-02,0.7252489424741339,0.0,0.0,0,0.8562037425336341
2004-07-05,0.7264970211922198,0.0,0.0,0,0.8576771809722428
2004-07-06,0.7281771271588737,0.0,0.0,0,0.8596606557934466
2004-07-07,0.7314509336424679,0.0,0.0,0,0.8635255981593354
2004-07-08,0.7139394291671718,0.0,0.0,0,0.8428521234514729
2004-07-09,0.7176068604772394,0.0,0.0,0,0.8471817656326152
2004-07-12,0.7164643884199147,0.0,0.0,0,0.8458330027541965
2004-07-13,0.7209574718050236,0.0,0.0,0,0.8511373811331876
2004-07-14,0.7071518010618899,0.0,0.0,0,0.8348388851738091
2004-07-15,0.7034747691462986,0.0,0.0,0,0.8304979088508314
2004-07-16,0.7098591718195837,0.0,0.0,0,0.8380351131714062
2004-07-19,0.720429438501218,0.0,0.0,0,0.8505140033322377
2004-07-20,0.7071023278114628,0.0,0.19987802841250507,2,0.8353262532727335
2004-07-21,0.7231746983641105,0.0,0.200336542902274,2,0.8538235727481894
2004-07-22,0.7100364427396558,0.0,0.19709747181188747,2,0.8417073751260924
2004-07-23,0.7034717283223089,0.0,0.1951920819144217,2,0.8359042945063415
2004-07-26,0.7033333125071087,0.0,0.19645260033817724,2,0.8344308560677329
2004-07-27,0.7035567055005137,0.0,0.19419817007085965,2,0.8370377086898866
2004-07-28,0.7109129694023057,0.0,0.29611602699733397,3,0.843736186514638
2004-07-29,0.6975470382733491,0.0,0.29593688222818126,3,0.8280837366398803
2004-07-30,0.6981748170252315,0.0,0.29201591975146285,3,0.8334447857280487
2004-08-02,0.6817772431438079,0.0,0.29051682668564405,3,0.8155935123372134
2004-08-03,0.6894995404632098,0.0,0.2917847893710373,3,0.8233573994944974
2004-08-04,0.6923810131117143,0.0,0.29184871990056477,3,0.8267236396196262
2004-08-05,0.703697530893012,0.0,0.28992078582952135,3,0.8425234333382449
2004-08-06,0.6921807019868503,0.0,0.28723483019057616,3,0.831869340012921
2004-08-09,0.6987611309016599,0.0,0.2860780575062238,3,0.8411406680343199
2004-08-10,0.7052037859867681,0.0,0.28641408102400967,3,0.8484965260855275
2004-08-11,0.7123330618937335,0.0,0.2893660375229703,3,0.8535288850604676
2004-08-12,0.7240281375663149,0.0,0.28818112420880926,3,0.8689886545240229
2004-08-13,0.7333526016110669,0.0,0.28868894469465556,3,0.879552074714663
2004-08-16,0.729825435501052,0.0,0.08965580044562137,1,0.8770925659363702
2004-08-17,0.7267646830680635,0.0,0.08915327918005667,1,0.873896337938773
2004-08-18,0.7305428207573588,0.0,0.09132539927185071,1,0.8763445125752305
2004-08-19,0.7438705663916028,0.0,0.08990090261212284,1,0.8937310861508121
2004-08-20,0.741502607297473,0.0,0.08802503060485932,1,0.8927223475274569
2004-08-23,0.741831007300678,0.0,0.08841717792093073,1,0.8927336816692925
2004-08-24,0.7478303074516628,0.0,0.0,0,0.898049394190119
2004-08-25,0.7588069923036995,0.0,0.0,0,0.9112310011447484
2004-08-26,0.7646964603584467,0.0,0.0,0,0.9183035056500698
2004-08-27,0.7647814046092363,0.0,0.0,0,0.9184055129265888
2004-08-30,0.7599584588144034,0.0,0.0,0,0.9126137664486734
2004-08-31,0.7584294623001901,0.0,0.0,0,0.9107776354713304
2004-09-01,0.7714448091711779,0.0,0.0,0,0.9264074170624171
2004-09-02,0.777551356977943,0.0,0.0,0,0.933740606829954
2004-09-03,0.774587746450394,0.0,0.0,0,0.9301816862936224
2004-09-06,0.777910010481277,0.0,0.0,0,0.9341713042197011
2004-09-07,0.7728039171838118,0.0,0.0,0,0.9280395334867221
2004-09-08,0.7700196334079298,0.0,0.0,0,0.9246959616452641
2004-09-09,0.7757108982108345,0.0,0.0,0,0.931530449172041
2004-09-10,0.7893586078377005,0.0,0.0,0,0.947919618266103
2004-09-13,0.8040539632243052,0.0,0.0,0,0.9655668771039001
2004-09-14,0.8035914889700061,0.0,0.0,0,0.965011504153963
2004-09-15,0.802845867213075,0.0,0.0,0,0.9641161069489624
2004-09-16,0.8073290360047496,0.0,0.0,0,0.9694998243208016
2004-09-17,0.8004674281909656,0.0,0.0,0,0.9612599032064287
2004-09-20,0.8087353352678223,0.0,0.0,0,0.9711886114542838
2004-09-21,0.8089996062702788,0.0,0.0,0,0.9715059674256764
2004-09-22,0.7881882648268212,0.0,0.0,0,0.9465141846785071
2004-09-23,0.7830727332792684,0.0,0.0,0,0.9403710798036926
2004-09-24,0.7853567898005005,0.0,0.0,0,0.9431139421278718
2004-09-30,0.7881788265767335,0.0,0.0,0,0.9465028505366717
2004-10-01,0.7984853956725411,0.0,0.0,0,0.9588797334209841
2004-10-04,0.8313588207281251,0.0,0.0,0,0.9983565494338597
2004-10-05,0.8351341207632195,0.0,0.0,0,1.00289020616804
2004-10-06,0.8375975040361185,0.0,0.0,0,1.0058484171870927
2004-10-07,0.8355965950175185,0.0,0.0,0,1.0034455791179773
2004-10-08,0.8318684862328628,0.0,0.0,0,0.998968593092974
2004-10-11,0.831613653480494,0.0,0.0,0,0.9986625712634168
2004-10-12,0.809886801778526,0.0,0.0,0,0.9725713767582088
2004-10-13,0.8080840960117683,0.0,0.0,0,0.9704065556676376
2004-10-14,0.7990705671779806,0.0,0.0,0,0.9595824502147821
2004-10-15,0.7930062885394026,0.0,0.09834210884388983,1,0.9542667376939556
2004-10-18,0.7994839670432344,0.0,0.09892357909288503,1,0.961441249475796
2004-10-19,0.8079020034002462,0.0,0.1004285807291795,1,0.9699418558523841
2004-10-20,0.7816857411891793,0.0,0.0997663212108628,1,0.9391583266272995
2004-10-21,0.7701820163370816,0.0,0.09511936942817589,1,0.9301136814426096
2004-10-22,0.778790939638057,0.0,0.09689992118527785,1,0.9386596243865396
2004-10-25,0.7611509839873393,0.0,0.09831869298924717,1,0.9159573382901314
2004-10-26,0.7663453266428015,0.0,0.09826883683269114,1,0.9222591211506421
2004-10-27,0.7612349370778643,0.0,0.09644347752890133,1,0.9179634813950062
2004-10-28,0.7822495255001376,0.0,0.09506285851350033,1,0.9447460585521767
2004-10-29,0.7855643127159506,0.0,0.2977789756023599,3,0.9462194969907854
2004-11-01,0.78069796736147,0.0,0.39342557275140133,4,0.9471488966212923
2004-11-02,0.7885962905050394,0.0,0.39158911867523605,4,0.9596277867821238
2004-11-03,0.8014291880205788,0.0,0.39116340762218654,4,0.9759262827415022
2004-11-04,0.8006846530868761,0.0,0.3975685426698363,4,0.9647621530335831
2004-11-05,0.8110102762947375,0.0,0.39861459380522385,4,0.9755069194935905
2004-11-08,0.8015791229174946,0.0,0.4018391823511904,4,0.9589930748393386
2004-11-09,0.8047678028792805,0.0,0.4055893762532042,4,0.9567715830395902
2004-11-10,0.814231725151592,0.0,0.40109136718838606,4,0.9753482415078942
2004-11-11,0.8131225319258537,0.0,0.30270221413414966,3,0.9761642997200467
2004-11-12,0.8227230157221705,0.0,0.29850835536565873,3,0.9936302122884766
2004-11-15,0.8280782791028511,0.0,0.2985452552138851,3,1.0000453365673418
2004-11-16,0.8210940290386752,0.0,0.2971647564112019,3,0.9935622074374639
2004-11-17,0.8251417178491233,0.0,0.2935835772649414,3,1.003547586394496
2004-11-18,0.8120797991893529,0.0,0.28998737238000827,3,0.9926894785161342
2004-11-19,0.8042939676520922,0.0,0.29032530846642474,3,0.9827040995591019
2004-11-22,0.7912582872093705,0.0,0.29281091482793126,3,0.9633907218714935
2004-11-23,0.8050375359614017,0.0,0.29640251939210926,3,0.9751895635221979
2004-11-24,0.8149243071661245,0.0,0.29511538345863186,3,0.9889718799941062
2004-11-25,0.8187324053462315,0.0,0.09417801832538245,1,0.9888925410012581
2004-11-26,0.8041671419753348,0.0,0.09792108636820744,1,0.9726053791837151
2004-11-29,0.8088072792102614,0.0,0.09548729651271161,1,0.9808566344399234
2004-11-30,0.8222848264157433,0.0,0.19733505388768563,2,0.9952056580036043
2004-12-01,0.822919758752704,0.0,0.19910527920181845,2,0.9937775561323374
2004-12-02,0.8263431294617584,0.0,0.19578281350783633,2,1.0020514796722166
2004-12-03,0.8292378500255158,0.0,0.1999952193658096,2,1.0002946876877217
2004-12-06,0.8192482059692974,0.0,0.2010669927645446,2,0.9869204003218897
2004-12-07,0.8092178960193886,0.0,0.2001558740136996,2,0.9759489510251732
2004-12-08,0.8160131766438967,0.0,0.1969877279332788,2,0.9880424803635993
2004-12-09,0.8109272232059658,0.0,0.20161937447483966,2,0.976220970429224
2004-12-10,0.7934594157059174,0.0,0.19963650834064922,2,0.9575649729680717
2004-12-13,0.7914567247257545,0.0,0.19822861148049858,2,0.9568282537487675
2004-12-14,0.7929669260532397,0.0,0.19482633307598013,2,0.9627220075032019
2004-12-15,0.8115772889159942,0.0,0.19528462042931877,2,0.9847555792313186
2004-12-16,0.8209458298537398,0.0,0.20001800137861697,2,0.9902639721633477
2004-12-17,0.8258456785932597,0.0,0.30316975500664683,3,0.9918847544458171
2004-12-20,0.8272614883809708,0.0,0.29706519064791814,3,1.0022894966507612
2004-12-21,0.8228158253813977,0.0,0.2944580380547974,3,1.000600709517279
2004-12-22,0.8245819294302096,0.0,0.39579250730279597,4,1.0012354214600643
2004-12-23,0.817424984227486,0.0,0.3031719049381795,3,0.9938682292670211
2004-12-24,0.8224835554724172,0.0,0.3050567182477124,3,0.9973138083849982
2004-12-27,0.8175458646954445,0.0,0.19743606472011796,2,0.9939815706853756
2004-12-28,0.8198328736894148,0.0,0.1983516415387458,2,0.995625021251516
2004-12-29,0.8284712891589703,0.0,0.20143640842866173,2,1.0022441600834193
2004-12-30,0.8415923865191939,0.0,0.5036748171013405,5,1.0154484353217197
2005-01-03,0.8379087401205378,0.0,0.502722539952722,5,1.012943589976085
2005-01-04,0.8433342690389269,0.0,0.5096865754214704,5,1.0052250393861428
2005-01-05,0.8419659418029715,0.0,0.509836630934841,5,1.003286901132281
2005-01-06,0.8250666635315249,0.0,0.5076572096530337,5,0.9875211098391685
2005-01-07,0.8221196552126022,0.0,0.5061418612207186,5,0.9870224075984088
2005-01-10,0.8220076185823535,0.0,0.5041801596873102,5,0.9908080109714493
2005-01-11,0.8310557736817226,0.0,0.5039066329590864,5,1.0022668283670901
2005-01-12,0.8220766322450955,0.0,0.5009040432631039,5,0.9974384839451881
2005-01-13,0.8384018884812257,0.0,0.5075583102304153,5,1.0036835960965216
2005-01-14,0.8495331665066438,0.0,0.40163160931811664,4,1.0258531775266637
2005-01-17,0.8660913719854628,0.0,0.40141194437246785,4,1.0462319645468043
2005-01-18,0.861737457329342,0.0,0.4000234668044345,4,1.0433870949461062
2005-01-19,0.8588782910313766,0.0,0.30645657443529056,3,1.0385134139568624
2005-01-20,0.8546714372011348,0.0,0.3082912809352573,3,1.0306928560904012
2005-01-21,0.8679428096332517,0.0,0.3111980101379334,3,1.042299017329903
2005-01-24,0.8782271322429759,0.0,0.3166732488877926,3,1.0462659669723107
2005-01-25,0.8762591086020693,0.0,0.32108121174135756,3,1.0371873193621146
2005-01-26,0.8894506401308255,0.0,0.3224525741619719,3,1.0506749481463011
2005-01-27,0.8950765177463041,0.0,0.0,0,1.0482607759353502
2005-01-28,0.8919021786735611,0.0,0.0,0,1.0445431774133223
2005-01-31,0.9026542844961756,0.0,0.0,0,1.0571354089925082
2005-02-01,0.8939345299091588,0.0,0.0,0,1.046923347198767
2005-02-02,0.8917570107281613,0.0,0.0,0,1.0443731652857904
2005-02-03,0.8988702400527532,0.0,0.0,0,1.0527037595348467
2005-02-04,0.9034769028534412,0.0,0.0,0,1.0580988110485214
2005-02-07,0.9186130806271308,0.0,0.0,0,1.0758254088791668
2005-02-11,0.9167162194739062,0.0,0.0,0,1.0736039170794185
2005-02-14,0.9337105469487136,0.0,0.0,0,1.0935066701424703
2005-02-15,0.9376687929266158,0.0,0.0,0,1.0981423341531695
2005-02-16,0.9402624602177595,0.0,0.0,0,1.1011798841650704
2005-02-17,0.941230246520425,0.0,0.0,0,1.1023132983486155
2005-02-18,0.9523985004531857,0.0,0.0,0,1.115392898026726
2005-02-21,0.9568599953084741,0.0,0.0,0,1.1206179374128689
2005-02-22,0.9463014467463926,0.0,0.0,0,1.1082523886703919
2005-02-23,0.9372332890904163,0.0,0.0,0,1.0976322977705744
2005-02-24,0.9532323264819326,0.0,0.09824687404475314,1,1.1187931405773612
2005-02-25,0.9624512944098153,0.0,0.09797228137925384,1,1.1299572702852805
2005-02-28,0.9753204465767055,0.0,0.09700839936154097,1,1.1462897686701652
2005-03-02,0.9748282265301788,0.0,0.10001845448118792,1,1.1418921216380102
2005-03-03,0.982313994753329,0.0,0.10382727126799557,1,1.1457910664294053
2005-03-04,0.9837697283996713,0.0,0.10334761510882064,1,1.1481032313638373
2005-03-07,0.9716383792322835,0.0,0.09704592886115641,1,1.141914789921681
2005-03-08,0.9627852932635993,0.0,0.0952733063265428,1,1.1337315395164855
2005-03-09,0.9685922862962612,0.0,0.09304648370698156,1,1.1433768942184543
2005-03-10,0.9626574804544334,0.0,0.09661862655122426,1,1.1318954085391424
2005-03-11,0.9839909420501759,0.0,0.09484982632416776,1,1.1592446927880855
2005-03-14,0.985460862139879,0.0,0.09893930479437578,1,1.1557311088190958
2005-03-15,0.9652185867593637,0.0,0.10400478315945384,1,1.1256276281041382
2005-03-16,0.9693880294035362,0.0,0.1078585553876586,1,1.1256276281041382
2005-03-17,0.9522247114207374,0.0,0.10373992277912507,1,1.1108025705833682
2005-03-18,0.9519373428907455,0.0,0.10377123953472159,1,1.1104285439027985
2005-03-21,0.9518662030707279,0.0,0.10411593989648363,1,1.1099185075202032
2005-03-22,0.9531796570770349,0.0,0.10430895163094589,1,1.1112105996894446
2005-03-23,0.9419780431009477,0.0,0.1062303141703,1,1.0957961667932312
2005-03-24,0.9305357716056366,0.0,0.0,0,1.0839179861496788
2005-03-25,0.9392638318686237,0.0,0.0,0,1.094084711376078
2005-03-28,0.951329377828606,0.0,0.0,0,1.1081390472520374
2005-03-29,0.9330948349826328,0.0,0.0,0,1.0868988654524023
2005-03-30,0.9296795070536378,0.0,0.0,0,1.082920581668159
2005-03-31,0.9396335824706231,0.0,0.0,0,1.0945154087658253
2005-04-01,0.9557322730442113,0.0,0.100498075032915,1,1.1128993868229267
2005-04-04,0.9699088787804585,0.0,0.40971203567755543,4,1.1135794353330537
2005-04-06,0.9742524632672254,0.0,0.4090540830995808,4,1.1198132133425518
2005-04-07,0.9651147613870797,0.0,0.4029156022399792,4,1.1208332861077424
2005-04-08,0.9646757028785726,0.0,0.4006685674888436,4,1.1245395504879347
2005-04-11,0.9571103302747922,0.0,0.399724266632521,4,1.117478380124449
2005-04-12,0.9494490615609785,0.0,0.39742759529870986,4,1.1127747112627366
2005-04-13,0.9516657538124786,0.0,0.39912506597776626,4,1.1122306724546351
2005-04-14,0.9272354410285258,0.0,0.4005068355172227,4,1.081186457967335
2005-04-15,0.9263813961897887,0.0,0.4041686656959728,4,1.073592582937583
2005-04-18,0.8985243488763806,0.0,0.4001064582387523,4,1.048408119779211
2005-04-19,0.9061727815847902,0.0,0.4003789863919518,4,1.0568520554466219
2005-04-20,0.912237595991739,0.0,0.40122900538400214,4,1.0624171190878284
2005-04-21,0.9076344263446513,0.0,0.3970494682902887,4,1.0644345963345385
2005-04-22,0.9094623661040069,0.0,0.39720413547143996,4,1.066304729737388
2005-04-25,0.9089497532198614,0.0,0.3934150902622792,4,1.0724024980448605
2005-04-26,0.8978439164464056,0.0,0.38702180048136925,4,1.0704643597909984
2005-04-27,0.8824577644487139,0.0,0.3857770563973138,4,1.0542565369663035
2005-04-28,0.8651027479424601,0.0,0.3818276988933472,4,1.0401681986648381
2005-04-29,0.8519717658849664,0.0,0.27736794674466186,3,1.0328803454646431
2005-05-02,0.861574646080793,0.0,0.09822016836374703,1,1.0409502544514841
2005-05-03,0.8554964115129392,0.0,0.09636184025326419,1,1.0357365492071768
2005-05-04,0.8678704148325799,0.0,0.1945320577453981,2,1.0533384714776322
2005-05-06,0.872991737506843,0.0,0.18934867561247315,2,1.0663727345884007
2005-05-09,0.8656473935335498,0.0,0.18738036261017452,2,1.059968944451371
2005-05-10,0.8671126562895746,0.0,0.1895516031712032,2,1.0589262034025093
2005-05-11,0.8602003893914681,0.0,0.19257039423055528,2,1.0465719888018679
2005-05-12,0.8566346279478487,0.0,0.19111485767212325,2,1.044112480023575
2005-05-13,0.8585251096860926,0.0,0.19116128511906608,2,1.0463566401069944
2005-05-16,0.8590268871360522,0.0,0.18651135285982046,2,1.0529871130807331
2005-05-17,0.8554591070133782,0.0,0.18477165132555612,2,1.0508562944156683
2005-05-18,0.8627092703169438,0.0,0.18883275437212083,2,1.0544832198030127
2005-05-19,0.8843189626689864,0.0,0.19017177997504195,2,1.0791123100114475
2005-05-20,0.8843017540066755,0.0,0.19007096097680198,2,1.0792256514298022
2005-05-23,0.8830467030824793,0.0,0.1898908879149572,2,1.0779335592605606
2005-05-24,0.8857545954432389,0.0,0.19189196754591234,2,1.078568271203346
2005-05-25,0.8793859881603352,0.0,0.19485823025763913,2,1.0668827709709958
2005-05-26,0.8872738848591086,0.0,0.1998033504453074,2,1.0698409819900487
2005-05-27,0.9022125058604007,0.0,0.1988797474753622,2,1.0891090231103153
2005-05-30,0.9115358259581673,0.0,0.09936908233940722,1,1.098323680422537
2005-05-31,0.9102163583779174,0.0,0.09697452947250011,1,1.0996497750172847
2005-06-01,0.9125850512917216,0.0,0.0,0,1.0988563850888031
2005-06-02,0.9138746115028279,0.0,0.0,0,1.1004091625202599
2005-06-03,0.9209125656277758,0.0,0.10228533981695594,1,1.1063142504165298
2005-06-07,0.9190867386820958,0.0,0.10530315090068658,1,1.1004091625202599
2005-06-08,0.9256352312840058,0.0,0.10674660085481076,1,1.1064615942603906
2005-06-09,0.9352567844563026,0.0,0.10564843389878747,1,1.119337179385463
2005-06-10,0.938314665481872,0.0,0.10566554365889134,1,1.1229754389146427
2005-06-13,0.9368946727528504,0.0,0.20481788201720014,2,1.1226354146595792
2005-06-14,0.9248573315089068,0.0,0.19994972079984014,2,1.1149962030624851
2005-06-15,0.9406843968678191,0.0,0.19886620196133636,2,1.1356130070611705
2005-06-16,0.9461336082541232,0.0,0.20252632091730635,2,1.1369731040814246
2005-06-17,0.9462077201114509,0.0,0.20215952896032394,2,1.1375851477405388
2005-06-20,0.9381894569045661,0.0,0.20258019420868587,2,1.1273504176631266
2005-06-21,0.9371340233584093,0.0,0.20542228304087817,2,1.1220687075678066
2005-06-22,0.9507591562296547,0.0,0.207189316868579,2,1.1358510240397148
2005-06-23,0.9560821048369053,0.0,0.20479825734968168,2,1.1456550567273798
2005-06-24,0.949126787629627,0.0,0.2056038989330586,2,1.1361683800111075
2005-06-27,0.9391906693375203,0.0,0.20626529780177974,2,1.123338131453377
2005-06-28,0.9479199762872408,0.0,0.21069439702042964,2,1.1274524249396458
2005-06-29,0.9525748152357005,0.0,0.21112453464697986,2,1.1323714424962315
2005-06-30,0.9726730908235981,0.0,0.22040357223256374,2,1.1426628432828208
2005-07-01,0.9859658858171936,0.0,0.09606591130610444,1,1.1538383071325755
2005-07-04,0.9930922938883113,0.0,0.09929955928874941,1,1.158020605469857
2005-07-05,0.9912995780372651,0.0,0.10023183984742734,1,1.154733704337576
2005-07-06,0.9914746724704746,0.0,0.10021413890389855,1,1.154960387174285
2005-07-07,0.9957115166642327,0.0,0.0971759244562508,1,1.1638123519477723
2005-07-08,0.9919872033141849,0.0,0.0,0,1.1582926248739078
2005-07-11,1.0099253837704167,0.0,0.0,0,1.1792381189858212
2005-07-12,1.013274232394551,0.0,0.0,0,1.1831483979190518
2005-07-13,1.0193701075712358,0.0,0.0,0,1.190266238991715
2005-07-14,1.0307950201237168,0.0,0.0,0,1.2036065239320406
2005-07-15,1.0285333339514753,0.0,0.0,0,1.2009656688843804
2005-07-18,1.0312803605040262,0.0,0.0,0,1.2041732310238131
2005-07-19,1.0439477444300989,0.0,0.0,0,1.2189642861190766
2005-07-20,1.0428994092086308,0.0,0.0,0,1.217740198800848
2005-07-21,1.0431420793987856,0.0,0.0,0,1.2180235523467342
2005-07-22,1.0491779040912095,0.0,0.10573483154490673,1,1.2175361842478098
2005-07-25,1.0708462501517924,0.0,0.11120408918331846,1,1.2350814358090878
2005-07-26,1.0735125044903988,0.0,0.11267932082087052,1,1.2361015085742781
2005-07-27,1.0778285009838444,0.0,0.11426330826517148,1,1.2388557050402929
2005-07-28,1.0858451689004804,0.0,0.11139954697332755,1,1.252105316845935
2005-07-29,1.0947170574557592,0.0,0.11335914636739497,1,1.2595518480318262
2005-08-01,1.0966197982569157,0.0,0.1111621374833479,1,1.264867560552653
2005-08-02,1.0978556867579414,0.0,0.10989536146043932,1,1.2680977909757563
2005-08-03,1.099173822632121,0.0,0.11232951521740835,1,1.2661483185800586
2005-08-04,1.0885370405440773,0.0,0.1082451290408089,1,1.259665189450181
2005-08-05,1.06804228524037,0.0,0.10914874886252665,1,1.2346960749866822
2005-08-08,1.0634727012497374,0.0,0.10755479894750059,1,1.23161318840744
2005-08-09,1.0825748520036091,0.0,0.2122805728520032,2,1.2464949166373869
2005-08-10,1.0876569795869806,0.0,0.21233250838028647,2,1.2522639948316312
2005-08-11,1.1136856901512577,0.0,0.5172828232002434,5,1.2736968570424692
2005-08-12,1.134747403896648,0.0,0.5235232118976391,5,1.281007378526335
2005-08-16,1.1274483764310783,0.0,0.5260775864207182,5,1.2659443040270206
2005-08-17,1.1175978854205413,0.0,0.5234756577012625,5,1.2617733398315747
2005-08-18,1.0860119320372763,0.0,0.5186640728049606,5,1.2384930125015585
2005-08-19,1.0948973392556567,0.0,0.40692751236554453,4,1.235285450362126
2005-08-22,1.1214375787493176,0.0,0.40672489071395257,4,1.2656609504811345
2005-08-23,1.127852440627034,0.0,0.41054298963081937,4,1.2647088825669563
2005-08-24,1.102730873750278,0.0,0.4088010682629363,4,1.2401931337768761
2005-08-25,1.098399476176352,0.0,0.40479907249661795,4,1.243684049462195
2005-08-26,1.089870788301964,0.0,0.4060126461542096,4,1.2315111811309207
2005-08-29,1.054287546980543,0.0,0.39918322915162924,4,1.205000623377801
2005-08-30,1.0663207554404561,0.0,0.4006831695422874,4,1.215711387412302
2005-08-31,1.078126676290809,0.0,0.4013217602779546,4,1.2278615874599055
2005-09-01,1.0982358199344615,0.0,0.500289368928437,5,1.2539754502487843
2005-09-02,1.1078194934188756,0.0,0.5003765279119677,5,1.264697548425121
2005-09-05,1.09571320871422,0.0,0.4954584022972091,5,1.2631901075610061
2005-09-06,1.107222843142328,0.0,0.3912934183829058,4,1.2724274331568988
2005-09-07,1.1261993356876165,0.0,0.4914182062460283,5,1.2954810776502057
2005-09-08,1.1195293084410938,0.0,0.1921162733743098,2,1.298053927846853
2005-09-09,1.1248446290146394,0.0,0.19085076059039668,2,1.3062598465357196
2005-09-12,1.1283707731430845,0.0,0.18927799918850882,2,1.3129016536512936
2005-09-13,1.1214307010491953,0.0,0.18442978767546506,2,1.312629634247243
2005-09-14,1.1337582491484244,0.0,0.18448611338643864,2,1.3269673236690884
2005-09-15,1.1355374377378151,0.0,0.18658453634753455,2,1.3256298949325052
2005-09-16,1.1440611493228583,0.0,0.18951089339795738,2,1.3307755953258
2005-09-20,1.157041569776994,0.0,0.18713671468007811,2,1.3498169536093576
2005-09-21,1.1625824048218143,0.0,0.1871116622522971,2,1.3563227510229063
2005-09-22,1.172425420884242,0.0,0.19171336592930113,2,1.3600630178286053
2005-09-23,1.1439216227171518,0.0,0.18820388306382846,2,1.332759070147004
2005-09-26,1.1806183733696831,0.0,0.1930146958909561,2,1.3673622051706356
2005-09-27,1.1858020860426848,0.0,0.19439792839209288,2,1.3710117988416508
2005-09-28,1.2031561785718388,0.0,0.1935858572784808,2,1.3924786634779946
2005-09-29,1.2035627037480554,0.0,0.08914195218552352,1,1.3954822110643894
2005-09-30,1.192967712494214,0.0,0.08867288820492224,1,1.383910052250394
2005-10-04,1.2253866404011031,0.0,0.09696439532749049,1,1.4085844790261706
2005-10-05,1.207681568586824,0.0,0.09506488623708033,1,1.3911525688832471
2005-10-06,1.1825467394371334,0.0,0.0,0,1.3629192215711388
2005-10-07,1.1810912851927182,0.0,0.0,0,1.361241768579492
2005-10-10,1.2068272565280889,0.0,0.0,0,1.3909032177628673
2005-10-11,1.2236338193909655,0.0,0.0,0,1.4102732661596526
2005-10-12,1.1951790721201958,0.0,0.0989235360833882,1,1.3794330662253906
2005-10-13,1.1748607107691817,0.0,0.10113008237684949,1,1.3526618232100558
2005-10-14,1.1684726424116636,0.0,0.09869228761478455,1,1.3489555588298634
2005-10-17,1.1515931354838995,0.0,0.0960928573901671,1,1.3333031089551055
2005-10-18,1.161482858068248,0.0,0.09627754292850386,1,1.3444785728048603
2005-10-19,1.1262324872999536,0.0,0.09399027987496056,1,1.3069738974713532
2005-10-20,1.1332656273033466,0.0,0.09250758910320418,1,1.3172879665416133
2005-10-21,1.1557093793277542,0.0,0.09386079268784442,1,1.3413730179419465
2005-10-24,1.1517772314373196,0.0,0.19043856403207782,2,1.342642441827517
2005-10-25,1.1486124803427804,0.0,0.3918816826058901,4,1.3388795067381474
2005-10-26,1.145579249536023,0.0,0.5924398900703994,6,1.3362953223996645
2005-10-27,1.1440855415908024,0.0,0.5962829194366851,6,1.3219689671196544
2005-10-28,1.1195852969586724,0.0,0.5965173415459988,6,1.2929082274535584
2005-10-31,1.1327144027193148,0.0,0.5951143422808126,6,1.3126183001054075
2005-11-01,1.170434300413342,0.0,0.5977282316150394,6,1.3475727935259383
2005-11-02,1.188415587332259,0.0,0.5973402743792896,6,1.3695950311122196
2005-11-03,1.1800370355374217,0.0,0.6928399958886847,7,1.380464473132417
2005-11-04,1.1960420427848146,0.0,0.6959525515358431,7,1.3850094640084327
2005-11-07,1.2019448088756568,0.0,0.6983147854609519,7,1.3810311802241895
2005-11-08,1.2012354474069804,0.0,0.6019267111257984,6,1.390370513096601
2005-11-09,1.2152343102271623,0.0,0.7053669260243068,7,1.3913679175781206
2005-11-10,1.2283602916129208,0.0,0.7068911872053921,7,1.3991204705935691
2005-11-11,1.2413281577876951,0.0,0.7048568546913346,7,1.423704224234662
2005-11-14,1.2380161100159568,0.0,0.7037115172028817,7,1.4254156796518154
2005-11-15,1.226550731401817,0.0,0.7018384003801876,7,1.42114270817985
2005-11-16,1.2527810891121098,0.0,0.7049847652651574,7,1.436217116821
2005-11-17,1.2578083019921011,0.0,0.7056560538533838,7,1.4386992938829637
2005-11-18,1.2613916033938637,0.0,0.6045067169263117,6,1.4419861950152444
2005-11-21,1.2553518403403878,0.0,0.4021769808771356,4,1.4380759160820138
2005-11-22,1.2489382079352396,0.0,0.3280098353680206,3,1.4105339514218682
2005-11-23,1.2771300114277833,0.0,0.32303119375519085,3,1.45305965158848
2005-11-24,1.291454275585469,0.0,0.3254798079890914,3,1.464042435027032
2005-11-25,1.3031314886881848,0.0,0.3307426630692574,3,1.4657538904441851
2005-11-28,1.2959998437224893,0.0,0.3267892777328176,3,1.4663432658196285
2005-11-29,1.2849170370194554,0.0,0.328519450183142,3,1.4500674381439211
2005-11-30,1.3054452659476707,0.0,0.20795647112241178,2,1.4705368982987455
2005-12-01,1.3137669286836162,0.0,0.2077930729347868,2,1.4802162554262206
2005-12-02,1.3212139372238099,0.0,0.2097611717510409,2,1.484908590146097
2005-12-05,1.3231722372005712,0.0,0.20790122068801742,2,1.490609663489329
2005-12-06,1.3195548667297938,0.0,0.09632134062753529,1,1.4973081413140803
2005-12-07,1.3161867518703274,0.0,0.09147820680996342,1,1.5014904396513618
2005-12-08,1.319971206452426,0.0,0.09445911762781023,1,1.500867061850412
2005-12-09,1.314596015418278,0.0,0.09541188593803057,1,1.4931825136859764
2005-12-12,1.3301687302046878,0.0,0.09527356588618478,1,1.5111017919278242
2005-12-13,1.3303109673404347,0.0,0.09316509363320145,1,1.5147853880243458
2005-12-14,1.3280192399837856,0.0,0.1932258623953141,2,1.5122805426787111
2005-12-15,1.3242561357023717,0.0,0.18886553770402295,2,1.5161454850446
2005-12-16,1.2956331069301297,0.0,0.18125898982911964,2,1.4972854730304095
2005-12-19,1.3105505976495868,0.0,0.09432946500703226,1,1.5180949574402975
2005-12-20,1.3128258134426531,0.0,0.19493600026936986,2,1.5199084201339697
2005-12-21,1.3234312338907968,0.0,0.1935502022644454,2,1.5348241507894231
2005-12-22,1.3189812684636864,0.0,0.1927953309858823,2,1.5310952181255595
2005-12-23,1.3274415182830601,0.0,0.2929593418831954,3,1.5409105849550602
2005-12-26,1.3241855424314353,0.0,0.28702924954858305,3,1.5500232349907628
2005-12-27,1.3168634027550352,0.0,0.2799299709234751,3,1.5568010518083624
2005-12-28,1.3124611399365138,0.0,0.3804591067239305,4,1.5506919493590545
2005-12-29,1.32809837796243,0.0,0.3827372463479049,4,1.5633975223565948
2006-01-02,1.3397792271533913,0.0,0.38372725723471307,4,1.5746183227736912
2006-01-03,1.3426125140140766,0.0,0.38254887675479426,4,1.5809654422015436
2006-01-04,1.372721155240911,0.0,0.3929572145662287,4,1.5891713608904101
2006-01-05,1.3710621859514878,0.0,0.395083623882555,4,1.5816908272790127
2006-01-06,1.3885035630734537,0.0,0.39529009597064546,4,1.6012648902288364
2006-01-09,1.3934867417500412,0.0,0.39935048380023075,4,1.5962211971120606
2006-01-10,1.366638046332228,0.0,0.392786158758703,4,1.5825748903421777
2006-01-11,1.3555879769075936,0.0,0.2979695291353936,3,1.5800813791383785
2006-01-12,1.3614000889678202,0.0,0.29670954033531943,3,1.5897040655566763
2006-01-13,1.372821472437852,0.0,0.2957482775268459,3,1.6052318398712442
2006-01-16,1.3743994307195342,0.0,0.3938635494924731,4,1.6114769520225776
2006-01-17,1.336506030279248,0.0,0.2907961552292341,3,1.5749696811705902
2006-01-18,1.296483653857507,0.0,0.288196186257977,3,1.5334073830599917
2006-01-19,1.2902612785456284,0.0,0.28067687997502017,3,1.5421686746987953
2006-01-20,1.2522055603590017,0.0,0.1796264370296747,2,1.501524442076868
2006-01-23,1.2101335124507016,0.0,0.16863034431300525,2,1.47052556415691
2006-01-24,1.2394578778731176,0.0,0.1699064644580461,2,1.5038479411531356
2006-01-25,1.2548551786729976,0.0,0.18768339908742412,2,1.5217105486858062
2006-01-26,1.262456357991161,0.0,0.2868099082942041,3,1.5332260367906245
2006-01-27,1.2950466629999264,0.0,0.38859590287558604,4,1.5692799419691938
2006-01-31,1.30970962121916,0.0,0.4892199993961648,5,1.5865871765519273
2006-02-01,1.2764468305961225,0.0,0.48484272021176805,5,1.5595439141325416
2006-02-02,1.261187051529866,0.0,0.4791893121532414,5,1.5578097904317176
2006-02-03,1.2222300070377032,0.0,0.47859681038606616,5,1.5114078137573814
2006-02-06,1.2331070564617546,0.0,0.48004133455221215,5,1.5206338052114385
2006-02-07,1.2267169789635566,0.0,0.48097923023176187,5,1.5100250484534563
2006-02-08,1.2103475547189286,0.0,0.48236588944423303,5,1.4858946604857814
2006-02-09,1.2149159416165645,0.0,0.4801151988381966,5,1.4979881898242076
2006-02-10,1.2266414248400976,0.0,0.5797824183906134,6,1.5133686202949144
2006-02-13,1.2065144217071082,0.0,0.49323671487374504,5,1.4970021194845233
2006-02-14,1.2200522052966583,0.0,0.4960444648482382,5,1.5054120527264279
2006-02-15,1.1893261442753933,0.0,0.4925103110255877,5,1.4777907490734339
2006-02-16,1.2109611900174848,0.0,0.4975709059109984,5,1.4896689297169865
2006-02-17,1.240749844350941,0.0,0.5027648374607073,5,1.5105350848360517
2006-02-20,1.2548423366785249,0.0,0.5026236231702407,5,1.5281256729646715
2006-02-21,1.2518342975526764,0.0,0.5020793081113937,5,1.5261308640016322
2006-02-22,1.2453799627653932,0.0,0.39088961296731656,4,1.5194323861768806
2006-02-23,1.2735289755297061,0.0,0.3004935220670399,3,1.5428373890670868
2006-02-24,1.2806722816542915,0.0,0.2145147560387112,2,1.5480397601695588
2006-02-27,1.28947559243541,0.0,0.10653812293651939,1,1.5583084926724775
2006-02-28,1.2890608879377494,0.0,0.10838937182293068,1,1.5545795600086139
2006-03-02,1.283978981605973,0.0,0.10739916148140116,1,1.5501705788346236
2006-03-03,1.2455356038476237,0.0,0.10591902617465021,1,1.5062507792222513
2006-03-06,1.2577391002542138,0.0,0.10406071844767145,1,1.524170057464099
2006-03-07,1.2316105023854316,0.0,0.10416522972711723,1,1.4923324530483175
2006-03-08,1.230712548637775,0.0,0.10529550374706759,1,1.4893629078874293
2006-03-09,1.2285950998943413,0.0,0.10569052514337388,1,1.4861440116061613
2006-03-10,1.2406751370499347,0.0,0.0,0,1.4961860612723707
2006-03-13,1.2548414590299162,0.0,0.09808617975855295,1,1.516825533554727
2006-03-14,1.2432885038573,0.0,0.09785413093985502,1,1.5032472316358567
2006-03-15,1.2523434512500298,0.0,0.1993513473014575,2,1.5119518525654831
2006-03-16,1.266669693685672,0.0,0.3064767797995372,3,1.5142186809325733
2006-03-17,1.2703173703846433,0.0,0.3058076362794143,3,1.520044429835995
2006-03-20,1.2715932142032473,0.0,0.30362389093811887,3,1.5263575468383412
2006-03-21,1.2627723951236618,0.0,0.30398747836592305,3,1.5149780684355485
2006-03-22,1.2388712772665138,0.0,0.30479453311405474,3,1.484579900032869
2006-03-23,1.2380955707923522,0.0,0.303068409607713,3,1.4873340964988837
2006-03-24,1.2401091317132389,0.0,0.29944384943165187,3,1.4975008217252832
2006-03-27,1.2425171692245067,0.0,0.4971822815288353,5,1.5078262249373788
2006-03-28,1.2451307759962496,0.0,0.4978718737304315,5,1.5089256366954176
2006-03-29,1.2341040567527024,0.0,0.49284879991576447,5,1.5105237506942162
2006-03-30,1.246812613017945,0.0,0.5960954416867412,6,1.5166668555690308
2006-03-31,1.2612545701662765,0.0,0.6951015505587562,7,1.5409899239479083
2006-04-03,1.2728116288078553,0.0,0.6933922832784999,7,1.563828219746342
2006-04-04,1.279589633742651,0.0,0.6937144475496906,7,1.5705040292874226
2006-04-05,1.2957861030981142,0.0,0.6968595987100028,7,1.5740516156819186
2006-04-06,1.2896797288061792,0.0,0.6936193415090275,7,1.5833796144124948
2006-04-07,1.307096899222866,0.0,0.5894119177487418,6,1.5894547144362965
2006-04-10,1.3046686162884389,0.0,0.589841567957892,6,1.584841718709268
2006-04-11,1.294759484390168,0.0,0.4855434705717912,5,1.5710027315281823
2006-04-12,1.303005384860609,0.0,0.3898503301002085,4,1.568180530211155
2006-04-13,1.3370935323055557,0.0,0.3958953029810092,4,1.593262986093008
2006-04-14,1.355874060105225,0.0,0.3928204331221813,4,1.6238651690487256
2006-04-17,1.3458690213694777,0.0,0.3926146080952146,4,1.6124290199367557
2006-04-18,1.3542983791620367,0.0,0.39454092771621263,4,1.6173820399188477
2006-04-19,1.359441454583693,0.0,0.39224963421760495,4,1.6296682496684762
2006-04-20,1.3688342282109467,0.0,0.3979689405408901,4,1.6254859513311952
2006-04-21,1.3778322133331034,0.0,0.20924336497267698,2,1.6449353387208288
2006-04-24,1.3666203353477235,0.0,0.21394572064216633,2,1.6218476918020153
2006-04-25,1.3648899892252602,0.0,0.21283369143017106,2,1.6220857087805598
2006-04-26,1.3780845069518473,0.0,0.11871191035672063,1,1.6448333314443098
2006-04-27,1.378527738923853,0.0,0.0,0,1.6463181040247539
2006-04-28,1.347398805382582,0.0,0.0,0,1.6091421188044748
2006-05-02,1.36179593714542,0.0,0.0,0,1.626336011968854
2006-05-03,1.3620521814154245,0.0,0.0,0,1.626642033798411
2006-05-04,1.3676041405988522,0.0,0.0,0,1.6332725067721499
2006-05-08,1.3782430230682927,0.0,0.0,0,1.6459780797696903
2006-05-09,1.3763340980098038,0.0,0.10006303132115014,1,1.6439492683811447
2006-05-10,1.3802538121726378,0.0,0.10221656523016794,1,1.6446859876004487
2006-05-11,1.392999545970096,0.0,0.10208774163015566,1,1.6601117546384976
2006-05-12,1.374292424862064,0.0,0.10198209851347236,1,1.6380101780593683
2006-05-15,1.3487497696328432,0.0,0.10474227516501847,1,1.6026249872490905
2006-05-16,1.315177495678153,0.0,0.10258270655692982,1,1.5665030772195083
2006-05-17,1.3326526485852965,0.0,0.1019447981187614,1,1.5884459758129414
2006-05-18,1.2935979433743074,0.0,0.09880815948465231,1,1.5472803726665838
2006-05-19,1.3058600558809643,0.0,0.1026012612442695,1,1.5553729499370956
2006-05-22,1.2720402093887337,0.0,0.10136582543542015,1,1.5171768919516258
2006-05-23,1.2662620025601752,0.0,0.10315262292416574,1,1.5072821861292771
2006-05-24,1.2694597280689974,0.0,0.10304386939357502,1,1.511271804055356
2006-05-25,1.2296675096165728,0.0,0.10014390026491081,1,1.4686327624703897
2006-05-26,1.255434563348862,0.0,0.10047175268711381,1,1.4988609187455373
2006-05-29,1.2640386287781535,0.0,0.10200748843915568,1,1.5065568010518084
2006-05-30,1.2538229285899938,0.0,0.10253704224132282,1,1.493499869657369
2006-06-01,1.2307776791091396,0.0,0.10142044619033067,1,1.4678733749674142
2006-06-02,1.2430684957203209,0.0,0.10072182910850695,1,1.4836845028278685
2006-06-05,1.2384032613241867,0.0,0.20227139732150556,2,1.4752745695859637
2006-06-07,1.2007771554907714,0.0,0.10315528555871119,1,1.4358544242822655
2006-06-08,1.155840870126786,0.0,0.10043515726672358,1,1.3863128903195097
2006-06-09,1.1681596019576435,0.0,0.10081057080723323,1,1.4005032358974943
2006-06-12,1.1760307498985256,0.0,0.10380014686738515,1,1.405252241326548
2006-06-13,1.1429300225582362,0.0,0.10460586362644783,1,1.3644719990025955
2006-06-14,1.1594383203441312,0.0,0.1042527355414979,1,1.3847261104625463
2006-06-15,1.1616457669098053,0.0,0.10765996353407917,1,1.3820852554148864
2006-06-16,1.2022099730400035,0.0,0.10751215308105855,1,1.4305840483287808
2006-06-19,1.1956609489971535,0.0,0.11010308673038209,1,1.4186605311178866
2006-06-20,1.1701036512233594,0.0,0.10943871045155394,1,1.3893731086150811
2006-06-21,1.171859187679018,0.0,0.10978628553731298,1,1.3909145519047026
2006-06-22,1.1817540756753242,0.0,0.10886703929032931,1,1.4041074930011674
2006-06-23,1.168287239750323,0.0,0.10602402059402723,1,1.392535334187172
2006-06-26,1.1763034591493922,0.0,0.10530149291288979,1,1.4032234299380022
2006-06-27,1.184370683125762,0.0,0.10458424219022544,1,1.4139795305398453
2006-06-28,1.1744707309891858,0.0,0.103427636510112,1,1.4039714832991421
2006-06-29,1.1951360855587905,0.0,0.101639247048356,1,1.4315247821011232
2006-06-30,1.228432824262258,0.0,0.10375538401302829,1,1.4679413798184273
2006-07-03,1.2262735194392218,0.0,0.0,0,1.4673293361593127
2006-07-04,1.2180422243898041,0.0,0.0,0,1.457479966904306
2006-07-05,1.212292631645274,0.0,0.0,0,1.4506001428101871
2006-07-06,1.1972413913305158,0.0,0.0,0,1.4325901914336556
2006-07-07,1.206685121093772,0.0,0.0,0,1.4438903308436004
2006-07-10,1.2307064838616932,0.0,0.0,0,1.4726337145383037
2006-07-11,1.2317957806749074,0.0,0.0,0,1.4739371408493807
2006-07-12,1.2282437258492092,0.0,0.0,0,1.4696868376610865
2006-07-13,1.2171897312316364,0.0,0.0,0,1.4564598941391154
2006-07-14,1.188877486234272,0.0,0.0,0,1.4225821441929527
2006-07-18,1.16831345683003,0.0,0.0,0,1.3979757222681886
2006-07-19,1.168531316192673,0.0,0.0,0,1.398236407530404
2006-07-20,1.2060883758830545,0.0,0.0,0,1.4431762799079668
2006-07-21,1.2042223630812878,0.0,0.0,0,1.440943453966383
2006-07-24,1.196663590412202,0.0,0.0,0,1.431898808781693
2006-07-25,1.212216854475659,0.0,0.0,0,1.4505094696755036
2006-07-26,1.2062867251158007,0.0,0.09626448853399819,1,1.4497274138888574
2006-07-27,1.2216967905306755,0.0,0.09567148461099945,1,1.4692108037039975
2006-07-28,1.2222268389839666,0.0,0.09550579954242559,1,1.4701175350508335
2006-07-31,1.2180086515996575,0.0,0.09184855661447162,1,1.4709675956884924
2006-08-01,1.2049951148992293,0.0,0.08943927776197762,1,1.4591120833286106
2006-08-02,1.2150917326994348,0.0,0.09156934965348741,1,1.4678960432510852
2006-08-03,1.2159749514418219,0.0,0.09437400543972063,1,1.4644277958494372
2006-08-04,1.2255320914970635,0.0,0.09277102408369918,1,1.478550136576409
2006-08-07,1.2130766989935313,0.0,0.0939738235023206,1,1.4615829262487392
2006-08-08,1.234032860567224,0.0,0.0944690866745658,1,1.4860193360459713
2006-08-09,1.2365755556537017,0.0,0.19403227800935346,2,1.490360312368949
2006-08-10,1.2250933682105607,0.0,0.1930487333879501,2,1.4783234537397
2006-08-11,1.215474217726678,0.0,0.1942764679796901,2,1.4644844665586145
2006-08-14,1.2200496219900905,0.0,0.19542814822171012,2,1.4678960432510852
2006-08-16,1.2361945990873715,0.0,0.19336697911586412,2,1.4911310340137596
2006-08-17,1.2437930199188265,0.0,0.19087861445117857,2,1.5049246846275035
2006-08-18,1.2444995848810847,0.0,0.18931600334288615,2,1.508687619716873
2006-08-21,1.2345993511458915,0.0,0.18860437738692984,2,1.497999523966043
2006-08-22,1.2450082613790663,0.0,0.18729731939122765,2,1.5130625984653574
2006-08-23,1.2349926079398146,0.0,0.09540172710501592,1,1.501717122488071
2006-08-24,1.2257122701959555,0.0,0.09489520361624632,1,1.4912670437157851
2006-08-25,1.2392046734947015,0.0,0.09548261159617213,1,1.5067041448956693
2006-08-28,1.239310176780157,0.0,0.09655294354841273,1,1.5050493601876935
2006-08-29,1.2522378126969078,0.0,0.09462156474039582,1,1.5240000453365672
2006-08-30,1.2489869730640597,0.0,0.09446586156695715,1,1.5203051150982103
2006-08-31,1.2594287392772403,0.0,0.09434798936199965,1,1.533214702648789
2006-09-01,1.261402429599182,0.0,0.09313804775662587,1,1.5376690203901213
2006-09-04,1.2639197020810002,0.0,0.09334978345708306,1,1.540377880288794
2006-09-05,1.268604057733144,0.0,0.09524867245318441,1,1.5428487232089223
2006-09-06,1.2657207092180094,0.0,0.0,0,1.5380543812125265
2006-09-07,1.260273579910316,0.0,0.0,0,1.5314352423806232
2006-09-08,1.2637433266611071,0.0,0.0,0,1.535651543143411
2006-09-11,1.2443332648643428,0.0,0.0,0,1.5120651939838374
2006-09-12,1.2386995900324131,0.0,0.0,0,1.5052193723152252
2006-09-13,1.2434471736242216,0.0,0.0,0,1.51098845050947
2006-09-14,1.2673436552788633,0.0,0.0,0,1.540026521891895
2006-09-15,1.2672519044566757,0.0,0.09857891023283961,1,1.542690045223226
2006-09-18,1.2798524459738083,0.0,0.09879773003732506,1,1.557651112446021
2006-09-19,1.2835195018640149,0.0,0.10160135153742895,1,1.5572544174817804
2006-09-20,1.2778262483758722,0.0,0.10253112660626214,1,1.5487424769633569
2006-09-21,1.282690440562868,0.0,0.1057054835472496,1,1.5491391719275975
2006-09-22,1.2660202203150022,0.0,0.10613425727884501,1,1.5282730168085326
2006-09-25,1.272971717821149,0.0,0.10651251034328356,1,1.5360142356821453
2006-09-26,1.2604939367527264,0.0,0.10515163934575297,1,1.5232746602590985
2006-09-27,1.2761044333163993,0.0,0.10553592148961713,1,1.5414772920468327
2006-09-28,1.2884135900200735,0.0,0.10665547192496769,1,1.554398213739247
2006-09-29,1.2896161021392796,0.0,0.10750149344921883,1,1.5543755454555759
2006-10-02,1.2921650992316902,0.0,0.20780744546626484,2,1.5575604393113376
2006-10-04,1.2714619475183635,0.0,0.20792588130267725,2,1.5323759761529656
2006-10-09,1.2376309202950377,0.0,0.20589518925866082,2,1.4954266737693958
2006-10-10,1.2471936868784765,0.0,0.20662656739736943,2,1.505593398995795
2006-10-11,1.2440504373575842,0.0,0.2063464455458503,2,1.5023291661471851
2006-10-12,1.2527809432668406,0.0,0.20813736927998575,2,1.5094583413616838
2006-10-13,1.274459026207935,0.0,0.21177577873116132,2,1.5285223679289122
2006-10-16,1.2814736978024452,0.0,0.3116153169104056,3,1.5377256910992985
2006-10-17,1.2714229250675784,0.0,0.19843050455160002,2,1.531582586224484
2006-10-18,1.269731345394007,0.0,0.29604031662074254,3,1.5349374922077776
2006-10-19,1.2882234363653517,0.0,0.3062479330018071,3,1.5347108093710684
2006-10-20,1.2867854977980437,0.0,0.3002511418400673,3,1.5462489657595575
2006-10-23,1.2944367199598257,0.0,0.4039651948974503,4,1.5470536898298746
2006-10-24,1.2908630376234445,0.0,0.40163639110865046,4,1.5488104818143695
2006-10-25,1.28943882354256,0.0,0.39881435017854927,4,1.554398213739247
2006-10-26,1.2907787240254023,0.0,0.39846625644142003,4,1.556914393226717
2006-10-27,1.2839167729339733,0.0,0.3972588697504884,4,1.5517460245497512
2006-10-30,1.278890228691993,0.0,0.4006267567623501,4,1.537034308447336
2006-10-31,1.2880841274863104,0.0,0.4012011916187893,4,1.5466003241564565
2006-11-01,1.3034490655180688,0.0,0.3064942357055653,3,1.5577077831551984
2006-11-02,1.3095376693602307,0.0,0.4054318592007607,4,1.5683392081968515
2006-11-03,1.3106779852150725,0.0,0.4058847485938708,4,1.5685092203243833
2006-11-06,1.3094279695433928,0.0,0.40733298183399286,4,1.5631935078035568
2006-11-07,1.3180159976865733,0.0,0.40767262748894934,4,1.5725441748178037
2006-11-08,1.2919514256253688,0.0,0.39893255972591624,4,1.5641909122850763
2006-11-09,1.3135100962922799,0.0,0.40050006414414163,4,1.586145145020345
2006-11-10,1.3195847893388577,0.0,0.3043592425510636,3,1.5819401783993925
2006-11-13,1.3155756960178235,0.0,0.3017594144738955,3,1.583028256015596
2006-11-14,1.3182742524871165,0.0,0.19717053274567334,2,1.5951331194958573
2006-11-15,1.3221665875497377,0.0,0.19659346092810379,2,1.6009928708247856
2006-11-16,1.3229442090571653,0.0,0.1980831952020431,2,1.5989640594362398
2006-11-17,1.320041172214042,0.0,0.09132624468186581,1,1.6006301782860513
2006-11-20,1.3085583124325593,0.0,0.08984976919339902,1,1.5892847023087648
2006-11-21,1.311030073382584,0.0,0.08917512869586301,1,1.5934670006460463
2006-11-22,1.331456140968494,0.0,0.09253323982167434,1,1.6123270126602365
2006-11-23,1.3286447509543169,0.0,0.09272903860553079,1,1.6085754117127022
2006-11-24,1.3347424782902189,0.0,0.09528300286657165,1,1.611408947171565
2006-11-27,1.3392862780085066,0.0,0.09619619089352746,1,1.6152625553956184
2006-11-28,1.3223848910430938,0.0,0.09341844772734793,1,1.5997801176483923
2006-11-29,1.3336117727418824,0.0,0.0,0,1.612338346802072
2006-11-30,1.3426678268170902,0.0,0.0,0,1.6232871278151175
2006-12-01,1.3446834082106403,0.0,0.0,0,1.6257239683097393
2006-12-04,1.3372773184389903,0.0,0.0,0,1.6167699962597333
2006-12-05,1.3317743124947388,0.0,0.0,0,1.6101168550023235
2006-12-06,1.3253432016297364,0.0,0.0,0,1.6023416337032041
2006-12-07,1.322127646197235,0.0,0.0,0,1.5984540230536446
2006-12-08,1.3034999242019583,0.0,0.0,0,1.5759330832266036
2006-12-11,1.3037811681173372,0.0,0.0,0,1.5762731074816672
2006-12-12,1.291546822437183,0.0,0.10065742560626463,1,1.5606886624579221
2006-12-13,1.298174783903338,0.0,0.10115541827022077,1,1.567829171814256
2006-12-14,1.3298803807421202,0.0,0.10032076721420535,1,1.607612009656689
2006-12-15,1.3317590898279015,0.0,0.30006420085263336,3,1.6115676251572613
2006-12-18,1.342174085377182,0.0,0.29994683065965294,3,1.6244432102823336
2006-12-19,1.3390417671330344,0.0,0.3009872904828293,3,1.6182434346983419
2006-12-20,1.3509679223317532,0.0,0.3001120291054769,3,1.6347006086434166
2006-12-21,1.3369706828170478,0.0,0.3962451876898638,4,1.6281154722370197
2006-12-22,1.3325476705716073,0.0,0.3938110620695969,4,1.6292715547042356
2006-12-26,1.3242298187194421,0.0,0.3915183463359308,4,1.6252252660689797
2006-12-27,1.326789361749466,0.0,0.3964277163599944,4,1.6152285529701118
2006-12-28,1.3429961351156734,0.0,0.3997950004161274,4,1.625837309728094
2007-01-02,1.3338055394640684,0.0,0.39532224248884645,4,1.62674404107493
2007-01-03,1.2928673673829825,0.0,0.38743692365992904,4,1.5973772795792767
2007-01-04,1.2803245238439858,0.0,0.3867290178854761,4,1.5837083045257228
2007-01-05,1.2689053269366015,0.0,0.3863160998882946,4,1.570640038989448
2007-01-08,1.2544571667760134,0.0,0.3859448811545013,4,1.5536954969454488
2007-01-09,1.2577488119162445,0.0,0.38597479308899013,4,1.557696449013363
2007-01-10,1.2426154605808963,0.0,0.3868854781806248,4,1.5366716159086016
2007-01-11,1.2532452675813277,0.0,0.2815670610858568,3,1.5474617189359507
2007-01-12,1.2741808774001662,0.0,0.38163344339676136,4,1.5735982500085006
2007-01-15,1.2719804016423006,0.0,0.47991410087530684,5,1.5765337927438825
2007-01-16,1.2587055946908503,0.0,0.6879918554134021,7,1.575117025014451
2007-01-17,1.2395885078810673,0.0,0.6855122177366713,7,1.5635221979167848
2007-01-18,1.2426102972306285,0.0,0.6854287104554955,7,1.5677498328214081
2007-01-19,1.2186086551511504,0.0,0.7846002055326708,8,1.5420780015641116
2007-01-22,1.206216700660051,0.0,0.7067467611911982,7,1.5453082319872153
2007-01-23,1.2123381811975504,0.0,0.7082959705866501,7,1.5449455394484806
2007-01-24,1.2343129776399264,0.0,0.7092917174490504,7,1.5675798206938762
2007-01-25,1.2325998646013383,0.0,0.7090350192498884,7,1.5667864307653945
2007-01-26,1.2190671611679702,0.0,0.7081524687471018,7,1.5542848723208922
2007-01-29,1.2062756197989204,0.0,0.7068277588547569,7,1.544956873590316
2007-01-30,1.2061159076534864,0.0,0.7051498292717661,7,1.5535934896689299
2007-01-31,1.197113694221073,0.0,0.7052060070270658,7,1.5417039748835417
2007-02-01,1.219919647248023,0.0,0.7058957974683044,7,1.567398474424509
2007-02-02,1.2458311245722156,0.0,0.7057152939329626,7,1.6016729193349126
2007-02-05,1.2406547401529693,0.0,0.7034815936868756,7,1.6071246415577645
2007-02-06,1.2494226564748385,0.0,0.7033551122683266,7,1.6191728343288487
2007-02-07,1.2555997201297173,0.0,0.7052876695994192,7,1.6165773158485306
2007-02-08,1.257918821552504,0.0,0.6104808322967177,6,1.6135057634111234
2007-02-09,1.2450266759829178,0.0,0.5038664163177745,5,1.6181527615636584
2007-02-12,1.240390438082275,0.0,0.09935635856157729,1,1.6029763456459893
2007-02-13,1.246105437765337,0.0,0.10085630145251195,1,1.6076800145077017
2007-02-14,1.264919358459034,0.0,0.10320171432005573,1,1.6276961089891078
2007-02-15,1.271802499675189,0.0,0.0,0,1.6362307177912025
2007-02-16,1.2763659521860937,0.0,0.0,0,1.642101803261966
2007-02-20,1.280022000047147,0.0,0.0,0,1.6468054721236782
2007-02-21,1.2786300589337822,0.0,0.0,0,1.6450146777136772
2007-02-22,1.2909901436303062,0.0,0.0,0,1.6609164787088146
2007-02-23,1.294928103615585,0.0,0.0,0,1.6659828401092613
2007-02-26,1.2950602499238157,0.0,0.0,0,1.666152852236793
2007-02-27,1.2814667996838038,0.0,0.0,0,1.6486642713846922
2007-02-28,1.2486416567192649,0.0,0.0,0,1.606433258905802
2007-03-02,1.246113257355115,0.0,0.0,0,1.6031803601990275
2007-03-05,1.2123542804790781,0.0,0.0,0,1.5597479286855798
2007-03-06,1.2359468013752228,0.0,0.0,0,1.5901007605209172
2007-03-07,1.2430122239886314,0.0,0.0,0,1.599190742272949
2007-03-08,1.2542345796864662,0.0,0.10007308516122525,1,1.6138571218080224
2007-03-09,1.2525426840854064,0.0,0.1993018885582168,2,1.6135057634111234
2007-03-12,1.2682154987066871,0.0,0.19933686866305517,2,1.6336238651690487
2007-03-13,1.2608947844329095,0.0,0.19763832949769275,2,1.6276394382799306
2007-03-14,1.2309474528058446,0.0,0.1945321022504099,2,1.5951331194958573
2007-03-15,1.2532707903798972,0.0,0.19788394015580343,2,1.6173027009259995
2007-03-16,1.2502006779822266,0.0,0.19537885505472594,2,1.6183794444003674
2007-03-19,1.2603224699491142,0.0,0.19317104827073922,2,1.6359586983871517
2007-03-20,1.260975989009884,0.0,0.19315341910312284,2,1.636842761450317
2007-03-21,1.2636945925408825,0.0,0.1956250864601436,2,1.6353466547280373
2007-03-22,1.271522067378037,0.0,0.19742975710799185,2,1.6417844472905734
2007-03-23,1.2705431081380065,0.0,0.19744903121081556,2,1.6404810209794967
2007-03-26,1.2711189889292749,0.0,0.19648800760366988,2,1.6431898808781693
2007-03-27,1.278507814591261,0.0,0.19922514273373043,2,1.6471114939532354
2007-03-28,1.2641480245423153,0.0,0.19764677737408967,2,1.631821736617212
2007-03-29,1.278100273314729,0.0,0.20022655517072824,2,1.6445273096147526
2007-03-30,1.280919641215124,0.0,0.20110690670078965,2,1.6463407723084247
2007-04-02,1.2787995852308214,0.0,0.19593714377501079,2,1.6542520033095696
2007-04-03,1.2795998364470726,0.0,0.19411663150513894,2,1.6590350111641299
2007-04-04,1.3022645426962722,0.0,0.10342914711006146,1,1.6813179340126263
2007-04-05,1.2976225012193077,0.0,0.0,0,1.6797651565811695
2007-04-06,1.2994699435808992,0.0,0.0,0,1.6821566605084497
2007-04-09,1.3142757494266375,0.0,0.0,0,1.701322694352197
2007-04-10,1.3126121757361053,0.0,0.0,0,1.6991692074034617
2007-04-11,1.3250977340661012,0.0,0.0,0,1.7153316936608147
2007-04-12,1.3357708726385171,0.0,0.0,0,1.729148012558229
2007-04-13,1.3315418932041636,0.0,0.0,0,1.7236736220517064
2007-04-16,1.341400756233319,0.0,0.0,0,1.7364358657584242
2007-04-17,1.338441346194372,0.0,0.0,0,1.7326049258180418
2007-04-18,1.3436246915880308,0.0,0.0,0,1.7393147377846285
2007-04-19,1.3253078696901686,0.0,0.0,0,1.7156037130648654
2007-04-20,1.3423113439376104,0.0,0.0,0,1.737614616509311
2007-04-23,1.3504688138965721,0.0,0.09906095121338034,1,1.750388194357864
2007-04-24,1.364767738513173,0.0,0.1013652569299394,1,1.7643971936664817
2007-04-25,1.3514142136481373,0.0,0.09899165181004335,1,1.7517482913781184
2007-04-26,1.3591516560392578,0.0,0.09972720261205283,1,1.7603395708893903
2007-04-27,1.3482619567814838,0.0,0.09865560778127501,1,1.7483140464019766
2007-04-30,1.3442746066128188,0.0,0.09614616334010288,1,1.7479966904305841
2007-05-02,1.3542534358835867,0.0,0.09637209501339639,1,1.7605322513005928
2007-05-03,1.3647186230733455,0.0,0.09951446428608998,1,1.7679674483446486
2007-05-04,1.3716918706025745,0.0,0.09956635895957429,1,1.776898752110984
2007-05-07,1.3868655300739472,0.0,0.09991989256703393,1,1.795849437259858
2007-05-08,1.391766526584551,0.0,0.10411403527193747,1,1.7937979575876415
2007-05-09,1.402017156648582,0.0,0.10461219810138367,1,1.806004828344422
2007-05-10,1.4079495368190293,0.0,0.10488205540822833,1,1.8131000011334144
2007-05-11,1.4137725414426068,0.0,0.10640668779198165,1,1.8174976481655691
2007-05-14,1.418309292533485,0.0,0.10803743169037171,1,1.8200024935112038
2007-05-15,1.4003272496867236,0.0,0.1058102052685771,1,1.8014145009010643
2007-05-16,1.4114405553887461,0.0,0.10658249322071262,1,1.8141427421822756
2007-05-17,1.4343659995713098,0.0,0.11263412366506939,1,1.8311212866517812
2007-05-18,1.4325076377546682,0.0,0.11331435560445992,1,1.8273470174205761
2007-05-21,1.4451583351978923,0.0,0.0,0,1.8454249736481203
2007-05-22,1.4581880148199935,0.0,0.0,0,1.8620634938625624
2007-05-23,1.4614809379397478,0.0,0.0,0,1.8662684604835145
2007-05-25,1.459679149817618,0.0,0.0,0,1.863967629690918
2007-05-28,1.4715283475665997,0.0,0.0,0,1.8790987090412452
2007-05-29,1.4749810351503854,0.0,0.0,0,1.8835076902152355
2007-05-30,1.475797609077656,0.0,0.0,0,1.884550431264097
2007-05-31,1.509694302862945,0.0,0.0,0,1.9278355189336842
2007-06-01,1.52330090971627,0.0,0.0,0,1.9452107583674303
2007-06-04,1.5422507503110832,0.0,0.0,0,1.969409151186118
2007-06-05,1.5463336199474365,0.0,0.0,0,1.9746228564304256
2007-06-07,1.5559638668070956,0.0,0.0,0,1.9869204003218897
2007-06-08,1.5330997968435176,0.0,0.0,0,1.957723650953768
2007-06-11,1.5235849354301032,0.0,0.0,0,1.9455734509061646
2007-06-12,1.535407505768413,0.0,0.0,0,1.9606705278309855
2007-06-13,1.5284044967617114,0.0,0.0,0,1.9517278899228145
2007-06-14,1.570289413748561,0.0,0.0,0,2.0052137052443078
2007-06-15,1.5730231612442063,0.0,0.0,0,2.008704620929626
2007-06-18,1.603751193159543,0.0,0.0,0,2.0479434199639575
2007-06-19,1.6046121461046,0.0,0.0,0,2.049042831721996
2007-06-20,1.583256962745761,0.0,0.0,0,2.0217728864659015
2007-06-21,1.5925321774631287,0.0,0.0,0,2.0336170646839475
2007-06-22,1.571887058388873,0.0,0.0,0,2.007253850774689
2007-06-25,1.5601266186754645,0.0,0.0,0,1.9922361128427162
2007-06-26,1.5528662113656015,0.0,0.0,0,1.9829647848213172
2007-06-27,1.5382655145138602,0.0,0.0,0,1.9643201215020005
2007-06-28,1.5548188881482052,0.0,0.0,0,1.9854582960251166
2007-06-29,1.5475851082490142,0.0,0.0,0,1.976220970429224
2007-07-02,1.5687930526681337,0.0,0.09823743726853078,1,2.0076732140226
2007-07-03,1.597221158852591,0.0,0.097211714553003,1,2.0463793083906654
2007-07-04,1.6215275216288723,0.0,0.09453529422663036,1,2.0836799691711345
2007-07-05,1.6456845947261658,0.0,0.2024016907991974,2,2.094311394212787
2007-07-06,1.6405938595051237,0.0,0.1942026384768835,2,2.1092951297192535
2007-07-09,1.673478380613994,0.0,0.2004521019319087,2,2.1348876219837014
2007-07-10,1.687258116659954,0.0,0.20237606698302124,2,2.147287173151685
2007-07-11,1.6857351658744049,0.0,0.20358123914363996,2,2.142107470332884
2007-07-12,1.7114507428332368,0.0,0.2073338173065681,2,2.1645377370252414
2007-07-13,1.761051559866631,0.0,0.20820827783610776,2,2.2248127033061693
2007-07-16,1.7413494074788571,0.0,0.20472421188875098,2,2.209602284962994
2007-07-18,1.7325006227873496,0.0,0.20837479567627937,2,2.188282764170511
2007-07-19,1.7442139097179237,0.0,0.21075864576763553,2,2.196443346292036
2007-07-20,1.7878918873220087,0.0,0.21190617426569566,2,2.2481723696290334
2007-07-23,1.7875542278576146,0.0,0.2079781107510211,2,2.2589511385145475
2007-07-24,1.7772338237718501,0.0,0.2036945990345647,2,2.258055741309547
2007-07-25,1.790125046234188,0.0,0.20468304953651037,2,2.271611374944746
2007-07-26,1.7581175911079736,0.0,0.20664045807925427,2,2.2255040859581317
2007-07-27,1.6851390700082336,0.0,0.20614072009687984,2,2.13446825873579
2007-07-30,1.7107645217000509,0.0,0.11088192365476593,1,2.161092157907264
2007-07-31,1.7361166643857178,0.0,0.11166118884563739,1,2.1911956386222218
2007-08-01,1.6741397625946461,0.0,0.1153803623589903,1,2.104126761042288
2007-08-02,1.6656032654542088,0.0,0.0,0,2.100295821101905
2007-08-03,1.6869326083766178,0.0,0.0,0,2.1271917396774302
2007-08-06,1.667382957784018,0.0,0.0,0,2.1025399811853247
2007-08-07,1.6716703983967398,0.0,0.0,0,2.1079463668408347
2007-08-08,1.7264479675669302,0.0,0.10832952495061066,1,2.1573518911015652
2007-08-09,1.741300948365324,0.0,0.1134875888923991,1,2.163324983848848
2007-08-10,1.6728599451804398,0.0,0.21581794993146536,2,2.072436500470367
2007-08-13,1.6982547490255575,0.0,0.218769791373856,2,2.0959775130625986
2007-08-14,1.6584203484299538,0.0,0.21357579323591355,2,2.060422310124789
2007-08-16,1.5191889697872734,0.0,0.20096221497318434,2,1.9177141302746263
2007-08-17,1.4533325503870365,0.0,0.19136721335743612,2,1.8566117716397104
2007-08-20,1.5494160046381174,0.0,0.1983576436358268,2,1.962245973546113
2007-08-21,1.5620832780225435,0.0,0.20260325994713121,2,1.9678110371873194
2007-08-22,1.581458642509253,0.0,0.20179338548525957,2,1.994242255947591
2007-08-23,1.635849279378418,0.0,0.2106937421477068,2,2.0398281744097746
2007-08-24,1.6227049298945588,0.0,0.3086388868610016,3,2.0303188294098313
2007-08-27,1.630438387178313,0.0,0.3074239556613061,3,2.043579775357309
2007-08-28,1.643857483360341,0.0,0.3030653615459881,3,2.0733659001008737
2007-08-29,1.6671963785998316,0.0,0.4121513171724129,4,2.069829647848213
2007-08-30,1.684287034730624,0.0,0.41317429400328437,4,2.0874089018349977
2007-08-31,1.71396867956369,0.0,0.41346100766976374,4,2.12315678518401
2007-09-03,1.7249256683607235,0.0,0.41452044436827035,4,2.1328701447369913
2007-09-04,1.7044998696882239,0.0,0.40973039465216754,4,2.1248569064593275
2007-09-05,1.6827738494646667,0.0,0.30109800399081577,3,2.1144861666798898
2007-09-06,1.704502590665998,0.0,0.30141953366584023,3,2.140804044021807
2007-09-07,1.7028295333422518,0.0,0.19693029316108754,2,2.136372394564146
2007-09-10,1.6523534019365012,0.0,0.19392567282589393,2,2.0808010971449296
2007-09-11,1.6656490388603762,0.0,0.19535532681881435,2,2.0938240261138628
2007-09-12,1.6264828720691822,0.0,0.19107369443950062,2,2.055469290142697
2007-09-13,1.6649421174820973,0.0,0.19472608628113297,2,2.0945720794750025
2007-09-14,1.6883631834443833,0.0,0.19644338369197392,2,2.119507191512995
2007-09-17,1.6876427283124888,0.0,0.2957342225773543,3,2.1213886590576796
2007-09-18,1.6570448355769272,0.0,0.29540289209408294,3,2.083906652007843
2007-09-19,1.7145679177308137,0.0,0.2953236272108711,3,2.1564904963220712
2007-09-20,1.7262352822401286,0.0,0.20679491880661624,2,2.163653673962076
2007-09-21,1.7440960972801502,0.0,0.21068605643761226,2,2.175316505910755
2007-09-27,1.7834693219821123,0.0,0.2176468212974212,2,2.2048079429665983
2007-09-28,1.7935448463305734,0.0,0.1063713069855997,1,2.2061680399868524
2007-10-01,1.7970080376740076,0.0,0.100675004756622,1,2.2245180156184476
2007-10-02,1.8330435452156422,0.0,0.09525646047845603,1,2.282798172936336
2007-10-04,1.8260505190264915,0.0,0.09652189125171104,1,2.270908658150948
2007-10-05,1.8099493418007724,0.0,0.09192850267903753,1,2.2623287127815117
2007-10-08,1.8300790522768955,0.0,0.09436230933423194,1,2.281358736923234
2007-10-09,1.8295128587664558,0.0,0.09349243767482472,1,2.282843509503678
2007-10-10,1.8462547432513738,0.0,0.0896753273973005,1,2.31343435831756
2007-10-11,1.870995973708078,0.0,0.09391017539081081,1,2.3335297917918143
2007-10-12,1.8437610246786162,0.0,0.09500012596363096,1,2.2967958381031184
2007-10-15,1.857161007474278,0.0,0.09756178209476957,1,2.3069398950458466
2007-10-16,1.8286515323440922,0.0,0.09683435080022353,1,2.2733568327874054
2007-10-17,1.8054763584808535,0.0,0.09519263460469427,1,2.248625735302452
2007-10-18,1.8202944161156205,0.0,0.0,0,2.2725974452844304
2007-10-19,1.7885292077609403,0.0,0.0,0,2.2329392830021875
2007-10-22,1.7283487087088756,0.0,0.0,0,2.1578052567749832
2007-10-23,1.7684478585524372,0.0,0.0,0,2.2078681612621702
2007-10-24,1.7551752850701445,0.0,0.0,0,2.1912976458987408
2007-10-25,1.7945663222381802,0.0,0.0,0,2.2404764873227623
2007-10-26,1.8326507757802597,0.0,0.09602869330612242,1,2.298631969080461
2007-10-29,1.8659230363720898,0.0,0.09688673533514679,1,2.338142787518843
2007-10-30,1.85546075438662,0.0,0.09643906488848521,1,2.326185267882442
2007-10-31,1.8711893987101589,0.0,0.09858595421447995,1,2.340330276893085
2007-11-01,1.8807314815403178,0.0,0.20359011734641164,2,2.338392138639223
2007-11-02,1.8623476081797516,0.0,0.21280298581081353,2,2.2887485973999477
2007-11-05,1.825845515135493,0.0,0.19848892160278261,2,2.2846909746228565
2007-11-06,1.8603524035637524,0.0,0.19833910838306937,2,2.3283047524056713
2007-11-07,1.8343337151586003,0.0,0.29255033155093413,3,2.3157805256774986
2007-11-08,1.7758395222212324,0.0,0.2920051575722482,3,2.243661381178524
2007-11-09,1.7777305225443727,0.0,0.2888604233871409,3,2.256026929921001
2007-11-12,1.7004021636652387,0.0,0.28156477087653337,3,2.1800315089143028
2007-11-13,1.7064520273214199,0.0,0.28058713967588805,3,2.190764941232475
2007-11-14,1.7412448218648044,0.0,0.2804848727124953,3,2.2357501501773793
2007-11-15,1.7129993367848015,0.0,0.27783085344646125,3,2.207596141858119
2007-11-16,1.6998894256939974,0.0,0.2803093711939686,3,2.183182400344558
2007-11-19,1.6699095720579924,0.0,0.2798373130286043,3,2.146085754117127
2007-11-20,1.6512530497862168,0.0,0.27986647679935805,3,2.122023371000465
2007-11-21,1.5969722824666532,0.0,0.2813399352140584,3,2.0480680955241475
2007-11-22,1.5703600210635855,0.0,0.17667628448281014,2,2.0390347844812933
2007-11-23,1.541685848777706,0.0,0.1735486017620596,2,2.0094073377234243
2007-11-26,1.61887901206878,0.0,0.17635391517932117,2,2.102857337156717
2007-11-27,1.6199202064984375,0.0,0.27496121353166675,3,2.1079123644153284
2007-11-28,1.5884186809896996,0.0,0.29704270112764786,3,2.0794636684083465
2007-11-29,1.6202475115289587,0.0,0.2947490203749991,3,2.1280531344569247
2007-11-30,1.650904055057594,0.0,0.2973609236451115,3,2.160287433836947
2007-12-03,1.6417607839710389,0.0,0.2947711912366815,3,2.156241145201691
2007-12-04,1.6593144971458293,0.0,0.19765139234928095,2,2.1736957236282857
2007-12-05,1.6768862672763238,0.0,0.19762630175677065,2,2.196783370547099
2007-12-06,1.6759698594264854,0.0,0.1909869186272599,2,2.2137505808747693
2007-12-07,1.6529674665096294,0.0,0.18764525918449196,2,2.192385723514944
2007-12-10,1.630958705028681,0.0,0.18855829803295737,2,2.160763467794036
2007-12-11,1.650880060086871,0.0,0.19050772789950188,2,2.181901642317152
2007-12-12,1.6483920890089465,0.0,0.18828363429422706,2,2.1845991680739894
2007-12-13,1.6323831376531173,0.0,0.18523485771982087,2,2.1715082342540435
2007-12-14,1.6098093945991987,0.0,0.18280082680535426,2,2.1478765485271283
2007-12-17,1.5607618750231385,0.0,0.1816852286787408,2,2.085278083169933
2007-12-18,1.582710703653933,0.0,0.18353757052065692,2,2.109816500243684
2007-12-20,1.5695600648335293,0.0,0.18425989906630033,2,2.090435117705063
2007-12-21,1.5971563495788583,0.0,0.1835983882649143,2,2.1289145292364187
2007-12-24,1.6316921008416219,0.0,0.18337095820133217,2,2.1755545228892994
2007-12-26,1.623173710554766,0.0,0.08840691633606518,1,2.1611034920490995
2007-12-27,1.6249770735870401,0.0,0.0,0,2.1632569789978353
2007-12-28,1.6151946199946463,0.0,0.0,0,2.150234050028902
2008-01-02,1.578005971350976,0.0,0.0,0,2.1007265184916526
2008-01-03,1.5773929716480584,0.0,0.0,0,2.0999104602795002
2008-01-04,1.5869029809280446,0.0,0.0,0,2.1125706967096987
2008-01-07,1.5552208920083954,0.0,0.09800728304516962,1,2.0754400480567616
2008-01-08,1.5549318690083407,0.0,0.2002401920749975,2,2.0698749844155553
2008-01-09,1.5660374091071023,0.0,0.1979804948936925,2,2.0905484591234176
2008-01-10,1.5440672681449907,0.0,0.2957503598690244,3,2.068231533849415
2008-01-11,1.5040206668968281,0.0,0.3943222862641764,4,2.0200500969069126
2008-01-14,1.4873748600100822,0.0,0.3931761352189698,4,2.001473438438609
2008-01-15,1.482520112690783,0.0,0.39771536764311094,4,1.9800179079441
2008-01-16,1.450338920800684,0.0,0.39914574513055445,4,1.9324371805188771
2008-01-17,1.4558329563217673,0.0,0.39489012387198746,4,1.9534960160491448
2008-01-18,1.4660591249122699,0.0,0.3952166850644362,4,1.9661562524793437
2008-01-21,1.4307453746594325,0.0,0.398565760089684,4,1.9081707828491765
2008-01-22,1.381798388995636,0.0,0.4048332491000137,4,1.8236860896077254
2008-01-23,1.390961974684973,0.0,0.4016255091928067,4,1.8456743247685004
2008-01-24,1.3997394498823734,0.0,0.39275080561742937,4,1.8848677872354895
2008-01-25,1.4232278557058127,0.0,0.39221070238430716,4,1.918201498373551
2008-01-28,1.3641863091843542,0.0,0.3903417139248295,4,1.8442802253227397
2008-01-29,1.3831371922096192,0.0,0.39473344656713594,4,1.8564304253703432
2008-01-30,1.352531252287993,0.0,0.39949740614971413,4,1.8010631425041652
2008-01-31,1.3678973008260602,0.0,0.3929335350534617,4,1.8414353557220418
2008-02-01,1.3752948044083477,0.0,0.2913959272711738,3,1.8525994854299608
2008-02-04,1.4210870715292736,0.0,0.19658456853178458,2,1.915617314035068
2008-02-05,1.4248229387060478,0.0,0.19563783976981924,2,1.9229165013770981
2008-02-11,1.3853331179649762,0.0,0.09523419859079328,1,1.8595586485169278
2008-02-12,1.3845808218740179,0.0,0.0,0,1.8625281936778157
2008-02-13,1.3748828834335904,0.0,0.0,0,1.8494825964252117
2008-02-14,1.4302142142227188,0.0,0.0,0,1.923913905858618
2008-02-15,1.4279561364624802,0.0,0.0,0,1.9208763558467172
2008-02-18,1.4291947089652977,0.0,0.0,0,1.9225424746965285
2008-02-19,1.449652219419996,0.0,0.0,0,1.9500617710730033
2008-02-20,1.4221761314493324,0.0,0.0,0,1.913101134547598
2008-02-21,1.4360363475522888,0.0,0.0,0,1.9317457978669146
2008-02-22,1.41866545371009,0.0,0.09875395633920245,1,1.911446349839622
2008-02-25,1.4366660572460395,0.0,0.09807762544717859,1,1.9371521835224248
2008-02-26,1.4326403234355367,0.0,0.09554321444513497,1,1.9371521835224248
2008-02-27,1.4389387159784681,0.0,0.09330607090064807,1,1.9504811343209152
2008-02-28,1.4499186311997658,0.0,0.0921825805214006,1,1.9677997030454841
2008-02-29,1.4313062734639797,0.0,0.09338130031847093,1,1.9399743848394517
2008-03-03,1.398448747425346,0.0,0.09370522406713934,1,1.8947624930578382
2008-03-04,1.4066521211302794,0.0,0.09659218375971618,1,1.8998061861746138
2008-03-05,1.4103699390871332,0.0,0.09847907609254541,1,1.9008489272234752
2008-03-06,1.4278033907722578,0.0,0.09868641324562238,1,1.9239025717167826
2008-03-07,1.4022269244074212,0.0,0.10034274817523217,1,1.8859671989935283
2008-03-10,1.3720050904559575,0.0,0.10196560854903342,1,1.8419907286719788
2008-03-11,1.3900080398017167,0.0,0.10470083768093766,1,1.860476714005599
2008-03-12,1.400745931961065,0.0,0.10217352868199453,1,1.8801414500901064
2008-03-13,1.366777712294946,0.0,0.10382829600556222,1,1.8311666232191228
2008-03-14,1.3587574741858677,0.0,0.10710889096501838,1,1.8137573813598704
2008-03-17,1.3395832061233852,0.0,0.10894129907674129,1,1.7844926271407362
2008-03-18,1.353654022284808,0.0,0.1101889795439788,1,1.8007117841072664
2008-03-19,1.3824578346889629,0.0,0.11036793200370817,1,1.8386584909723562
2008-03-20,1.3816700259252659,0.0,0.10043810074694637,1,1.8399732514252685
2008-03-21,1.3926330346487639,0.0,0.0952598581754443,1,1.8652483877183241
2008-03-24,1.3971198913392766,0.0,0.09289917588980295,1,1.8761404980221923
2008-03-25,1.4092981829128897,0.0,0.09007354504801739,1,1.8983894184451826
2008-03-26,1.4162066358852963,0.0,0.09194979071792388,1,1.9037618016751863
2008-03-27,1.4123345834029122,0.0,0.0913196666686073,1,1.8998741910256265
2008-03-28,1.4307106886105845,0.0,0.0892967722443823,1,1.9288782599825454
2008-03-31,1.4319457755492555,0.0,0.08892738766209037,1,1.9313264346190029
2008-04-01,1.4310322484571516,0.0,0.08927670682907611,1,1.9293542939396344
2008-04-02,1.4607936954845264,0.0,0.08689829628720344,1,1.9746228564304256
2008-04-03,1.4780259231768522,0.0,0.08643816357013648,1,1.9989232565256323
2008-04-04,1.478580866320697,0.0,0.0853001165467322,1,2.002164821090571
2008-04-07,1.4860471661072132,0.0,0.08625331607699234,1,2.010178059368235
2008-04-08,1.4711966045307179,0.0,0.08683941093598085,1,1.9888132020084102
2008-04-10,1.479616561189747,0.0,0.08689765512549147,1,2.000068004851013
2008-04-11,1.4883036315720621,0.0,0.08447497125264401,1,2.0171485565970375
2008-04-14,1.463038215056094,0.0,0.08593378163224209,1,1.9797458885400494
2008-04-15,1.4628118231270877,0.0,0.08816849942133341,1,1.9746001881467545
2008-04-16,1.4794471290488658,0.0,0.08993950272849051,1,1.9931768466150586
2008-04-17,1.487470453548779,0.0,0.0,0,2.0046356640106997
2008-04-18,1.4937565862439812,0.0,0.10235067474142466,1,2.0082965918235502
2008-04-21,1.519875318027615,0.0,0.10354669438292971,1,2.040689569189269
2008-04-22,1.5118823668963008,0.0,0.1053092387135919,1,2.025966518945018
2008-04-23,1.5292949741720672,0.0,0.1089149799522343,1,2.041040927586168
2008-04-24,1.5243195147363315,0.0,0.1067262769186563,1,2.0393974770200276
2008-04-25,1.5441077067432962,0.0,0.10575513478620678,1,2.06811819243106
2008-04-28,1.538474470831523,0.0,0.1032235274893362,1,2.066406737013907
2008-04-29,1.5312840326327573,0.0,0.10477476528250557,1,2.053191127633771
2008-04-30,1.5471550202638233,0.0,0.10713005776110289,1,2.069013589636061
2008-05-02,1.5627755545470243,0.0,0.10501421201548454,1,2.094855433020889
2008-05-06,1.5695120944636638,0.0,0.10365319720448186,1,2.1070849720613403
2008-05-07,1.560587622975868,0.0,0.10097607817331995,1,2.1013612304344376
2008-05-08,1.5560396088405486,0.0,0.10127121245412632,1,2.094549411191332
2008-05-09,1.5350901053416894,0.0,0.20123301578435523,2,2.067007446531186
2008-05-13,1.5678639384766049,0.0,0.20973925004947253,2,2.088655657436897
2008-05-14,1.5638796698294126,0.0,0.2073174836520521,2,2.089732400911265
2008-05-15,1.581640297653098,0.0,0.19838144253022413,2,2.1372904600528173
2008-05-16,1.5859239970673222,0.0,0.1992027417042279,2,2.140883383014655
2008-05-19,1.5990289175291212,0.0,0.20724159630720673,2,2.136905099230412
2008-05-20,1.5941859148156954,0.0,0.09903588653004662,1,2.123054777907491
2008-05-21,1.5718959268618136,0.0,0.09876735827719067,1,2.093994038241395
2008-05-22,1.5659124988886792,0.0,0.10124385447856585,1,2.0802910607623346
2008-05-23,1.5601769431884562,0.0,0.10161604929223894,1,2.0718131226694174
2008-05-26,1.5359106823415645,0.0,0.10108140399552976,1,2.0408029106076233
2008-05-27,1.5548119454445721,0.0,0.09985259544582786,1,2.0687415702320098
2008-05-28,1.541762822468452,0.0,0.10197691323208427,1,2.0465379863763618
2008-05-29,1.5716746585052501,0.0,0.10170923090916084,1,2.086864863026896
2008-05-30,1.5884070600116718,0.0,0.30551092770057175,3,2.099105736209183
2008-06-02,1.582567389608943,0.0,0.5052677460454054,5,2.0940167065250654
2008-06-03,1.5586262256305488,0.0,0.5053195329372804,5,2.0621224314001068
2008-06-04,1.5810520469485332,0.0,0.5084710429690955,5,2.0784662639268268
2008-06-05,1.581964035632716,0.0,0.6096331998365044,6,2.0767661426515094
2008-06-09,1.5700472235409126,0.0,0.5077721948862436,5,2.0503009214657313
2008-06-10,1.5353052743951892,0.0,0.5062560514746477,5,2.011107458998742
2008-06-11,1.5459047990662735,0.0,0.507626788808662,5,2.019370048396786
2008-06-12,1.510056953691398,0.0,0.507908294394974,5,1.9714152942909928
2008-06-13,1.5093075324525875,0.0,0.5054023382018061,5,1.980471273617518
2008-06-16,1.516714001487718,0.0,0.6045623402458897,6,1.9957383626698704
2008-06-17,1.511454805286,0.0,0.605464753685947,6,1.9842795452742297
2008-06-18,1.5206467443355374,0.0,0.6026036590079166,6,2.0108241054528557
2008-06-19,1.4959993222954422,0.0,0.6036633053420746,6,1.9729567375806143
2008-06-20,1.4895735331155282,0.0,0.6041762203089729,6,1.9619399517165559
2008-06-23,1.476684874001554,0.0,0.7041584997687911,7,1.9444740391481259
2008-06-24,1.4671410292193146,0.0,0.7030584647937397,7,1.9390903217762867
2008-06-25,1.4654134317314713,0.0,0.7015006988600077,7,1.946967550351925
2008-06-26,1.466473873298976,0.0,0.7017391243722392,7,1.9468202065080644
2008-06-27,1.4378811191668213,0.0,0.6125120776428038,6,1.9091795214725318
2008-06-30,1.4351744032160147,0.0,0.40246230233315156,4,1.898378084303347
2008-07-01,1.4279232665786787,0.0,0.4024614283026793,4,1.8887894003105556
2008-07-02,1.3785766930509826,0.0,0.3969906699831317,4,1.8402112684038128
2008-07-03,1.3621761892622366,0.0,0.299937112384637,3,1.8208752224325335
2008-07-04,1.335146364092836,0.0,0.29847943882031847,3,1.788459576783144
2008-07-07,1.324274422257432,0.0,0.2919222918536012,3,1.7904770540298542
2008-07-08,1.2756324447405638,0.0,0.28644324163177914,3,1.7380566480408937
2008-07-09,1.268059310522049,0.0,0.28877725878293836,3,1.7220868421947435
2008-07-10,1.2970442959164568,0.0,0.2964105163521058,3,1.7425449682077323
2008-07-11,1.3181345529636497,0.0,0.3024246601978066,3,1.7766380668487687
2008-07-14,1.308546214713345,0.0,0.3012984237022836,3,1.7665620147570527
2008-07-15,1.270524183058999,0.0,0.30314597586003084,3,1.710696029650115
2008-07-16,1.2683792101599645,0.0,0.3028601000411369,3,1.7085085402758733
2008-07-17,1.2796155489684973,0.0,0.3006568455309256,3,1.7290913418490519
2008-07-18,1.2593651784659037,0.0,0.199340020758364,2,1.711444083011255
2008-07-21,1.2997300612629676,0.0,0.19701151851008072,2,1.7714356957462967
2008-07-22,1.295899322011434,0.0,0.19550869247185512,2,1.7695202257761053
2008-07-23,1.319691348507284,0.0,0.194564165171465,2,1.8041233607997371
2008-07-24,1.3500493462793288,0.0,0.09258036115136822,1,1.8430901404300175
2008-07-25,1.3252004128935515,0.0,0.0916022031673427,1,1.8111165263122104
2008-07-28,1.3268204127960548,0.0,0.09250691973636234,1,1.8115245554182866
2008-07-29,1.3029489972318768,0.0,0.09385668385099895,1,1.7762867084518696
2008-07-30,1.3135568124884656,0.0,0.09515237929749336,1,1.788187557379093
2008-07-31,1.3272404476489248,0.0,0.09484886549498434,1,1.8074215960738533
2008-08-01,1.3141929045026832,0.0,0.0978431965364744,1,1.783733239637761
2008-08-04,1.291049827746793,0.0,0.09959711227142105,1,1.7489147559192555
2008-08-05,1.278198571786781,0.0,0.09497059388012763,1,1.740402815400832
2008-08-06,1.3147672987291679,0.0,0.0954067335686537,1,1.7893323057044737
2008-08-07,1.3022890871735464,0.0,0.0,0,1.7726597830645254
2008-08-08,1.3035608049876157,0.0,0.09836536179937927,1,1.7780094980108583
2008-08-11,1.3080345143634982,0.0,0.09436366977858196,1,1.7920298314613108
2008-08-12,1.3002480780766767,0.0,0.09122793920309073,1,1.7875301771526368
2008-08-13,1.2858501457804141,0.0,0.08944274317316311,1,1.7712090129095877
2008-08-14,1.2961474674752331,0.0,0.09120262921158041,1,1.7819424452277597
2008-08-18,1.289588814579269,0.0,0.08918343819982197,1,1.7768647496854777
2008-08-19,1.2678849106400047,0.0,0.0891333802914911,1,1.7470559566582418
2008-08-20,1.266546656610967,0.0,0.08858503225933452,1,1.7462625667297602
2008-08-21,1.2454782464659164,0.0,0.09008352956159413,1,1.7143909598884721
2008-08-22,1.2295726720232256,0.0,0.1882367308558961,2,1.6966190254904852
2008-08-25,1.2298360158103956,0.0,0.18559123518785461,2,1.7025127792449195
2008-08-26,1.225986105617965,0.0,0.18948418918181983,2,1.6890704870280748
2008-08-27,1.2310199681677658,0.0,0.29083031336832665,3,1.6932301170816852
2008-08-28,1.2168016781895228,0.0,0.29203824632246356,3,1.6708225186729988
2008-08-29,1.2202940200066599,0.0,0.29402125295590215,3,1.6709245259495178
2008-09-01,1.1596502385249265,0.0,0.2872415789488033,3,1.603135023631686
2008-09-02,1.1361224434444854,0.0,0.2762308144198733,3,1.5948724342336422
2008-09-03,1.1487471461204304,0.0,0.374399289896934,4,1.6172573643586579
2008-09-04,1.1427085449782974,0.0,0.3712960726096344,4,1.616735993834227
2008-09-05,1.1324522487660116,0.0,0.29645933963174315,3,1.5917442110870577
2008-09-08,1.178808977509085,0.0,0.2893453539481595,3,1.6736560541318615
2008-09-09,1.1599198728557827,0.0,0.2886059951159103,3,1.6485509299663377
2008-09-10,1.172784441188937,0.0,0.29133992708537254,3,1.6604291106098903
2008-09-11,1.159244417975755,0.0,0.2937019482803075,3,1.63578868625962
2008-09-12,1.1869936962560692,0.0,0.2936385680079892,3,1.6750954901449637
2008-09-16,1.1201362645736421,0.0,0.29714644987340033,3,1.5728955332147028
2008-09-17,1.1539240007384755,0.0,0.29928509588555935,3,1.6154098992394792
2008-09-18,1.128344050886716,0.0,0.29991112921788965,3,1.5781885774518585
2008-09-19,1.1699534469040178,0.0,0.19278934973577572,2,1.6500017001212754
2008-09-22,1.1674726996401195,0.0,0.18854028647662904,2,1.655170068798241
2008-09-23,1.181437748421178,0.0,0.18658454787824583,2,1.679005769078194
2008-09-24,1.1956772517544618,0.0,0.08886612325694677,1,1.695564950299788
2008-09-25,1.1997917683796464,0.0,0.08856136942282919,1,1.701968740436818
2008-09-26,1.179916713682692,0.0,0.08882359390463221,1,1.673293361593127
2008-09-29,1.1669858545118328,0.0,0.09118910658971802,1,1.6506590803477315
2008-09-30,1.1589405639989312,0.0,0.19080742786467386,2,1.6412517426243072
2008-10-01,1.1548401487266629,0.0,0.1022493033433597,1,1.6317423976243641
2008-10-02,1.1440872149137828,0.0,0.106413036443485,1,1.6090514456697913
2008-10-06,1.0996399185821115,0.0,0.11017678918837397,1,1.540026521891895
2008-10-07,1.1019779249719015,0.0,0.10726149571801795,1,1.5483571161409513
2008-10-08,1.0436099077402117,0.0,0.11212791447074513,1,1.4583526958256356
2008-10-09,1.0459690309359706,0.0,0.10848486437495794,1,1.4676466921307054
2008-10-10,1.005135356710765,0.0,0.110540149354086,1,1.4070997064457265
2008-10-13,1.0405615658134897,0.0,0.1082534792355768,1,1.4604381779233586
2008-10-14,1.0954399545704334,0.0,0.10088806144816491,1,1.5501592446927883
2008-10-15,1.0810200111126698,0.0,0.10715417224504682,1,1.519092361921817
2008-10-16,0.9921685723110912,0.0,0.11901364745427462,1,1.375715467703363
2008-10-17,0.9696250590396625,0.0,0.12312161012398902,1,1.338188124086185
2008-10-20,0.9961319202375873,0.0,0.12696489686246512,1,1.3687449704745607
2008-10-21,0.9890107473358845,0.0,0.12907421366557487,1,1.3556767049382856
2008-10-22,0.9429421698898679,0.0,0.1335000083055715,1,1.285960398508427
2008-10-23,0.8694060263515718,0.0,0.13051647334177674,1,1.1897562026091195
2008-10-24,0.7891451091889548,0.0,0.14334145614399005,1,1.063992564802956
2008-10-27,0.787952769649162,0.0,0.13500786408811966,1,1.0727198540162532
2008-10-28,0.8207773633892624,0.0,0.0,0,1.132462115630915
2008-10-29,0.7959772627039651,0.0,0.0,0,1.0982443414296887
2008-10-30,0.8910621137911855,0.0,0.0,0,1.2294370331750333
2008-10-31,0.9143424997938794,0.0,0.0,0,1.261557991136701
2008-11-03,0.9275024074778299,0.0,0.0,0,1.2797152863570935
2008-11-04,0.947439421178796,0.0,0.0,0,1.3072232485917328
2008-11-05,0.9705637283762497,0.0,0.0,0,1.3391288578585272
2008-11-06,0.8972231192611997,0.0,0.0,0,1.2379376395516215
2008-11-07,0.9319465460902002,0.0,0.0,0,1.2858470570900724
2008-11-10,0.9467083151963545,0.0,0.0,0,1.3062145099683777
2008-11-11,0.9272148938892293,0.0,0.0,0,1.2793185913928529
2008-11-12,0.9232143476706999,0.0,0.0,0,1.273798864318988
2008-11-13,0.8941179725043126,0.0,0.0,0,1.233653333937821
2008-11-14,0.8939701083730321,0.0,0.0,0,1.2334493193847829
2008-11-17,0.8858047224567732,0.0,0.0,0,1.2221831824003446
2008-11-18,0.851171657041333,0.0,0.0,0,1.1743984404220835
2008-11-19,0.8352844776026562,0.0,0.0,0,1.1524782101123214
2008-11-20,0.7793179039130465,0.0,0.0,0,1.0752587017873942
2008-11-21,0.8245314693889912,0.0,0.0,0,1.1376418184497161
2008-11-24,0.7969383795572872,0.0,0.0,0,1.0995704360244365
2008-11-25,0.8077653198365924,0.0,0.0,0,1.1145088349635608
2008-11-26,0.8459306950548408,0.0,0.0,0,1.1671672579310657
2008-11-27,0.873614146300105,0.0,0.0,0,1.2053633159165356
2008-11-28,0.8839564208157689,0.0,0.0,0,1.2196330004873681
2008-12-01,0.8696218147555357,0.0,0.0,0,1.1998549229845061
2008-12-02,0.8405254395891483,0.0,0.0,0,1.159709392603339
2008-12-03,0.8400900618692673,0.0,0.0,0,1.1591086830860602
2008-12-04,0.8268397927717566,0.0,0.0,0,1.1408267123054778
2008-12-05,0.8445752738514377,0.0,0.0,0,1.1652971245282164
2008-12-08,0.9077625459519041,0.0,0.0,0,1.252479343526505
2008-12-09,0.9084115051947456,0.0,0.0,0,1.2533747407315055
2008-12-10,0.9412948450567018,0.0,0.0,0,1.2987453104988156
2008-12-11,0.9483266059664782,0.0,0.0,0,1.3084473359099618
2008-12-12,0.9067521410548217,0.0,0.0,0,1.2510852440807445
2008-12-15,0.9514153233754453,0.0,0.0,0,1.3127089732400912
2008-12-16,0.9541836684999717,0.0,0.0,0,1.316528579038638
2008-12-17,0.9609114864732273,0.0,0.0,0,1.3258112412018725
2008-12-18,0.9659717256325991,0.0,0.0,0,1.3327930725725103
2008-12-19,0.9701283506563687,0.0,0.0,0,1.3385281483412483
2008-12-22,0.969011154997806,0.0,0.0,0,1.3369867050516269
2008-12-23,0.9400133559189389,0.0,0.0,0,1.2969771843724853
2008-12-24,0.9270341710621088,0.0,0.0,0,1.2790692402724728
2008-12-26,0.9182855432946885,0.0,0.0,0,1.2669983792177175
2008-12-29,0.918063747097768,0.0,0.0,0,1.2666923573881603
2008-12-30,0.9237154427822611,0.0,0.0,0,1.2744902469709507
2009-01-02,0.9507663641326038,0.0,0.0,0,1.3118135760350906
2009-01-05,0.9640494919259546,0.0,0.0,0,1.3301408833830146
2009-01-06,0.981062081697154,0.0,0.0,0,1.3536138911242335
2009-01-07,1.0089016117476586,0.0,0.0,0,1.3920252978045768
2009-01-08,0.9904432393594959,0.0,0.0,0,1.3665574811003185
2009-01-09,0.9701201359824086,0.0,0.0,0,1.338516814199413
2009-01-12,0.9502324103252026,0.0,0.0,0,1.3110768568157862
2009-01-13,0.9592356929853835,0.0,0.0,0,1.3234990762674406
2009-01-14,0.971533059903532,0.0,0.0,0,1.3404662865951105
2009-01-15,0.912929575872756,0.0,0.0,0,1.2596085187410035
2009-01-16,0.9325297879413615,0.0,0.0,0,1.2866517811603895
2009-01-19,0.945221459209591,0.0,0.0,0,1.3041630302961613
2009-01-20,0.9256376764889055,0.0,0.0,0,1.2771424361604462
2009-01-21,0.9065796329016613,0.0,0.0,0,1.2508472271022
2009-01-22,0.9169465514392054,0.0,0.0,0,1.265150914098539
2009-01-23,0.898192450788482,0.0,0.0,0,1.2392750682882048
2009-01-28,0.9512428152222849,0.0,0.0,0,1.3124709562615466
2009-01-29,0.9582910054799813,0.0,0.0,0,1.3221956499563636
2009-01-30,0.9546354755677727,0.0,0.0,0,1.3171519568395877
2009-02-02,0.9421820298443839,0.0,0.0,0,1.2999693978170443
2009-02-03,0.9555308750294149,0.0,0.0,0,1.3183873782996522
2009-02-04,0.981957481158796,0.0,0.0,0,1.3548493125842975
2009-02-05,0.9675900164027229,0.0,0.0,0,1.3350258985140941
2009-02-06,0.9941891306852645,0.0,0.0,0,1.3717258497772842
2009-02-09,0.9879706224975301,0.0,0.0,0,1.3631459044078478
2009-02-10,0.9848326170448027,0.0,0.0,0,1.3588162622267055
2009-02-11,0.9811476980742725,0.0,0.10336768879095619,1,1.3489668929716987
2009-02-12,0.9727533547651541,0.0,0.10348717842860634,1,1.3372473903138424
2009-02-13,0.9863839891585632,0.0,0.10643397451153112,1,1.3515284090265107
2009-02-16,0.9763601457077198,0.0,0.11010732389472555,1,1.3322943703317505
2009-02-17,0.9345882595129542,0.0,0.10851727365520013,1,1.2775731335501934
2009-02-18,0.9343922863257577,0.0,0.11940507518047906,1,1.261705334980562
2009-02-19,0.9235401685138636,0.0,0.11393172405192097,1,1.2548028426027722
2009-02-20,0.8857712802667217,0.0,0.1104889132770093,1,1.208162848949892
2009-02-23,0.9126403121959937,0.0,0.10946403970036751,1,1.2462455655170068
2009-02-24,0.880955388211125,0.0,0.1073630610226803,1,1.2058166815899536
2009-02-25,0.8810368083475362,0.0,0.10476087611427759,1,1.2094436069772976
2009-02-26,0.871952580693645,0.0,0.1058523020345795,1,1.1955139466615285
2009-02-27,0.8765108171606864,0.0,0.1035535179987601,1,1.2048532795339402
2009-03-02,0.8326711661726742,0.0,0.0956099006863356,1,1.154733704337576
2009-03-03,0.83843406558556,0.0,0.0958665868033855,1,1.1623955842183409
2009-03-04,0.8696868899269411,0.0,0.09972378645544482,1,1.200580308061975
2009-03-05,0.8644979577514081,0.0,0.19593757141109894,2,1.1993562207437465
2009-03-06,0.868764669769435,0.0,0.20226830039114174,2,1.1957859660655794
2009-03-09,0.8944077634929471,0.0,0.21287443239187107,2,1.2147139829307825
2009-03-10,0.8984330064865211,0.0,0.19454141121718554,2,1.2379149712679505
2009-03-11,0.9261120747494634,0.0,0.19335285878148198,2,1.2779358260889278
2009-03-12,0.9292739787286709,0.0,0.19547008792648,2,1.2789332305704475
2009-03-13,0.9252917559610844,0.0,0.19369749002581466,2,1.276258373097281
2009-03-16,0.9238209370804698,0.0,0.19282257542692985,2,1.2756123270126603
2009-03-17,0.9527369340920704,0.0,0.19060233517879904,2,1.319158099944463
2009-03-18,0.9635740948863407,0.0,0.19553171144180906,2,1.3260379240385816
2009-03-19,0.9559277992155977,0.0,0.19473882207141222,2,1.3168119325845244
2009-03-20,0.9723721723116301,0.0,0.20213601148332813,2,1.3271600040802911
2009-03-23,0.994438352529178,0.0,0.20081167628999255,2,1.359530313162339
2009-03-24,1.0132401768535286,0.0,0.2011248445301549,2,1.38469210803704
2009-03-25,1.023653424729901,0.0,0.20451361718046382,2,1.39298869986059
2009-03-26,1.0315086939584692,0.0,0.2010779586959768,2,1.4097405614933864
2009-03-27,1.0187012069058596,0.0,0.19512462657445084,2,1.402611386278888
2009-03-30,0.9862418556532463,0.0,0.1955402335837222,2,1.357218148227907
2009-03-31,0.9996846214036295,0.0,0.20052542145899435,2,1.3671921930431037
2009-04-01,1.0231701477197315,0.0,0.09312915327557186,1,1.3979077174171757
2009-04-02,1.0563432720811763,0.0,0.09054950048786618,1,1.4473359099615775
2009-04-03,1.0594398878408915,0.0,0.08839315289490714,1,1.455020458126013
2009-04-06,1.0687664502753491,0.0,0.0,0,1.4710015981139988
2009-04-07,1.0706193026952124,0.0,0.0,0,1.4735517800269753
2009-04-08,1.0393019793497014,0.0,0.0,0,1.4304480386267553
2009-04-09,1.0840010146164472,0.0,0.0,0,1.491969760509583
2009-04-10,1.1002155320151616,0.0,0.0,0,1.514286685783586
2009-04-13,1.1020436797360933,0.0,0.0,0,1.5168028652710561
2009-04-14,1.1056423308804502,0.0,0.0,0,1.5217558852531483
2009-04-15,1.0977862366202298,0.0,0.0,0,1.5109431139421279
2009-04-16,1.1007755051909425,0.0,0.0,0,1.5150574074283967
2009-04-17,1.0944181626659006,0.0,0.0,0,1.5063074499314284
2009-04-20,1.100503753502696,0.0,0.0,0,1.5146833807478268
2009-04-21,1.100849619287737,0.0,0.0,0,1.5151594147049157
2009-04-22,1.1166688615035474,0.0,0.0,0,1.536932301170817
2009-04-23,1.1271930632483707,0.0,0.0,0,1.5514173344365232
2009-04-24,1.1150877607719307,0.0,0.0,0,1.5347561459384103
2009-04-27,1.1033365589801758,0.0,0.0,0,1.5185823255392217
2009-04-28,1.0707345912902262,0.0,0.0,0,1.4737104580126716
2009-04-29,1.1021754381303948,0.0,0.0,0,1.5169842115404233
2009-04-30,1.1276542176284254,0.0,0.0,0,1.5520520463793084
2009-05-04,1.1511730910112234,0.0,0.0,0,1.5844223554613563
2009-05-06,1.1474920908704282,0.0,0.0,0,1.5793559940609099
2009-05-07,1.1537753192986757,0.0,0.0,0,1.5880039442813587
2009-05-08,1.1628748834051152,0.0,0.0,0,1.6005281710095323
2009-05-11,1.165370057997198,0.0,0.0,0,1.6039624159856738
2009-05-12,1.155776399912128,0.0,0.0,0,1.5907581407473734
2009-05-13,1.1648430244199923,0.0,0.0,0,1.603237030908205
2009-05-14,1.1371984663156325,0.0,0.0,0,1.565188316766596
2009-05-15,1.1460756881316883,0.0,0.0,0,1.5774065216652122
2009-05-18,1.1419170638115508,0.0,0.0,0,1.5716827800383095
2009-05-19,1.1761166020324048,0.0,0.0,0,1.6187534710809373
2009-05-20,1.1822845418656385,0.0,0.0,0,1.62724274331569
2009-05-21,1.170714507866048,0.0,0.0,0,1.6113182740368814
2009-05-22,1.15597403750358,0.0,0.0,0,1.5910301601514243
2009-05-25,1.1467705891319904,0.0,0.09482052989650364,1,1.5877999297283207
2009-05-26,1.1244946346481672,0.0,0.09590619888244209,1,1.5550895963912093
2009-05-27,1.10971910909733,0.0,0.09055900598258151,1,1.5437327862720875
2009-05-28,1.130279767417221,0.0,0.0873370434625392,1,1.577905223905972
2009-05-29,1.1350267656008386,0.0,0.08872553838467422,1,1.5821215246687599
2009-06-01,1.147059544299824,0.0,0.08587565679744628,1,1.603894411134661
2009-06-02,1.1347548427988663,0.0,0.17819280657311587,2,1.6013442292216844
2009-06-03,1.153341369225899,0.0,0.5854738517115045,6,1.6036563941561166
2009-06-04,1.1342800350458015,0.0,0.6896876989695463,7,1.5620034229108344
2009-06-05,1.152241756429453,0.0,0.6908521385407809,7,1.5807840959321766
2009-06-08,1.1507900387747523,0.0,0.6907750808507372,7,1.579185981933378
2009-06-09,1.1316187535677171,0.0,0.6903798139800411,7,1.5548629135545002
2009-06-10,1.155112155982715,0.0,0.7890021129517598,8,1.6036450600142813
2009-06-11,1.1588065480082133,0.0,0.890037314967364,9,1.6087567579820696
2009-06-12,1.1406068645179375,0.0,0.9899133020048339,10,1.6191841684706842
2009-06-15,1.1506754007039632,0.0,0.9901147325722262,10,1.6008568611227603
2009-06-16,1.14071234872917,0.0,0.9901220794926687,10,1.585816454907117
2009-06-17,1.1184070865842497,0.0,0.9899825383953025,10,1.576771809722427
2009-06-18,1.113187352029827,0.0,0.9900470503275726,10,1.559305897153997
2009-06-19,1.1243102318832465,0.0,0.8979936666147579,9,1.5678971766652687
2009-06-22,1.142313445028047,0.0,0.9983262099902457,10,1.5864511668499022
2009-06-23,1.1022245381293077,0.0,0.9983138762959737,10,1.5420553332804408
2009-06-24,1.0973900534571452,0.0,0.9983024026968121,10,1.5457389293769623
2009-06-25,1.1341305967905855,0.0,0.998322540444044,10,1.5785399358487573
2009-06-26,1.136576221785348,0.0,0.998323986586562,10,1.5805800813791384
2009-06-29,1.1124965337686925,0.0,0.8950547649912722,9,1.5736889231431843
2009-06-30,1.1207730717893014,0.0,0.5120980526993145,5,1.5755250541205272
2009-07-01,1.1113259255956236,0.0,0.39346547777663443,4,1.599995466343266
2009-07-02,1.1050545211471188,0.0,0.3901010513896069,4,1.5997914517902279
2009-07-03,1.1191345529714454,0.0,0.3941220673640548,4,1.6094934772013738
2009-07-06,1.1259887565720967,0.0,0.39403603138204446,4,1.6195808634349251
2009-07-07,1.1356230134569185,0.0,0.2966349929208137,3,1.6255426220403724
2009-07-08,1.1345881588458926,0.0,0.20307852886026412,2,1.621938364936699
2009-07-09,1.127377191063009,0.0,0.20435365684286497,2,1.6217910210928381
2009-07-10,1.1251780272466694,0.0,0.2040632641611666,2,1.6192181708961906
2009-07-13,1.086450279441288,0.0,0.20482952525407144,2,1.5619807546271633
2009-07-14,1.0902281745846507,0.0,0.20330699805323843,2,1.570413356152739
2009-07-15,1.1153949457305763,0.0,0.2014434385321406,2,1.6104228768318807
2009-07-16,1.1231314315562317,0.0,0.20060354290280388,2,1.623298461956953
2009-07-17,1.1324116643654467,0.0,0.29664153472946936,3,1.6322297657232883
2009-07-20,1.1662163841990902,0.0,0.3986880873573698,4,1.6757642045132553
2009-07-21,1.1671057158791112,0.0,0.3948873039249128,4,1.6876423851568079
2009-07-22,1.1692936208938043,0.0,0.39397111447765065,4,1.6933661267837106
2009-07-23,1.1671256924480962,0.0,0.3918497779003923,4,1.696142991533396
2009-07-24,1.1699830772541668,0.0,0.39086213869426206,4,1.703056818053021
2009-07-27,1.185485372138184,0.0,0.3902417348324306,4,1.7273798864318988
2009-07-28,1.181209152627544,0.0,0.3872392373104541,4,1.729624046515318
2009-07-29,1.1769240952814286,0.0,0.3856973714330532,4,1.727685908261456
2009-07-30,1.1793415656197195,0.0,0.3827659345890604,4,1.739496084053996
2009-07-31,1.1921814846805274,0.0,0.3804422381554839,4,1.7650545738929377
2009-08-03,1.1979935040048342,0.0,0.3804034246072914,4,1.7737705289643995
2009-08-04,1.2006351401962383,0.0,0.38121755151705444,4,1.775345974679527
2009-08-05,1.193333837466311,0.0,0.2896519575339157,3,1.767525416813066
2009-08-06,1.2046595803784483,0.0,0.29381705947052916,3,1.7738385338154121
2009-08-07,1.2122735790855241,0.0,0.2933380752035255,3,1.7862607532670665
2009-08-10,1.2100937230864859,0.0,0.29201568670292544,3,1.7863854288272563
2009-08-11,1.2136316966651335,0.0,0.29269114723748524,3,1.7898990127962462
2009-08-12,1.2159794005188584,0.0,0.30025249490774547,3,1.7741898922123112
2009-08-13,1.2251488497519933,0.0,0.10671699701230522,1,1.7733851681419943
2009-08-14,1.2418383196650695,0.0,0.09835919833265797,1,1.8037266658354965
2009-08-17,1.2068172584660555,0.0,0.09805059658081806,1,1.7534597467952715
2009-08-18,1.2098180724375942,0.0,0.09843840884402777,1,1.757064003898945
2009-08-19,1.2018445386730052,0.0,0.09496267788160945,1,1.752212991193372
2009-08-20,1.227071697605897,0.0,0.09612107054893945,1,1.7867027847986492
2009-08-21,1.2272474969084333,0.0,0.0936190865852953,1,1.791905155901121
2009-08-24,1.255065757344719,0.0,0.19622031614160923,2,1.8273130149950698
2009-08-25,1.2457547823309156,0.0,0.1956574599424551,2,1.815026805245441
2009-08-26,1.2553148812794208,0.0,0.19543276477094776,2,1.8294665019438052
2009-08-27,1.2388328629072092,0.0,0.19219866348382064,2,1.8127033061691733
2009-08-28,1.2438591327052386,0.0,0.19113165248545616,2,1.8224620022894968
2009-08-31,1.2365822366749677,0.0,0.19451336414222853,2,1.804225368076256
2009-09-01,1.2601248555279285,0.0,0.19406466354819982,2,1.8395992247446984
2009-09-02,1.253925982819734,0.0,0.19502064144275896,2,1.8283784243276022
2009-09-03,1.2497002428945616,0.0,0.19211342478047724,2,1.8287977875755137
2009-09-04,1.243420046212203,0.0,0.2910070282072935,3,1.8235500799057
2009-09-07,1.2495186093009178,0.0,0.2946121426829727,3,1.82317605322513
2009-09-08,1.251737274012465,0.0,0.29099473669256026,3,1.8357796189461517
2009-09-09,1.2287125292371408,0.0,0.2830243984547786,3,1.822269321878294
2009-09-10,1.2545838052457727,0.0,0.1877481274225346,2,1.8641036393929435
2009-09-11,1.2577230844581373,0.0,0.1863172223631007,2,1.87206020696143
2009-09-14,1.2422977076868338,0.0,0.18458789659941482,2,1.853030182819708
2009-09-15,1.2535004849605549,0.0,0.1827359149221621,2,1.8739870110734567
2009-09-16,1.279322193393478,0.0,0.18473590393845754,2,1.9079100975869612
2009-09-17,1.2825929389948396,0.0,0.18095030645951984,2,1.9216697457751988
2009-09-18,1.2900236119682167,0.0,0.09969683273429225,1,1.92647542191343
2009-09-21,1.2883769936200502,0.0,0.10077899931516021,1,1.921703748200705
2009-09-22,1.3033958288135643,0.0,0.09888371254128436,1,1.9482029718119895
2009-09-23,1.295778096398409,0.0,0.19787721206266645,2,1.9398043727119203
2009-09-24,1.2789583447570911,0.0,0.19568079516768114,2,1.9198676172233622
2009-09-25,1.2734422959441172,0.0,0.2937291099918296,3,1.9171474231828538
2009-09-28,1.258513543945965,0.0,0.29208158744453505,3,1.8990921352389805
2009-09-29,1.2644734657343928,0.0,0.2893209013611445,3,1.9155266409003842
2009-09-30,1.2559533013842747,0.0,0.4913146235420898,5,1.896360607056637
2009-10-01,1.2364917364635497,0.0,0.49503859173320014,5,1.8640469686837664
2009-10-05,1.2055357655590195,0.0,0.49395405409834175,5,1.82128325153861
2009-10-06,1.1985291319725242,0.0,0.5936706279466836,6,1.8116945675458185
2009-10-07,1.196931441044204,0.0,0.6932250182998592,7,1.8111958653050586
2009-10-08,1.2156251305103971,0.0,0.7938265613224956,8,1.8309852769497559
2009-10-09,1.221862334376213,0.0,0.8920744277850774,9,1.8664951433202235
2009-10-12,1.2310065932289247,0.0,0.9923307243857001,10,1.8585839123190788
2009-10-13,1.2176626231132885,0.0,0.9922981219035021,10,1.8462523660021084
2009-10-14,1.2271765414936513,0.0,0.9922632510021357,10,1.8691019959423771
2009-10-15,1.2232783919534018,0.0,0.9921920026408347,10,1.8803227963594737
2009-10-16,1.2215603402874093,0.0,0.9922688261340515,10,1.8592072901200285
2009-10-19,1.2178323042268095,0.0,0.9922039826846173,10,1.8690793276587063
2009-10-20,1.2276434343838394,0.0,0.9922190146101824,10,1.8805041426288411
2009-10-21,1.2176394589934203,0.0,0.8872014680406495,9,1.8745083815978874
2009-10-22,1.2218091324786091,0.0,0.8891857604341072,9,1.8478391458590713
2009-10-23,1.2391040311409893,0.0,0.7890794377300269,8,1.8589919414251552
2009-10-26,1.239548779904403,0.0,0.7869774681546838,8,1.878191977694409
2009-10-27,1.2367605961489159,0.0,0.7874738353825469,8,1.869600698183137
2009-10-28,1.2147256220470004,0.0,0.5885399407239006,6,1.8244681453943716
2009-10-29,1.2043510655830088,0.0,0.4809470026332149,5,1.7974248829749855
2009-10-30,1.2045158424711166,0.0,0.4827066596329903,5,1.791576465787893
2009-11-02,1.1851255291167555,0.0,0.38682118526265064,4,1.7670947194233189
2009-11-03,1.1748987783038245,0.0,0.3011377509932551,3,1.7567013113602106
2009-11-04,1.195422360503606,0.0,0.20593181424003285,2,1.7907150710083988
2009-11-05,1.173995287029174,0.0,0.10792235887962857,1,1.759330832266035
2009-11-06,1.1874767071029424,0.0,0.0,0,1.7822484670573169
2009-11-09,1.193200287057068,0.0,0.3020394408353937,3,1.787156150472067
2009-11-10,1.1950678158124948,0.0,0.5017545719470202,5,1.7934012626234004
2009-11-11,1.2074953354982747,0.0,0.6028076164611551,6,1.807591608201385
2009-11-12,1.1895976007836828,0.0,0.8028331749936827,8,1.782554488886874
2009-11-13,1.1979564943815002,0.0,0.9034619956569426,9,1.7817157623910507
2009-11-16,1.2227641536588152,0.0,0.904188388457605,9,1.8049280848700542
2009-11-17,1.22576192942177,0.0,0.904812227986309,9,1.7975722268188465
2009-11-18,1.2421970981887704,0.0,0.9050061882238717,9,1.8179623479808227
2009-11-19,1.257491752705992,0.0,0.9051921727372133,9,1.836743021002165
2009-11-20,1.2496280604642038,0.0,0.9045920312344076,9,1.8368110258531776
2009-11-23,1.237626786638433,0.0,0.9037589961038878,9,1.8350542338686826
2009-11-24,1.2501506418486872,0.0,0.90546636921873,9,1.8207392127305082
2009-11-25,1.260232005151905,0.0,0.9059038648602097,9,1.8269276541726645
2009-11-26,1.2498401118256597,0.0,0.9058490296938221,9,1.812918654864047
2009-11-27,1.1890758487708692,0.0,0.9056792046111193,9,1.7278899228144942
2009-11-30,1.2313870295593066,0.0,0.907062081028282,9,1.7631391039227464
2009-12-01,1.234079103583364,0.0,0.9064230734333607,9,1.7791429121944033
2009-12-02,1.259223466502797,0.0,0.9070115749881547,9,1.8039760169558763
2009-12-03,1.275361746832439,0.0,0.9068401621307447,9,1.830463906425325
2009-12-04,1.2746716424702986,0.0,0.6144774176616582,6,1.8415260288567252
2009-12-07,1.274832346126522,0.0,0.4209934474931634,4,1.8504686667648962
2009-12-08,1.2717104106949568,0.0,0.297615254570745,3,1.8449489396910312
2009-12-09,1.2761028462101651,0.0,0.11062266243036557,1,1.8521914563238846
2009-12-10,1.2895311959213889,0.0,0.0,0,1.8732276235704814
2009-12-11,1.2927848096919337,0.0,0.0,0,1.8779539607158646
2009-12-14,1.2989253229711148,0.0,0.0,0,1.8868739303403643
2009-12-15,1.2997679855303925,0.0,0.0,0,1.8880980176585929
2009-12-16,1.2985117941225806,0.0,0.0,0,1.8862732208230855
2009-12-17,1.2857158071113257,0.0,0.0,0,1.867685228212946
2009-12-18,1.285091612622972,0.0,0.0,0,1.8667784968661099
2009-12-21,1.282899129482629,0.0,0.0,0,1.8635936030103482
2009-12-22,1.291723679061732,0.0,0.0,0,1.8764125174262432
2009-12-23,1.296256891533402,0.0,0.0,0,1.88299765383264
2009-12-24,1.312634194421587,0.0,0.0,0,1.9067880175452516
2009-12-28,1.3151699845305247,0.0,0.0,0,1.9104716136417732
2009-12-29,1.3049409973526254,0.0,0.0,0,1.895612553695497
2009-12-30,1.3129696989590771,0.0,0.0,0,1.907275385644176
2010-01-04,1.3234015493456917,0.0,0.0,0,1.922429133278174
2010-01-05,1.3190946073760497,0.0,0.0,0,1.9161726869850049
2010-01-06,1.3305641810995523,0.0,0.0,0,1.9328338754831178
2010-01-07,1.313500264274178,0.0,0.0,0,1.9080461072889867
2010-01-08,1.3227149354085022,0.0,0.0,0,1.9214317287966542
2010-01-11,1.321825458262598,0.0,0.0,0,1.9201396366274126
2010-01-12,1.3253521571217974,0.0,0.0,0,1.9252626687370367
2010-01-13,1.3041061372244522,0.0,0.0,0,1.8943998005191038
2010-01-14,1.3153104282904042,0.0,0.0,0,1.9106756281948112
2010-01-15,1.3278177253507952,0.0,0.0,0,1.928844257557039
2010-01-18,1.33560455159301,0.0,0.0,0,1.9401557311088191
2010-01-19,1.3343873723407198,0.0,0.0,0,1.9383876049824889
2010-01-20,1.33763318368016,0.0,0.0,0,1.9431026079860365
2010-01-21,1.343586438612835,0.0,0.0,0,1.9517505582064856
2010-01-22,1.3142024830735761,0.0,0.0,0,1.9090661800541773
2010-01-25,1.3031620430608168,0.0,0.0,0,1.8930283693570142
2010-01-26,1.2793681440767088,0.0,0.10149794049168462,1,1.8557843792857223
2010-01-27,1.2728327626200786,0.0,0.10342624316343967,1,1.8423420870688776
2010-01-28,1.2811505628277184,0.0,0.09995870619072092,1,1.861553457479967
2010-01-29,1.2521725257762437,0.0,0.10155678275052296,1,1.8162168901381632
2010-02-01,1.2572266449761902,0.0,0.10292930276882176,1,1.8207618810141792
2010-02-02,1.2459369241052096,0.0,0.30158480838001533,3,1.8087136882430948
2010-02-03,1.2556168772210308,0.0,0.2986265659236129,3,1.830486574708996
2010-02-04,1.248683413244037,0.0,0.3951000871091535,4,1.832073354565959
2010-02-05,1.2160078768914175,0.0,0.5966164973848225,6,1.776196035317186
2010-02-08,1.2012156879359739,0.0,0.5953831193107809,6,1.7599542100669847
2010-02-09,1.2137110487998477,0.0,0.5949840397887075,6,1.780015641115733
2010-02-10,1.2172776384278794,0.0,0.5962658655516121,6,1.7795962778678212
2010-02-11,1.2374940500626437,0.0,0.5958577239495594,6,1.8109805166101849
2010-02-12,1.2419118951769879,0.0,0.5983413233983566,6,1.806276847748473
2010-02-16,1.2462341604408516,0.0,0.597878298945403,6,1.814652778564871
2010-02-17,1.2633478673027432,0.0,0.5967896851985383,6,1.8445522447267906
2010-02-18,1.2577371264570396,0.0,0.5965438842973944,6,1.8374797402214693
2010-02-19,1.224090799128508,0.0,0.5924323506070824,6,1.8065488671525238
2010-02-22,1.2504484682604724,0.0,0.5927128447753414,6,1.8441782180462205
2010-02-23,1.268051557653704,0.0,0.5982580404646174,6,1.846218363576602
2010-02-24,1.255044336501026,0.0,0.5980988888089791,6,1.8280043976470322
2010-02-25,1.2398870513939386,0.0,0.5995723787000928,6,1.7993063505196705
2010-02-26,1.2500015194154739,0.0,0.601043583911001,6,1.8073195887973341
2010-03-02,1.2580161931980611,0.0,0.598479017144605,6,1.8305999161273503
2010-03-03,1.2530869558168656,0.0,0.38968423505874183,4,1.8388965079509005
2010-03-04,1.2497195739226399,0.0,0.38963899813984104,4,1.8340908318126694
2010-03-05,1.2656679667040023,0.0,0.2876790267500632,3,1.8526448219973024
2010-03-08,1.2847976324641348,0.0,0.19779629241965335,2,1.881512881252196
2010-03-09,1.2857942272315566,0.0,0.19803659878088875,2,1.8824082784571967
2010-03-10,1.2872456113758521,0.0,0.19826074398790455,2,1.8840063924559953
2010-03-11,1.2820515709965394,0.0,0.19773426333283706,2,1.8776366047444717
2010-03-12,1.287869049671585,0.0,0.19840780850361456,2,1.8845730995477679
2010-03-15,1.2808711261378445,0.0,0.20044614084755885,2,1.8695666957576307
2010-03-16,1.2781145108731986,0.0,0.39988490316195063,4,1.8678779086241486
2010-03-17,1.3050744120653857,0.0,0.4999654590136382,5,1.907377392920695
2010-03-18,1.3009780634431756,0.0,0.5006831693059965,5,1.8986614378492335
2010-03-19,1.3034481601918135,0.0,0.49837469948428154,5,1.9110609890172165
2010-03-22,1.298709291571795,0.0,0.5005573661168896,5,1.8958279023903706
2010-03-23,1.2958451323987243,0.0,0.40294777766173095,4,1.906198642169808
2010-03-24,1.2955397837790152,0.0,0.4030946778335427,4,1.9052805766811367
2010-03-25,1.319253631671315,0.0,0.41125073083336655,4,1.9136451733556996
2010-03-26,1.3331293019725257,0.0,0.514210517386313,5,1.9242199276881753
2010-03-29,1.329928241612906,0.0,0.5146847919104903,5,1.9177254644164619
2010-03-30,1.3216444511914718,0.0,0.6101541835800972,6,1.9270194607215316
2010-03-31,1.3217477476134432,0.0,0.7117425754449728,7,1.9187002006143106
2010-04-01,1.3375848434845796,0.0,0.7107268743827263,7,1.9485316619252175
2010-04-02,1.3251183645543319,0.0,0.6054909762102216,6,1.9534280111981321
2010-04-05,1.3214435219685683,0.0,0.6040495673159247,6,1.95512813247345
2010-04-06,1.326153263177569,0.0,0.6052041628893572,6,1.9563748880753493
2010-04-07,1.324364197513776,0.0,0.60455403242009,6,1.9569529293089574
2010-04-08,1.333480453917665,0.0,0.6056242694890389,6,1.9650908431468113
2010-04-09,1.3314597647854107,0.0,0.6071466663343503,6,1.9545387570980064
2010-04-12,1.3252782644576648,0.0,0.42493157616710925,4,1.9384782781171723
2010-04-13,1.326919323527664,0.0,0.30594005075376723,3,1.9388069682304003
2010-04-14,1.3343158238274806,0.0,0.2998049884530861,3,1.966847635131306
2010-04-15,1.3343058666566214,0.0,0.2963377600829863,3,1.9765723288261232
2010-04-16,1.3296124005237009,0.0,0.3976107460261885,4,1.9658955672171283
2010-04-19,1.3049379786545883,0.0,0.39654985835688966,4,1.932811207199447
2010-04-20,1.3175518324555693,0.0,0.39786550706195845,4,1.947239569755976
2010-04-21,1.338961613980989,0.0,0.39730246997273333,4,1.9807319588797334
2010-04-22,1.324189716930999,0.0,0.29290470727950185,3,1.97159664056036
2010-04-23,1.3209256783051397,0.0,0.2921721160957281,3,1.9687744392433328
2010-04-26,1.3266594998998036,0.0,0.187811964848638,2,1.985968332407712
2010-04-27,1.3265833382820267,0.0,0.09310588995768691,1,1.9829647848213172
2010-04-28,1.3192593961034116,0.0,0.09622335075799084,1,1.965238186990672
2010-04-29,1.3169850188042784,0.0,0.09752909534108863,1,1.9590157431230095
2010-04-30,1.3242712778791799,0.0,0.1961944902100971,2,1.973908805494792
2010-05-03,1.3052194203601997,0.0,0.19399111212684164,2,1.9508438268596495
2010-05-04,1.300856459906393,0.0,0.1924436611453417,2,1.9480556279681285
2010-05-06,1.2746900404571395,0.0,0.19218844993432205,2,1.9094742091602535
2010-05-07,1.244453935860734,0.0,0.1908368527987095,2,1.8672998673905405
2010-05-10,1.2696653945522218,0.0,0.19239983657170937,2,1.9014496367407543
2010-05-11,1.2645863872379832,0.0,0.19272802675811027,2,1.893073705924356
2010-05-12,1.2699659515575363,0.0,0.19961764920312164,2,1.8849017896609959
2010-05-13,1.309957752995878,0.0,0.3084181977907812,3,1.9206610071518435
2010-05-14,1.32535836118188,0.0,0.3241987833536535,3,1.921851092044566
2010-05-17,1.3017728894401295,0.0,0.4296112959261965,4,1.8718448582665563
2010-05-18,1.2809252493678183,0.0,0.4232306908530119,4,1.8624715229686386
2010-05-19,1.2672785933588073,0.0,0.4216886029083881,4,1.847555792313185
2010-05-20,1.2283528804399186,0.0,0.41430620814761077,4,1.813666708225187
2010-05-24,1.2279464122417503,0.0,0.41237317659739675,4,1.8190504255970261
2010-05-25,1.1727774254455752,0.0,0.401636715615556,4,1.7690668601026873
2010-05-26,1.1966015940620653,0.0,0.4055507618854574,4,1.7931972480703624
2010-05-27,1.2254911167818205,0.0,0.4102529932786363,4,1.821963300048737
2010-05-28,1.232885688341309,0.0,0.40821797909360497,4,1.839281868773306
2010-05-31,1.2507213137980642,0.0,0.3028949875091156,3,1.8602160287433838
2010-06-01,1.2447071278465587,0.0,0.3041574091632854,3,1.8479184848519197
2010-06-03,1.2638387858504336,0.0,0.30147565612328164,3,1.883553026782577
2010-06-04,1.26239503731361,0.0,0.2997131221117027,3,1.8861485452628957
2010-06-07,1.2505061711508547,0.0,0.3041684423178704,3,1.8564984302213559
2010-06-08,1.264584332662123,0.0,0.3062395483306025,3,1.87181085584105
2010-06-09,1.2535558823893354,0.0,0.4027949588508236,4,1.866982511419148
2010-06-10,1.2709000387912026,0.0,0.4093430297619366,4,1.87206020696143
2010-06-11,1.2872065907419319,0.0,0.2785821791103893,3,1.898854118260436
2010-06-14,1.2966919993547716,0.0,0.20871869693534234,2,1.916150018701334
2010-06-15,1.2821383826855515,0.0,0.10253684092506311,1,1.9155039726167133
2010-06-16,1.2959460579451156,0.0,0.1040606224954797,1,1.9328452096249533
2010-06-17,1.300594518797381,0.0,0.10590694319108897,1,1.9357807523603352
2010-06-18,1.3002856665257192,0.0,0.10358437353724854,1,1.9403484115200218
2010-06-21,1.3195037042563702,0.0,0.10233172990842586,1,1.9717779868297274
2010-06-22,1.3164654112661978,0.0,0.10450092001870262,1,1.9624839905246576
2010-06-23,1.3141381067190143,0.0,0.10584747733447458,1,1.9560688662457921
2010-06-24,1.3269270310323442,0.0,0.10725613159886353,1,1.9719933355246007
2010-06-25,1.3200980162859426,0.0,0.10781097956870699,1,1.9606251912636434
2010-06-28,1.3207408472814492,0.0,0.10711625264161374,1,1.9631073683256073
2010-06-29,1.3035382950040952,0.0,0.10800964113360341,1,1.9355994060909678
2010-06-30,1.2953940612585524,0.0,0.10737906527853619,1,1.9248659737727958
2010-07-01,1.2931209975605626,0.0,0.21185083751330033,2,1.9112083328610776
2010-07-02,1.264866148968132,0.0,0.30268896518751787,3,1.8948645003343572
2010-07-05,1.2627889856346284,0.0,0.30005882751687274,3,1.8988881206859423
2010-07-06,1.2722964325672401,0.0,0.193490635619599,2,1.909734894422469
2010-07-07,1.2644365684745438,0.0,0.19295166336932762,2,1.899205476657335
2010-07-08,1.2802998566090575,0.0,0.19201567916238393,2,1.9252626687370367
2010-07-09,1.2965825002466238,0.0,0.2911002543107795,3,1.9528839723900306
2010-07-12,1.3131268071968587,0.0,0.2955468317885221,3,1.9653968649763685
2010-07-13,1.304835043970608,0.0,0.49234401387714666,5,1.9665642815854198
2010-07-14,1.3176541749892094,0.0,0.49063920044246784,5,1.9925534688141089
2010-07-15,1.3243857253205582,0.0,0.5944648960792458,6,1.9849369255006857
2010-07-16,1.3242585578194135,0.0,0.5973995156466206,6,1.9703838873839667
2010-07-19,1.32480070931426,0.0,0.5990689650869389,6,1.9630166951909238
2010-07-20,1.3137507733153124,0.0,0.5945715687546664,6,1.968479751555611
2010-07-21,1.325202998135304,0.0,0.5952958620470539,6,1.9820920558999875
2010-07-22,1.3015989091584346,0.0,0.5910786121336166,6,1.967074317968015
2010-07-23,1.2932614383300907,0.0,0.5830996675479994,6,1.992610139523286
2010-07-26,1.304731455632368,0.0,0.5841767564095344,6,2.0050890296841173
2010-07-27,1.3001669088506143,0.0,0.5828961760878675,6,2.0042276349046233
2010-07-28,1.3049104883833869,0.0,0.4887879897569262,5,2.010076052091716
2010-07-29,1.284967877782729,0.0,0.38740893935881926,4,2.007140509356334
2010-07-30,1.2815178503917748,0.0,0.3897659436177489,4,1.9940495755363883
2010-08-02,1.312246893242671,0.0,0.3962853195857043,4,2.0200500969069126
2010-08-03,1.3154262699744506,0.0,0.495294557727235,5,2.0294914370558432
2010-08-04,1.3155730566435029,0.0,0.49572852629402103,5,2.027972662049893
2010-08-05,1.2990224611136623,0.0,0.3764132504151175,4,2.0218522254587494
2010-08-06,1.2950939545457025,0.0,0.37453219646296215,4,2.021818223033243
2010-08-09,1.295878185761659,0.0,0.1846806593704943,2,2.029004068956919
2010-08-10,1.2968284042445144,0.0,0.18939224678492003,2,2.0187580047376716
2010-08-11,1.2789891954251473,0.0,0.10274853795188564,1,1.992757483367147
2010-08-12,1.2530543027186578,0.0,0.10315902054709673,1,1.9514558705187637
2010-08-13,1.271189401113844,0.0,0.10337898488694475,1,1.979213183873783
2010-08-16,1.2664446360373367,0.0,0.20200196838538603,2,1.975892280315996
2010-08-17,1.278117914363552,0.0,0.4040791120554117,4,1.9891758945471445
2010-08-18,1.2861045983921833,0.0,0.4054311750095248,4,1.9970644572646183
2010-08-19,1.2952638081666643,0.0,0.403721824877205,4,2.017069217604189
2010-08-20,1.3102859975785752,0.0,0.41191602316807313,4,2.012422219451654
2010-08-23,1.3010381062134337,0.0,0.4103477123828862,4,2.0035475863944963
2010-08-24,1.2839348522611957,0.0,0.40491989913189774,4,1.9954096725566424
2010-08-25,1.2610851010656696,0.0,0.40299564240874824,4,1.9662355914721916
2010-08-26,1.2610901941335797,0.0,0.4047290525049159,4,1.96053451812896
2010-08-27,1.2573577698567413,0.0,0.40303104201530604,4,1.960307835292251
2010-08-30,1.280127248445894,0.0,0.29044157210173943,3,1.9949563068832246
2010-08-31,1.2810095847854757,0.0,0.39705846539463935,4,1.9752575683732108
2010-09-01,1.301864876625916,0.0,0.39924830576149994,4,2.00012467556019
2010-09-02,1.3215788119755763,0.0,0.4045074199461759,4,2.012637568146528
2010-09-03,1.3218051014132421,0.0,0.4031709577666395,4,2.017499914993936
2010-09-06,1.3322551772295812,0.0,0.4037273981895024,4,2.0315542508698954
2010-09-07,1.3338803181366383,0.0,0.40600883849056724,4,2.0262498724909044
2010-09-08,1.3386407554966584,0.0,0.410941945860834,4,2.0165931836471005
2010-09-09,1.347529994290243,0.0,0.4131372719837242,4,2.0224189325505217
2010-09-10,1.3619603613537696,0.0,0.30518646862115945,3,2.0430697389747134
2010-09-13,1.3824144625493877,0.0,0.10407663122860403,1,2.0615217218828277
2010-09-14,1.3769378639603855,0.0,0.10229847291252828,1,2.05743009668023
2010-09-15,1.3840720563268047,0.0,0.10267984716870322,1,2.067211461084224
2010-09-16,1.3708496632441933,0.0,0.10000049250301878,1,2.0535764884561765
2010-09-17,1.3821588577670236,0.0,0.0997282190529252,1,2.0711444083011257
2010-09-20,1.3895272286744191,0.0,0.10191469279446654,1,2.0771288351902437
2010-09-24,1.400549182424233,0.0,0.10219022806096296,1,2.0929626313343683
2010-09-27,1.4180365131653394,0.0,0.10642883371591566,1,2.109091115166215
2010-09-28,1.4207639359232715,0.0,0.11047350455956255,1,2.103582722234186
2010-09-29,1.4253848709265928,0.0,0.1083506928075071,1,2.115460902877739
2010-09-30,1.4321054767044883,0.0,0.0,0,2.1226694170850853
2010-10-01,1.4351030330335777,0.0,0.0,0,2.1271124006845823
2010-10-04,1.4370606208403296,0.0,0.0,0,2.130013940994458
2010-10-05,1.4367929818823755,0.0,0.0,0,2.129617246030217
2010-10-06,1.4559176971350594,0.0,0.0,0,2.1579639347606796
2010-10-07,1.4535471806503204,0.0,0.0,0,2.1544503507916897
2010-10-08,1.450656679904413,0.0,0.0,0,2.1501660451778895
2010-10-11,1.4451815515074031,0.0,0.0,0,2.1420507996237066
2010-10-12,1.4282915845963737,0.0,0.10009559967334862,1,2.1172630314295753
2010-10-13,1.4357972251018312,0.0,0.10091339093324934,1,2.1264550204581263
2010-10-14,1.452523716514842,0.0,0.1000827256911377,1,2.1532149293316256
2010-10-15,1.4528204133953917,0.0,0.09906829044114124,1,2.156082467215995
2010-10-18,1.4280744503772622,0.0,0.09640301078661569,1,2.125627628104138
2010-10-19,1.4098441502632204,0.0,0.09355238633445517,1,2.105112831381972
2010-10-20,1.4236851734957765,0.0,0.09602399967657797,1,2.119983225470084
2010-10-21,1.4261280676797061,0.0,0.09552198131735483,1,2.1248002357501505
2010-10-22,1.4367359064939245,0.0,0.19209161264567184,2,2.15043806458194
2010-10-25,1.4705560190853024,0.0,0.30209541297878806,3,2.17129288555917
2010-10-26,1.486121408427179,0.0,0.3080713358954285,3,2.1754865180382867
2010-10-27,1.478920591995973,0.0,0.30827772077700566,3,2.1642997200466967
2010-10-28,1.4665534104685918,0.0,0.3030546024508608,3,2.162406918360176
2010-10-29,1.446164279362572,0.0,0.30246016009584836,3,2.1341622369062327
2010-11-01,1.4742879450672537,0.0,0.3042145299643694,3,2.170193473801131
2010-11-02,1.4682851310429135,0.0,0.4013433602349151,4,2.17393374060683
2010-11-03,1.4690380302580435,0.0,0.39605675409104757,4,2.1942558569177937
2010-11-04,1.461495563355007,0.0,0.39089232660124273,4,2.201657051536343
2010-11-05,1.443763333890493,0.0,0.384534963893471,4,2.1976447653265936
2010-11-08,1.443035689007349,0.0,0.2837870919973545,3,2.201555044259824
2010-11-09,1.448637600479407,0.0,0.28470184720763575,3,2.207278785886727
2010-11-10,1.468883289143506,0.0,0.2871748538503603,3,2.230389101089211
2010-11-11,1.4452056478906985,0.0,0.29505342883101815,3,2.1701821396592957
2010-11-12,1.4321753826279457,0.0,0.2892378077797096,3,2.168357342823788
2010-11-15,1.424032626655182,0.0,0.2849157864061365,3,2.1691393986104344
2010-11-16,1.4108200497543524,0.0,0.28375536483680047,3,2.1525008783959922
2010-11-17,1.4048499960267815,0.0,0.28147667746242544,3,2.150211381745231
2010-11-18,1.4253829218867584,0.0,0.1793948608364264,2,2.1850638678892427
2010-11-19,1.4349688725417544,0.0,0.492090985242108,5,2.1999115936936837
2010-11-22,1.411766830097076,0.0,0.78828245405514,8,2.203742533634066
2010-11-23,1.392507285262436,0.0,0.7870543085227937,8,2.1862879552074714
2010-11-24,1.3747472148089508,0.0,0.7846342990939141,8,2.1829330492241783
2010-11-25,1.3795073272384113,0.0,0.7851879971871919,8,2.1848598533362047
2010-11-26,1.3536261321483356,0.0,0.7840199051999426,8,2.155527094266058
2010-11-29,1.3501602738374068,0.0,0.704758011628761,7,2.1484319214770653
2010-11-30,1.3652021703303574,0.0,0.706610785618529,7,2.1587346564054903
2010-12-01,1.4016086552945684,0.0,0.7105270485218685,7,2.1867186525972184
2010-12-02,1.4194756939448285,0.0,0.9114728846672066,9,2.210452345600653
2010-12-03,1.4084836432975727,0.0,0.9104617766711778,9,2.2183862448854685
2010-12-06,1.401082517846234,0.0,0.9101552748569703,9,2.2142832855410353
2010-12-07,1.4083082853734505,0.0,0.9102099699611869,9,2.2243480034909155
2010-12-08,1.4037642966577175,0.0,0.9102314429066856,9,2.216640787042809
2010-12-09,1.4237420082489658,0.0,0.9099867360863487,9,2.2543154745038483
2010-12-10,1.417298807665044,0.0,0.909705728985449,9,2.251119246506251
2010-12-13,1.41938677797476,0.0,0.9093641741794146,9,2.262963424724297
2010-12-14,1.4452390698737374,0.0,0.9104299510318278,9,2.277085765451269
2010-12-15,1.4620523560427547,0.0,0.911088472192158,9,2.286640447018554
2010-12-16,1.4370821279744068,0.0,0.4876362231037744,5,2.2773011141461423
2010-12-17,1.4395730497762218,0.0,0.19691915815781885,2,2.2966371601174216
2010-12-20,1.4311528143792192,0.0,0.1945941414748687,2,2.28981400673248
2010-12-21,1.4476862708093625,0.0,0.1971674173300375,2,2.3088666991578735
2010-12-22,1.4532402326618505,0.0,0.19983521199702975,2,2.310022781625089
2010-12-23,1.4509150931420967,0.0,0.19878099511525804,2,2.309365401398633
2010-12-24,1.4439728270143426,0.0,0.19806224146496693,2,2.3003774269231205
2010-12-27,1.4336137278007015,0.0,0.1952165509937973,2,2.2919788278230517
2010-12-28,1.442106788009346,0.0,0.2956114424541861,3,2.304593727685908
2010-12-29,1.4486442518630616,0.0,0.09849314452743078,1,2.316120549932562
2010-12-30,1.4638799746112603,0.0,0.10459718603948591,1,2.3246324904509854
2011-01-03,1.4703515583008007,0.0,0.2012960163520358,2,2.346258033073026
2011-01-04,1.4805542834767598,0.0,0.30140070814741776,3,2.363327250677215
2011-01-05,1.4784294200788477,0.0,0.3012656439960053,3,2.3603917079418335
2011-01-06,1.484606378554711,0.0,0.30582341361600596,3,2.354792641875121
2011-01-07,1.487036093923649,0.0,0.40464173963714645,4,2.3645286697117727
2011-01-10,1.488919243447399,0.0,0.4069309834200271,4,2.3584195672624646
2011-01-11,1.4921195975688133,0.0,0.406067123357106,4,2.3669315077808886
2011-01-12,1.4875533320603491,0.0,0.40235255157555583,4,2.3744460438177923
2011-01-13,1.4739509051310127,0.0,0.3984120161845081,4,2.3682462682338006
2011-01-14,1.5161585317569273,0.0,0.5087402927606729,5,2.3894297793242587
2011-01-17,1.5045600038689708,0.0,0.5069069398462166,5,2.3799997733171634
2011-01-18,1.504689669538939,0.0,0.50774071711463,5,2.3761801675186165
2011-01-19,1.5310076955118403,0.0,0.5117696309747388,5,2.3979530539845175
2011-01-20,1.5267118640533694,0.0,0.5124855429580808,5,2.387718323907105
2011-01-21,1.5011933419082544,0.0,0.5128451152923105,5,2.346076686803659
2011-01-24,1.5095231249340504,0.0,0.5126685282906269,5,2.3599496764102503
2011-01-25,1.503931083720509,0.0,0.4217575393714539,4,2.365061374378039
2011-01-26,1.5183830655283086,0.0,0.42073149539562765,4,2.392025297804577
2011-01-27,1.530313334619793,0.0,0.5237552999919323,5,2.3971823323397072
2011-01-28,1.5244721682000861,0.0,0.40848391633286424,4,2.389089755069195
2011-01-31,1.4989485696835152,0.0,0.28403386255121565,3,2.345861338108785
2011-02-01,1.5038421195734706,0.0,0.28557060631105824,3,2.348468190730939
2011-02-07,1.5129486199066269,0.0,0.2865429606973946,3,2.3594736424531617
2011-02-08,1.4923351013736565,0.0,0.29659426631724256,3,2.345827335683279
2011-02-09,1.4718535238545982,0.0,0.295117488725117,3,2.318489385576171
2011-02-10,1.4437873543748863,0.0,0.39449868565844265,4,2.276462387650319
2011-02-11,1.405634725680478,0.0,0.48881554563314017,5,2.2409751895635224
2011-02-14,1.417068963096118,0.0,0.4833488526504178,5,2.283364880028109
2011-02-15,1.4249872111054485,0.0,0.3854256370575948,4,2.27875188430108
2011-02-16,1.3948031234428298,0.0,0.47988600506774465,5,2.2544854866313795
2011-02-17,1.3770518824105933,0.0,0.4763304256897406,5,2.2410091919890287
2011-02-18,1.4147742033563384,0.0,0.48103329513165,5,2.2817214294619683
2011-02-21,1.4105297805011614,0.0,0.5814529856380489,6,2.2728354622629747
2011-02-22,1.3892284212627035,0.0,0.6825306693753026,7,2.2327352684491495
2011-02-23,1.382508181708018,0.0,0.6823299794955076,7,2.223339264867561
2011-02-24,1.3551340815164334,0.0,0.6778542076132629,7,2.210021648210906
2011-02-25,1.36637436530172,0.0,0.6782840718403282,7,2.225379410397942
2011-02-28,1.3433673586509713,0.0,0.5917313138518536,6,2.1980301261489985
2011-03-02,1.3287981017149146,0.0,0.5896088809281691,6,2.18549456527899
2011-03-03,1.3753920614821302,0.0,0.5947891613794497,6,2.233573994944973
2011-03-04,1.4044543873879842,0.0,0.6968601161685827,7,2.272132745469177
2011-03-07,1.385646265609291,0.0,0.6964867228840554,7,2.2444661052488413
2011-03-08,1.4073567634096542,0.0,0.5897844965366733,6,2.2626574028947397
2011-03-09,1.410086610337998,0.0,0.5895224468703779,6,2.268494485939997
2011-03-10,1.402647245347783,0.0,0.5015085136235589,5,2.2459508778292854
2011-03-11,1.3851245509951617,0.0,0.4030354181910168,4,2.216436772489771
2011-03-14,1.39007314138365,0.0,0.4003879716808668,4,2.2342200410295936
2011-03-15,1.3618024445455843,0.0,0.40262975272587487,4,2.180598216006075
2011-03-16,1.3683680026805005,0.0,0.28854854614096004,3,2.2191909689557856
2011-03-17,1.365320873280145,0.0,0.2865747024254938,3,2.2203923879903433
2011-03-18,1.3814257156341219,0.0,0.2869375181115702,3,2.24544084144669
2011-03-21,1.4049318907711466,0.0,0.17995249400803304,2,2.2707046435979104
2011-03-22,1.4154781412380477,0.0,0.1935261164404266,2,2.282310804837412
2011-03-23,1.4126780490705368,0.0,0.1925215085501943,2,2.2806333518457653
2011-03-24,1.4252136406130405,0.0,0.18983871950244516,2,2.3085153407609744
2011-03-25,1.4382275549526438,0.0,0.19036621307717666,2,2.3280780695689627
2011-03-28,1.4382571218984304,0.0,0.1894565848434184,2,2.3307415929002935
2011-03-29,1.4494276149713277,0.0,0.18954706582184,2,2.3485815321492933
2011-03-30,1.461623515198149,0.0,0.18884329782030665,2,2.3703997551825364
2011-03-31,1.4801142060374393,0.0,0.09583276428792904,1,2.387763660474447
2011-04-01,1.4871328476354375,0.0,0.09398738036238921,1,2.4039828174409776
2011-04-04,1.4886326330418622,0.0,0.09709357595179681,1,2.3981570685375555
2011-04-05,1.503268260719765,0.0,0.09973145121625496,1,2.4146595790499723
2011-04-06,1.5086395526039567,0.0,0.10450311238908254,1,2.4104432782871847
2011-04-07,1.5021800382029562,0.0,0.10258496340621374,1,2.4052635754683833
2011-04-08,1.5065050314770319,0.0,0.10270300834294945,1,2.411871380158451
2011-04-11,1.495058782739564,0.0,0.19900767657176086,2,2.4055469290142697
2011-04-12,1.4706454268696187,0.0,0.1983679998934998,2,2.3681555950991173
2011-04-13,1.5015169417648577,0.0,0.2026294319859781,2,2.4050142243480037
2011-04-14,1.50964215654828,0.0,0.19976737238978104,2,2.426707771821057
2011-04-15,1.5064468507280837,0.0,0.19827975578651957,2,2.4260730598782714
2011-04-18,1.5110611328182015,0.0,0.10157941079262307,1,2.422922168448016
2011-04-19,1.4996057514662646,0.0,0.1010855925340471,1,2.4058756191274977
2011-04-20,1.533788769296858,0.0,0.1015641390053881,1,2.4594067710163325
2011-04-21,1.565681793341571,0.0,0.10825274576822637,1,2.4918564190912287
2011-04-22,1.558940254537156,0.0,0.10468974227676052,1,2.4910403608790763
2011-04-25,1.5729611156420857,0.0,0.10533040164620347,1,2.511645830735926
2011-04-26,1.560707124957841,0.0,0.10225279314860866,1,2.5006517131555386
2011-04-27,1.552201274438596,0.0,0.09716960875461388,1,2.501105078828956
2011-04-28,1.5540108595621147,0.0,0.09754663876489678,1,2.502975212231806
2011-04-29,1.5362388860569263,0.0,0.0937165978370425,1,2.4848519194369203
2011-05-02,1.5638616122929918,0.0,0.09486185791699223,1,2.52633487855467
2011-05-03,1.540221136723094,0.0,0.09260873262502262,1,2.4943385961531925
2011-05-04,1.5284149761731207,0.0,0.09394700488224628,1,2.4715683052057713
2011-05-06,1.5058140307307415,0.0,0.09434532785037912,1,2.4339502884539095
2011-05-09,1.5005577766653129,0.0,0.0,0,2.4245656190141567
2011-05-11,1.5155620650338095,0.0,0.19815431092266556,2,2.4556891724943046
2011-05-12,1.4855825484050191,0.0,0.19857779053350977,2,2.405841616701992
2011-05-13,1.4726457853331918,0.0,0.29348709802615,3,2.4029287422502805
2011-05-16,1.463481176032019,0.0,0.29439460214050356,3,2.3849074567319133
2011-05-17,1.4572891188238355,0.0,0.2919925325943617,3,2.3829013136270385
2011-05-18,1.4772384584896634,0.0,0.290467886255285,3,2.4207233449319387
2011-05-19,1.4378674549172268,0.0,0.38580612594760366,4,2.3750807557605778
2011-05-20,1.4530103020698824,0.0,0.38756924923692987,4,2.3932040485554635
2011-05-23,1.4037523099000504,0.0,0.3828283600540685,4,2.329970871255483
2011-05-24,1.4101146336180714,0.0,0.3838048342500619,4,2.336828027065931
2011-05-25,1.3791239155405868,0.0,0.37786970541369835,4,2.3074839338539483
2011-05-26,1.4276086429084813,0.0,0.38245526396239476,4,2.371000464699815
2011-05-27,1.4274615758978015,0.0,0.4802601183325176,5,2.3804418048487457
2011-05-30,1.4332578128352442,0.0,0.48395170449950886,5,2.37313128336488
2011-05-31,1.484508461144572,0.0,0.49018381750775175,5,2.428305885819855
2011-06-01,1.4835397844224563,0.0,0.49012000045010573,5,2.4270251277924495
2011-06-02,1.4531736337364887,0.0,0.4860627415093242,5,2.3962642668510354
2011-06-03,1.4359630328171682,0.0,0.48008257577460683,5,2.3954368744970473
2011-06-07,1.4137277514731263,0.0,0.4753434757583304,5,2.379841095331467
2011-06-08,1.40956203002593,0.0,0.2781799888952531,3,2.361298439288669
2011-06-09,1.4142891199911947,0.0,0.2847121664602656,3,2.3477768080789763
2011-06-10,1.3835147333187892,0.0,0.17676606365752687,2,2.3197248070362355
2011-06-13,1.381106763963465,0.0,0.1744966798415084,2,2.3220709743961736
2011-06-14,1.4094230253088391,0.0,0.1799906276344424,2,2.3539085788119554
2011-06-15,1.4162717506143818,0.0,0.3806113848735226,4,2.364902696392343
2011-06-16,1.39384943352497,0.0,0.4017074856390472,4,2.3196794704688934
2011-06-17,1.389685697985381,0.0,0.40422503385149805,4,2.3030182819707807
2011-06-20,1.3886540344963434,0.0,0.4073856687874237,4,2.289099955796847
2011-06-21,1.3925681144392708,0.0,0.40070638602031167,4,2.321424928311553
2011-06-22,1.3992418927542847,0.0,0.3989841187122667,4,2.3392535334187174
2011-06-23,1.405435640280855,0.0,0.5036669697737677,5,2.330140883383015
2011-06-24,1.423086767077467,0.0,0.39895138176266715,4,2.3697537090979157
2011-06-27,1.4075804003432961,0.0,0.39829393616384007,4,2.3464960500515706
2011-06-28,1.4055238376589632,0.0,0.3995615706278865,4,2.3381314533770077
2011-06-29,1.4369797871624026,0.0,0.4037347057929755,4,2.3738453343005137
2011-06-30,1.447359855036389,0.0,0.40623873774687674,4,2.3809518412313415
2011-07-01,1.468218561113698,0.0,0.4076943854437258,4,2.4093438665291456
2011-07-04,1.4860166592016073,0.0,0.4094036353895187,4,2.431513447959288
2011-07-05,1.4889312046216512,0.0,0.4060399288831794,4,2.4501581112786046
2011-07-06,1.495982195309511,0.0,0.4062579329369848,4,2.4608575411712703
2011-07-07,1.506250890895745,0.0,0.40775266644661157,4,2.4715116344965944
2011-07-08,1.5025767991420258,0.0,0.40636985011508053,4,2.4712396150925433
2011-07-11,1.4943668733227473,0.0,0.40945697861068087,4,2.4449557401761326
2011-07-12,1.4658102743234265,0.0,0.22356157148522038,2,2.3911979054505887
2011-07-13,1.4784103791502692,0.0,0.11157077003748567,1,2.4137641818449715
2011-07-14,1.4796832178056851,0.0,0.11215577569055372,1,2.4142515499438963
2011-07-15,1.4890146987649406,0.0,0.11145290856224732,1,2.431400106540933
2011-07-18,1.4859712034871846,0.0,0.11574257657114112,1,2.4147162497591497
2011-07-19,1.488570997933312,0.0,0.11739880324477554,1,2.4144102279295923
2011-07-20,1.5013748630194337,0.0,0.0,0,2.4424508948304977
2011-07-21,1.4944704685357926,0.0,0.0,0,2.431218760271566
2011-07-22,1.5127172991641036,0.0,0.0,0,2.460902877738612
2011-07-25,1.4982605700485079,0.0,0.0,0,2.4373845334300515
2011-07-26,1.5109546232767561,0.0,0.0,0,2.4580353398542427
2011-07-27,1.514863165461744,0.0,0.0,0,2.464393793423931
2011-07-28,1.5036339451591636,0.0,0.1011770426896212,1,2.4434709675956885
2011-07-29,1.4856825529648499,0.0,0.09986981537942019,1,2.417810470480228
2011-08-01,1.5121552139351793,0.0,0.09941819589078599,1,2.4621269650568407
2011-08-02,1.4752560246359245,0.0,0.09858186535047886,1,2.4042775051286993
2011-08-03,1.4383683260429576,0.0,0.19942808991855407,2,2.341928390891884
2011-08-04,1.4049805860245062,0.0,0.19935966358624574,2,2.2877625270602637
2011-08-05,1.3565925536056906,0.0,0.20149715490522893,2,2.203073819265774
2011-08-08,1.2952760839981952,0.0,0.19566494334012574,2,2.118861145428374
2011-08-09,1.2538784690526596,0.0,0.1993768394231579,2,2.041675639528953
2011-08-10,1.2665474066830256,0.0,0.20523360415263242,2,2.047218034886489
2011-08-11,1.280997905599654,0.0,0.20932655542026202,2,2.0599122737421935
2011-08-12,1.270505936760331,0.0,0.2133814895238322,2,2.0325629894932504
2011-08-16,1.3287275622132373,0.0,0.21154417903068068,2,2.130671321220914
2011-08-17,1.333059979289899,0.0,0.2087555106727636,2,2.145179022770291
2011-08-18,1.3175656199240824,0.0,0.3128583323209918,3,2.108807761620329
2011-08-19,1.2333076938250376,0.0,0.3115628242973158,3,1.977671740584162
2011-08-22,1.2122779890880804,0.0,0.3133398788786437,3,1.9389316437905906
2011-08-23,1.2510640762395262,0.0,0.3089653090335998,3,2.013714311620896
2011-08-24,1.2352872888422415,0.0,0.30876631534381593,3,1.9888925410012581
2011-08-25,1.244333403362879,0.0,0.2151307646939414,2,2.0
2011-08-26,1.2488946275260544,0.0,0.2116289686634063,2,2.016287161817543
2011-08-29,1.2779300158419586,0.0,0.20764818645705088,2,2.0735812487957475
2011-08-30,1.2906589344786523,0.0,0.20932184039523924,2,2.089811739904113
2011-08-31,1.3187880328470307,0.0,0.09814572048404131,1,2.1309433406249645
2011-09-01,1.3190158895794772,0.0,0.0980185502923848,1,2.1316120549932562
2011-09-02,1.308788471167608,0.0,0.09722942962007987,1,2.1169343413163473
2011-09-05,1.2543976925686735,0.0,0.09939785598959015,1,2.0240850514003332
2011-09-06,1.2396856364924365,0.0,0.09846663015274143,1,2.002414172210951
2011-09-07,1.28515831985413,0.0,0.09750892431303756,1,2.078069568962586
2011-09-08,1.2963927610420871,0.0,0.19880055672454006,2,2.0930079679017104
2011-09-09,1.2771707174207367,0.0,0.3017078649693586,3,2.0548005757744052
2011-09-14,1.233516071370999,0.0,0.3024267912848139,3,1.982522753289735
2011-09-15,1.2465824777115508,0.0,0.2999045592539357,3,2.0107674347436784
2011-09-16,1.2788162791469968,0.0,0.20206410949661532,2,2.0855954391413256
2011-09-19,1.266988148858067,0.0,0.5038781292425456,5,2.0638792233846015
2011-09-20,1.292210867806356,0.0,0.5090126325153782,5,2.0831812669303744
2011-09-21,1.2955999727984362,0.0,0.5059513998265126,5,2.101667252263995
2011-09-22,1.2677249628360439,0.0,0.5097185825297744,5,2.040768908182117
2011-09-23,1.2223947183933013,0.0,0.5206549394338059,5,1.9239025717167826
2011-09-26,1.191154340017067,0.0,0.5210458874856192,5,1.8732049552868106
2011-09-27,1.241477334002443,0.0,0.5173818396220201,5,1.9672783325210532
2011-09-28,1.2333842786385072,0.0,0.5177471056367084,5,1.9529746455247141
2011-09-29,1.2631505966462244,0.0,0.5164858584820191,5,2.0053383808044973
2011-09-30,1.2549142962907953,0.0,0.513213413395843,5,2.0057464099105737
2011-10-04,1.2259240858303597,0.0,0.5195711228005531,5,1.9338199458228023
2011-10-05,1.1993399281897181,0.0,0.5203399737468424,5,1.8888574051615683
2011-10-06,1.225757441985442,0.0,0.5183427244111458,5,1.9385009464008434
2011-10-07,1.2399539833596214,0.0,0.5100907597384802,5,1.9945482777771482
2011-10-10,1.2530487111532205,0.0,0.40196492413330553,4,2.0021081503813942
2011-10-11,1.2712760500295954,0.0,0.30099011228265665,3,2.0345011277471126
2011-10-12,1.2841495140451524,0.0,0.3024153940996404,3,2.0509129651248457
2011-10-13,1.2946499283449193,0.0,0.302872793831703,3,2.066327398021059
2011-10-14,1.3008375950409483,0.0,0.3015078333653668,3,2.0802683924786636
2011-10-17,1.321696691399432,0.0,0.0,0,2.1140214668646364
2011-10-18,1.3030742586851753,0.0,0.0,0,2.0842353421210715
2011-10-19,1.3151349057474526,0.0,0.0,0,2.103526051525009
2011-10-20,1.2791159462776784,0.0,0.0,0,2.0459146085754116
2011-10-21,1.3027057782813924,0.0,0.0,0,2.083645966745628
2011-10-24,1.3451802309789775,0.0,0.0,0,2.151582812907321
2011-10-25,1.3383279127009389,0.0,0.0,0,2.14062269775244
2011-10-26,1.342338680172883,0.0,0.0,0,2.147037822031305
2011-10-27,1.3619886063207647,0.0,0.0,0,2.1784673973410102
2011-10-28,1.367260710559504,0.0,0.0,0,2.186899998866586
2011-10-31,1.3527695100645822,0.0,0.0,0,2.1637216788130886
2011-11-01,1.3531946797612548,0.0,0.0,0,2.164401727323216
2011-11-02,1.3449605599690302,0.0,0.0,0,2.151231454510422
2011-11-03,1.3250838766495896,0.0,0.0,0,2.119439186661982
2011-11-04,1.3665024912671047,0.0,0.0,0,2.185687245690193
2011-11-07,1.3583005078848809,0.0,0.09913733071879764,1,2.1751351596413877
2011-11-08,1.3458984549778066,0.0,0.09839711857272797,1,2.1570458692720083
2011-11-09,1.3474794490403537,0.0,0.19764322509179047,2,2.1620215575377713
2011-11-10,1.2791575429334787,0.0,0.19656277907651368,2,2.0551632683131396
2011-11-11,1.3159342909646736,0.0,0.19739504293487814,2,2.1120606603271033
2011-11-14,1.334579856004566,0.0,0.19189246319978165,2,2.156671842591438
2011-11-15,1.3266045924537007,0.0,0.19416500920236257,2,2.1377551598680706
2011-11-16,1.3110795258534653,0.0,0.1976134997584254,2,2.1036960636525404
2011-11-17,1.323683233287119,0.0,0.1964329114563665,2,2.1270443958335696
2011-11-18,1.2922268737853702,0.0,0.19331978923234133,2,2.0845413639506285
2011-11-21,1.2811001209864514,0.0,0.19478144887269963,2,2.0628478164775754
2011-11-22,1.2876337244834022,0.0,0.19611612415482452,2,2.069931655124732
2011-11-23,1.2609341942326462,0.0,0.19850360131176933,2,2.020990830679255
2011-11-24,1.265765135275129,0.0,0.19620715161445418,2,2.0345464643144546
2011-11-25,1.2375437535329754,0.0,0.18642330525385614,2,2.0133969556495033
2011-11-28,1.2625015227876406,0.0,0.18505179101736824,2,2.0574640991057365
2011-11-29,1.2908147378893249,0.0,0.18481906456321676,2,2.1042061000351358
2011-11-30,1.2835129998218018,0.0,0.28439068279555835,3,2.093994038241395
2011-12-01,1.3203215947301228,0.0,0.3794166385670982,4,2.171825590225436
2011-12-02,1.3315794403581795,0.0,0.29494550272568426,3,2.17166691223974
2011-12-05,1.336119776781463,0.0,0.29482565482408374,3,2.1794421335388594
2011-12-06,1.3218616718858711,0.0,0.18862487324053845,2,2.1566831767332735
2011-12-07,1.3410327716083446,0.0,0.19324694753251703,2,2.1754978521801225
2011-12-08,1.3341262745117697,0.0,0.1920406346414361,2,2.1675299504698002
2011-12-09,1.3108282754588103,0.0,0.19386541445998656,2,2.1248682406011627
2011-12-12,1.3207005204617102,0.0,0.18921746899962172,2,2.1532149293316256
2011-12-13,1.2905980463738065,0.0,0.2865780319039745,3,2.112752042979066
2011-12-14,1.2921892886405408,0.0,0.38984701549151823,4,2.1056001994808966
2011-12-15,1.2750233357496326,0.0,0.3944940228866178,4,2.061805075428714
2011-12-16,1.2778273293006648,0.0,0.38889784377333014,4,2.0854367611556293
2011-12-19,1.2276480492460846,0.0,0.3857091474704305,4,2.013997665166782
2011-12-20,1.241907473684241,0.0,0.387250185641256,4,2.032279635947364
2011-12-21,1.2736843707871812,0.0,0.38409448004589775,4,2.095014111006585
2011-12-22,1.266671983300335,0.0,0.4817820270685099,5,2.093971369957724
2011-12-23,1.2846481817223911,0.0,0.4835767058921093,5,2.1163336317990686
2011-12-26,1.2801663676319714,0.0,0.48468846534137916,5,2.104410114588174
2011-12-27,1.2671766648090834,0.0,0.48766302749946716,5,2.087771594373732
2011-12-28,1.257655835813456,0.0,0.4000895090208606,4,2.0686168946718198
2011-12-29,1.2632427858330662,0.0,0.4025398455734032,4,2.069319611465618
2012-01-02,1.2647371139244288,0.0,0.5034572871332115,5,2.070033662401251
2012-01-03,1.2844666818718935,0.0,0.4979563307604149,5,2.125616293962303
2012-01-04,1.2908733516888704,0.0,0.5028959345081326,5,2.1152002176155236
2012-01-05,1.287690344101736,0.0,0.6025851743748989,6,2.1123893504403317
2012-01-06,1.2714039583781278,0.0,0.601943296151009,6,2.089041018259303
2012-01-09,1.2747104117960417,0.0,0.6065623267432964,6,2.070169672103277
2012-01-10,1.2863133834332992,0.0,0.5027441570814482,5,2.1004658332294373
2012-01-11,1.2828383172170268,0.0,0.4163677924451553,4,2.0917725464416463
2012-01-12,1.2903106931010804,0.0,0.4137676856154566,4,2.1133300842126737
2012-01-13,1.2988196547351505,0.0,0.414138102862811,4,2.12592231579186
2012-01-16,1.2907501845862117,0.0,0.41563307897747337,4,2.107322989039885
2012-01-17,1.3050919004332342,0.0,0.4116507231693496,4,2.145258361763139
2012-01-18,1.2989383076473007,0.0,0.4089727874510332,4,2.1448616667988984
2012-01-19,1.3130537450469957,0.0,0.30973916703370497,3,2.170454159063347
2012-01-20,1.3260189610175126,0.0,0.3040242029392229,3,2.2100329823527414
2012-01-25,1.3312722795179033,0.0,0.30593866294155025,3,2.212685171542237
2012-01-26,1.3328383628653668,0.0,0.19513035253725827,2,2.218295571750785
2012-01-27,1.3430289161867581,0.0,0.198115382629388,2,2.2269661902549047
2012-01-30,1.3314648875087585,0.0,0.3010506340007416,3,2.19944689387843
2012-01-31,1.3316990466164222,0.0,0.1980540059017443,2,2.216720126035657
2012-02-01,1.3326415876559783,0.0,0.2973421711723613,3,2.220630404968888
2012-02-02,1.3397064588601209,0.0,0.39297500117170486,4,2.249033764408528
2012-02-03,1.332585515051537,0.0,0.3002185272050394,3,2.2354781307733287
2012-02-06,1.3326949336932814,0.0,0.2999957144868651,3,2.2363735279783294
2012-02-07,1.3384146865518436,0.0,0.29999868768607374,3,2.2459622119711207
2012-02-08,1.3360557672114177,0.0,0.29092796068177734,3,2.271056001994809
2012-02-09,1.346809887163384,0.0,0.29276687960054115,3,2.283398882453615
2012-02-10,1.3276831894230618,0.0,0.29002464006935424,3,2.2596991918756872
2012-02-13,1.335084376028881,0.0,0.28970024010624545,3,2.273334164503735
2012-02-14,1.3475114026120405,0.0,0.29733845983969126,3,2.269820580534745
2012-02-15,1.359951996536107,0.0,0.29588139767982385,3,2.2955264142175476
2012-02-16,1.3391875478187498,0.0,0.2948033180183484,3,2.263938160922146
2012-02-17,1.3561899847328038,0.0,0.29457315474843376,3,2.293429597977989
2012-02-20,1.3514264531993394,0.0,0.2915863667279281,3,2.295050380260459
2012-02-21,1.3544515789635454,0.0,0.29339897275572524,3,2.294302326899319
2012-02-22,1.35813011864815,0.0,0.2937775964093091,3,2.299300683448753
2012-02-23,1.3524594935044085,0.0,0.29810535514856806,3,2.2756689977218376
2012-02-24,1.364132210262814,0.0,0.22213550229555112,2,2.289371975200898
2012-02-27,1.3473344229030961,0.0,0.22363946860641773,2,2.2568089857076474
2012-02-28,1.3586898564809964,0.0,0.11912753185479871,1,2.2710106654274673
2012-02-29,1.3726289301813739,0.0,0.0,0,2.301114146142425
2012-03-02,1.3755901983573102,0.0,0.0,0,2.3060785002663526
2012-03-05,1.3630352325976902,0.0,0.0,0,2.28503099887792
2012-03-06,1.3524206411907957,0.0,0.0,0,2.267236396196262
2012-03-07,1.3401090673360476,0.0,0.0,0,2.246596923913906
2012-03-08,1.352691076640653,0.0,0.0,0,2.26768976186968
2012-03-09,1.3599381760345894,0.0,0.1976893932199439,2,2.287569846649061
2012-03-12,1.334873221568281,0.0,0.18902310201912578,2,2.2696619025490485
2012-03-13,1.345262394329624,0.0,0.1862282991865133,2,2.295209058246155
2012-03-14,1.3550475573670981,0.0,0.18410975090402948,2,2.3179226784843987
2012-03-15,1.3522254310731727,0.0,0.18293468542236552,2,2.3164265717621193
2012-03-16,1.3474391183754275,0.0,0.18377157754646828,2,2.305863151571479
2012-03-19,1.352153107172895,0.0,0.18159560844283526,2,2.320098833716805
2012-03-20,1.3540800237600097,0.0,0.18469653789056592,2,2.3146017749266115
2012-03-21,1.3475647327862015,0.0,0.1867400846577559,2,2.2976912353081187
2012-03-22,1.342661092536689,0.0,0.1842168357461317,2,2.2964331455643836
2012-03-23,1.3493871808655957,0.0,0.18799870335798582,2,2.2972378696347007
2012-03-26,1.3377727056771653,0.0,0.18403630714233504,2,2.288578585272416
2012-03-27,1.3427023844502206,0.0,0.17875017554098804,2,2.3118929150279386
2012-03-28,1.335982674200389,0.0,0.17786472282591154,2,2.302802933275907
2012-03-29,1.3240477464438307,0.0,0.17752974360272664,2,2.283160865475071
2012-03-30,1.3230655407403866,0.0,0.27735210927776505,3,2.282741502227159
2012-04-02,1.3323293521164055,0.0,0.2769430155793556,3,2.3000260685262215
2012-04-03,1.3352638514769892,0.0,0.27142508242989555,3,2.3226830180552884
2012-04-04,1.31150454314909,0.0,0.2693277273925808,3,2.28792120504596
2012-04-05,1.3164567551815867,0.0,0.09652214973049833,1,2.299436693150778
2012-04-06,1.316591355810817,0.0,0.19671343233277278,2,2.2997313808385
2012-04-09,1.2903839302867923,0.0,0.19330465218088294,2,2.263518797674234
2012-04-10,1.2884382438395485,0.0,0.1931665932029646,2,2.260492581804169
2012-04-12,1.2882127425846206,0.0,0.19617328708078233,2,2.251674619456188
2012-04-13,1.3029629297513425,0.0,0.19636016342501206,2,2.2769270874655727
2012-04-16,1.2948843891838286,0.0,0.19789965093295334,2,2.2584751045574585
2012-04-17,1.2880644265016787,0.0,0.19661893347555606,2,2.250167178592073
2012-04-18,1.3002695182347783,0.0,0.19645127815107447,2,2.271962733341645
2012-04-19,1.2957749491544122,0.0,0.19554260123575334,2,2.2666696891044893
2012-04-20,1.2846538137777175,0.0,0.29878878455913943,3,2.238096317537318
2012-04-23,1.2802519643801455,0.0,0.2970976140771221,3,2.2358068208865567
2012-04-24,1.2632812789472934,0.0,0.2909808177060073,3,2.2253680762561063
2012-04-25,1.2665643405924152,0.0,0.2933373232432938,3,2.2237359598318016
2012-04-26,1.2706877524537932,0.0,0.3949257758026974,4,2.2260707930499044
2012-04-27,1.2794451845183832,0.0,0.30815296891505917,3,2.238889707465799
2012-04-30,1.288288194619978,0.0,0.3105922824493225,3,2.2464155776445387
2012-05-02,1.299075669562304,0.0,0.3104253911067141,3,2.265774291899489
2012-05-03,1.3012657291778655,0.0,0.3129496546651722,3,2.2612859717326503
2012-05-04,1.289727920291523,0.0,0.3088741430802246,3,2.2545308231987216
2012-05-07,1.2683293986864954,0.0,0.1940923066934578,2,2.217456845254962
2012-05-08,1.2711256892227087,0.0,0.19152071054272565,2,2.2294370331750333
2012-05-09,1.269072893499263,0.0,0.19709631126466337,2,2.2104863480261594
2012-05-10,1.2613459518549386,0.0,0.19439790909245527,2,2.2044112480023577
2012-05-11,1.2418751925386657,0.0,0.19346273410012124,2,2.1729023336998043
2012-05-14,1.240682650643766,0.0,0.19411924803180888,2,2.1690487254757507
2012-05-15,1.229570220799705,0.0,0.19311190536545808,2,2.1523081979847896
2012-05-16,1.1850188750352517,0.0,0.28930926310613203,3,2.08608280724025
2012-05-17,1.1827663681797198,0.0,0.2861336421643895,3,2.0914211880447473
2012-05-18,1.1410373784565433,0.0,0.1917496481705139,2,2.0202654456017863
2012-05-21,1.1603612408679154,0.0,0.1977766242109912,2,2.0391594600414833
2012-05-22,1.1805673850730531,0.0,0.19855210965952086,2,2.072663183307076
2012-05-23,1.1690263139572428,0.0,0.19952269542682446,2,2.049915560643326
2012-05-24,1.170541775088879,0.0,0.1977511432194335,2,2.0565460336170647
2012-05-25,1.18040597378956,0.0,0.20020231466465757,2,2.067540151197452
2012-05-29,1.1953080039532444,0.0,0.19902860776065198,2,2.096714232281903
2012-05-30,1.1917912818024252,0.0,0.1988581056495998,2,2.090990490655
2012-05-31,1.1965129750883587,0.0,0.3023517179761496,3,2.0894150449398725
2012-06-01,1.1934213878115671,0.0,0.30394407623492625,3,2.0792596538553085
2012-06-04,1.1590570125837316,0.0,0.30337978162820084,3,2.0210248331047618
2012-06-05,1.1721490876338578,0.0,0.3039288284402726,3,2.042242346620726
2012-06-07,1.1937940972676673,0.0,0.3998412939054038,4,2.0944927404821545
2012-06-08,1.187158292317785,0.0,0.40050687954415304,4,2.0805404118827147
2012-06-11,1.2006117558095388,0.0,0.3970846341432899,4,2.11612961724603
2012-06-12,1.1929901015758844,0.0,0.3972301526073322,4,2.1021886227884257
2012-06-13,1.2022480168606418,0.0,0.40039479684421914,4,2.107379659749062
2012-06-14,1.2106502716757572,0.0,0.39851388958181116,4,2.1211619762209706
2012-06-15,1.2032872736091726,0.0,0.39914054434440344,4,2.10606489929615
2012-06-18,1.2159021571851927,0.0,0.3946381513372058,4,2.1440909451540877
2012-06-19,1.2155636323437489,0.0,0.3944503570464696,4,2.1441589500051004
2012-06-20,1.2238009533338827,0.0,0.39459968294600273,4,2.1581566151718823
2012-06-21,1.2137897123531107,0.0,0.3944052424938549,4,2.1411894048442126
2012-06-22,1.1901338472413825,0.0,0.29310289033987313,3,2.0938580285393695
2012-06-25,1.183688719372632,0.0,0.297721774368413,3,2.068911582359542
2012-06-26,1.1895250023941224,0.0,0.3040655465695873,3,2.0603316369901052
2012-06-27,1.1849204772713082,0.0,0.301422682623888,3,2.0601502907207383
2012-06-28,1.1833915744447474,0.0,0.20204878924606684,2,2.0618844144215625
2012-06-29,1.203186667793273,0.0,0.20015064406318114,2,2.1013612304344376
2012-07-02,1.2024641950871255,0.0,0.2006888263435005,2,2.0986863729612715
2012-07-03,1.2211180462388245,0.0,0.206025581263496,2,2.1170136803091952
2012-07-04,1.233184842213169,0.0,0.10592403728502028,1,2.1245282163460995
2012-07-05,1.2313445389952242,0.0,0.10409099703136963,1,2.125706967096986
2012-07-06,1.2223058920209422,0.0,0.10578636628671605,1,2.1061102358634916
2012-07-09,1.2072467871595498,0.0,0.10538514609311889,1,2.0810957848326517
2012-07-10,1.2040743789102109,0.0,0.10629134100951698,1,2.07352457808657
2012-07-11,1.2021404527095,0.0,0.0,0,2.0700563306849222
2012-07-12,1.175154015770462,0.0,0.0,0,2.0235863491595736
2012-07-13,1.1932546746929875,0.0,0.0,0,2.0547552392070636
2012-07-16,1.196479883010092,0.0,0.0,0,2.0603089687064347
2012-07-17,1.1928428029898495,0.0,0.09538640571779433,1,2.0650353058518176
2012-07-18,1.1752230201789036,0.0,0.09545563223903826,1,2.034376452186923
2012-07-19,1.1961767668296843,0.0,0.09741260768345242,1,2.0661687200353627
2012-07-20,1.1950166198375922,0.0,0.09655122514506367,1,2.0661347176098563
2012-07-23,1.173468487860215,0.0,0.09686391309193816,1,2.028176676602931
2012-07-24,1.1736325509091563,0.0,0.19514021202120346,2,2.0332657062870485
2012-07-25,1.1569906747638898,0.0,0.19476812691098924,2,2.0053610490881684
2012-07-26,1.1640338473883278,0.0,0.19368729334412618,2,2.0202767797436216
2012-07-27,1.190172861756703,0.0,0.1907391405768304,2,2.073195887973342
2012-07-30,1.191601654630023,0.0,0.28591633705355607,3,2.089777737478607
2012-07-31,1.2099891861547682,0.0,0.28219816849406365,3,2.1330741592900293
2012-08-01,1.2060648537923602,0.0,0.28065081435023037,3,2.1307393260719265
2012-08-02,1.2006843992594076,0.0,0.2814746246943125,3,2.1188044747191968
2012-08-03,1.1909530047908117,0.0,0.28363252750656437,3,2.0953201328361426
2012-08-06,1.212940736777067,0.0,0.2824647979277739,3,2.13748314046402
2012-08-07,1.2185156311703378,0.0,0.28539919268062985,3,2.1385258815128814
2012-08-08,1.226056467614342,0.0,0.2836099558320919,3,2.1571478765485272
2012-08-09,1.2469224637297667,0.0,0.28177076338168355,3,2.1994922304457716
2012-08-10,1.2477390256454455,0.0,0.2800918721989697,3,2.206077366852169
2012-08-13,1.2404781424619,0.0,0.19182392339907978,2,2.1902549048498794
2012-08-14,1.2625471003878286,0.0,0.1958752150206883,2,2.2180462206304052
2012-08-16,1.2671707552361706,0.0,0.19842037145953426,2,2.219122964104773
2012-08-17,1.2608974706095613,0.0,0.19911041255855177,2,2.206236044837865
2012-08-20,1.2658321874918927,0.0,0.20232686132578576,2,2.2059753595756497
2012-08-21,1.2666994194120325,0.0,0.10371119387961046,1,2.2024731097484955
2012-08-22,1.2638812646638078,0.0,0.10542469039356413,1,2.1933717938546287
2012-08-23,1.264410012866257,0.0,0.10240253714320612,1,2.201702388103685
2012-08-24,1.2481138394006988,0.0,0.10132300786914018,1,2.1759398837117048
2012-08-27,1.236735535639823,0.0,0.0,0,2.1737410601956273
2012-08-28,1.235742468995637,0.0,0.0,0,2.171995602352968
2012-08-29,1.2436160688173987,0.0,0.0,0,2.1858345895340534
2012-08-30,1.229326226716642,0.0,0.0,0,2.1607181312266945
2012-08-31,1.2285137176441259,0.0,0.0,0,2.1592900293554274
2012-09-03,1.2334081175333291,0.0,0.0,0,2.1678926430085346
2012-09-04,1.22980986306933,0.0,0.0,0,2.1615681918643532
2012-09-05,1.2084653787040298,0.0,0.0,0,2.1240521823890104
2012-09-06,1.2131147361745378,0.0,0.0,0,2.1322240986523706
2012-09-07,1.239977244441697,0.0,0.09707320108639063,1,2.1870133402849405
2012-09-10,1.2367938210232423,0.0,0.09703855143976733,1,2.1814822790692405
2012-09-11,1.2316550569442692,0.0,0.09548535341657172,1,2.1761552324065785
2012-09-12,1.2511478611085618,0.0,0.09565087181124758,1,2.2101916603384377
2012-09-13,1.2601475740719714,0.0,0.10180564926052425,1,2.2109397136995774
2012-09-14,1.2948821769460488,0.0,0.10040698095586684,1,2.2754196466014576
2012-09-17,1.2866809290736283,0.0,0.097031505848481,1,2.269491890421517
2012-09-18,1.290607003266894,0.0,0.09860495890268979,1,2.2724501014405694
2012-09-19,1.2902329224203335,0.0,0.0970304532313664,1,2.2757596708565213
2012-09-20,1.2838432422051835,0.0,0.10046812135206379,1,2.2558682519353046
2012-09-21,1.2880657223292842,0.0,0.0979932735373449,1,2.2695145587051875
2012-09-24,1.2883432759900764,0.0,0.097705698369572,1,2.270727311881581
2012-09-25,1.275157960376779,0.0,0.09384985029184226,1,2.257092339253534
2012-09-26,1.2725862224812245,0.0,0.09702039430971074,1,2.244658785660044
2012-09-27,1.278369357439351,0.0,0.19751758048608906,2,2.254020786816126
2012-09-28,1.2865664170936402,0.0,0.19961927545496413,2,2.26253272733455
2012-10-02,1.2798458602450309,0.0,0.1954889723446918,2,2.2623287127815117
2012-10-04,1.280033843587253,0.0,0.2969894595381746,3,2.258531775266636
2012-10-05,1.2787226513897545,0.0,0.2953892339648817,3,2.261353976583663
2012-10-08,1.2701294907175336,0.0,0.2033897092770919,2,2.2463022362261844
2012-10-09,1.265724658351063,0.0,0.2017669650252456,2,2.243072005803081
2012-10-10,1.2516294555727776,0.0,0.20534871843369887,2,2.208140180666221
2012-10-11,1.241441945212893,0.0,0.20504961301614819,2,2.190991624069184
2012-10-12,1.2396575568432262,0.0,0.20383533497823655,2,2.1911843044803865
2012-10-15,1.2345196715680762,0.0,0.20369366057736726,2,2.1824910176925956
2012-10-16,1.2432978555834935,0.0,0.2027665291468515,2,2.2005689739201397
2012-10-17,1.2555187086689013,0.0,0.20499243802349498,2,2.2159947409581884
2012-10-18,1.2577079444698875,0.0,0.20476479147297783,2,2.2204943952668623
2012-10-19,1.2449089769923807,0.0,0.20285508146227677,2,2.203175826542293
2012-10-22,1.238605348297563,0.0,0.3004262177042089,3,2.200625644629317
2012-10-23,1.2289142580280528,0.0,0.30027682476786904,3,2.1838737829965202
2012-10-24,1.2205231057132828,0.0,0.4003933261663456,4,2.169309410737966
2012-10-25,1.2255954966813345,0.0,0.3995866152188543,4,2.1812555962325315
2012-10-26,1.2002999137885633,0.0,0.2982186231850462,3,2.143773589182695
2012-10-29,1.2010535173362515,0.0,0.2986255854385115,3,2.143875596459214
2012-10-30,1.2096261024591408,0.0,0.30062874312765653,3,2.1530109147785876
2012-10-31,1.2279492701221657,0.0,0.20833208300886893,2,2.16715592378923
2012-11-01,1.2191229518898388,0.0,0.308651988174055,3,2.151718822609346
2012-11-02,1.2297336875076428,0.0,0.3072957022120295,3,2.1747044622516407
2012-11-05,1.2233791937475789,0.0,0.3075080913956748,3,2.1628036133244173
2012-11-06,1.2285884048610076,0.0,0.30323510871035875,3,2.1854152262861417
2012-11-07,1.2379443332628655,0.0,0.4050509331847842,4,2.1960466513277948
2012-11-08,1.2190122731892883,0.0,0.40302676362303913,4,2.1698194471205614
2012-11-09,1.2111458945662958,0.0,0.40228799719985403,4,2.1584853052851107
2012-11-12,1.2052905189386305,0.0,0.4005007260392964,4,2.1544730190753607
2012-11-13,1.2035386433021,0.0,0.4031560319321897,4,2.1418127826451623
2012-11-14,1.2109529769129492,0.0,0.40544798872163906,4,2.146731800201748
2012-11-15,1.1944107709053724,0.0,0.4046353242706599,4,2.120300581441476
2012-11-16,1.1882700223388678,0.0,0.30741450553662053,3,2.109091115166215
2012-11-19,1.1982031990436295,0.0,0.30678161666822507,3,2.128665178116039
2012-11-20,1.2045103870643807,0.0,0.19536521129631576,2,2.142356821453264
2012-11-21,1.20152581128404,0.0,0.19598675040725844,2,2.135397658366297
2012-11-22,1.2132307116810326,0.0,0.19720974159512886,2,2.152920241643904
2012-11-23,1.2164156746356407,0.0,0.1943250512412505,2,2.1663285314352425
2012-11-26,1.2119942843321465,0.0,0.19257896489884355,2,2.1631323034376453
2012-11-27,1.2145643880143973,0.0,0.28803616237333096,3,2.182048986161013
2012-11-28,1.2127025631191424,0.0,0.199504952444783,2,2.167971982001383
2012-11-29,1.2229560473959395,0.0,0.19705762989841535,2,2.192986433032223
2012-11-30,1.2192428937691617,0.0,0.19542399617265452,2,2.19077627537431
2012-12-03,1.2258503332332953,0.0,0.19681298174509576,2,2.1988461843611513
2012-12-04,1.2207033862054317,0.0,0.0992961979287642,1,2.193360459712793
2012-12-05,1.2273259933570433,0.0,0.19894547952827635,2,2.206802751929638
2012-12-06,1.2236105616143815,0.0,0.19544842678958604,2,2.209726960523184
2012-12-07,1.2266319567519932,0.0,0.19420691423302908,2,2.2186015935803423
2012-12-10,1.2314557769827463,0.0,0.19737564308104583,2,2.218567591154836
2012-12-11,1.2355688178067696,0.0,0.19710499619612215,2,2.2267281732763604
2012-12-12,1.244268323527709,0.0,0.1983275992970915,2,2.2389917147423186
2012-12-13,1.2602711861205438,0.0,0.197556978851616,2,2.269967924378606
2012-12-14,1.2552237818357854,0.0,0.1974398666577294,2,2.261206632739802
2012-12-17,1.2492672222922163,0.0,0.19845144925798947,2,2.2476396649627675
2012-12-18,1.254853420237691,0.0,0.19798766946733015,2,2.258996475081889
2012-12-20,1.2562408078868952,0.0,0.19629689630973562,2,2.2662616599984133
2012-12-21,1.2442336613303158,0.0,0.1962842278538443,2,2.244636117376373
2012-12-24,1.246200272424355,0.0,0.2969883620286069,3,2.246222897233336
2012-12-26,1.2410560823423147,0.0,0.19308435903154753,2,2.2467102653322604
2012-12-27,1.245104093063302,0.0,0.19363844634286317,2,2.2524906776683404
2012-12-28,1.2485306362580597,0.0,0.1919265282594243,2,2.263484795248728
2013-01-02,1.2623447311665403,0.0,0.18714244036438998,2,2.3020775481984384
2013-01-03,1.263881599380388,0.0,0.1928035819313807,2,2.288827936392796
2013-01-04,1.261444890243378,0.0,0.1942360042056945,2,2.2803613324417142
2013-01-07,1.2616189316801718,0.0,0.09514851988365083,1,2.279579276655068
2013-01-08,1.2532572274280263,0.0,0.09513942701303028,1,2.264493533872083
2013-01-09,1.2519971116206,0.0,0.09700775024577328,1,2.2575457049269514
2013-01-10,1.2588913789382101,0.0,0.09519441163808562,1,2.2745355835382925
2013-01-11,1.254352129167423,0.0,0.09650394060263427,1,2.263054097858981
2013-01-14,1.260238101248007,0.0,0.09605321664857278,1,2.274807602942343
2013-01-15,1.2472148608138631,0.0,0.09721795101216053,1,2.2483990524657425
2013-01-16,1.24182893217676,0.0,0.09617743740304566,1,2.241269877251244
2013-01-17,1.246515987050625,0.0,0.20070539448540212,2,2.2376656201475704
2013-01-18,1.2544710896303024,0.0,0.30053600427311683,3,2.2530573847601127
2013-01-21,1.2552004954098563,0.0,0.30129061616958513,3,2.2519353047184034
2013-01-22,1.2603022494398912,0.0,0.30073568612939366,3,2.2628840857314487
2013-01-23,1.2431750050801238,0.0,0.2008089868173218,2,2.2446247832345376
2013-01-24,1.2339534517750164,0.0,0.20131305574401856,2,2.226569495290664
2013-01-25,1.2265105048621656,0.0,0.203742975791408,2,2.206406056965397
2013-01-28,1.221746964405157,0.0,0.20350457259279248,2,2.1984948259642523
2013-01-29,1.2252064201712802,0.0,0.29971679005583235,3,2.21691280644686
2013-01-30,1.2272911762140604,0.0,0.29787901301095804,3,2.226512824581487
2013-01-31,1.2228004634122054,0.0,0.29619372337776423,3,2.2236906232644595
2013-02-01,1.2225212544413773,0.0,0.29752205112807933,3,2.2189869544027476
2013-02-04,1.2225159591396533,0.0,0.2991623730423513,3,2.213795917442111
2013-02-05,1.2061461055364795,0.0,0.4963694077967277,5,2.196760702263428
2013-02-06,1.2022405170298693,0.0,0.49525209336550263,5,2.1945052080381737
2013-02-07,1.201150636433016,0.0,0.4959474044938802,5,2.189495517346904
2013-02-08,1.2120672058294901,0.0,0.4955405969545042,5,2.2111777306781217
2013-02-12,1.1998847633348024,0.0,0.4917535633730721,5,2.2053859842002064
2013-02-13,1.2218865889290265,0.0,0.4931384578520251,5,2.2397057656779515
2013-02-14,1.2212328184460732,0.0,0.3925381327347633,4,2.243718051887701
2013-02-15,1.2211397229158407,0.0,0.28999723750467477,3,2.2454975121558673
2013-02-18,1.2280898160781426,0.0,0.29375520334813204,3,2.246324904509855
2013-02-19,1.2387203582399966,0.0,0.29843122054789806,3,2.250767888109352
2013-02-20,1.257041688738557,0.0,0.29514530971703895,3,2.2947556925727373
2013-02-21,1.2505571606530839,0.0,0.2947868864240786,3,2.284078930963742
2013-02-22,1.2485196918194192,0.0,0.29234965530695584,3,2.288238561017353
2013-02-25,1.2439739089676176,0.0,0.29306005220093223,3,2.277618470117535
2013-02-26,1.2436093728581163,0.0,0.190966764620825,2,2.2668397012320214
2013-02-27,1.251128143350691,0.0,0.19420832778699396,2,2.271407360391708
2013-02-28,1.2721794336698469,0.0,0.19866469533374512,2,2.2968525088122953
2013-03-04,1.2607455205319027,0.0,0.29717003425741007,3,2.281732763603804
2013-03-05,1.263872527929784,0.0,0.29770397455999154,3,2.28565437667887
2013-03-06,1.2653412537684934,0.0,0.10128813366862023,1,2.2903353772569113
2013-03-07,1.2586246927582072,0.0,0.10379811821895374,1,2.2718153894977844
2013-03-08,1.2588207315324573,0.0,0.10321793888420716,1,2.273640186333292
2013-03-11,1.2583867469183403,0.0,0.10409821911153704,1,2.270625304605062
2013-03-12,1.251690652887774,0.0,0.10380590526399006,1,2.2592798286277755
2013-03-13,1.2549336989614694,0.0,0.10325640054544404,1,2.2665223452606287
2013-03-14,1.2571429124985551,0.0,0.30415577576773,3,2.269242539301137
2013-03-15,1.2501981966893247,0.0,0.6061280602015493,6,2.251527275612327
2013-03-18,1.2232069863545352,0.0,0.6011494437046984,6,2.230763127769781
2013-03-19,1.238276269095275,0.0,0.6039253788182234,6,2.242527966994979
2013-03-20,1.2299360137859834,0.0,0.6050990826839326,6,2.2208230853800908
2013-03-21,1.23181028254911,0.0,0.6074285473639172,6,2.211087057543438
2013-03-22,1.2294685284992952,0.0,0.6071062338281142,6,2.208695553616158
2013-03-25,1.238275940674544,0.0,0.6041034369319255,6,2.241519228371624
2013-03-26,1.2400057772542206,0.0,0.6034503002127832,6,2.248353715898401
2013-03-27,1.247464375209936,0.0,0.7041162003998319,7,2.2593931700461303
2013-03-28,1.250571842090417,0.0,0.7048395785468853,7,2.2594838431808135
2013-03-29,1.265164117555996,0.0,0.7055638824281912,7,2.2723707624477214
2013-04-01,1.2729550044060725,0.0,0.7086649699722402,7,2.26228337621417
2013-04-02,1.2709010568160894,0.0,0.7096327024496245,7,2.2511305806480864
2013-04-03,1.2810502415611533,0.0,0.9109323189965112,9,2.247809677090299
2013-04-04,1.2773618884262756,0.0,0.9117457464998057,9,2.2208684219474324
2013-04-05,1.254983267768938,0.0,0.9116490901861672,9,2.1843498169536093
2013-04-08,1.210055485523086,0.0,0.9087747753500994,9,2.1746704598261344
2013-04-09,1.2042787029221675,0.0,0.9082392427505835,9,2.176993958902402
2013-04-10,1.2206369903804224,0.0,0.7209191766828601,7,2.193813825386211
2013-04-11,1.2417672572033633,0.0,0.41074488732245457,4,2.209930975076222
2013-04-12,1.2488044781099827,0.0,0.618367909137664,6,2.180949574402974
2013-04-15,1.2563449454935105,0.0,0.7215157653556531,7,2.176665268789174
2013-04-16,1.2516850264397004,0.0,0.7202228242038109,7,2.178660077752213
2013-04-17,1.2507028032925511,0.0,0.7197656724420524,7,2.1805075428713914
2013-04-18,1.2435727987716563,0.0,0.7216427047517501,7,2.1535549535866894
2013-04-19,1.2425201429546122,0.0,0.8209564427014883,8,2.161137494474606
2013-04-22,1.2695086151234103,0.0,0.822965092803341,8,2.183307075904748
2013-04-23,1.2966774774010918,0.0,0.7160876191564969,7,2.1746024549751217
2013-04-24,1.2917855376467813,0.0,0.7125348572447463,7,2.1935078035566535
2013-04-25,1.2868525755561468,0.0,0.7138161578659681,7,2.211971120606603
2013-04-26,1.2930638008105597,0.0,0.7162182315723039,7,2.203991884754446
2013-04-29,1.3132789377591851,0.0,0.721141091373758,7,2.199616906005962
2013-04-30,1.3190704579364243,0.0,0.523659035088927,5,2.2259687857733854
2013-05-02,1.304556973942396,0.0,0.5200125587615302,5,2.218329574176291
2013-05-03,1.3062701128029124,0.0,0.5185602380040494,5,2.2279635947364245
2013-05-06,1.28783746488639,0.0,0.5127202898196874,5,2.223169252740029
2013-05-07,1.2960005061823607,0.0,0.5175495997365416,5,2.2150880096113523
2013-05-08,1.2941070488868651,0.0,0.6171476725806962,6,2.217468179396797
2013-05-09,1.3004244930903628,0.0,0.6145286219159489,6,2.243536705618334
2013-05-10,1.2825121908361887,0.0,0.5000954358962171,5,2.2042072334493197
2013-05-13,1.282562879999825,0.0,0.40715530088252616,4,2.2086842194743226
2013-05-14,1.2708210946278435,0.0,0.3954970488896481,4,2.2314998469890854
2013-05-15,1.2751239107807448,0.0,0.3967933202958534,4,2.2342540434551
2013-05-16,1.2809833789735143,0.0,0.39481596207595526,4,2.251878634009226
2013-05-20,1.27485582377435,0.0,0.2852777328609479,3,2.246914279885299
2013-05-21,1.2829078642513658,0.0,0.38953696050877445,4,2.245395504879348
2013-05-22,1.2951227075458085,0.0,0.5910376148206947,6,2.2598352015777126
2013-05-23,1.267925926469354,0.0,0.789703507748741,8,2.2319078760951614
2013-05-24,1.2591403712906672,0.0,0.7857485339033455,8,2.2367362205170638
2013-05-27,1.2803210538329566,0.0,0.887759789434423,9,2.2441260809937775
2013-05-28,1.2959294495945417,0.0,0.8887615979871338,9,2.2512099196409343
2013-05-29,1.2733503731905227,0.0,0.9883565800722288,10,2.26818846411044
2013-05-30,1.2528739067423853,0.0,0.9881727893477676,10,2.2669417085085404
2013-05-31,1.238655638629786,0.0,0.9880313451509941,10,2.268018451982908
2013-06-03,1.2074468948718096,0.0,0.9877924314601844,10,2.2550068571558106
2013-06-04,1.161818672082804,0.0,0.9873133849854308,10,2.254938852304798
2013-06-05,1.1408434839235493,0.0,0.9002847248839985,9,2.2205737342597107
2013-06-07,1.1314127363382152,0.0,0.9012672242172117,9,2.180518877013227
2013-06-10,1.1539173627543824,0.0,0.7957890335414378,8,2.190549592537601
2013-06-11,1.1675603577723295,0.0,0.8975231764546696,9,2.1769259540513892
2013-06-12,1.1693831613670318,0.0,0.9973301313692448,10,2.1647190832946084
2013-06-13,1.1703755206205941,0.0,0.997370357929503,10,2.1339128857858527
2013-06-14,1.1582068341458986,0.0,0.9973335414630263,10,2.1412914121207316
2013-06-17,1.1237241744205797,0.0,0.9972606502463197,10,2.1343322490337644
2013-06-18,1.141485035989576,0.0,0.8971795584711189,9,2.1541896655294743
2013-06-19,1.1419153428096183,0.0,0.7085054884653093,7,2.1402373369300345
2013-06-20,1.1182174173989248,0.0,0.5096669392266635,5,2.097371612508359
2013-06-21,1.0965341783278273,0.0,0.408581242399848,4,2.0660213761915016
2013-06-24,1.074741266425964,0.0,0.2999143463327233,3,2.0390234503394575
2013-06-25,1.059793379887977,0.0,0.29729343805804914,3,2.018191297645899
2013-06-26,1.0651974458740217,0.0,0.19647796772460233,2,2.021387525643496
2013-06-27,1.0933553214649898,0.0,0.19467588197893348,2,2.0794750025501822
2013-06-28,1.111507280552352,0.0,0.1954702623256817,2,2.1119133164832427
2013-07-01,1.1094183815944918,0.0,0.19723875266577184,2,2.1033107028301354
2013-07-02,1.1082075748728748,0.0,0.29705657520948536,3,2.1025059787598184
2013-07-03,1.0879611084533434,0.0,0.2956938644895811,3,2.0680955241473895
2013-07-04,1.0961420356579614,0.0,0.2954029048943014,3,2.084507361525122
2013-07-05,1.0953007200058489,0.0,0.29709695424169746,3,2.0778995568350545
2013-07-08,1.083367738461666,0.0,0.3016118454419651,3,2.059243559373902
2013-07-09,1.089884018049494,0.0,0.19638042636014702,2,2.074544650851761
2013-07-10,1.0875872936440265,0.0,0.19740684751085674,2,2.0675288170556168
2013-07-11,1.1160350969584112,0.0,0.1949518228558596,2,2.1280984710242663
2013-07-12,1.1144703568554233,0.0,0.19709329057203448,2,2.1194618549456528
2013-07-15,1.1241542873133634,0.0,0.2018049025570993,2,2.1253329404164165
2013-07-16,1.1211642057655589,0.0,0.20343202740977018,2,2.1153588956012195
2013-07-17,1.1335700649084215,0.0,0.2032300661153375,2,2.1393079372995274
2013-07-18,1.1282619987209639,0.0,0.20457520761588477,2,2.125695632955151
2013-07-19,1.1232708524428252,0.0,0.20277464406839985,2,2.1210826372281226
2013-07-22,1.1265914932633139,0.0,0.2013272376273777,2,2.1312153600290156
2013-07-23,1.1371224071258006,0.0,0.19870840651605504,2,2.1581906175973886
2013-07-24,1.1409017235130317,0.0,0.19803674565867832,2,2.167178592072901
2013-07-25,1.139107726757755,0.0,0.19781131969434992,2,2.1643790590395446
2013-07-26,1.1369274434155598,0.0,0.1957679016446393,2,2.165739156059799
2013-07-29,1.1380577321105658,0.0,0.09962597884086513,1,2.1533622731754867
2013-07-30,1.1447922579653802,0.0,0.09683822371907383,1,2.17281166056512
2013-07-31,1.1434146360593949,0.0,0.09717456448738879,1,2.169388749730814
2013-08-01,1.1477900075592482,0.0,0.0974631689025115,1,2.176993958902402
2013-08-02,1.1505242693335032,0.0,0.0,0,2.179986172346961
2013-08-05,1.1462413123679385,0.0,0.0,0,2.171870926792778
2013-08-06,1.1404988002353376,0.0,0.0,0,2.160990150630745
2013-08-07,1.1235763347945797,0.0,0.0,0,2.1289258633782544
2013-08-08,1.1269500606724827,0.0,0.0,0,2.135318319373449
2013-08-09,1.124999999260787,0.0,0.0,0,2.131623389135092
2013-08-12,1.127464494051028,0.0,0.0,0,2.1362930555712976
2013-08-13,1.144333123440543,0.0,0.0,0,2.168255335547269
2013-08-14,1.1508413038574905,0.0,0.0,0,2.1805868818642398
2013-08-16,1.1485682261383359,0.0,0.0,0,2.176279907966768
2013-08-19,1.1470907256208855,0.0,0.0,0,2.173480374933412
2013-08-20,1.129270992659409,0.0,0.0,0,2.139715966405604
2013-08-21,1.1170741361611036,0.0,0.0,0,2.1166056512031193
2013-08-22,1.1061035452744477,0.0,0.0,0,2.0958188350769023
2013-08-23,1.1186892176983978,0.0,0.0,0,2.119665869498691
2013-08-26,1.1292769744428803,0.0,0.0,0,2.139727300547439
2013-08-27,1.1280686541816456,0.0,0.0,0,2.137437803896678
2013-08-28,1.1248235859259186,0.0,0.0982361519161204,1,2.1359416971743985
2013-08-29,1.1385950789769144,0.0,0.09826103793930367,1,2.1620328916796065
2013-08-30,1.1514928623509812,0.0,0.09956434172270948,1,2.1833637466139253
2013-09-02,1.1499651388643553,0.0,0.09909359378637357,1,2.18160695462943
2013-09-03,1.1540810309593632,0.0,0.09814179291332852,1,2.191728343288488
2013-09-04,1.1521778549379291,0.0,0.09698377372691137,1,2.190923619218171
2013-09-05,1.160125251512815,0.0,0.09453109666149417,1,2.212027791315781
2013-09-06,1.1630626184963277,0.0,0.09512412898738519,1,2.2161760872275558
2013-09-09,1.173622788811017,0.0,0.09438735442128787,1,2.238118985820989
2013-09-10,1.181567989635694,0.0,0.09164421002199394,1,2.260095886839928
2013-09-11,1.187254006512739,0.0,0.09155623433727224,1,2.2711920116968343
2013-09-12,1.1912395157604798,0.0,0.09450071397291418,1,2.271430028675379
2013-09-13,1.1854434330388883,0.0,0.09449574961822352,1,2.2603905745276496
2013-09-16,1.193345463629137,0.0,0.09189955099563718,1,2.2819821147241837
2013-09-17,1.186801115522009,0.0,0.09042497293085502,1,2.2731528182343674
2013-09-23,1.1896930055374169,0.0,0.09090318814826434,1,2.2774937945573455
2013-09-24,1.1873424318317138,0.0,0.09015061402438401,1,2.274875607793356
2013-09-25,1.1835839743073413,0.0,0.09137238207735263,1,2.264629543574108
2013-09-26,1.1891217015231674,0.0,0.09141243146005093,1,2.275124958913736
2013-09-27,1.192338334202756,0.0,0.0,0,2.280202654456018
2013-09-30,1.1815377539434435,0.0,0.09867324876127903,1,2.263382787972209
2013-10-01,1.179656936696212,0.0,0.09637274272801208,1,2.26554760906278
2013-10-02,1.1782983118589756,0.0,0.09505927036493458,1,2.266227657572907
2013-10-04,1.1743762338994244,0.0,0.09316774282857046,1,2.26340545625588
2013-10-07,1.1724044475098963,0.0,0.19300735355400628,2,2.2605039159460043
2013-10-08,1.177679173906815,0.0,0.19326234607490625,2,2.26995659023677
2013-10-10,1.178236042122858,0.0,0.1941912001630211,2,2.268415146947149
2013-10-11,1.1900492780095417,0.0,0.29322552343649005,3,2.295050380260459
2013-10-14,1.1881446243217184,0.0,0.39404212794162635,4,2.289802672590645
2013-10-15,1.1926589589736927,0.0,0.39015349003392635,4,2.313253012048193
2013-10-16,1.1921813751326011,0.0,0.4916317185398588,5,2.3060558319826816
2013-10-17,1.203574328004144,0.0,0.49495892729189667,5,2.312856317083952
2013-10-18,1.204595655517064,0.0,0.4924716372516518,5,2.326219270307949
2013-10-21,1.2162248667523357,0.0,0.497175083648115,5,2.3269106529599113
2013-10-22,1.2200387907178256,0.0,0.49798762577442746,5,2.3304355710707365
2013-10-23,1.2053342297805394,0.0,0.4968974051173693,5,2.307347924151923
2013-10-24,1.215085107149557,0.0,0.4982527814302616,5,2.319747475319906
2013-10-25,1.207272695120556,0.0,0.5987992489343145,6,2.3058064808623016
2013-10-28,1.2109008218198711,0.0,0.5972978310568816,6,2.3213909258860466
2013-10-29,1.2214829214189322,0.0,0.5139746254396744,5,2.3254938852304803
2013-10-30,1.2087409361592911,0.0,0.5069792258350716,5,2.3343571841458024
2013-10-31,1.188759897119764,0.0,0.5058703319452574,5,2.3009327998730575
2013-11-01,1.1908301908488554,0.0,0.5044623907097495,5,2.3115075542055337
2013-11-04,1.198321733352694,0.0,0.4144976875183437,4,2.295356402090016
2013-11-05,1.1967467676023644,0.0,0.4169810465619139,4,2.282616826666969
2013-11-06,1.2131842228672571,0.0,0.4249546294550326,4,2.2823221389792474
2013-11-07,1.214218171184627,0.0,0.3852557968112928,4,2.271407360391708
2013-11-08,1.2092523938253217,0.0,0.29565589580377527,3,2.2496798104931486
2013-11-11,1.1993553055751018,0.0,0.2925520744909817,3,2.2410998651237124
2013-11-12,1.2071482805057614,0.0,0.20553260141266155,2,2.261705334980562
2013-11-13,1.1900166393437144,0.0,0.20698671370487626,2,2.2255267542418027
2013-11-14,1.194723555404782,0.0,0.20850189466694852,2,2.230060410975983
2013-11-15,1.2108597464431334,0.0,0.30467085620105,3,2.27322082308538
2013-11-18,1.2068670993276926,0.0,0.3005722158281112,3,2.279080574414308
2013-11-19,1.2237082765113136,0.0,0.5027352467980275,5,2.3026895918575527
2013-11-20,1.2127625225329721,0.0,0.501803556361319,5,2.2863684276145033
2013-11-21,1.2018327671719424,0.0,0.3952842131904487,4,2.259778530868535
2013-11-22,1.2050535501497686,0.0,0.39313444836980643,4,2.273889537453672
2013-11-25,1.2040757052018014,0.0,0.3896899275627052,4,2.2849403257432366
2013-11-26,1.214249559121975,0.0,0.39280421363366486,4,2.2924888642056467
2013-11-27,1.2223140272013395,0.0,0.39497030140431816,4,2.2994820297181198
2013-11-28,1.231148703070386,0.0,0.3942904715348744,4,2.3187047342710447
2013-11-29,1.2296550898648115,0.0,0.39382153499321415,4,2.317684661505854
2013-12-02,1.2219810651052354,0.0,0.49435197468293884,5,2.3017148556597036
2013-12-03,1.2051733367281525,0.0,0.4927078380525631,5,2.2774371238481677
2013-12-04,1.195955407454081,0.0,0.40318703049884264,4,2.2518672998673908
2013-12-05,1.192518842151335,0.0,0.40207869969869015,4,2.2495664690747943
2013-12-06,1.1914296939040874,0.0,0.4028467797653236,4,2.2446247832345376
2013-12-09,1.1949518172222384,0.0,0.39860308280487405,4,2.267259064479933
2013-12-10,1.1876209442620342,0.0,0.6982782720441594,7,2.2594045041879656
2013-12-11,1.1786033848000304,0.0,0.7987879051787296,8,2.2418592526266874
2013-12-12,1.1675629785351669,0.0,0.690314735882553,7,2.2304797742238947
2013-12-13,1.1722331850245862,0.0,0.692335359772513,7,2.2247900350224983
2013-12-16,1.1663001197592384,0.0,0.5923262578789068,6,2.2227952260594592
2013-12-17,1.1781337124878586,0.0,0.6943936912565193,7,2.227997597161931
2013-12-18,1.1859848856159814,0.0,0.6950438470382365,7,2.238073649253647
2013-12-19,1.1871992016556938,0.0,0.6951984039705486,7,2.239229731720863
2013-12-20,1.1948475330942014,0.0,0.6959691224012967,7,2.24795702093416
2013-12-23,1.1913469436310002,0.0,0.7942451323777451,8,2.263303448979361
2013-12-24,1.1972212394372357,0.0,0.7947727901102583,8,2.2686304956420225
2013-12-26,1.194337173335027,0.0,0.7945125762390085,8,2.2660349771617043
2013-12-27,1.200475574444406,0.0,0.7952585793451542,8,2.2694125514286685
2013-12-30,1.2074841555691205,0.0,0.7895655764703121,8,2.279681283931587
2014-01-02,1.1842946464655844,0.0,0.9909837076872924,10,2.2296410477280713
2014-01-03,1.1759718767982406,0.0,0.9910170582275307,10,2.2057826791644475
2014-01-06,1.1778520479553134,0.0,0.9909984934213613,10,2.2138752564349593
2014-01-07,1.1937925467655228,0.0,0.991090680210296,10,2.220857087805597
2014-01-08,1.1994487471598503,0.0,0.9911348657979221,10,2.2203130489974954
2014-01-09,1.1992243251446428,0.0,0.6815759262139157,7,2.2057486767389407
2014-01-10,1.190199449502531,0.0,0.5807761126253546,6,2.1971687313695045
2014-01-13,1.1847799954095883,0.0,0.5766034656317509,6,2.2089335705947026
2014-01-14,1.170013973336188,0.0,0.5718870072551823,6,2.205703340171599
2014-01-15,1.1849659268870019,0.0,0.48992334268717247,5,2.2138752564349593
2014-01-16,1.189557786915352,0.0,0.5041703736082223,5,2.218454249736481
2014-01-17,1.175691741655922,0.0,0.5016135845407558,5,2.2039012116197623
2014-01-20,1.1842466948582526,0.0,0.6026112067384853,6,2.2144419635267316
2014-01-21,1.1863238455416534,0.0,0.6012542787161353,6,2.2259007809223728
2014-01-22,1.1901958941594983,0.0,0.4869897706071018,5,2.2333019755409222
2014-01-23,1.1772074718262533,0.0,0.48733910451953383,5,2.2074261297305875
2014-01-24,1.1684128912609875,0.0,0.5858914290718185,6,2.1994582280202657
2014-01-27,1.1526690462163502,0.0,0.5867722080418316,6,2.1652064513935327
2014-01-28,1.156960195366535,0.0,0.4792348265216541,5,2.172675650863095
2014-01-29,1.1835502010159185,0.0,0.3970256153928921,4,2.2001269423885574
2014-02-03,1.1675666836302971,0.0,0.5965352963428484,6,2.176109895839237
2014-02-04,1.150959751753588,0.0,0.6976814165886015,7,2.1385825522220583
2014-02-05,1.151282046260932,0.0,0.6970500482481221,7,2.143648913622505
2014-02-06,1.1662712563582849,0.0,0.6983235810536969,7,2.1624295866438477
2014-02-07,1.1821247717620655,0.0,0.7000902153757539,7,2.1789887678654414
2014-02-10,1.1756691390035146,0.0,0.6983179170082331,7,2.179895499212277
2014-02-11,1.1689502643873415,0.0,0.7959201209293301,8,2.1898242074601324
2014-02-12,1.1725000886139791,0.0,0.7961399212341285,8,2.1941085130739326
2014-02-13,1.168010433963676,0.0,0.7962950465684611,8,2.1840437951240523
2014-02-14,1.1773382977404474,0.0,0.7020460020722276,7,2.199140872048873
2014-02-17,1.1814659345013516,0.0,0.7021565538171081,7,2.206032030284827
2014-02-18,1.1782816996930352,0.0,0.6011432385277066,6,2.2066554080857768
2014-02-19,1.174900827336839,0.0,0.6008132110828541,6,2.2021444196352675
2014-02-20,1.169604522007135,0.0,0.601556515104322,6,2.18813542032665
2014-02-21,1.175870820861637,0.0,0.5980837359287069,6,2.2190322909700892
2014-02-24,1.1801004444791086,0.0,0.5029436625274163,5,2.2090809144385632
2014-02-25,1.188433896463351,0.0,0.5024254141559861,5,2.227000192680411
2014-02-26,1.1949621983789542,0.0,0.8029653796747611,8,2.233698670505163
2014-02-27,1.1977071070871945,0.0,0.6995651707856029,7,2.242380623151118
2014-02-28,1.2136870170537657,0.0,0.4985890924716015,5,2.2441487492774486
2014-03-03,1.2054685419103608,0.0,0.4976335533418807,5,2.226807512269209
2014-03-04,1.200830543365977,0.0,0.49840897945451934,5,2.2148159902073012
2014-03-05,1.2075316723866312,0.0,0.5971657892434619,6,2.234231375171429
2014-03-06,1.223955212218145,0.0,0.6016881185255368,6,2.239195729295356
2014-03-07,1.2207052642984126,0.0,0.6008176931789406,6,2.238130319962824
2014-03-10,1.2089703187051288,0.0,0.49678226715299295,5,2.2151673486042007
2014-03-11,1.219778152863249,0.0,0.49882942723508056,5,2.2258781126387017
2014-03-12,1.1924237668054944,0.0,0.5963019525312692,6,2.1903682462682337
2014-03-13,1.2034744934628419,0.0,0.5996280126768465,6,2.192453728365957
2014-03-14,1.1889505011755857,0.0,0.5977707816229284,6,2.176041890988224
2014-03-17,1.184669851264918,0.0,0.594713077358595,6,2.184689841208673
2014-03-18,1.1912912546147552,0.0,0.5943144249670637,6,2.1990615330560246
2014-03-19,1.2024558475496643,0.0,0.598605239990115,6,2.196193995171656
2014-03-20,1.2000747313315872,0.0,0.6015781654663503,6,2.1756111935984768
2014-03-21,1.207540135067741,0.0,0.6008604999182502,6,2.1930884403087423
2014-03-24,1.213736542566351,0.0,0.6007207422001106,6,2.2051139647961553
2014-03-25,1.19728418824364,0.0,0.3014170587558113,3,2.2002402838069117
2014-03-26,1.2072551154730071,0.0,0.298956885696604,3,2.2263768148794614
2014-03-27,1.2156792915382137,0.0,0.2989734985092631,3,2.2418592526266874
2014-03-28,1.2169711054561942,0.0,0.1938766263800643,2,2.245293497602829
2014-03-31,1.2164741795748213,0.0,0.19167062543416066,2,2.250518536988972
2014-04-01,1.2190467294072658,0.0,0.19171565736119098,2,2.257738385338154
2014-04-02,1.2208276550019068,0.0,0.2909709763078679,3,2.263711478085437
2014-04-03,1.2080332930896993,0.0,0.5877337847422593,6,2.259687857733852
2014-04-04,1.2029216418403732,0.0,0.687584505642364,7,2.253329404164164
2014-04-07,1.1943107540036533,0.0,0.6850771889642863,7,2.2551542009996717
2014-04-08,1.1873385801619833,0.0,0.5905073826251909,6,2.2589284702308765
2014-04-09,1.1862337564058554,0.0,0.5889085231208782,6,2.2656382821974637
2014-04-10,1.2021482942159296,0.0,0.691945080610838,7,2.276587063210509
2014-04-11,1.2036727967487915,0.0,0.8931505192790771,9,2.2639268267803105
2014-04-14,1.193518883766973,0.0,0.8922641510382161,9,2.2634507928232215
2014-04-15,1.1951017608845462,0.0,0.8926627590590798,9,2.258067075451382
2014-04-16,1.1874762912292793,0.0,0.9928777162508576,10,2.2579990706003694
2014-04-17,1.1680627695356498,0.0,0.9927599234707624,10,2.2578177243310025
2014-04-18,1.1796695613107973,0.0,0.992787146310913,10,2.2716793797957586
2014-04-21,1.1716976097178233,0.0,0.9927564052164072,10,2.2659443040270206
2014-04-22,1.1796099437094254,0.0,0.9927869977070326,10,2.271611374944746
2014-04-23,1.1762941364590433,0.0,0.9927805601222045,10,2.2672477303380973
2014-04-24,1.165048963979084,0.0,0.9927182744366803,10,2.264946899545501
2014-04-25,1.153487010579878,0.0,0.992743479592271,10,2.234707409128518
2014-04-28,1.1509718207009132,0.0,0.8880490344841874,9,2.23198721508801
2014-04-29,1.1561907371811588,0.0,0.8898152272680317,9,2.226898185403892
2014-04-30,1.15343893092091,0.0,0.5921400893920646,6,2.223520611136928
2014-05-02,1.1583617879741435,0.0,0.5986052735123494,6,2.220857087805597
2014-05-07,1.150863846660389,0.0,0.6000231703141885,6,2.198687506375455
2014-05-08,1.1636237240913638,0.0,0.602223091331016,6,2.210837706423058
2014-05-09,1.1629786410750742,0.0,0.7011541719489489,7,2.2175815208151515
2014-05-12,1.1580365952101215,0.0,0.5914135716583682,6,2.2270908658150947
2014-05-13,1.171631798803292,0.0,0.38682821878405954,4,2.247480986977071
2014-05-14,1.186255139949057,0.0,0.4860090457028725,5,2.279103242697979
2014-05-15,1.1711734262837474,0.0,0.479553267710671,5,2.2783891917623458
2014-05-16,1.1626407270326995,0.0,0.37898932626384196,4,2.282061453717032
2014-05-19,1.1615057608903985,0.0,0.3778576573699755,4,2.283988257829059
2014-05-20,1.1694267081060445,0.0,0.38326142536884306,4,2.2795906107969035
2014-05-21,1.1721453971863158,0.0,0.3855882764887697,4,2.2762697072391163
2014-05-22,1.180390392499499,0.0,0.3876743761863191,4,2.284498294211654
2014-05-23,1.1829261742006287,0.0,0.3885080223161522,4,2.2862890886216554
2014-05-26,1.1802630676879715,0.0,0.3892003756445031,4,2.2785592038898774
2014-05-27,1.170796031920374,0.0,0.38815739645197733,4,2.2641421754751843
2014-05-28,1.1743477479416256,0.0,0.3840747586210177,4,2.286164413061465
2014-05-29,1.1801726592929147,0.0,0.3834271900952623,4,2.2807240249804486
2014-05-30,1.1704317247228209,0.0,0.4837966382871973,5,2.2611159596051187
2014-06-02,1.1672377233741833,0.0,0.38091894596995146,4,2.2690951954572762
2014-06-03,1.1754910877487246,0.0,0.38325132682793367,4,2.2765303925013316
2014-06-05,1.1654739841938135,0.0,0.38200131524926373,4,2.261705334980562
2014-06-09,1.1632524007281373,0.0,0.3924331112581332,4,2.2555395618220766
2014-06-10,1.17414865175267,0.0,0.3914896501778101,4,2.280202654456018
2014-06-11,1.1850246255891872,0.0,0.5954403427454116,6,2.2834555531627925
2014-06-12,1.18193041113205,0.0,0.595369697188689,6,2.2800326423284862
2014-06-13,1.1735835783161135,0.0,0.596705401603896,6,2.256457627310748
2014-06-16,1.1678226147258997,0.0,0.594158125581583,6,2.259563182173662
2014-06-17,1.1610051411861964,0.0,0.5901450446411084,6,2.268585159074681
2014-06-18,1.16202934481179,0.0,0.5929736225118366,6,2.254916184021127
2014-06-19,1.1675870429860744,0.0,0.6944449891217904,7,2.2577950560473314
2014-06-20,1.177917803080927,0.0,0.7992179692130131,8,2.230638452209591
2014-06-23,1.1723001821499128,0.0,0.7975536446801409,8,2.238402339366875
2014-06-24,1.1648818874100906,0.0,0.7942599827067818,8,2.260424576953156
2014-06-25,1.1469474659490748,0.0,0.7923609608097316,8,2.2461662265241586
2014-06-26,1.1521805250081487,0.0,0.7919189449210361,8,2.2612179668816377
2014-06-27,1.1232869058960155,0.0,0.902003042353323,9,2.253805438121253
2014-06-30,1.1390017959134617,0.0,0.7974684218799881,8,2.2693332124358205
2014-07-01,1.153171257283225,0.0,0.8002777203506164,8,2.2656949529066406
2014-07-02,1.157128118532738,0.0,0.8997174571843221,9,2.284146935814755
2014-07-03,1.1703956359838712,0.0,0.9010662917011882,9,2.2792619206836755
2014-07-04,1.2068329866841263,0.0,0.7971439649132134,8,2.2777771481032314
2014-07-07,1.2170273734495534,0.0,0.7992976123954048,8,2.2726314477099367
2014-07-08,1.2252080428994059,0.0,0.6148902255697638,6,2.274376905552596
2014-07-09,1.232273362170397,0.0,0.5053549645609902,5,2.2673950741819584
2014-07-10,1.2283030614312749,0.0,0.5031756403106156,5,2.270047263371454
2014-07-11,1.2360562336348717,0.0,0.5097676809906474,5,2.2540661233834682
2014-07-14,1.2514845480568169,0.0,0.5145598596009946,5,2.25989187228689
2014-07-15,1.2479082336529124,0.0,0.5085686350155405,5,2.2812453955048793
2014-07-16,1.2384763303420077,0.0,0.4013133966636773,4,2.2821067902843737
2014-07-17,1.2383451688253515,0.0,0.3024735436863867,3,2.290516723526278
2014-07-18,1.237776600609895,0.0,0.3026642034636367,3,2.2888392705346314
2014-07-21,1.2308760673313262,0.0,0.2990742725913002,3,2.28779652948577
2014-07-22,1.2334941656461522,0.0,0.29694785296167037,3,2.2996180394201455
2014-07-23,1.227884060242865,0.0,0.2939480023028603,3,2.2989266567681828
2014-07-24,1.2107730919257635,0.0,0.18864493458354148,2,2.296999852656156
2014-07-25,1.2177378103563417,0.0,0.19040742371876107,2,2.305194437203187
2014-07-28,1.2050131184292465,0.0,0.2778478081554282,3,2.322150313389022
2014-07-29,1.2089699109705327,0.0,0.19662676503714557,2,2.337066044044475
2014-07-30,1.2164656158020615,0.0,0.19358495773218548,2,2.360459712792846
2014-07-31,1.2216025487896727,0.0,0.19947844444531065,2,2.3531038547416383
2014-08-01,1.2194136506025717,0.0,0.29930490349229033,3,2.349680943907332
2014-08-04,1.2247632672152093,0.0,0.2999021457248641,3,2.3579775357308823
2014-08-05,1.2134657530176005,0.0,0.3987588171251208,4,2.341928390891884
2014-08-06,1.222593613583518,0.0,0.6034075010112544,6,2.3356606104568796
2014-08-07,1.2053867903141477,0.0,0.5989603091581898,6,2.328610774235229
2014-08-08,1.1853848618094638,0.0,0.5968399832318548,6,2.3020775481984384
2014-08-11,1.1830799675009032,0.0,0.594409801996218,6,2.311450883496356
2014-08-12,1.1871582089837172,0.0,0.6948104150653042,7,2.3138310532818007
2014-08-13,1.2201144925489078,0.0,0.7982793137438424,8,2.337508075576058
2014-08-14,1.2284485212164735,0.0,0.7995642788309121,8,2.3384828117739063
2014-08-18,1.2184850946206738,0.0,0.8991707101883404,9,2.3270466626619366
2014-08-19,1.2310703818268562,0.0,0.8993260627293632,9,2.3474594521075836
2014-08-20,1.2487022229796838,0.0,0.9006690006123226,9,2.3493182513685977
2014-08-21,1.247073245160047,0.0,0.7922116713737117,8,2.3169366081447142
2014-08-22,1.2721618819326421,0.0,0.7950649827073484,8,2.3310929512971925
2014-08-25,1.286977782368497,0.0,0.6832787864882037,7,2.3358419567262465
2014-08-26,1.2965183018567137,0.0,0.684517137062409,7,2.34395720228043
2014-08-27,1.2953798168463049,0.0,0.6831893925588597,7,2.3517550918632195
2014-08-28,1.2815974178427885,0.0,0.7806683436048685,8,2.3526958256355623
2014-08-29,1.274508731468964,0.0,0.6774636093139114,7,2.3445125752303664
2014-09-01,1.2762693559350011,0.0,0.6780144335162429,7,2.343741853585556
2014-09-02,1.288440811383477,0.0,0.5646644335106671,6,2.325289870677442
2014-09-03,1.2806186378994189,0.0,0.3822982741131466,4,2.3248591732876944
2014-09-04,1.2850797816027162,0.0,0.4831728174673535,5,2.330594249056433
2014-09-05,1.2933442424171984,0.0,0.4881860395810583,5,2.3228303618991486
2014-09-11,1.2812080040620526,0.0,0.487182452194816,5,2.305545795600086
2014-09-12,1.2633349156672784,0.0,0.4795800123368409,5,2.3142730848133835
2014-09-15,1.2477787552450983,0.0,0.3850222508523665,4,2.307427263144771
2014-09-16,1.2576954772132016,0.0,0.38774340193124984,4,2.315474503847941
2014-09-17,1.2733953688404454,0.0,0.3900832509498919,4,2.3377914291219444
2014-09-18,1.2732021244493321,0.0,0.5933631562342273,6,2.3209375602126285
2014-09-19,1.2833580652097485,0.0,0.6951373492896257,7,2.327828718448583
2014-09-22,1.2799805759002898,0.0,0.8964021634043913,9,2.3113375420780016
2014-09-23,1.282038952255123,0.0,0.8970939526394643,9,2.2995953711364745
2014-09-24,1.292450588149456,0.0,0.9973745385495777,10,2.307223248591733
2014-09-25,1.3076267089551206,0.0,0.9974069596756724,10,2.305489124890909
2014-09-26,1.3039003422410567,0.0,0.9974027068275296,10,2.3026895918575527
2014-09-29,1.3008729933935277,0.0,0.9068120083825641,9,2.2969771843724853
2014-09-30,1.3028247715763634,0.0,0.9072505116479136,9,2.289598658037607
2014-10-01,1.2938897195684007,0.0,0.9079299068232707,9,2.2572396830973944
2014-10-02,1.3113323302619708,0.0,0.9098561407902944,9,2.239807772954471
2014-10-06,1.2913452359994904,0.0,0.9088208379545544,9,2.231001144748326
2014-10-07,1.2879903935255426,0.0,0.8004004039418238,8,2.2361241768579494
2014-10-08,1.2878858162165896,0.0,0.8011592225614731,8,2.227442224211994
2014-10-10,1.2688568408018406,0.0,0.8006758055777652,8,2.1998662571263417
2014-10-13,1.2440850317787024,0.0,0.789027315234684,8,2.1843271486699387
2014-10-14,1.2386739744900135,0.0,0.7878814009633558,8,2.1866393136043705
2014-10-15,1.2423678257346356,0.0,0.7888782162832062,8,2.18285371023133
2014-10-16,1.2512241888949867,0.0,0.6926966785201744,7,2.1748291378118307
2014-10-17,1.2425439933104148,0.0,0.5968926642308529,6,2.1542350020968164
2014-10-20,1.2500980295112916,0.0,0.49526175146488427,5,2.187557379093042
2014-10-21,1.2479977972307887,0.0,0.4165393299118715,4,2.1708055174602454
2014-10-22,1.2730430029614759,0.0,0.5209518354249241,5,2.1953892711013387
2014-10-23,1.2746958853081534,0.0,0.5136728283995209,5,2.189359507644879
2014-10-24,1.2563256876180842,0.0,0.7106451916950836,7,2.18260435911095
2014-10-27,1.2600861685125504,0.0,0.7105678958108177,7,2.1897222001836134
2014-10-28,1.2491548072344023,0.0,0.8099194371769739,8,2.1825930249691146
2014-10-29,1.2249697375440893,0.0,0.9064456034767739,9,2.22281789434313
2014-10-30,1.2087862101670797,0.0,0.9053013603158083,9,2.220279046571989
2014-10-31,1.1960587683036936,0.0,0.9040249473896484,9,2.226512824581487
2014-11-03,1.1833429764788637,0.0,0.9035595440879641,9,2.2135238980380603
2014-11-04,1.1697899621451902,0.0,0.9033303734270804,9,2.1933717938546287
2014-11-05,1.1813304589671554,0.0,0.9044607360208314,9,2.189110156524499
2014-11-06,1.1414087951163225,0.0,0.9008606376048255,9,2.1948338981514017
2014-11-07,1.1365838597582016,0.0,0.797078234156697,8,2.198676172233619
2014-11-10,1.1150112159829697,0.0,0.791194490198345,8,2.2194856566435073
2014-11-11,1.13114937964479,0.0,0.7936721614569192,8,2.2248920422990173
2014-11-12,1.1328932009639896,0.0,0.7935416322641382,8,2.229731720862755
2014-11-13,1.1197331175572234,0.0,0.7924454591567108,8,2.22206984098199
2014-11-14,1.0996678114794085,0.0,0.9927078815351512,10,2.204649264980902
2014-11-17,1.0802037477247277,0.0,0.8930358410770702,9,2.2029378095637493
2014-11-18,1.0948027114661438,0.0,0.7783812125651649,8,2.2294370331750333
2014-11-19,1.1059768794633662,0.0,0.6864563797300685,7,2.229278355189337
2014-11-20,1.0817084497711127,0.0,0.7021115435521982,7,2.2192703079486336
2014-11-21,1.0804195379958403,0.0,0.7007204112967523,7,2.2269775243967405
2014-11-24,1.0811882198959535,0.0,0.6064774755487812,6,2.242505298711308
2014-11-25,1.0803817692414652,0.0,0.7073723583018124,7,2.2443981003978286
2014-11-26,1.0821567388780726,0.0,0.8078540400762179,8,2.245112151333462
2014-11-27,1.0636311869975799,0.0,0.8043840172354079,8,2.246528919062893
2014-11-28,1.0799959810853725,0.0,0.8074754436848093,8,2.2450441464824493
2014-12-01,1.076108160669996,0.0,0.8082977197561827,8,2.2274082217864875
2014-12-02,1.0894928087669682,0.0,0.8105940496017249,8,2.22809960443845
2014-12-03,1.0852708114419412,0.0,0.9102480162421588,9,2.232723934307314
2014-12-04,1.0975175934129535,0.0,0.9104971384204861,9,2.251651951172517
2014-12-05,1.091334378701275,0.0,0.9099895855690986,9,2.2516632853143523
2014-12-08,1.087575916165615,0.0,0.9100272418760776,9,2.242969998526562
2014-12-09,1.071703275312828,0.0,0.909063791373452,9,2.233902685058201
2014-12-10,1.0576294097701333,0.0,0.8062329637129841,8,2.205125298937991
2014-12-11,1.0447515215186518,0.0,0.5791455738169485,6,2.1722902900406895
2014-12-12,1.0527495963035713,0.0,0.5812272055034127,6,2.1780933706604406
2014-12-15,1.0493360592624454,0.0,0.5801600635254209,6,2.1765632615126544
2014-12-16,1.0367562293965709,0.0,0.5786571432449736,6,2.158167949313718
2014-12-17,1.0457215579149532,0.0,0.3810046063891259,4,2.153668295005044
2014-12-18,1.038697611468162,0.0,0.5794699603146837,6,2.150653413276814
2014-12-19,1.0444931402374227,0.0,0.5746449542299316,6,2.1874667059583586
2014-12-22,1.040220175101629,0.0,0.3921942710664544,4,2.202359768330141
2014-12-23,1.0368353751983541,0.0,0.29273682033292214,3,2.1977127701776062
2014-12-24,1.0437651135632742,0.0,0.3946268500879433,4,2.206315383830713
2014-12-26,1.0435721186824898,0.0,0.39403277313724105,4,2.208072175815208
2014-12-29,1.0321404872201583,0.0,0.49393682761984026,5,2.1850638678892427
2014-12-30,1.0287124132889278,0.0,0.5950159764730659,6,2.1711568758571445
2015-01-02,1.0397206374140544,0.0,0.6003360616495158,6,2.183454419748609
2015-01-05,1.0494925948259985,0.0,0.6062545062854804,6,2.171338222126512
2015-01-06,1.0407329556986191,0.0,0.6098422092696493,6,2.1335955298144604
2015-01-07,1.033074820741633,0.0,0.6066618480223709,6,2.1351596413877525
2015-01-08,1.0389291937078378,0.0,0.6045556527498919,6,2.1587573246891614
2015-01-09,1.0430552466355005,0.0,0.7024203616253454,7,2.1814822790692405
2015-01-12,1.045342723729208,0.0,0.7036500641629223,7,2.177231975880946
2015-01-13,1.0352909358877236,0.0,0.7013662456319755,7,2.1729136678416396
2015-01-14,1.0513276587631024,0.0,0.7064553521741319,7,2.1689693864829027
2015-01-15,1.0532126452503277,0.0,0.7069072259581255,7,2.1695134252910044
2015-01-16,1.0548936700812335,0.0,0.7113505836765092,7,2.1400333223769965
2015-01-19,1.051058169913433,0.0,0.5063061729482001,5,2.1564564938965645
2015-01-20,1.0626604271119986,0.0,0.5076695757372403,5,2.174239762436387
2015-01-21,1.0630500055982743,0.0,0.5071008637289484,5,2.177549331852339
2015-01-22,1.0597557899225065,0.0,0.5056742172225157,5,2.177084632037085
2015-01-23,1.0635600635588793,0.0,0.4104251704521616,4,2.194391866619819
2015-01-26,1.0646928973872818,0.0,0.41117719805368774,4,2.1939271668045657
2015-01-27,1.0690126104785587,0.0,0.31344705688685826,3,2.2128778519534396
2015-01-28,1.073979295621922,0.0,0.3041770810985389,3,2.223282594158383
2015-01-29,1.074766634044255,0.0,0.20808185858044387,2,2.211313740380147
2015-01-30,1.0804280058771805,0.0,0.5116213520299056,5,2.209318931417108
2015-02-02,1.074647251867158,0.0,0.5081327849278611,5,2.2131952079248323
2015-02-03,1.0808494479697404,0.0,0.5111355698677262,5,2.2123791497126795
2015-02-04,1.0844506798643,0.0,0.5100556410657385,5,2.224654025320473
2015-02-05,1.086713514260586,0.0,0.40954785488756407,4,2.213376554194199
2015-02-06,1.0909021281896,0.0,0.41100774564146153,4,2.2164141042061
2015-02-09,1.0780470371377457,0.0,0.4065811307001986,4,2.2067574153622957
2015-02-10,1.075059072535513,0.0,0.4083365682589291,4,2.1941311813576037
2015-02-11,1.0870148142438754,0.0,0.4118697378030776,4,2.2052839769236874
2015-02-12,1.085662425596687,0.0,0.412368894095122,4,2.2006709811966587
2015-02-13,1.0876551812223656,0.0,0.40865129752078094,4,2.2186582642895196
2015-02-16,1.082697132189983,0.0,0.5062113713104025,5,2.2194856566435073
2015-02-17,1.0824294038113993,0.0,0.5052770792460242,5,2.2231352503145225
2015-02-23,1.098138709214738,0.0,0.5106288973980199,5,2.231001144748326
2015-02-24,1.1032522446459418,0.0,0.5109842294726303,5,2.239762436387129
2015-02-25,1.1176259399225386,0.0,0.5137680031771126,5,2.256026929921001
2015-02-26,1.1191068878955814,0.0,0.5137747216123606,5,2.258985140940054
2015-02-27,1.1207730855423197,0.0,0.4078278919360453,4,2.2507338856838457
2015-03-02,1.1180299030752048,0.0,0.40308367280576174,4,2.263212775844677
2015-03-03,1.1118454013279884,0.0,0.10396245437026659,1,2.268392478663478
2015-03-04,1.110656720372916,0.0,0.10438837375843356,1,2.2648902288363235
2015-03-05,1.111053292145043,0.0,0.10466772464037763,1,2.264992236112843
2015-03-06,1.116898542759652,0.0,0.10286425235886827,1,2.2814947466252593
2015-03-09,1.1068831258385996,0.0,0.10379499956207086,1,2.258690453252332
2015-03-10,1.0980845178836744,0.0,0.10026321849583025,1,2.2495664690747943
2015-03-11,1.096242804591964,0.0,0.10054072300991972,1,2.2451008171916262
2015-03-12,1.093912723684231,0.0,0.20316585078266544,2,2.2334946559521245
2015-03-13,1.1038624366567584,0.0,0.304178770937315,3,2.25072255154201
2015-03-16,1.1158341090410882,0.0,0.4105747580405032,4,2.2524680093846694
2015-03-17,1.1247046463975232,0.0,0.4026942871405862,4,2.3007287853200196
2015-03-18,1.1110910385648303,0.0,0.3971463425157227,4,2.299074000612044
2015-03-19,1.1160724121133345,0.0,0.39704402522995375,4,2.3097734305047095
2015-03-20,1.1155777101208129,0.0,0.3969690474372142,4,2.309036711285405
2015-03-23,1.1236734144163605,0.0,0.5994906873629878,6,2.3082999920661007
2015-03-24,1.125751399704276,0.0,0.5992916891003572,6,2.3137177118634464
2015-03-25,1.124673311455187,0.0,0.6991503487098538,7,2.315349828287751
2015-03-26,1.1182496107270379,0.0,0.7004215392282871,7,2.292398191070963
2015-03-27,1.1158273833813388,0.0,0.7001809115564427,7,2.289269967924379
2015-03-30,1.1372907594825499,0.0,0.7043478704131922,7,2.3008761291638806
2015-03-31,1.1613220850829982,0.0,0.7088983750070114,7,2.313332351041041
2015-04-01,1.168921464338259,0.0,0.7125734378753898,7,2.299074000612044
2015-04-02,1.1750042484576344,0.0,0.7139739953792438,7,2.2997767174058414
2015-04-03,1.1950049196491948,0.0,0.7164949941378183,7,2.318308039306804
2015-04-06,1.2075876857590306,0.0,0.7193105142710674,7,2.3194527876321844
2015-04-07,1.194300455354246,0.0,0.7161044819077869,7,2.3201328361423115
2015-04-08,1.191727388781871,0.0,0.617112971621127,6,2.3339944916070685
2015-04-09,1.1905989113399618,0.0,0.5235080467363267,5,2.3335524600754853
2015-04-10,1.1920822431814226,0.0,0.4333975776551839,4,2.3662967958381036
2015-04-13,1.2047277830541954,0.0,0.43634802499897696,4,2.3789456981264667
2015-04-14,1.1918372337349132,0.0,0.3082541784677894,3,2.3934533996758436
2015-04-15,1.1921281699224955,0.0,0.30572444155641165,3,2.402792732548255
2015-04-16,1.1972843651574478,0.0,0.30221227116634486,3,2.4253930113681443
2015-04-17,1.192384660093476,0.0,0.09247597285961769,1,2.4294733024289066
2015-04-20,1.1912299668540247,0.0,0.09023590324027173,1,2.4331115619580865
2015-04-21,1.1925957122431021,0.0,0.0,0,2.4309354067256796
2015-04-22,1.1920952734397605,0.0,0.0,0,2.4299153339604893
2015-04-23,1.2085096661893613,0.0,0.0,0,2.46337372065874
2015-04-24,1.2009419193966087,0.0,0.0,0,2.447947953620692
2015-04-27,1.1996852619571066,0.0,0.0,0,2.4453864375658796
2015-04-28,1.1998806719017991,0.0,0.1044625420877213,1,2.43419963957429
2015-04-29,1.1904396347074386,0.0,0.20025435415420823,2,2.4284872320892226
2015-04-30,1.1848385710170468,0.0,0.20227152129366407,2,2.4109646488116154
2015-05-04,1.1757110339363468,0.0,0.19416609474258092,2,2.4166997245803534
2015-05-06,1.159180120582394,0.0,0.1932729948286339,2,2.3853608224053318
2015-05-07,1.152097582827338,0.0,0.1935511105603975,2,2.3699690577927894
2015-05-08,1.1517723167562812,0.0,0.19543746781770377,2,2.3637579480669624
2015-05-11,1.1682301078189274,0.0,0.20226102937790377,2,2.3772002402838073
2015-05-12,1.1740865308097517,0.0,0.505339350394588,5,2.3765088576318445
2015-05-13,1.1776404157738836,0.0,0.5027419473407048,5,2.3962189302836934
2015-05-14,1.186026021136437,0.0,0.504816784341702,5,2.403212095796167
2015-05-15,1.1732301222514283,0.0,0.5026811350637281,5,2.387536977637738
2015-05-18,1.1863294507250761,0.0,0.506486746996236,5,2.3957202280429337
2015-05-19,1.2005089827217046,0.0,0.5106707073447248,5,2.4038014711716102
2015-05-20,1.2163329436897532,0.0,0.6124126976900436,6,2.424984982262068
2015-05-21,1.2337684563983315,0.0,0.620877934055113,6,2.4060229629713588
2015-05-22,1.2450687580709912,0.0,0.6201971504268788,6,2.4324201793061238
2015-05-26,1.2242977931029655,0.0,0.6142214990492368,6,2.4294733024289066
2015-05-27,1.2078465566971013,0.0,0.615534461731339,6,2.3886703918212833
2015-05-28,1.2287494644193742,0.0,0.4996148942346344,5,2.392512665903501
2015-05-29,1.215966782467992,0.0,0.39887451007195224,4,2.396944315361163
2015-06-01,1.226464887206701,0.0,0.5064229722308828,5,2.382855977059697
2015-06-02,1.2105573728992631,0.0,0.505581389124714,5,2.355960058484172
2015-06-03,1.1996909424461308,0.0,0.6055063380056608,6,2.3384148069228936
2015-06-04,1.201991086447814,0.0,0.7042765767593243,7,2.3494089245032814
2015-06-05,1.1981946937221655,0.0,0.704020832991491,7,2.3440138729896067
2015-06-08,1.1948151500505497,0.0,0.7036013005899683,7,2.3407156377154905
2015-06-09,1.196953472478084,0.0,0.49230962985000176,5,2.3394008772625785
2015-06-10,1.173749956200408,0.0,0.6881274940114822,7,2.32499518298972
2015-06-11,1.182831398543407,0.0,0.6897238718113932,7,2.3309909440206735
2015-06-12,1.1947541826067911,0.0,0.6934833717070951,7,2.3259585850457336
2015-06-15,1.1867459323621303,0.0,0.7932574809966481,8,2.314794455337814
2015-06-16,1.2188139786143977,0.0,0.8000375500090577,8,2.299380022441601
2015-06-17,1.2317146851480114,0.0,0.6864451352759952,7,2.3063391855285675
2015-06-18,1.2405347047853335,0.0,0.6876004320854132,7,2.3142957530970545
2015-06-19,1.2518478738585113,0.0,0.788838982245495,8,2.3200534971494635
2015-06-22,1.2483201778396082,0.0,0.7873939618708437,8,2.329347493454533
2015-06-23,1.2526298676085856,0.0,0.7854408692985458,8,2.3588615987940473
2015-06-24,1.2744184248234918,0.0,0.7886703925392023,8,2.3637692822087977
2015-06-25,1.328272498080754,0.0,0.797284329289644,8,2.3632365775425312
2015-06-26,1.333447913003851,0.0,0.7115308590859878,7,2.369130331296966
2015-06-29,1.3299908705181231,0.0,0.7149001697996025,7,2.3353885910528285
2015-06-30,1.3674867219086884,0.0,0.6022799388402279,6,2.3509276995092314
2015-07-01,1.3813839803168917,0.0,0.49302654733445167,5,2.377778281517415
2015-07-02,1.3829452155341644,0.0,0.5917606808353846,6,2.3884777114100806
2015-07-03,1.3953451064900044,0.0,0.6952414308110175,7,2.3851681419941286
2015-07-06,1.3751482383957425,0.0,0.6011978119965947,6,2.3279533940087727
2015-07-07,1.3407395384892573,0.0,0.411753038532027,4,2.3124936245452177
2015-07-08,1.3152539889121684,0.0,0.40743179474812113,4,2.285201011005452
2015-07-09,1.3348146931038274,0.0,0.4127561322630038,4,2.2983486155345747
2015-07-10,1.3491210002309448,0.0,0.3197742551676902,3,2.3021568871912863
2015-07-13,1.382730979760424,0.0,0.3263915085790481,3,2.33655600766188
2015-07-14,1.3847815760817164,0.0,0.4284072764109297,4,2.3339604891815617
2015-07-15,1.4160475225648268,0.0,0.4373144922370884,4,2.3494655952124583
2015-07-16,1.4127385958089977,0.0,0.43979051289200555,4,2.3664441396819638
2015-07-17,1.4094700291531057,0.0,0.44147657353929526,4,2.3538632422446133
2015-07-20,1.414190626232882,0.0,0.44427370905270575,4,2.3499189608858764
2015-07-21,1.4235493996215893,0.0,0.44518188796549435,4,2.3616044611182265
2015-07-22,1.3954287904255265,0.0,0.4391325399659855,4,2.34019426719106
2015-07-23,1.3976137369311536,0.0,0.43991715301617107,4,2.340579628013465
2015-07-24,1.389322047397187,0.0,0.44178838829365,4,2.3189200829659184
2015-07-27,1.3671043304428419,0.0,0.43469900309707626,4,2.310816171553571
2015-07-28,1.3463043341309704,0.0,0.4258836224184636,4,2.311144861666799
2015-07-29,1.348471016767062,0.0,0.2934737939829375,3,2.309467408675152
2015-07-30,1.3432383786583804,0.0,0.1947196763208039,2,2.288397239003049
2015-07-31,1.3533241183503004,0.0,0.29631811219732235,3,2.301012138865906
2015-08-03,1.3385461917282322,0.0,0.29614331656170795,3,2.2764510535084836
2015-08-04,1.3564472229795443,0.0,0.39825632116170767,4,2.298552630087613
2015-08-05,1.3586955074683469,0.0,0.49869698907231985,5,2.300558773192488
2015-08-06,1.3572599402980483,0.0,0.9006155501933016,9,2.2818914415895
2015-08-07,1.3486527502152363,0.0,0.9001332906235173,9,2.278423194187852
2015-08-10,1.312038968420741,0.0,0.8887452175633258,9,2.270421290052024
2015-08-11,1.244850161566229,0.0,0.9886822396380655,10,2.251697287739859
2015-08-12,1.2102123879700362,0.0,0.8799323926515011,9,2.239025717167825
2015-08-13,1.2502942916068436,0.0,0.8833114589516208,9,2.24808169649435
2015-08-17,1.2290895154707429,0.0,0.8821923943940343,9,2.2311484885921864
2015-08-18,1.1584018007755392,0.0,0.875782048590493,9,2.2172528307019235
2015-08-19,1.139551696123514,0.0,0.8748168451418855,9,2.1981207992836826
2015-08-20,1.1350674372216416,0.0,0.8759313491508885,9,2.1699781251062578
2015-08-21,1.1113118948938798,0.0,0.8758261668639677,9,2.1263643473234426
2015-08-24,1.098445663949044,0.0,0.8774694368458287,9,2.0739326071926465
2015-08-25,1.1162681273701396,0.0,0.8783174299477596,9,2.092996633759875
2015-08-26,1.1674740449425915,0.0,0.8806642989726369,9,2.146788470910925
2015-08-27,1.1865089383908751,0.0,0.9819818181931894,10,2.1625542622040372
2015-08-28,1.1891592770430366,0.0,0.8890111744102517,9,2.1961826610298205
2015-08-31,1.2036814267388083,0.0,0.8901340620631458,9,2.2005123032109624
2015-09-01,1.169456830327775,0.0,0.7687076679297222,8,2.1696154325675234
2015-09-02,1.1683454664473614,0.0,0.6672778220112466,7,2.1707375126092328
2015-09-03,1.1661846304475525,0.0,0.2872770080353335,3,2.171088871006132
2015-09-04,1.1383268951243524,0.0,0.28107592612016874,3,2.137664486733387
2015-09-07,1.1364737229432498,0.0,0.17609325953615443,2,2.13446825873579
2015-09-08,1.1278471101542202,0.0,0.09841534210614954,1,2.129322558342495
2015-09-09,1.1611019774467557,0.0,0.09835631320845256,1,2.192249713812919
2015-09-10,1.1782614141932286,0.0,0.0986662621048056,1,2.2238833036756622
2015-09-11,1.1649827937632218,0.0,0.09802866649369398,1,2.200376293508937
2015-09-14,1.1528361468964958,0.0,0.19392424680480175,2,2.1891441589500054
2015-09-15,1.1642063790131663,0.0,0.1992758815137165,2,2.19605798546963
2015-09-16,1.1798328354108734,0.0,0.1944299938793503,2,2.239003048884154
2015-09-17,1.175539831184261,0.0,0.19106244723726185,2,2.2401817996350406
2015-09-18,1.1902745819102674,0.0,0.19321052721365622,2,2.2622380396468285
2015-09-21,1.172679982218503,0.0,0.19393505056131383,2,2.226796178127373
2015-09-22,1.1852926881194148,0.0,0.19545763777155842,2,2.2464949166373867
2015-09-23,1.162244906434728,0.0,0.09810704088764828,1,2.2040825578891297
2015-09-24,1.1686345056837062,0.0,0.10190353948175868,1,2.2068707567806505
2015-09-25,1.1655934649813906,0.0,0.1015258196467001,1,2.202053746500584
2015-09-30,1.1744771146282202,0.0,0.09916108964575995,1,2.224676693604144
2015-10-01,1.201192823942037,0.0,0.1117878342353979,1,2.243389361774473
2015-10-02,1.1988435174154306,0.0,0.21428892620518958,2,2.232463249045099
2015-10-05,1.2010968292723674,0.0,0.212350771187216,2,2.24217660859808
2015-10-06,1.203699829162777,0.0,0.2091276221476303,2,2.2562309444740394
2015-10-07,1.2164601431728912,0.0,0.211452059379348,2,2.273447505922089
2015-10-08,1.2182158695033034,0.0,0.20721439745075726,2,2.2889639460948215
2015-10-12,1.213825547993739,0.0,0.20351959119935994,2,2.2913441158802663
2015-10-13,1.2109718118176556,0.0,0.20266149378626588,2,2.2884199072867197
2015-10-14,1.1998274771258561,0.0,0.08804082855647345,1,2.2776524725430414
2015-10-15,1.21462123999738,0.0,0.08851492048835881,1,2.304537056976731
2015-10-16,1.2103690212789895,0.0,0.08666680779019088,1,2.3011254802842602
2015-10-19,1.2081286760324697,0.0,0.0849686222533422,1,2.301136814426096
2015-10-20,1.2171920750213385,0.0,0.18770132200457376,2,2.3114395493545206
2015-10-21,1.2204764933102528,0.0,0.1884492909062198,2,2.315542508698954
2015-10-22,1.2109011626734723,0.0,0.19003145720565748,2,2.292896893311723
2015-10-23,1.2218910039066113,0.0,0.19041246432566533,2,2.3126183001054077
2015-10-26,1.2216944615781948,0.0,0.18723446876249036,2,2.321322921035034
2015-10-27,1.2209632659978986,0.0,0.18810971517193256,2,2.3174353103854743
2015-10-28,1.218767579946119,0.0,0.18749832679996864,2,2.315009804032688
2015-10-29,1.2126367909446114,0.0,0.18672890825547867,2,2.305545795600086
2015-10-30,1.1997987759590047,0.0,0.19588743502918393,2,2.30023008307926
2015-11-02,1.1972706934554858,0.0,0.19189851556386492,2,2.306769882918315
2015-11-03,1.2092334513133922,0.0,0.1947193908810753,2,2.3216856135737687
2015-11-04,1.2103618334299138,0.0,0.19375376675061132,2,2.32663863355586
2015-11-05,1.2135998899737606,0.0,0.1972210989866962,2,2.3228303618991486
2015-11-06,1.2075960701973911,0.0,0.19651303529359096,2,2.3133776876083827
2015-11-09,1.1961210248122625,0.0,0.19491333944619446,2,2.295957111607295
2015-11-10,1.1750492740541851,0.0,0.19225283925351289,2,2.262963424724297
2015-11-11,1.1771813084698652,0.0,0.19344117367150604,2,2.263734146369108
2015-11-12,1.1741266262032444,0.0,0.2931777836089326,3,2.259302496911446
2015-11-13,1.1667610580399073,0.0,0.39561797627996587,4,2.2365548742476964
2015-11-16,1.1580623424862997,0.0,0.4042919503246713,4,2.2022464269117865
2015-11-17,1.172390431336785,0.0,0.5055458473873816,5,2.2255494225254733
2015-11-18,1.1621706651446904,0.0,0.7034349687561758,7,2.224756032596992
2015-11-19,1.1848800669183208,0.0,0.8042490967216376,8,2.254258803794671
2015-11-20,1.187450017043795,0.0,0.8045794547188991,8,2.2553355472690386
2015-11-23,1.1866830566458166,0.0,0.9039179122645871,9,2.2710219995693026
2015-11-24,1.2101171906921642,0.0,0.9051865302180998,9,2.285291684140135
2015-11-25,1.206320007538029,0.0,0.9052121518448574,9,2.2775051286991808
2015-11-26,1.2182025068349394,0.0,0.800668374383732,8,2.3016015142413493
2015-11-27,1.2226545734143364,0.0,0.801559489398007,8,2.299686044271158
2015-11-30,1.2026317852293233,0.0,0.8019365582766118,8,2.257727051196319
2015-12-01,1.219448568572414,0.0,0.801533959425188,8,2.29395096850242
2015-12-02,1.245327769171909,0.0,0.8070640506505696,8,2.2773577848553197
2015-12-03,1.2273687120456076,0.0,0.8057238190471953,8,2.260107220981763
2015-12-04,1.216372431587791,0.0,0.8059012315732055,8,2.2378129639914315
2015-12-07,1.197972703163594,0.0,0.8039911011905008,8,2.2256514298019927
2015-12-08,1.1842130146809688,0.0,0.803190921264308,8,2.209069580296728
2015-12-09,1.1839344685406414,0.0,0.6960639889558691,7,2.208162848949892
2015-12-10,1.1761001421497037,0.0,0.7020349199671794,7,2.2125038252728695
2015-12-11,1.182685638846623,0.0,0.5839080802862159,6,2.208593546339639
2015-12-14,1.1512611602593763,0.0,0.4716270413927849,5,2.185018531321901
2015-12-15,1.1541257100157247,0.0,0.26554397350714143,3,2.1908556143671585
2015-12-16,1.1708985525525282,0.0,0.1874784662904177,2,2.232145893073706
2015-12-17,1.1848055713173844,0.0,0.29302825574458813,3,2.241847918484852
2015-12-18,1.1912846174983858,0.0,0.294298470285881,3,2.238855705040293
2015-12-21,1.1922463349919545,0.0,0.3932467368881937,4,2.2455088462977026
2015-12-22,1.1923320564641766,0.0,0.38980846728265967,4,2.2583957655646105
2015-12-23,1.1966818007447932,0.0,0.3899943030554245,4,2.2659443040270206
2015-12-24,1.1845542457785507,0.0,0.3863906848078866,4,2.2562309444740394
2015-12-28,1.178560784640161,0.0,0.39150816637959,4,2.226093461333575
2015-12-29,1.187262236075631,0.0,0.39527583542772693,4,2.2286436432465515
2015-12-30,1.1843822934656527,0.0,0.39534684114283386,4,2.222976572328826
2016-01-04,1.154358073368722,0.0,0.3930790889681782,4,2.1747497988189823
2016-01-05,1.1589570069494903,0.0,0.3917792690535225,4,2.1880900837593082
2016-01-06,1.1589992472631545,0.0,0.3934081515704557,4,2.182309671423228
2016-01-07,1.1468034339565385,0.0,0.49393495851543306,5,2.1583946321504266
2016-01-08,1.154513938482756,0.0,0.4938065942268522,5,2.173457706649741
2016-01-11,1.137996486910812,0.0,0.411605740345492,4,2.147638531548584
2016-01-12,1.1392178843703133,0.0,0.41347114200930246,4,2.1431275430980743
2016-01-13,1.1517418211899393,0.0,0.5125636240833438,5,2.1719389316437905
2016-01-14,1.1460124783439136,0.0,0.5142859722704284,5,2.153498282877512
2016-01-15,1.1327462607623888,0.0,0.61431163056771,6,2.129537907037369
2016-01-18,1.1070086451173593,0.0,0.7128877729979062,7,2.1290618730802797
2016-01-19,1.104661931330932,0.0,0.6156141352649221,6,2.1417447777941496
2016-01-20,1.085366184313796,0.0,0.4891145189420515,5,2.0916592050232916
2016-01-21,1.0894975223988006,0.0,0.4924086438733416,5,2.08608280724025
2016-01-22,1.1124153085406612,0.0,0.49235891673252313,5,2.130172618980154
2016-01-25,1.1160525628639055,0.0,0.5909297653946688,6,2.1460404175497856
2016-01-26,1.1066881110636386,0.0,0.7926057138113145,8,2.121399993199515
2016-01-27,1.108228887151331,0.0,0.7899971899043999,8,2.1510727765247255
2016-01-28,1.1054136514376418,0.0,0.7884561926124042,8,2.1613528431694795
2016-01-29,1.1121297054511776,0.0,0.7891691368758802,8,2.16715592378923
2016-02-01,1.12970642985169,0.0,0.8900013793399655,9,2.181618288771266
2016-02-02,1.1245298078057815,0.0,0.9904017407412946,10,2.160967482347074
2016-02-03,1.119646048462764,0.0,0.8898768534170645,9,2.142912194403201
2016-02-04,1.1375206601841912,0.0,0.890140208194095,9,2.17191626336012
2016-02-05,1.1455073351972866,0.0,0.8908190658224286,9,2.1736503870609436
2016-02-11,1.1087043324403345,0.0,0.8905034946351534,9,2.109895839236532
2016-02-12,1.0632616660084893,0.0,0.7825275926148162,8,2.0801323827766383
2016-02-15,1.0850981678459328,0.0,0.7837782994204054,8,2.1106438925976723
2016-02-16,1.1017681014533327,0.0,0.6839039906224771,7,2.1402260027881987
2016-02-17,1.0760486230428559,0.0,0.5016719696906478,5,2.1352843169479425
2016-02-18,1.0919417290882836,0.0,0.5024345578562726,5,2.163506330118215
2016-02-19,1.110938456763222,0.0,0.5090468555210566,5,2.171893595076449
2016-02-22,1.1263743634341798,0.0,0.5157445855159745,5,2.172029604778474
2016-02-23,1.1223544113063952,0.0,0.5145528263797648,5,2.1696040984256877
2016-02-24,1.1173328669760265,0.0,0.3990737608468723,4,2.1676886284554966
2016-02-25,1.1126066296944979,0.0,0.1979591692179839,2,2.174534450124109
2016-02-26,1.1157682062823222,0.0,0.19956898426508812,2,2.176336578675946
2016-02-29,1.11011066849659,0.0,0.19695612248087277,2,2.172369629033538
2016-03-02,1.1247642387059753,0.0,0.19469833223318359,2,2.207233449319385
2016-03-03,1.132131676240891,0.0,0.09603180982547732,1,2.2194176517924946
2016-03-04,1.1298646906202392,0.0,0.0,0,2.21653877976629
2016-03-07,1.131158849999564,0.0,0.0,0,2.219077627537431
2016-03-08,1.124370290755337,0.0,0.0,0,2.205760010880776
2016-03-09,1.1253157274368628,0.0,0.09780113351499549,1,2.2135012297543892
2016-03-10,1.1338310173509512,0.0,0.09706662811422387,1,2.2320665540808577
2016-03-11,1.1353708954804815,0.0,0.09733887456449251,1,2.2344240555826316
2016-03-14,1.1316908309299603,0.0,0.09400852159239181,1,2.2353987917804803
2016-03-15,1.1295780123534518,0.0,0.09337242564424304,1,2.232791939158327
2016-03-16,1.1307652026498642,0.0,0.09205777141230047,1,2.2383796710832042
2016-03-17,1.1371115850817939,0.0,0.09114070635846773,1,2.253216062745809
2016-03-18,1.1424686029406474,0.0,0.09352305447532291,1,2.2578970633238504
2016-03-21,1.1407831642997652,0.0,0.09325924964951106,1,2.255222205850684
2016-03-22,1.1426138841369264,0.0,0.09150448587387257,1,2.263212775844677
2016-03-23,1.1420104182379762,0.0,0.1920442030011193,2,2.2612973058744856
2016-03-24,1.1392265372859571,0.0,0.19378432857974506,2,2.2509265660950484
2016-03-25,1.1412493875364864,0.0,0.19608864565950693,2,2.248478391458591
2016-03-28,1.1412030628054886,0.0,0.2967114182937508,3,2.2470389554454884
2016-03-29,1.1467320019430183,0.0,0.39606637986468085,4,2.2610592888959413
2016-03-30,1.1546966697762906,0.0,0.39805839613711863,4,2.2692538734429726
2016-03-31,1.1447551599263917,0.0,0.3947384012536731,4,2.2621246982284737
2016-04-01,1.1284550833677964,0.0,0.49376140570659927,5,2.236872230219089
2016-04-04,1.1271427691460052,0.0,0.4917852385879278,5,2.2429926668102325
2016-04-05,1.113855391517932,0.0,0.39808827077053277,4,2.2245973546112956
2016-04-06,1.1328817677779974,0.0,0.4056101495931317,4,2.2343220483061126
2016-04-07,1.127891110350307,0.0,0.4022017800760169,4,2.2372349227578234
2016-04-08,1.1276594660953307,0.0,0.4026363438501444,4,2.2351494406601002
2016-04-11,1.1214947615587176,0.0,0.39986441153488783,4,2.2332453048317444
2016-04-12,1.1368669878255355,0.0,0.40468913061668615,4,2.2456561901415633
2016-04-14,1.1500955805233397,0.0,0.4012571260583382,4,2.284883655034059
2016-04-15,1.1453147561915422,0.0,0.39912168622741917,4,2.283500889730134
2016-04-18,1.138479738259402,0.0,0.3971974341815541,4,2.277142436160446
2016-04-19,1.153051932052514,0.0,0.4041461009250392,4,2.279703952215258
2016-04-20,1.153705929294591,0.0,0.4018122339841081,4,2.273436171780254
2016-04-21,1.1587140342734636,0.0,0.3995665331607208,4,2.2918768205465323
2016-04-22,1.1554175544891359,0.0,0.39982180240139276,4,2.2843849527932996
2016-04-25,1.1511770223339484,0.0,0.2990446577314237,3,2.2833195434607667
2016-04-26,1.1449642454820097,0.0,0.19045147904251009,2,2.289077287513176
2016-04-27,1.1398573542597452,0.0,0.18852761693729933,2,2.2842829455167806
2016-04-28,1.1323984806852814,0.0,0.18904713389213268,2,2.2678824422808828
2016-04-29,1.1315336972391772,0.0,0.10002219584442497,1,2.2601978941164473
2016-05-02,1.1255622852000815,0.0,0.20252510945095123,2,2.242063267179726
2016-05-03,1.1278501316450826,0.0,0.20081959280094602,2,2.251425268335808
2016-05-04,1.1259484885280697,0.0,0.20337897048686376,2,2.2404311507554207
2016-05-09,1.115957151887659,0.0,0.19986554306436535,2,2.2303437645218693
2016-05-10,1.1219982788653464,0.0,0.19823270834321424,2,2.2469936188781467
2016-05-11,1.1226770206448058,0.0,0.2997599536121799,3,2.2442734248376386
2016-05-12,1.1251392752743445,0.0,0.4021165205713142,4,2.2413152138185857
2016-05-13,1.1194671248610768,0.0,0.40227785004780464,4,2.2294143648913622
2016-05-16,1.1267129344831346,0.0,0.40584398952447376,4,2.230457105940224
2016-05-17,1.1543189668846696,0.0,0.5177024818806101,5,2.2306271180677557
2016-05-18,1.169343850585501,0.0,0.6257603632056268,6,2.21778553536819
2016-05-19,1.177706286542255,0.0,0.6197400778503863,6,2.206508064241916
2016-05-20,1.1760090995970307,0.0,0.719037959945358,7,2.207516802865271
2016-05-23,1.1806788979336456,0.0,0.8192132711376149,8,2.216108082376543
2016-05-24,1.1589335170798716,0.0,0.8174761642256188,8,2.196193995171656
2016-05-25,1.191339170768852,0.0,0.820348977310116,8,2.22206984098199
2016-05-26,1.1902889057180577,0.0,0.820506879324698,8,2.2181595620487595
2016-05-27,1.2031354164327392,0.0,0.8213246041420476,8,2.231885207811491
2016-05-30,1.20744261159826,0.0,0.8221464178418468,8,2.2295730428770586
2016-05-31,1.2003353663902008,0.0,0.7404753833300044,7,2.2480136916433375
2016-06-01,1.1906819347645339,0.0,0.7384609905866413,7,2.247242969998527
2016-06-02,1.1760493832533272,0.0,0.7348877044369762,7,2.249951829897199
2016-06-03,1.1860535374561296,0.0,0.7370272108062003,7,2.2507792222511873
2016-06-07,1.199501809207317,0.0,0.837085188522442,8,2.280009974044815
2016-06-08,1.1979741041801517,0.0,0.7393248347855846,7,2.297521223180587
2016-06-09,1.2104963660361028,0.0,0.5980947276923683,6,2.294222987906471
2016-06-10,1.2087825839735946,0.0,0.5988252947837205,6,2.286810459146086
2016-06-13,1.1906684742717832,0.0,0.6005077893769265,6,2.2430946740867514
2016-06-14,1.1825715522937974,0.0,0.502035269362825,5,2.2351267723764296
2016-06-15,1.1874927898411571,0.0,0.4035755041585919,4,2.2314998469890854
2016-06-16,1.1785192255949495,0.0,0.30322939528827136,3,2.212413152138186
2016-06-17,1.1738645809685555,0.0,0.20334537560084198,2,2.2140112661369846
2016-06-20,1.1845689990993573,0.0,0.10399978224116774,1,2.2454295073048542
2016-06-21,1.1834669827117603,0.0,0.20304842624553518,2,2.2472203017148558
2016-06-22,1.1896345870699487,0.0,0.20322948058255957,2,2.258418433848281
2016-06-23,1.1851770088233526,0.0,0.20258879881242634,2,2.2517652925908718
2016-06-24,1.1439442229705379,0.0,0.19940827110716172,2,2.182094322728355
2016-06-27,1.1464304077087661,0.0,0.30020955064675814,3,2.1839191195638623
2016-06-28,1.1555622546627295,0.0,0.30236356428695776,3,2.19453921046368
2016-06-29,1.16363035342743,0.0,0.7021522504803672,7,2.2173661721202778
2016-06-30,1.1749347163812753,0.0,0.7029084964697093,7,2.233222636548074
2016-07-01,1.177868397795906,0.0,0.9028234596960512,9,2.252456675242834
2016-07-04,1.1834548565107592,0.0,0.796940121164331,8,2.261501320427524
2016-07-05,1.1818379036309337,0.0,0.7972177015428987,8,2.255324213127203
2016-07-06,1.1621081218475475,0.0,0.8970359633594093,9,2.213693910165592
2016-07-07,1.1740092864560816,0.0,0.8969859679733514,9,2.237450271452697
2016-07-08,1.1827203521583725,0.0,0.8983134477472714,9,2.225005383717372
2016-07-11,1.1922798940073047,0.0,0.8978215569670343,9,2.253839440546759
2016-07-12,1.1849165287612358,0.0,0.8970475138111786,9,2.2568883247004954
2016-07-13,1.18655333009453,0.0,0.9971565461569513,10,2.273118815808861
2016-07-14,1.178315435554304,0.0,0.9971320696590231,10,2.2767684094798764
2016-07-15,1.1809770057897293,0.0,0.9971264392241798,10,2.2863910958981744
2016-07-18,1.186955482766009,0.0,0.8992103335372423,9,2.2907547405048225
2016-07-19,1.1845300404243533,0.0,0.8992148325893164,9,2.2859717326502627
2016-07-20,1.2014476802510474,0.0,0.9007044448788648,9,2.2843509503677932
2016-07-21,1.2071112983168666,0.0,0.9013292033955805,9,2.280678688413107
2016-07-22,1.2031929288671703,0.0,0.7957531796311568,8,2.278547869748042
2016-07-25,1.1993080180722147,0.0,0.7948897482489218,8,2.2807920298314612
2016-07-26,1.2001991430570498,0.0,0.48713790807129853,5,2.2978159108683087
2016-07-27,1.210573569545236,0.0,0.49210739950445187,5,2.2952203923879906
2016-07-28,1.2198547172189975,0.0,0.3151597206731032,3,2.2907434063629872
2016-07-29,1.2165164765959906,0.0,0.31494874769240067,3,2.285178342721781
2016-08-01,1.219118815866657,0.0,0.5133842971606836,5,2.300388761064956
2016-08-02,1.2176613644767043,0.0,0.4114790215629588,4,2.288397239003049
2016-08-03,1.2069422606616258,0.0,0.41338064114724915,4,2.260923279193916
2016-08-04,1.2036989763595276,0.0,0.4102549266190585,4,2.266862369515692
2016-08-05,1.2045586719759376,0.0,0.4053985099080807,4,2.287161817542985
2016-08-08,1.2075213859646656,0.0,0.40298333488305577,4,2.302100216482109
2016-08-09,1.2259505544659395,0.0,0.3154240155335617,3,2.31644924004579
2016-08-10,1.2261172279242667,0.0,0.31522905120900324,3,2.317423976243639
2016-08-11,1.2325385756507714,0.0,0.3174106405765305,3,2.3221389792471867
2016-08-12,1.2324060678574007,0.0,0.31678080273736503,3,2.3240317809337063
2016-08-16,1.223116293130703,0.0,0.31250147127469796,3,2.3209602284962996
2016-08-17,1.225290055818939,0.0,0.31506504556428244,3,2.3164152376202836
2016-08-18,1.2370129435175237,0.0,0.31766544149063153,3,2.329698851851432
2016-08-19,1.2395606369731806,0.0,0.3188127730662826,3,2.330571580772762
2016-08-22,1.2280466324888135,0.0,0.3171341788306237,3,2.314613109068447
2016-08-23,1.231281613170826,0.0,0.20345454032615704,2,2.323419737274592
2016-08-24,1.2283296285305405,0.0,0.20394349269210918,2,2.3164265717621193
2016-08-25,1.231715219163591,0.0,0.20645788266311701,2,2.315474503847941
2016-08-26,1.2256117728182705,0.0,0.2046219111575539,2,2.309331398973127
2016-08-29,1.2205973985367675,0.0,0.0,0,2.3034943159278694
2016-08-30,1.2250357161371743,0.0,0.0,0,2.311870246744268
2016-08-31,1.2225251949734999,0.0,0.10060259937388269,1,2.3061011685500232
2016-09-01,1.2206067188076242,0.0,0.20036411733334922,2,2.3039136791757815
2016-09-02,1.2231612157817833,0.0,0.3001229351285552,3,2.310249464461798
2016-09-05,1.2430844590548327,0.0,0.3039848747048374,3,2.334923891237575
2016-09-06,1.24235059727974,0.0,0.4018183577652229,4,2.342234412721441
2016-09-07,1.2328547959740885,0.0,0.3985673561223301,4,2.3369640367679563
2016-09-08,1.2275178158832847,0.0,0.3954104827264625,4,2.3390608530075148
2016-09-09,1.2136665984843036,0.0,0.39617287883195484,4,2.3097507622210385
2016-09-12,1.1840151086784052,0.0,0.3951408644250172,4,2.2571716782463818
2016-09-13,1.1922852382832527,0.0,0.39695965066321526,4,2.266102982012717
2016-09-19,1.2103970408156863,0.0,0.40110481953809524,4,2.2847136429065276
2016-09-20,1.2086344571860614,0.0,0.3972768952311205,4,2.2959684457491303
2016-09-21,1.2166497463296388,0.0,0.4981675496867581,5,2.3076199435559737
2016-09-22,1.2341546742318295,0.0,0.701071392727495,7,2.3231590520123766
2016-09-23,1.2497408637763308,0.0,0.8037852403412249,8,2.328112071994469
2016-09-26,1.2590380463133264,0.0,0.8058941031223342,8,2.320223509276995
2016-09-27,1.286510645118877,0.0,0.8085813041882552,8,2.3380294461004887
2016-09-28,1.2761688982761128,0.0,0.80794311128252,8,2.3269673236690886
2016-09-29,1.283853446404414,0.0,0.8076365021568138,8,2.3447165897834044
2016-09-30,1.2472916728612145,0.0,0.70299960511061,7,2.3162792279182582
2016-10-04,1.2457965897914307,0.0,0.7029896592348147,7,2.3290074691994698
2016-10-05,1.2426231715601852,0.0,0.6055202378509047,6,2.326899318818076
2016-10-06,1.2637930690182437,0.0,0.6098043694092229,6,2.3408403132756805
2016-10-07,1.2401808287878293,0.0,0.5072822181272437,5,2.327806050164912
2016-10-10,1.237522998349088,0.0,0.505497936779422,5,2.3312289609992183
2016-10-11,1.2255878041479291,0.0,0.5067246518188693,5,2.3030182819707807
2016-10-12,1.239671557282105,0.0,0.610949309937885,6,2.305058427501162
2016-10-13,1.2092233094232556,0.0,0.6047399735748639,6,2.284328282084122
2016-10-14,1.2106764339430123,0.0,0.7043597279175359,7,2.2925115324893177
2016-10-17,1.2129418443211355,0.0,0.7041897340084371,7,2.2981219326978657
2016-10-18,1.2095304099671726,0.0,0.70147981328435,7,2.312652302530914
2016-10-19,1.2061351374506566,0.0,0.5952992036684248,6,2.313230343764522
2016-10-20,1.1921971576519743,0.0,0.4082362596021951,4,2.3128449829421167
2016-10-21,1.1830495187144492,0.0,0.403429592985744,4,2.3042310351471738
2016-10-24,1.1828196110115967,0.0,0.39898743979095275,4,2.3209375602126285
2016-10-25,1.1701521692777064,0.0,0.3956170824877265,4,2.308957372292557
2016-10-26,1.1599939982443894,0.0,0.39729158645821,4,2.2825714900996275
2016-10-27,1.1716851993943072,0.0,0.40027443403619667,4,2.2941663171972935
2016-10-28,1.1689684745701032,0.0,0.4002764473857106,4,2.2888392705346314
2016-10-31,1.1585943391950118,0.0,0.2904366289454679,3,2.2761110292534203
2016-11-01,1.165000197191061,0.0,0.2946193402843285,3,2.2752042979065843
2016-11-02,1.1475253973929314,0.0,0.2940269685217213,3,2.242958664384726
2016-11-03,1.145413448748747,0.0,0.2909883058158236,3,2.248467057316755
2016-11-04,1.1474436018113328,0.0,0.3929148867982172,4,2.246449580070045
2016-11-07,1.156527876512051,0.0,0.3929548756113961,4,2.2640855047660065
2016-11-08,1.148749097102507,0.0,0.38912291733019677,4,2.2706593070305683
2016-11-09,1.1075314971885288,0.0,0.3806208793810571,4,2.2196556687710394
2016-11-10,1.1388593165706085,0.0,0.2950100030848134,3,2.269775243967403
2016-11-11,1.117806888148873,0.0,0.38955340283008816,4,2.249181108252389
2016-11-14,1.1108156598579104,0.0,0.4889975655921507,5,2.2378129639914315
2016-11-15,1.1140296414916655,0.0,0.591801819176814,6,2.2300264085504766
2016-11-16,1.1264357195051458,0.0,0.5938107279019603,6,2.243763388455043
2016-11-17,1.120443509706641,0.0,0.4986706598190219,5,2.2447834612202335
2016-11-18,1.1155403568087823,0.0,0.4979849649121395,5,2.2380169785444695
2016-11-21,1.1036350600141032,0.0,0.5958061889037258,6,2.22834895555883
2016-11-22,1.1112333304339477,0.0,0.5950131083374759,6,2.2480930306361855
2016-11-23,1.1120595946713676,0.0,0.6946656924641385,7,2.2531707261784675
2016-11-24,1.1082025931659918,0.0,0.6961753848394554,7,2.2342540434551
2016-11-25,1.1115652890144632,0.0,0.696602797210362,7,2.237880968842444
2016-11-28,1.1037048974522046,0.0,0.6938741042888803,7,2.242040598896055
2016-11-29,1.1105225405033612,0.0,0.6957134618467736,7,2.2423352865837765
2016-11-30,1.1110480580537327,0.0,0.6950748892998566,7,2.248104364778021
2016-12-01,1.1160837822774998,0.0,0.5904679995448973,6,2.248410386607578
2016-12-02,1.1129313073010914,0.0,0.7915281183391124,8,2.2335173242357955
2016-12-05,1.104311054863202,0.0,0.904500090222258,9,2.2253000714050937
2016-12-06,1.1093137063579759,0.0,0.9036475892579549,9,2.2553355472690386
2016-12-07,1.1155191869329448,0.0,0.9040858352824156,9,2.257636378061635
2016-12-08,1.1396874904124024,0.0,0.8010689015894973,8,2.302043545772932
2016-12-09,1.1284063375995101,0.0,0.808845865462424,8,2.294812363281914
2016-12-12,1.129381402879694,0.0,0.7047718518385672,7,2.297702569449954
2016-12-13,1.1200033051528786,0.0,0.802268779488361,8,2.3076086094141384
2016-12-14,1.1181094975118355,0.0,0.8018472887011683,8,2.3086173480374934
2016-12-15,1.1120184339005603,0.0,0.8007834297967974,8,2.308367996917114
2016-12-16,1.1144476670011934,0.0,0.6971770718658504,7,2.3147037822031304
2016-12-19,1.1101229308142742,0.0,0.6965704575152879,7,2.3103401375964823
2016-12-20,1.1107518810017363,0.0,0.5916673301150274,6,2.314363757948067
2016-12-21,1.1035036076163323,0.0,0.589786350205757,6,2.3098527694975575
2016-12-22,1.1070365443689802,0.0,0.6911979781631691,7,2.307325255868252
2016-12-23,1.1034064629731564,0.0,0.6901561824204568,7,2.3075179362794547
2016-12-26,1.1000788076137038,0.0,0.6889365249079799,7,2.309614752519013
2016-12-27,1.0990876194895367,0.0,0.6879806756076259,7,2.3146244432102825
2016-12-28,1.0991203913694167,0.0,0.7899852953551626,8,2.294585680445205
2016-12-29,1.0951067451362426,0.0,0.5894293552617894,6,2.296818506386789
2017-01-02,1.096213970785374,0.0,0.3979256236886701,4,2.2964784821317257
2017-01-03,1.1000394621275404,0.0,0.5963479461864519,6,2.3166645887406636
2017-01-04,1.1090189093621243,0.0,0.6991429751917109,7,2.318557390427184
2017-01-05,1.1231327290467683,0.0,0.8023808780142606,8,2.3143750920899024
2017-01-06,1.1138762480613742,0.0,0.7005684762050799,7,2.3225016717859206
2017-01-09,1.1153545666244202,0.0,0.7010149674516207,7,2.3221163109635157
2017-01-10,1.1152547478058181,0.0,0.6077357832534489,6,2.3179680150517403
2017-01-11,1.146193190201663,0.0,0.6127157514219057,6,2.3520271112672706
2017-01-12,1.1406536362400215,0.0,0.8114493474793976,8,2.365594079044305
2017-01-13,1.1569162368838788,0.0,0.8150216440245537,8,2.3538632422446133
2017-01-16,1.1436239599982625,0.0,0.814008771163648,8,2.3395595552482744
2017-01-17,1.1373768587694466,0.0,0.8122895884740463,8,2.3482868444615717
2017-01-18,1.1594094105518578,0.0,0.8159749046549555,8,2.3467794035974565
2017-01-19,1.147640198740201,0.0,0.7080175502535714,7,2.349329585510433
2017-01-20,1.1297269196106747,0.0,0.8057891785728764,8,2.3411916716725796
2017-01-23,1.1181257316131983,0.0,0.8037380325630842,8,2.341622369062326
2017-01-24,1.119908126961978,0.0,0.8040722087106708,8,2.3413616838001112
2017-01-25,1.0996382311910269,0.0,0.7103222236919711,7,2.3426991125366943
2017-01-26,1.1139877762454962,0.0,0.8111056939365192,8,2.36157045869272
2017-01-31,1.085925182134879,0.0,0.807714141501466,8,2.343413163472328
2017-02-01,1.1173553134617062,0.0,0.5855321515139889,6,2.358045540581895
2017-02-02,1.1096019191776147,0.0,0.48215288336719075,5,2.347312108263723
2017-02-03,1.1075769719679691,0.0,0.37616798147634317,4,2.3497489487583447
2017-02-06,1.107015282600019,0.0,0.37449667834833145,4,2.3548493125842977
2017-02-07,1.104298517334728,0.0,0.37369724720409203,4,2.3520724478346122
2017-02-08,1.104116371361606,0.0,0.37665168580873437,4,2.3405909621553005
2017-02-09,1.110576071081273,0.0,0.4798101406628031,5,2.3414976935021365
2017-02-10,1.129615857728781,0.0,0.4091957538924764,4,2.351925103990751
2017-02-13,1.1300610983783614,0.0,0.5089378760654748,5,2.3559713926260075
2017-02-14,1.1313564416497734,0.0,0.5104628754730018,5,2.3513470627571436
2017-02-15,1.1401360007155297,0.0,0.5120572466942742,5,2.3618764805222776
2017-02-16,1.137283244924822,0.0,0.5113074696189192,5,2.3595869838715164
2017-02-17,1.1408631673320109,0.0,0.5131357864267461,5,2.3581588820002493
2017-02-20,1.136540626040379,0.0,0.39936272726683225,4,2.3624771900395563
2017-02-21,1.1424429675117185,0.0,0.4977926043339344,5,2.3834906890024823
2017-02-22,1.1406623305911086,0.0,0.49612842644210225,5,2.3876616531979282
2017-02-23,1.1411510901064719,0.0,0.4961003714209598,5,2.3888177356651443
2017-02-24,1.1168090185278479,0.0,0.39811673130370134,4,2.37350531004545
2017-02-27,1.1140365668404926,0.0,0.3990967796903214,4,2.3637579480669624
2017-02-28,1.1184420972271407,0.0,0.39970731386170183,4,2.370694442870258
2017-03-02,1.1251115846114432,0.0,0.5006105885166319,5,2.3831733330310896
2017-03-03,1.1150822496283301,0.0,0.5018463711608548,5,2.356084734044362
2017-03-06,1.120801527690146,0.0,0.5037661013782989,5,2.3590429450634147
2017-03-07,1.121714552390839,0.0,0.6018940198889995,6,2.373425971052602
2017-03-08,1.11964403771171,0.0,0.6008987860860374,6,2.374967414342223
2017-03-09,1.108352582499604,0.0,0.5990361732096835,6,2.370037062643802
2017-03-10,1.1131176449415534,0.0,0.4996585457982511,5,2.3771662378583005
2017-03-13,1.1182406191579624,0.0,0.395824646081246,4,2.4001065409332534
2017-03-14,1.1181117133343794,0.0,0.49195409194614065,5,2.4184565165648486
2017-03-15,1.1262551346949827,0.0,0.49581190562541944,5,2.417572453501683
2017-03-16,1.138640140372055,0.0,0.4973025938692772,5,2.4369311677566334
2017-03-17,1.1476033125306135,0.0,0.49786515117889973,5,2.453365673418037
2017-03-20,1.143725596508563,0.0,0.49792472753931266,5,2.444785728048601
2017-03-21,1.146374747524068,0.0,0.40836688771443513,4,2.4690067891509595
2017-03-22,1.1312585231902152,0.0,0.40323554461219907,4,2.457581974180825
2017-03-23,1.133316489320699,0.0,0.4031049234641199,4,2.462591664872094
2017-03-24,1.129952034376094,0.0,0.4023664440146467,4,2.458318693400129
2017-03-27,1.1199342997690256,0.0,0.40071534223471705,4,2.4432556189008148
2017-03-28,1.1181975980219454,0.0,0.3976545348974072,4,2.451926237404935
2017-03-29,1.1253264059688015,0.0,0.30597098627819863,3,2.4560858674585453
2017-03-30,1.124328279366693,0.0,0.3061049677205011,3,2.45343367826905
2017-03-31,1.1269487855151958,0.0,0.3091288676951078,3,2.448435321719616
2017-04-03,1.1227331205729798,0.0,0.19009433847383528,2,2.456686576975825
2017-04-04,1.1208641057189974,0.0,0.19114297593139695,2,2.4494213920593
2017-04-05,1.1226248945293764,0.0,0.09764248122221283,1,2.449138038513414
2017-04-06,1.1203678750084802,0.0,0.09921397484017795,1,2.439957383626699
2017-04-07,1.1191335985620416,0.0,0.1988669541689166,2,2.438801301159483
2017-04-10,1.1027163642440834,0.0,0.19727353507940223,2,2.417935146040418
2017-04-11,1.0975306524457882,0.0,0.19706095246662625,2,2.4072017137222455
2017-04-12,1.0971165256519912,0.0,0.19484417145613714,2,2.4129367894909834
2017-04-13,1.1062445585922824,0.0,0.39491737460553233,4,2.4352650489068224
2017-04-14,1.0980298678086304,0.0,0.49452297460179384,5,2.419703272166748
2017-04-17,1.1042064970782604,0.0,0.4947888195134278,5,2.432034818483719
2017-04-18,1.1024347356137763,0.0,0.49334015035291506,5,2.4350950367792903
2017-04-19,1.1046083533402369,0.0,0.4967048693207224,5,2.423692890092827
2017-04-20,1.1115458927558743,0.0,0.4973317717890605,5,2.4358770925659368
2017-04-21,1.1236827201336772,0.0,0.49908466401494433,5,2.453887043942468
2017-04-24,1.1330451655383251,0.0,0.5012275222833514,5,2.46374774733931
2017-04-25,1.1368757349889747,0.0,0.49762327158820835,5,2.489940949121037
2017-04-26,1.1464943572698232,0.0,0.49934589457935324,5,2.502397170998198
2017-04-27,1.137820145842447,0.0,0.4951589857071739,5,2.504233301975541
2017-04-28,1.1305442263013148,0.0,0.492834390414124,5,2.49967697695769
2017-05-02,1.128802735852509,0.0,0.48877455092572575,5,2.5158054607895366
2017-05-04,1.13410192579725,0.0,0.4862185938714994,5,2.5402532047286037
2017-05-08,1.151320411731238,0.0,0.5832894873922884,6,2.5986467034648477
2017-05-10,1.14696355824635,0.0,0.4817284385208523,5,2.5729862063493862
2017-05-11,1.1488405858590809,0.0,0.3883354595120136,4,2.602738328667445
2017-05-12,1.1511234049316499,0.0,0.39229983970164656,4,2.5910074918677535
2017-05-15,1.1482821672086194,0.0,0.3895623309042266,4,2.596255199537567
2017-05-16,1.1524455166030725,0.0,0.20340635153025088,2,2.601559577916558
2017-05-17,1.1532968940775157,0.0,0.09179502155479094,1,2.5990093960035816
2017-05-18,1.151955077383951,0.0,0.09321937373987879,1,2.5919142232145895
2017-05-19,1.150061860040145,0.0,0.09106732831573601,1,2.5937956907592743
2017-05-22,1.1594382871529758,0.0,0.09229174275405665,1,2.611420281313401
2017-05-23,1.1606865313791417,0.0,0.0902337178559631,1,2.620158904668533
2017-05-24,1.1632444918046958,0.0,0.09003529501282712,1,2.626506024096386
2017-05-25,1.1787245941769129,0.0,0.09206917231772362,1,2.655510093053304
2017-05-26,1.1839969952924234,0.0,0.09133996746049518,1,2.6695304265037576
2017-05-29,1.1844377219138214,0.0,0.19270849051166153,2,2.666889571456097
2017-05-30,1.181944587049993,0.0,0.19419970302599862,2,2.6563601536909633
2017-05-31,1.186253613404741,0.0,0.1958592384035313,2,2.6605537861700803
2017-06-01,1.1915308686954214,0.0,0.20036546901560412,2,2.6574142288816605
2017-06-02,1.2073500203732133,0.0,0.20171779672938184,2,2.6881410873975677
2017-06-05,1.2074255332432993,0.0,0.09763824078344405,1,2.684627503428578
2017-06-07,1.2018824791949552,0.0,0.09672205349172835,1,2.6750161511521156
2017-06-08,1.2031009679085607,0.0,0.09632547684624165,1,2.6789037618016756
2017-06-09,1.2138481554240994,0.0,0.09745988020751278,1,2.6994412268075125
2017-06-12,1.2010436039311976,0.0,0.09696054039980086,1,2.672443300955468
2017-06-13,1.208836510566304,0.0,0.09637793011866513,1,2.691518661664532
2017-06-14,1.2064297783682625,0.0,0.19571884229321762,2,2.689183828446429
2017-06-15,1.2118625832377745,0.0,0.3022988583210282,3,2.6767276065692687
2017-06-16,1.2188990426673045,0.0,0.30627367658708665,3,2.6769316211223066
2017-06-19,1.230690238387755,0.0,0.3102816888377685,3,2.687211687767061
2017-06-20,1.2307268224273273,0.0,0.31078799621067477,3,2.6853188860805406
2017-06-21,1.241491387755,0.0,0.32013796160670016,3,2.672057940133063
2017-06-22,1.2453023618020156,0.0,0.3185270756555394,3,2.686610978249782
2017-06-23,1.245881209585591,0.0,0.31647869784791804,3,2.695938976980358
2017-06-26,1.250592713043408,0.0,0.217499654300728,2,2.7073411236668217
2017-06-27,1.2568386783449725,0.0,0.22031594149383957,2,2.711070056330685
2017-06-28,1.2467251266520847,0.0,0.3175647727235982,3,2.7004272971471965
2017-06-29,1.2453880653085478,0.0,0.4138018837780639,4,2.715275022951637
2017-06-30,1.245347753156576,0.0,0.4147298959588951,4,2.710888710061318
2017-07-03,1.2342561807694563,0.0,0.5099495007444056,5,2.713937594215054
2017-07-04,1.227755056389831,0.0,0.8111151136611207,8,2.6981151322127648
2017-07-05,1.2307943497591578,0.0,0.8109617958762418,8,2.7069897652699226
2017-07-06,1.2229580216270317,0.0,0.8097935138039903,8,2.7063777216108083
2017-07-07,1.2320414444586074,0.0,0.8118236574527637,8,2.6973784129934604
2017-07-10,1.2281148152554564,0.0,0.8110451147643752,8,2.699905926622766
2017-07-11,1.226104046796216,0.0,0.7123792171017096,7,2.7156603837740425
2017-07-12,1.2247255344052235,0.0,0.5685213165315209,6,2.710866041777647
2017-07-13,1.2355715381670223,0.0,0.569140239316153,6,2.730950141110066
2017-07-14,1.2289548524628433,0.0,0.5658964207207606,6,2.736775890013488
2017-07-17,1.2383152995891682,0.0,0.567309743008198,6,2.7486427365152046
2017-07-18,1.2304072511292108,0.0,0.5643599707282766,6,2.749708145847737
2017-07-19,1.2309550790261912,0.0,0.56385384431682,6,2.754128461163563
2017-07-20,1.2318671746408998,0.0,0.5620424433747394,6,2.76761608994775
2017-07-21,1.240457977601309,0.0,0.5636114300741056,6,2.77693275453649
2017-07-24,1.2362161233379219,0.0,0.5618513156971972,6,2.778598873386302
2017-07-25,1.2346353421075151,0.0,0.47147596027351674,5,2.7654172664316725
2017-07-26,1.2366696563394326,0.0,0.36784262120296285,4,2.7593081639823644
2017-07-27,1.2438380192414447,0.0,0.3692319949684751,4,2.7692028698047126
2017-07-28,1.2144405947986912,0.0,0.27886260340573554,3,2.7213161205499325
2017-07-31,1.2137399629607108,0.0,0.0,0,2.7232655929456304
2017-08-01,1.223969343222979,0.0,0.0,0,2.7462172301624186
2017-08-02,1.2263284151155616,0.0,0.0,0,2.751510274399574
2017-08-03,1.2057282113083863,0.0,0.0,0,2.705289643994605
2017-08-04,1.2100725407037198,0.0,0.0,0,2.715037005973093
2017-08-07,1.211739550820534,0.0,0.0,0,2.7187772727787918
2017-08-08,1.208369505506426,0.0,0.0992030873953172,1,2.7142209477609405
2017-08-09,1.192325785534206,0.0,0.09712344989911875,1,2.6843668181663625
2017-08-10,1.1869142435722853,0.0,0.09642291372432961,1,2.67425676364914
2017-08-11,1.1652229797873952,0.0,0.09511217537385719,1,2.6291922157113876
2017-08-14,1.170008905910884,0.0,0.09317661874277229,1,2.6456380555146266
2017-08-16,1.1794347212608125,0.0,0.39497993539476534,4,2.6615511906516
2017-08-17,1.1843665889966164,0.0,0.39405867621573937,4,2.6767502748529397
2017-08-18,1.1869213863875183,0.0,0.4958270094174254,5,2.6730100080472408
2017-08-21,1.1844076275562099,0.0,0.5957228675026629,6,2.669190402248694
2017-08-22,1.1947336285041181,0.0,0.5974590077927348,6,2.6808985707647146
2017-08-23,1.1908279239068114,0.0,0.7973709049441271,8,2.682111323941108
2017-08-24,1.1852131883931634,0.0,0.7955988322388098,8,2.6928107538337738
2017-08-25,1.1994340149763287,0.0,0.8969960102069504,9,2.6958369697038393
2017-08-28,1.202394809994555,0.0,0.9974231406534458,10,2.686531639256934
2017-08-29,1.2031613611693175,0.0,0.9974308230811973,10,2.680229856396423
2017-08-30,1.210740445629686,0.0,0.997438754442902,10,2.6887871334821885
2017-08-31,1.2180827220851054,0.0,0.997463958549021,10,2.678473064411928
2017-09-01,1.2018396101327222,0.0,0.9974356654807256,10,2.67223928640243
2017-09-04,1.1736870339659848,0.0,0.9974053853711738,10,2.6404583526958256
2017-09-05,1.1579892903045328,0.0,0.8958241175603117,9,2.637024107719684
2017-09-06,1.1580085191137066,0.0,0.896130316654045,9,2.6293168912715776
2017-09-07,1.1640195652013934,0.0,0.8954920875051148,9,2.6592050232916615
2017-09-08,1.1598899868750987,0.0,0.8952304205822176,9,2.656405490258305
2017-09-11,1.1668457652782673,0.0,0.8951724373735933,9,2.673814732117558
2017-09-12,1.1710154750770625,0.0,0.6796365140718829,7,2.681057248750411
2017-09-13,1.1696452334512242,0.0,0.7800290426703737,8,2.675061487719457
2017-09-14,1.186274099730878,0.0,0.7863804790680842,8,2.6948735676478255
2017-09-15,1.1885800136018445,0.0,0.6981285474959847,7,2.7044055809314402
2017-09-18,1.2001873534399259,0.0,0.6970211912132899,7,2.740833512790579
2017-09-19,1.1976071085036768,0.0,0.5851533673157769,6,2.738385338154122
2017-09-20,1.1780092176626469,0.0,0.5789238522828432,6,2.734021693547473
2017-09-21,1.166942372709499,0.0,0.48914900991210036,5,2.727561232701266
2017-09-22,1.1534538770377243,0.0,0.3805885708058428,4,2.707397794375999
2017-09-25,1.1570430007391608,0.0,0.38465813692336515,4,2.6979791225107395
2017-09-26,1.1517419648758156,0.0,0.3834048849155507,4,2.6910879642747854
2017-09-27,1.1544431381525526,0.0,0.4852624492526738,5,2.689104489453581
2017-09-28,1.1510934752047897,0.0,0.4836405481070252,5,2.689750535538202
2017-09-29,1.1614636785687227,0.0,0.583911128815991,6,2.7139262600732184
2017-10-10,1.177748930399241,0.0,0.5829229570645248,6,2.7585147740538827
2017-10-11,1.1798251328240623,0.0,0.6802565624265007,7,2.7861134094232054
2017-10-12,1.1772993044552251,0.0,0.677406705289545,7,2.8049280848700544
2017-10-13,1.1694805992931736,0.0,0.6753995648172585,7,2.8036359927008125
2017-10-16,1.1713833362334078,0.0,0.675084424395601,7,2.8109238459010077
2017-10-17,1.1813675505333965,0.0,0.5952325541174042,6,2.8158201951739223
2017-10-18,1.1922143907126876,0.0,0.49306732837290274,5,2.8141654104659466
2017-10-19,1.1851034228615926,0.0,0.3904148245704029,4,2.8030012807580276
2017-10-20,1.193188146832679,0.0,0.3905105755915896,4,2.821679946502851
2017-10-23,1.1923152093348528,0.0,0.3899393964679026,4,2.822257987736459
2017-10-24,1.1884363167680998,0.0,0.2776831046105539,3,2.822756689977218
2017-10-25,1.1919359009858495,0.0,0.3793146616717049,4,2.825034852486144
2017-10-26,1.1824837357166034,0.0,0.3773327325407529,4,2.811581226127464
2017-10-27,1.1903356492687371,0.0,0.37745039065019137,4,2.8297158530641853
2017-10-30,1.194996042117031,0.0,0.3785618537618949,4,2.8357229482369744
2017-10-31,1.2006356103508486,0.0,0.4770179930025475,5,2.8600913531831935
2017-11-01,1.2074727715842886,0.0,0.3751486256719052,4,2.8975393578075237
2017-11-02,1.199237444020793,0.0,0.3733457372285321,4,2.886080540411883
2017-11-03,1.2113855621764238,0.0,0.28895858854525075,3,2.899239479082841
2017-11-06,1.2084191956566452,0.0,0.28959843237810656,3,2.889537453671695
2017-11-07,1.2105878992188888,0.0,0.19832601578778106,2,2.8850377993630216
2017-11-08,1.21623247571556,0.0,0.19986476713697446,2,2.8929263620804955
2017-11-09,1.2139203989565421,0.0,0.1989155680013176,2,2.890852214124608
2017-11-10,1.205814247635843,0.0,0.2964153231343534,3,2.882215598045994
2017-11-13,1.196371479459645,0.0,0.29437573225407887,3,2.8679345793333257
2017-11-14,1.1974656513894084,0.0,0.29605413036537503,3,2.8637296127123735
2017-11-15,1.195565925843809,0.0,0.29727682514861054,3,2.85422026771243
2017-11-16,1.204136538469941,0.0,0.29769588546660397,3,2.872966938308266
2017-11-17,1.200804654043168,0.0,0.2959694631845376,3,2.8720602069614296
2017-11-20,1.1991289924071233,0.0,0.3968495578311125,4,2.8648970293214253
2017-11-21,1.203212651216864,0.0,0.39144939112206356,4,2.8683312742975664
2017-11-22,1.2097864925778918,0.0,0.39241001968040545,4,2.8794500674381442
2017-11-23,1.208056497816035,0.0,0.39234465222181336,4,2.8756417957814326
2017-11-24,1.2085606497105974,0.0,0.3908792209869839,4,2.883779709619286
2017-11-27,1.1961925308612142,0.0,0.2953460635228797,3,2.8423874236362194
2017-11-28,1.2024046349068,0.0,0.29720317321451883,3,2.8496186061272373
2017-11-29,1.2015693646913999,0.0,0.29707547151219477,3,2.848156501830464
2017-11-30,1.181886192175491,0.0,0.29575752661755067,3,2.806752881705562
2017-12-01,1.1878455440153717,0.0,0.2995623099706227,3,2.8056648040893584
2017-12-04,1.2025793437251175,0.0,0.30080450795817554,3,2.8354282605492527
2017-12-05,1.2027559944230095,0.0,0.2985458436408632,3,2.8450056104002086
2017-12-06,1.1853248132818053,0.0,0.3986446320884792,4,2.8044860533384717
2017-12-07,1.1774486239869164,0.0,0.2954355606329825,3,2.7904430516043477
2017-12-08,1.178495175379625,0.0,0.2954836762167998,3,2.792732548255109
2017-12-11,1.1831626212108548,0.0,0.29612979403110906,3,2.8012218204898613
2017-12-12,1.1764091483931267,0.0,0.3953456426255233,4,2.7893323057044737
2017-12-13,1.189226326389695,0.0,0.39711089310097597,4,2.8114905529927805
2017-12-14,1.1795209078841296,0.0,0.7972975999808516,8,2.798943657980936
2017-12-15,1.181202530404273,0.0,0.7994513801659578,8,2.813213342551769
2017-12-18,1.1888342405119974,0.0,0.7018930427336291,7,2.812997993856895
2017-12-19,1.16547741467518,0.0,0.6963292545811256,7,2.8092010563420193
2017-12-20,1.1721897732589797,0.0,0.7984471955785432,8,2.802219224971381
2017-12-21,1.1515697300960603,0.0,0.7983682323680931,8,2.754003785603373
2017-12-22,1.1612033108461657,0.0,0.7991596484642027,8,2.766142651509141
2017-12-26,1.1583229160604929,0.0,0.7997491941438656,8,2.751181584286346
2017-12-27,1.1605054989798893,0.0,0.7993575501608448,8,2.7617563386188215
2017-12-28,1.184702170760676,0.0,1.0,10,2.796688163755681
2018-01-02,1.1651134589412167,0.0,1.0,10,2.8104704802275897
2018-01-03,1.1890906296433574,0.0,1.0,10,2.818064355257342
2018-01-04,1.1784705666844535,0.0,1.0,10,2.79552074714663
2018-01-05,1.208708922896657,0.0,0.9052456514278242,9,2.8307245916875403
2018-01-08,1.222691376022308,0.0,0.9057381563271463,9,2.848587199220211
2018-01-09,1.2150059427001023,0.0,0.905257025143803,9,2.8451302859603986
2018-01-10,1.2377684590339666,0.0,0.9073876149042209,9,2.8332521053168462
2018-01-11,1.2204513752286787,0.0,0.8054932813098957,8,2.819832481383672
2018-01-12,1.2185488933652606,0.0,0.8045232470287665,8,2.829477836085641
2018-01-15,1.2002437974773217,0.0,0.36248385671827854,4,2.8377630937673555
2018-01-16,1.2128275320158366,0.0,0.2811538213129783,3,2.8581758832130024
2018-01-17,1.218414846871659,0.0,0.286240729442034,3,2.851024039714833
2018-01-18,1.2224869081046688,0.0,0.2885107699228093,3,2.85145473710458
2018-01-19,1.2190099266645107,0.0,0.2964702996002096,3,2.856498430221356
2018-01-22,1.2111016525736602,0.0,0.2969760282113738,3,2.8359269627900128
2018-01-23,1.2260278736056103,0.0,0.2959622015804234,3,2.8750184179804825
2018-01-24,1.2220914681594444,0.0,0.39395206401679955,4,2.876605197837446
2018-01-25,1.2233004813969885,0.0,0.48977912613492836,5,2.9040678235047435
2018-01-26,1.236750850188265,0.0,0.29746468055433967,3,2.918269503224564
2018-01-29,1.2435072333727013,0.0,0.3954164507257547,4,2.944825397545025
2018-01-30,1.2397943922541113,0.0,0.4007126456347127,4,2.910312935656077
2018-01-31,1.2287901493012434,0.0,0.3956472348240589,4,2.908862165501139
2018-02-01,1.2208157622609486,0.0,0.3912065933873912,4,2.911219667002913
2018-02-02,1.2008492008960239,0.0,0.4915045624136755,5,2.862312844982942
2018-02-05,1.1737875511111273,0.0,0.48671089586942534,5,2.8241847918484853
2018-02-06,1.1544951941223562,0.0,0.4861842917396585,5,2.7806163506330117
2018-02-07,1.1181485327782341,0.0,0.4817540870951308,5,2.716295095716828
2018-02-08,1.1299323206038252,0.0,0.484792011211842,5,2.7288306565868363
2018-02-09,1.1106270274934444,0.0,0.4853830860530727,5,2.679130444638384
2018-02-12,1.1186336200322045,0.0,0.48439539971981105,5,2.7036235251447938
2018-02-13,1.1062174893546457,0.0,0.6800648360969168,7,2.714742318285371
2018-02-14,1.1174149595293899,0.0,0.7798813459469961,8,2.7449364721350125
2018-02-19,1.1236440708369386,0.0,0.6754737069686109,7,2.768726835847624
2018-02-20,1.11432707074659,0.0,0.7767633055387387,8,2.7373312629634245
2018-02-21,1.1174792579083614,0.0,0.7760537494868787,8,2.753799771050335
2018-02-22,1.1118442649446942,0.0,0.6758728775218806,7,2.7363791950492473
2018-02-23,1.1393074790296003,0.0,0.6915394422423119,7,2.7785875392444663
2018-02-26,1.1535696030239388,0.0,0.8939157909785607,9,2.785535368189598
2018-02-27,1.1348248346610736,0.0,0.7931088247699329,8,2.7838239127724442
2018-02-28,1.1277753861158424,0.0,0.7942550144974139,8,2.751204252570017
2018-03-02,1.1147645667089687,0.0,0.7940145925163796,8,2.7226422151446803
2018-03-05,1.0989751753118777,0.0,0.7934123367888192,8,2.6919266907706083
2018-03-06,1.1162032593458104,0.0,0.7030063589636806,7,2.7331262963424723
2018-03-07,1.0994080628702705,0.0,0.6996684768532876,7,2.7222568543222754
2018-03-08,1.1159263292916521,0.0,0.7002630776169096,7,2.7576873816998946
2018-03-09,1.133250532585638,0.0,0.7016462880233897,7,2.7875755137199785
2018-03-12,1.1456317130906462,0.0,0.7019103317560629,7,2.815536841628036
2018-03-13,1.1324460446371836,0.0,0.6971806468102993,7,2.827290346711399
2018-03-14,1.1253146521005544,0.0,0.6962890113011796,7,2.8177583334277845
2018-03-15,1.1294068051235655,0.0,0.4942252226888256,5,2.8248988427841186
2018-03-16,1.1317373407488494,0.0,0.393273892869301,4,2.826700971335955
2018-03-19,1.123246086154448,0.0,0.3933298086023182,4,2.8052341066996114
2018-03-20,1.1254175876674062,0.0,0.2866070441735921,3,2.8171236214849995
2018-03-21,1.1256511029538494,0.0,0.2869128649182679,3,2.8165002436840494
2018-03-22,1.1330845773828402,0.0,0.2884408869309849,3,2.829024470412223
2018-03-23,1.0985503306327544,0.0,0.20352082613335,2,2.739190062224439
2018-03-26,1.1078478795288151,0.0,0.0,0,2.762221038434075
2018-03-27,1.114657488255382,0.0,0.0,0,2.7791995829035807
2018-03-28,1.0997609009409897,0.0,0.0,0,2.742057600108808
2018-03-29,1.1075251277133369,0.0,0.0,0,2.761416314363758
2018-03-30,1.1118345463200028,0.0,0.0,0,2.7721610808237656
2018-04-02,1.1110663060831605,0.0,0.0,0,2.770245610853574
2018-04-03,1.110279882645446,0.0,0.0,0,2.7682848043160413
2018-04-04,1.0946559672961735,0.0,0.0,0,2.7293293588275964
2018-04-05,1.105442823073001,0.0,0.09807994518735487,1,2.762719740674835
2018-04-06,1.100934399283736,0.0,0.0973364564603291,1,2.7537204320574866
2018-04-09,1.1075597324726236,0.0,0.19759843325615284,2,2.7701549377188908
2018-04-10,1.1121142377977453,0.0,0.19870700347981204,2,2.777703476181301
2018-04-11,1.115772958382455,0.0,0.30330557428976856,3,2.7703136157045867
2018-04-12,1.104548648357808,0.0,0.2966606174399793,3,2.768602160287434
2018-04-13,1.1133511610024471,0.0,0.29869071766624467,3,2.7826111595960517
2018-04-16,1.1104171887091403,0.0,0.4965795233195085,5,2.78535402192023
2018-04-17,1.1016805103127658,0.0,0.49335532891939504,5,2.781137721157443
2018-04-18,1.1150041870998328,0.0,0.4940623802047754,5,2.81084450690816
2018-04-19,1.1458826172665768,0.0,0.5064811385585922,5,2.8177810017114555
2018-04-20,1.1483882911898684,0.0,0.5094931731050232,5,2.8067075451382197
2018-04-23,1.1210460744457034,0.0,0.497980212563543,5,2.80419136565075
2018-04-24,1.1093211628730488,0.0,0.4947185280753994,5,2.792891226240805
2018-04-25,1.1048595640843155,0.0,0.49583429092439424,5,2.775515986807059
2018-04-26,1.1147665637891753,0.0,0.4948401213976648,5,2.8059254893515737
2018-04-27,1.1157070111943619,0.0,0.49184889601279164,5,2.8249215110677897
2018-04-30,1.1376447638640497,0.0,0.4970529973264943,5,2.850967369005656
2018-05-02,1.132776143963635,0.0,0.49685324919155915,5,2.8398939124324203
2018-05-03,1.1102770305369034,0.0,0.4060990318771078,4,2.8190844280225322
2018-05-04,1.1147388296635565,0.0,0.41462861721866867,4,2.789763003094221
2018-05-08,1.098380750547681,0.0,0.40783030845235135,4,2.776649400990604
2018-05-09,1.0968832645606306,0.0,0.4084330224379609,4,2.770041596300536
2018-05-10,1.107171744890389,0.0,0.32468335417460464,3,2.7929138945244762
2018-05-11,1.1294208234635863,0.0,0.3343464872214771,3,2.8082716567115122
2018-05-14,1.1732518898306796,0.0,0.3596281731026624,3,2.80645819401784
2018-05-15,1.1744855411997945,0.0,0.19434451624028556,2,2.786544106812953
2018-05-16,1.1638490318326193,0.0,0.18655828115152018,2,2.7879948769678906
2018-05-17,1.1629435797681698,0.0,0.18968783700536299,2,2.7751079577009827
2018-05-18,1.1792206207700602,0.0,0.1968909069695679,2,2.788935610740233
2018-05-21,1.1842393505219933,0.0,0.19869544270755882,2,2.794512008523275
2018-05-23,1.1884215788891088,0.0,0.1994621157635677,2,2.8016978544469504
2018-05-24,1.1839967537842027,0.0,0.19838822996017566,2,2.7950107107640347
2018-05-25,1.1719362764605008,0.0,0.2918473565146463,3,2.789105622867765
2018-05-28,1.1902609547666656,0.0,0.297604222404334,3,2.8096884244409437
2018-05-29,1.1716690821034441,0.0,0.393891788740738,4,2.7850820025161798
2018-05-30,1.1605724256218348,0.0,0.40010429247283197,4,2.7304287705856356
2018-05-31,1.174092414538531,0.0,0.4035710462794668,4,2.746273900871596
2018-06-01,1.176686822210911,0.0,0.4009686082461774,4,2.76435185709914
2018-06-04,1.182492657370159,0.0,0.4017589987389068,4,2.7743259019143367
2018-06-05,1.1853901911024822,0.0,0.27907866451638164,3,2.7811263870156075
2018-06-07,1.1864568200466046,0.0,0.3760147083989016,4,2.8001904135828357
2018-06-08,1.1789407418477333,0.0,0.37686598045707687,4,2.778655544095479
2018-06-11,1.1916470560157568,0.0,0.4790634711927676,5,2.7997030454839114
2018-06-12,1.1876725893429545,0.0,0.5782067268963275,6,2.7982069387616315
2018-06-14,1.159863354498193,0.0,0.5785959029481098,6,2.746806605537862
2018-06-15,1.1543367749588296,0.0,0.6797143196528104,7,2.724773033809745
2018-06-18,1.1318841267343365,0.0,0.6771381751429514,7,2.6932641195071914
2018-06-19,1.0999063669689209,0.0,0.672803295471779,7,2.6523138650557074
2018-06-20,1.1188476902277205,0.0,0.6750711057532331,7,2.6792891226240805
2018-06-21,1.1103583175231904,0.0,0.6761990328060367,7,2.6497296807172246
2018-06-22,1.1046060680687164,0.0,0.6718132395231469,7,2.6717065817361636
2018-06-25,1.111206893116853,0.0,0.5806425945783992,6,2.6724546350973037
2018-06-26,1.1067194397123215,0.0,0.5801850918051895,6,2.66456607237983
2018-06-27,1.0879520611411748,0.0,0.4916061492485081,5,2.6544900202881143
2018-06-28,1.084596826648979,0.0,0.49608456534663753,5,2.6229924401273954
2018-06-29,1.0985220742486441,0.0,0.49991619707244705,5,2.636468734769747
2018-07-02,1.0658056304067434,0.0,0.6985141060031075,7,2.5745956544900204
2018-07-03,1.0664021075241215,0.0,0.6985209062779401,7,2.5759784197939455
2018-07-04,1.0683122329645005,0.0,0.7000265516813121,7,2.5677044962540663
2018-07-05,1.0492310949890036,0.0,0.7011715853153582,7,2.5587391900622247
2018-07-06,1.058947555938035,0.0,0.7019042324008586,7,2.576103095354135
2018-07-09,1.0463729541802635,0.0,0.5873143401363834,6,2.5907581407473734
2018-07-10,1.0530457535706073,0.0,0.6071543266198843,6,2.6002334833218104
2018-07-11,1.0522908791035492,0.0,0.5069581376037867,5,2.5848870552766097
2018-07-12,1.0832271264440847,0.0,0.42729999916775263,4,2.58991941425155
2018-07-13,1.0853116180609201,0.0,0.52329426641175,5,2.6192068367543553
2018-07-16,1.087687105191177,0.0,0.5261693741479744,5,2.6091081163789682
2018-07-17,1.078024926960354,0.0,0.5227677582008928,5,2.60449512065194
2018-07-18,1.0698537605849348,0.0,0.5207571960090159,5,2.5956431558784527
2018-07-19,1.0792354389057288,0.0,0.5265454392117233,5,2.58677985696313
2018-07-20,1.0810213978186471,0.0,0.5258986144544326,5,2.5946004148295914
2018-07-23,1.054759925697015,0.0,0.5183141586199914,5,2.572068140860715
2018-07-24,1.0646137416353534,0.0,0.5204824035946432,5,2.5844110213195206
2018-07-25,1.0642818530806295,0.0,0.521841164110647,5,2.576284441623503
2018-07-26,1.0790335696656983,0.0,0.6246652361806204,6,2.5944530709857303
2018-07-27,1.092754450098148,0.0,0.42737756515916303,4,2.6011742170941528
2018-07-30,1.0852174425388754,0.0,0.4237724505046036,4,2.5994967641025064
2018-07-31,1.0819339969125803,0.0,0.4215827102473094,4,2.60148023892371
2018-08-01,1.0856388309234137,0.0,0.30474835230843283,3,2.6148658604313777
2018-08-02,1.0720763978630485,0.0,0.3072045799629249,3,2.57307687948407
2018-08-03,1.0788270863713239,0.0,0.3062387205356226,3,2.592888959412438
2018-08-06,1.0722890427980754,0.0,0.1879067262754153,2,2.591551530675855
2018-08-07,1.079919107339551,0.0,0.18882716701819616,2,2.6070339684230808
2018-08-08,1.0664739059341144,0.0,0.17813991982212646,2,2.608496072719854
2018-08-09,1.0668215629532323,0.0,0.08605030110754572,1,2.611057588774666
2018-08-10,1.058138341310112,0.0,0.0869179987531136,1,2.5873465640549025
2018-08-13,1.0422366917476975,0.0,0.08693194671064272,1,2.548425120991964
2018-08-14,1.046321877103559,0.0,0.0862657714620471,1,2.5602806333518457
2018-08-16,1.0408793623977672,0.0,0.08885190859098724,1,2.5397545024878445
2018-08-17,1.041473206029248,0.0,0.08683153221119155,1,2.5468383411350013
2018-08-20,1.0394311905317453,0.0,0.08469960367925983,1,2.5477790749073437
2018-08-21,1.0513828990095042,0.0,0.08617570690206593,1,2.5729182014983736
2018-08-22,1.0490059855964753,0.0,0.08278575995661225,1,2.576624465878566
2018-08-23,1.0525827388009668,0.0,0.0,0,2.587131215360029
2018-08-24,1.0574753625014304,0.0,0.0,0,2.5991567398474427
2018-08-27,1.0606562681087661,0.0,0.10051649668076691,1,2.6060592322252325
2018-08-28,1.060909528991378,0.0,0.09923719901017151,1,2.6103888744063743
2018-08-29,1.0633617505552058,0.0,0.09900834782268095,1,2.617087352231126
2018-08-30,1.0617858904892634,0.0,0.09832764697719962,1,2.61518321640277
2018-08-31,1.0664540317429798,0.0,0.09623220713447544,1,2.6327851386732255
2018-09-03,1.0603213514946765,0.0,0.09720746061335217,1,2.614820523864036
2018-09-04,1.0661376155741575,0.0,0.0987505632690826,1,2.624669893119042
2018-09-05,1.0633961757789505,0.0,0.2052124260170335,2,2.5975246234231375
2018-09-06,1.061862023522137,0.0,0.20550891190646753,2,2.5928096204195903
2018-09-07,1.0571516077604866,0.0,0.20407241014690966,2,2.585975132892813
2018-09-10,1.0540147130183228,0.0,0.19922641498379587,2,2.5939997053123123
2018-09-11,1.0576195560509858,0.0,0.20385968588704081,2,2.587811263870156
2018-09-12,1.0530739780056697,0.0,0.20052121417641464,2,2.5874939078987635
2018-09-13,1.0542107455444434,0.0,0.20022538896660477,2,2.591245508846298
2018-09-14,1.0679993179089566,0.0,0.19949430531736104,2,2.627537431003412
2018-09-17,1.0601562959788562,0.0,0.19887357049355978,2,2.6102641988461848
2018-09-18,1.0694407285350356,0.0,0.203769913190112,2,2.617030681521949
2018-09-19,1.063702287645346,0.0,0.19965471074437938,2,2.616441306146505
2018-09-20,1.0687864780514484,0.0,0.19828960805484316,2,2.6334311847578458
2018-09-21,1.0734110019686558,0.0,0.10849664789379725,1,2.651248455723175
2018-09-27,1.0771828966422958,0.0,0.10544305790254233,1,2.669677770347618
2018-09-28,1.0667263774035085,0.0,0.10141437531645127,1,2.655668771039001
2018-10-01,1.0608722040892191,0.0,0.09807150723050356,1,2.650919765609947
2018-10-02,1.0494215519292562,0.0,0.09965617989848426,1,2.6176993958902406
2018-10-04,1.0338103818413265,0.0,0.09994224144280689,1,2.577939226331478
2018-10-05,1.0231241500061359,0.0,0.19439094894094175,2,2.570039329472169
2018-10-08,1.0180074152279868,0.0,0.09836820793358883,1,2.5545228892994367
2018-10-10,1.0076022041340453,0.0,0.09925062605575137,1,2.5259381835904295
2018-10-11,0.9624701242000626,0.0,0.09887703351221315,1,2.4137981842704783
2018-10-12,0.9790701697433963,0.0,0.10077009532941614,1,2.450271452696959
2018-10-15,0.9703750927024679,0.0,0.0997337810258313,1,2.4313094334062497
2018-10-16,0.9731978186985494,0.0,0.10234497148564012,1,2.4313094334062497
2018-10-17,0.9783484352001879,0.0,0.2991661319375773,3,2.456686576975825
2018-10-18,0.9715122585861709,0.0,0.4004568918235672,4,2.4349250246517586
2018-10-19,0.9684256820443329,0.0,0.5985754867651523,6,2.4439356674109423
2018-10-22,0.9797635993810607,0.0,0.7018572558000729,7,2.450112774711263
2018-10-23,0.9653887446224636,0.0,0.7052017709329192,7,2.38708361196432
2018-10-24,0.9644624915049913,0.0,0.7061123715183927,7,2.377426923120516
2018-10-25,0.9587246393116196,0.0,0.7091851344683162,7,2.3385734849085904
2018-10-26,0.9356858826717656,0.0,0.7072452691193748,7,2.2976005621734354
2018-10-29,0.9212195966537671,0.0,0.7072099180252782,7,2.2623513810651827
2018-10-30,0.9175005043880418,0.0,0.7032778054383808,7,2.2834782214464635
2018-10-31,0.9347730634179223,0.0,0.706592212796328,7,2.3004794341996395
2018-11-01,0.9176437521390455,0.0,0.7018854304854161,7,2.294551678019699
2018-11-02,0.9320323379920941,0.0,0.5962844473611588,6,2.3756361287105148
2018-11-05,0.930568587135157,0.0,0.5993302423041411,6,2.3540105860884744
2018-11-06,0.9331540415374833,0.0,0.5979971259500452,6,2.368404946219497
2018-11-07,0.9320806028130437,0.0,0.5996393001686762,6,2.356016729193349
2018-11-08,0.933896941304353,0.0,0.5977383069479638,6,2.371816522911968
2018-11-09,0.9343660294069029,0.0,0.5991967967333114,6,2.364403994151583
2018-11-12,0.9340072955975379,0.0,0.6001288149492116,6,2.3580002040145533
2018-11-13,0.933568655542925,0.0,0.3841511496497131,4,2.347561459384103
2018-11-14,0.9265993630130884,0.0,0.29640940683601424,3,2.34395720228043
2018-11-15,0.9319071304099149,0.0,0.20548050060938003,2,2.366636820093167
2018-11-16,0.9290064473714019,0.0,0.09727298872196066,1,2.3715558376497525
2018-11-19,0.9263296021792848,0.0,0.19188818162670024,2,2.3808044973874805
2018-11-20,0.9190362298259589,0.0,0.19244711890303806,2,2.3604257103673394
2018-11-21,0.9131253911466319,0.0,0.18957303402178774,2,2.353591222840563
2018-11-22,0.9063746294822564,0.0,0.1861319038235395,2,2.3461106892291648
2018-11-23,0.9019004322571594,0.0,0.18702173090577828,2,2.331977014360358
2018-11-26,0.9141184218860166,0.0,0.1879310814282848,2,2.3609244126080995
2018-11-27,0.9240307467139679,0.0,0.19031737919127562,2,2.379512405218239
2018-11-28,0.9329705761074178,0.0,0.1947144770393505,2,2.3894864500334356
2018-11-29,0.9322308135282512,0.0,0.19182766040009405,2,2.3961509254326807
2018-11-30,0.9509600250931013,0.0,0.21420532076448287,2,2.3766108649083635
2018-12-03,1.0103945972885309,0.0,0.4404913417084573,4,2.4163597003252897
2018-12-04,0.9954115744381945,0.0,0.43675275038660505,4,2.396434278978567
2018-12-05,1.0624197154911088,0.0,0.5687495625666661,5,2.381654558025139
2018-12-06,1.046004496578256,0.0,0.6693546064274228,6,2.3446825873578985
2018-12-07,1.0271639479928594,0.0,0.7641673159134723,7,2.3526958256355623
2018-12-10,1.0190156334389426,0.0,0.7647975664182989,7,2.3277947160230763
2018-12-11,0.9933310133615595,0.0,0.7588122583985277,7,2.326865316392569
2018-12-12,1.0249852240557815,0.0,0.6101219361200944,6,2.3604143762255045
2018-12-13,1.050332818824365,0.0,0.7156618195420111,7,2.37512609232792
2018-12-14,1.0796215990695512,0.0,0.6107737387605671,6,2.3454646431445445
2018-12-17,1.1008176549077002,0.0,0.6179527857898006,6,2.3474027813984066
2018-12-18,1.092273410959054,0.0,0.717297580095359,7,2.3372247220301716
2018-12-19,1.0866026920336254,0.0,0.7135166756523189,7,2.3561867413208812
2018-12-20,1.0675491034373765,0.0,0.7110293613881792,7,2.334969227804917
2018-12-21,1.0639444230689128,0.0,0.7098574995257905,7,2.3365220052363735
2018-12-24,1.0336592696778986,0.0,0.7022953655915114,7,2.329177481327002
2018-12-26,1.008771001060836,0.0,0.698958366059909,7,2.2985752983712837
2018-12-27,1.0667571664423166,0.0,0.7152618516650555,7,2.2990626664702085
2018-12-28,1.0448452931441157,0.0,0.7074847012356306,7,2.3133436851828764
2019-01-02,1.0521864000238392,0.0,0.4676210618555165,5,2.2781625089256368
2019-01-03,1.0531050624926124,0.0,0.5716761516202498,6,2.259687857733852
2019-01-04,1.0720295760761958,0.0,0.4824458836211486,5,2.278445862471523
2019-01-07,1.0755605011113263,0.0,0.5886459892944275,6,2.3088780332997088
2019-01-08,1.0566517435181622,0.0,0.48265344402772836,5,2.29546974350837
2019-01-09,1.0719242640647615,0.0,0.4800932378227415,5,2.340171598907389
2019-01-10,1.067225072131369,0.0,0.47816565931267957,5,2.3385508166249194
2019-01-11,1.0719444199293215,0.0,0.4773684498517597,5,2.3524804769406886
2019-01-14,1.0964519178552858,0.0,0.401855962810004,4,2.339956250212515
2019-01-15,1.1101708579251406,0.0,0.3999020277927782,4,2.376973557447098
2019-01-16,1.1172353825056212,0.0,0.40116030338027914,4,2.38708361196432
2019-01-17,1.110558640874123,0.0,0.30260113616516077,3,2.3881716895805236
2019-01-18,1.122974420289836,0.0,0.3046751913879786,3,2.4076890818211703
2019-01-21,1.1278500723603615,0.0,0.30757350403723666,3,2.40806310850174
2019-01-22,1.123495601016737,0.0,0.30712762856648373,3,2.4003105554862914
2019-01-23,1.1288480558075684,0.0,0.30715344555603646,3,2.411656031463578
2019-01-24,1.1384194185736365,0.0,0.3074089041031235,3,2.4312074261297307
2019-01-25,1.150238344608048,0.0,0.3040756681879735,3,2.468270069931655
2019-01-28,1.1487545632121101,0.0,0.30331437208125467,3,2.467782701832731
2019-01-29,1.1537508185418344,0.0,0.30440066859043274,3,2.4746511917850142
2019-01-30,1.1537446716531488,0.0,0.18426748361871592,2,2.500538371737184
2019-01-31,1.1582592145573387,0.0,0.1879441722663442,2,2.499008262589398
2019-02-01,1.1566069709032116,0.0,0.0,0,2.4974328168742703
2019-02-07,1.1565859747068497,0.0,0.0,0,2.4973874803069287
2019-02-08,1.1427442322551067,0.0,0.0,0,2.467499348286845
2019-02-11,1.1446758823204237,0.0,0.0,0,2.4716703124822907
2019-02-12,1.1497884561346055,0.0,0.0,0,2.4827097666300193
2019-02-13,1.1533785262652603,0.0,0.09849256518877138,1,2.4951886567908512
2019-02-14,1.1670842253091698,0.0,0.09921711763521299,1,2.522809960443845
2019-02-15,1.1519360026269574,0.0,0.09957361565051857,1,2.489079554341543
2019-02-18,1.160575552323982,0.0,0.10025353858885803,1,2.50585408425801
2019-02-19,1.1575341327436037,0.0,0.10003569622456229,1,2.4998923256525636
2019-02-20,1.1678386542927641,0.0,0.09821770529511588,1,2.5272416099015067
2019-02-21,1.164577440909546,0.0,0.09613852682769893,1,2.5259948542996065
2019-02-22,1.170383686307775,0.0,0.0998800285191449,1,2.5280803363973297
2019-02-25,1.1713566433149494,0.0,0.09979706576465072,1,2.5304151696154324
2019-02-26,1.1663461571361275,0.0,0.0983433880909029,1,2.5236600210815037
2019-02-27,1.1704013619004587,0.0,0.19848854966416912,2,2.5329426832447384
2019-02-28,1.1503834432877798,0.0,0.2989396895779761,3,2.4883428351222387
2019-03-04,1.1615715306066816,0.0,0.3072038748703008,3,2.482925115324893
2019-03-05,1.1511033964782724,0.0,0.3045511964006675,3,2.469970191206973
2019-03-06,1.1455795049176714,0.0,0.30236181158625663,3,2.465855897720704
2019-03-07,1.1291604150480958,0.0,0.3965700906927114,4,2.454737104580127
2019-03-08,1.122406200162712,0.0,0.40088525484317167,4,2.4226048124766235
2019-03-11,1.1264442329467876,0.0,0.40284860586642013,4,2.423352865837763
2019-03-12,1.1402431574052847,0.0,0.4048107982999451,4,2.444978408459803
2019-03-13,1.1380215093054915,0.0,0.3095276840914013,3,2.435038366070113
2019-03-14,1.1437473807770693,0.0,0.3106595619816607,3,2.443278287184486
2019-03-15,1.1460033394566955,0.0,0.40631868157080475,4,2.4664339389543124
2019-03-18,1.1450156801596094,0.0,0.4048836690428939,4,2.470264878894694
2019-03-19,1.1374478718969518,0.0,0.40143817417762334,4,2.468145394371465
2019-03-20,1.1316320371015616,0.0,0.398505631982536,4,2.4675560189960217
2019-03-21,1.1212272677920827,0.0,0.39075445849127055,4,2.4763739813440027
2019-03-22,1.1211518536422185,0.0,0.39013622714714835,4,2.4787201487039408
2019-03-25,1.0980086121019403,0.0,0.3892666652515803,4,2.431014745718528
2019-03-26,1.1057565278421349,0.0,0.3924319818125346,4,2.435480397601696
2019-03-27,1.0983585893279404,0.0,0.2935808325561777,3,2.431876140498022
2019-03-28,1.0761621903460625,0.0,0.39251461411065786,4,2.412018724002312
2019-03-29,1.086418352384686,0.0,0.3946951384849057,4,2.426265740289474
2019-04-01,1.1109413267862034,0.0,0.49953352413153584,5,2.4575593058971545
2019-04-02,1.1031503073041113,0.0,0.59519068078169,6,2.4676466921307054
2019-04-03,1.1081511737819314,0.0,0.4927877828666075,5,2.497217468179397
2019-04-04,1.1027884666694083,0.0,0.590661286737612,6,2.500912398417754
2019-04-05,1.105661462522156,0.0,0.591155035598751,6,2.504403314103073
2019-04-08,1.112779561992407,0.0,0.5935882794079991,6,2.505525394144782
2019-04-09,1.1156085040154582,0.0,0.5940760451160338,6,2.5088803001280757
2019-04-10,1.1265010639665078,0.0,0.5960342672209664,6,2.5211551757358692
2019-04-11,1.1382828671395735,0.0,0.5031818565479027,5,2.5212118464450466
2019-04-12,1.1449055578713903,0.0,0.5040549938986592,5,2.5314239082387875
2019-04-15,1.153657644175804,0.0,0.6059454669720727,6,2.5421120039896183
2019-04-16,1.1459641255579265,0.0,0.6022829441701586,6,2.5486291355450024
2019-04-17,1.1487247745625564,0.0,0.6037222108493181,6,2.545523580682089
2019-04-18,1.1466822350610257,0.0,0.6086938702667873,6,2.5091183171066205
2019-04-19,1.1366723656069793,0.0,0.7060660515469428,7,2.5118158428634576
2019-04-22,1.125157528125639,0.0,0.7029909429331228,7,2.5123825499552304
2019-04-23,1.1300705193074885,0.0,0.7037672392548459,7,2.5167575287037147
2019-04-24,1.1305645871292167,0.0,0.49148389088166705,5,2.4946786204082563
2019-04-25,1.1318122038115086,0.0,0.49447455951060043,5,2.482743769055526
2019-04-26,1.1295136882048422,0.0,0.3957275267244413,4,2.4700608643416566
2019-04-29,1.14433382317442,0.0,0.2979383280264405,3,2.5121331988348503
2019-04-30,1.1395321277028114,0.0,0.29906427164562716,3,2.4975801607181314
2019-05-02,1.1414160494234267,0.0,0.2971108281600888,3,2.5079622346394044
2019-05-03,1.126233037307753,0.0,0.595095102921066,6,2.4893402396037585
2019-05-07,1.1147523097435876,0.0,0.5945253298618632,6,2.4674313434358317
2019-05-08,1.1053975083701144,0.0,0.5927805850104432,6,2.457253284067597
2019-05-09,1.08102508452074,0.0,0.5962758934471404,6,2.382447947953621
2019-05-10,1.0925660361903262,0.0,0.5993945738326111,6,2.3892824354803976
2019-05-13,1.0774206476653472,0.0,0.5993575526559473,6,2.356379421732084
2019-05-14,1.0840617503582066,0.0,0.4890107595168189,5,2.3595869838715164
2019-05-15,1.0937439561820672,0.0,0.49087275496584204,5,2.3719865350395
2019-05-16,1.087446429018616,0.0,0.5939749122077583,6,2.3435491731743534
2019-05-17,1.0736425876337532,0.0,0.5911194570553512,6,2.330072878532002
2019-05-20,1.063781831347725,0.0,0.4817377605642904,5,2.329970871255483
2019-05-21,1.0631343259435817,0.0,0.48002457878455507,5,2.336249985832323
2019-05-22,1.065695773878316,0.0,0.480365885552547,5,2.340341611034921
2019-05-23,1.058706229919839,0.0,0.5792305549726128,6,2.334368518287638
2019-05-24,1.047355712325133,0.0,0.6785825983248056,7,2.318183363746614
2019-05-27,1.0531732043562168,0.0,0.680529944291506,7,2.3169366081447142
2019-05-28,1.059386066904857,0.0,0.7815314122956499,8,2.3221729816726926
2019-05-29,1.0387366217038982,0.0,0.7799626203971478,8,2.2932595858504574
2019-05-30,1.0376782288847288,0.0,0.6977861094841677,7,2.3108048374117356
2019-05-31,1.0340716384718651,0.0,0.39881296173068537,4,2.314137075111358
2019-06-03,1.0463899079825136,0.0,0.39829268947180446,4,2.3437305194437204
2019-06-04,1.0448770598157355,0.0,0.39767792933151214,4,2.3427331149622006
2019-06-05,1.0516481486997713,0.0,0.40093642176578304,4,2.3451586213149875
2019-06-07,1.049195069106934,0.0,0.3986013187617678,4,2.3488082149860023
2019-06-10,1.0623333963217099,0.0,0.3982546067957648,4,2.379591744211087
2019-06-11,1.0683184882676955,0.0,0.39811447913880793,4,2.3935554069523626
2019-06-12,1.064174082850275,0.0,0.39664597259025386,4,2.3900871595507147
2019-06-13,1.0680906381253652,0.0,0.3031876362811371,3,2.3837400401228623
2019-06-14,1.058377176948398,0.0,0.29938044608170633,3,2.374967414342223
2019-06-17,1.0570745851058683,0.0,0.3000838290627993,3,2.369663035963232
2019-06-18,1.0598036598392298,0.0,0.2992215713895916,3,2.378707681147922
2019-06-19,1.0754715871597718,0.0,0.3008526167769844,3,2.4082557889129426
2019-06-20,1.073426815177799,0.0,0.19935667350976355,2,2.415634315247821
2019-06-21,1.0724752183451687,0.0,0.10145137085709206,1,2.4092078568271202
2019-06-24,1.0721318959644437,0.0,0.10086340451174246,1,2.4100125808974373
2019-06-25,1.0722241552482696,0.0,0.0,0,2.404696868376611
2019-06-26,1.0723302840319473,0.0,0.0,0,2.4049348853551553
2019-06-27,1.0786323122817665,0.0,0.0,0,2.419068560223963
2019-06-28,1.076762424188396,0.0,0.0,0,2.4148749277448456
2019-07-01,1.0763176940472698,0.0,0.0,0,2.413877523263326
2019-07-02,1.0724161978092104,0.0,0.0,0,2.405127565766358
2019-07-03,1.0592764436395798,0.0,0.0,0,2.375658796994186
2019-07-04,1.0662115335860278,0.0,0.10063229627297057,1,2.3900644912670437
2019-07-05,1.0695760125929052,0.0,0.10267057507769096,1,2.392172641648438
2019-07-08,1.045071324778669,0.0,0.20231029260985167,2,2.3395595552482744
2019-07-09,1.0368060697473014,0.0,0.20068008645794,2,2.3257999070600373
2019-07-10,1.0404850207597365,0.0,0.20088631825996586,2,2.333450452798967
2019-07-11,1.0543935591862195,0.0,0.20307741854008998,2,2.3581588820002493
2019-07-12,1.0553043576329815,0.0,0.20143840948184052,2,2.3650500402362034
2019-07-15,1.0502203657908018,0.0,0.19918009129545386,2,2.360312368948985
2019-07-16,1.0538649810297755,0.0,0.2988369525361664,3,2.3709551281324734
2019-07-17,1.0450024487126834,0.0,0.2992960988105021,3,2.349476929354294
2019-07-18,1.0442440319009818,0.0,0.3009419882323823,3,2.342257081005112
2019-07-19,1.0579713303669234,0.0,0.30072703586908556,3,2.373777329449501
2019-07-22,1.0579766814657467,0.0,0.30107113249114165,3,2.372621246982285
2019-07-23,1.064857326972437,0.0,0.3028970195001803,3,2.3818132360108355
2019-07-24,1.0574798671685521,0.0,0.30443055965335203,3,2.360108354395947
2019-07-25,1.043032637872603,0.0,0.39859550534234467,4,2.3512450554806246
2019-07-26,1.0459678200989906,0.0,0.4026595006164282,4,2.341928390891884
2019-07-29,1.0305953056632609,0.0,0.4045409070557264,4,2.300241417221095
2019-07-30,1.0397930604237215,0.0,0.40713274612252603,4,2.3106688277097103
2019-07-31,1.0296377886475627,0.0,0.30164412862025225,3,2.294653685296218
2019-08-01,1.0207612540289641,0.0,0.39872403826059116,4,2.2864817690328576
2019-08-02,1.0160551253921501,0.0,0.3013078767620116,3,2.2647088825669566
2019-08-05,0.9927837483076003,0.0,0.30323518946878497,3,2.206734747078625
2019-08-06,0.975754352020898,0.0,0.3018089884529831,3,2.1733216969477156
2019-08-07,0.9741843024461887,0.0,0.30352477427838936,3,2.1644924004578994
2019-08-08,0.9841590110148517,0.0,0.3066487700191727,3,2.176846615058541
2019-08-09,0.9915489197025715,0.0,0.405966247389137,4,2.1962733341645038
2019-08-12,0.9878030400509543,0.0,0.299117868425414,3,2.2014190345577984
2019-08-13,0.9784431931790136,0.0,0.29840965502459293,3,2.182763037096646
2019-08-14,0.9856252396817798,0.0,0.2989868969131342,3,2.196976050958302
2019-08-16,0.988409621573664,0.0,0.30500075235430374,3,2.1842818121025966
2019-08-19,0.992447991350748,0.0,0.303256608297564,3,2.198710174659126
2019-08-20,0.9990354010696797,0.0,0.4010636153435922,4,2.2217751532942684
2019-08-21,1.0026849295487266,0.0,0.4019041112607173,4,2.2267621757018667
2019-08-22,0.9968315266920567,0.0,0.3019249149054591,3,2.2113024062383118
2019-08-23,0.9980440428642217,0.0,0.30374146619278186,3,2.2082308538009046
2019-08-26,0.9809686749025648,0.0,0.3032531177904718,3,2.171972934069297
2019-08-27,0.9815330740510153,0.0,0.30064135032437106,3,2.181368937650886
2019-08-28,0.9936680226691241,0.0,0.303263174078253,3,2.2000589375375443
2019-08-29,0.9903161597130057,0.0,0.2084652768440285,2,2.191354316607918
2019-08-30,1.0023278915105283,0.0,0.20404445920419767,2,2.2303210962381983
2019-09-02,1.00246779710766,0.0,0.20358933377507804,2,2.2319078760951614
2019-09-03,1.0005797490796005,0.0,0.20350473928467108,2,2.227940926452754
2019-09-04,1.010534790354036,0.0,0.20218765133930186,2,2.2538281064049235
2019-09-05,1.019055225424424,0.0,0.20240508138043814,2,2.272212084462025
2019-09-06,1.017711835546918,0.0,0.10034623998070512,1,2.2771764385859528
2019-09-09,1.0208308226000682,0.0,0.098443349327465,1,2.2889866143784925
2019-09-10,1.0292195474183325,0.0,0.10024356451326666,1,2.3031882940983124
2019-09-11,1.0345755299266288,0.0,0.09736050711842191,1,2.3225923449206043
2019-09-16,1.0413236990872186,0.0,0.09751201642557479,1,2.337349397590361
2019-09-17,1.041490224092154,0.0,0.09760818468036865,1,2.3374740731505512
2019-09-18,1.0449123998242342,0.0,0.0,0,2.3469947522923302
2019-09-19,1.0497667542240396,0.0,0.0,0,2.357898196738034
2019-09-20,1.0554032551227743,0.0,0.0,0,2.370558433168233
2019-09-23,1.0554940850387788,0.0,0.0,0,2.3707624477212708
2019-09-24,1.0602071484581326,0.0,0.0,0,2.381348536195582
2019-09-25,1.0462546641385255,0.0,0.0,0,2.35000963402056
2019-09-26,1.0468248741667772,0.0,0.0,0,2.351290392047966
2019-09-27,1.0344164984192494,0.0,0.0,0,2.323419737274592
2019-09-30,1.0410369900747014,0.0,0.0,0,2.338290131362704
2019-10-01,1.0457651918133892,0.0,0.0,0,2.3489102222625218
2019-10-02,1.0253234146058925,0.0,0.0,0,2.3029956136871097
2019-10-04,1.0196616831749343,0.0,0.0,0,2.290278706547734
2019-10-07,1.0201864782451835,0.0,0.0,0,2.2914574572986206
2019-10-08,1.0325595312475984,0.0,0.0,0,2.3192487730791465
2019-10-10,1.0234260785826836,0.0,0.0,0,2.2987339763569805
2019-10-11,1.0317319697906668,0.0,0.0,0,2.3173899738181323
2019-10-14,1.0432320463781477,0.0,0.0,0,2.3432204830611254
2019-10-15,1.0436205965743899,0.0,0.0,0,2.344093211982455
2019-10-16,1.0510181886223262,0.0,0.0,0,2.3607090639132258
2019-10-17,1.048550642570866,0.0,0.0,0,2.3551666685556905
2019-10-18,1.0398461089537512,0.0,0.0,0,2.3356152738895375
2019-10-21,1.0419402431283036,0.0,0.0,0,2.34031894275125
2019-10-22,1.054060990808483,0.0,0.0,0,2.367543551440003
2019-10-23,1.0499029990980466,0.0,0.0,0,2.3582042185675913
2019-10-24,1.0524462367461775,0.0,0.0,0,2.3639166260526583
2019-10-25,1.0535715184833465,0.0,0.0,0,2.3664441396819638
2019-10-28,1.0564528452632727,0.0,0.0,0,2.3729159346700066
2019-10-29,1.0561367970877968,0.0,0.10032235855686002,1,2.3718845277629805
2019-10-30,1.045944798554349,0.0,0.09694719823489709,1,2.3578075236033507
2019-10-31,1.0469884107593057,0.0,0.0964552552375463,1,2.36144578313253
2019-11-01,1.051269034236373,0.0,0.09291291240225998,1,2.380396468281404
2019-11-04,1.067805833207634,0.0,0.09418720887743944,1,2.4144442303550986
2019-11-05,1.069494034349357,0.0,0.1909620616846959,2,2.428498566231058
2019-11-06,1.0633155785209598,0.0,0.18568762780090145,2,2.430210021648211
2019-11-07,1.062302215673619,0.0,0.18485760973101875,2,2.4303686996339073
2019-11-08,1.0601832223408614,0.0,0.18591757274947876,2,2.4223667954980788
2019-11-11,1.0530749607135899,0.0,0.1854613932622016,2,2.4074737331262965
2019-11-12,1.0601642284533865,0.0,0.18449742158835541,2,2.4265490938353604
2019-11-13,1.0463355719197267,0.0,0.2815562979193385,3,2.4056149338652824
2019-11-14,1.055334730374596,0.0,0.282051134085263,3,2.4246336238651693
2019-11-15,1.070980768347632,0.0,0.2849499559526984,3,2.450645479377529
2019-11-18,1.0685880150357117,0.0,0.283842693439921,3,2.448956692244047
2019-11-19,1.0681714904607456,0.0,0.28603368754089736,3,2.4405127565766356
2019-11-20,1.0537417542940521,0.0,0.285641191817669,3,2.408867832572057
2019-11-21,1.038945599573784,0.0,0.2852584368324168,3,2.376316177220642
2019-11-22,1.0417377029557207,0.0,0.38549064838766495,4,2.3823912772444436
2019-11-25,1.0568987806943049,0.0,0.2968298211309841,3,2.406805018758005
2019-11-26,1.0556740158058622,0.0,0.2967267931084682,3,2.404368178263383
2019-11-27,1.0558752005743064,0.0,0.3951659597475122,4,2.4117353704564257
2019-11-28,1.0507935990192117,0.0,0.4950552697202409,5,2.4012512892586337
2019-11-29,1.038714101904477,0.0,0.4965707542339141,5,2.366523478674812
2019-12-02,1.0403738385973713,0.0,0.4047480865445929,4,2.371011798841651
2019-12-03,1.035408638785929,0.0,0.40413802909603314,4,2.362114497500822
2019-12-04,1.0306820707378135,0.0,0.4057655443366546,4,2.344909270194607
2019-12-05,1.0229611350092256,0.0,0.5039108074282967,5,2.3356719445987144
2019-12-06,1.0364041803990351,0.0,0.5053295387786656,5,2.3595983180133517
2019-12-09,1.0343861486002117,0.0,0.6032473319806196,6,2.3673055344614586
2019-12-10,1.0305842355910328,0.0,0.4962437913009788,5,2.377902957077605
2019-12-11,1.0342807237514848,0.0,0.4962210820458979,5,2.3865395731562185
2019-12-12,1.046120826062229,0.0,0.4944172819916762,5,2.422502805200104
2019-12-13,1.0489811012862762,0.0,0.5888958884861277,6,2.459792131838738
2019-12-16,1.0488048462884887,0.0,0.5892246648401356,6,2.4574119620532935
2019-12-17,1.0547849734500878,0.0,0.5863673321856149,6,2.4886148545262894
2019-12-18,1.0592134371595803,0.0,0.5882692777016886,6,2.4875721134774285
2019-12-19,1.0629292690660166,0.0,0.4916317935292694,5,2.489612259007809
2019-12-20,1.0649146446544218,0.0,0.49081929845955524,5,2.4982488750864227
2019-12-23,1.0629971208378226,0.0,0.4900095644644022,5,2.4977161704201567
2019-12-24,1.0540923869968737,0.0,0.3970887839105576,4,2.482267735098437
2019-12-26,1.057744327641391,0.0,0.30697508856904937,3,2.491165036439266
2019-12-27,1.0590151321949626,0.0,0.4059332140006735,4,2.4982828775119295
2019-12-30,1.0651823932730782,0.0,0.4111251999853507,4,2.4908703487515447
2020-01-02,1.0634150150975015,0.0,0.5157703048087106,5,2.46536852962178
2020-01-03,1.0618063917735439,0.0,0.6149683612069339,6,2.466830633918553
2020-01-06,1.047072022538021,0.0,0.510203873032127,5,2.4425869045325235
2020-01-07,1.0592807597743252,0.0,0.5112502935305991,5,2.4657878928696912
2020-01-08,1.032424722114915,0.0,0.4057726546682394,4,2.438325267202394
2020-01-09,1.0672745580596121,0.0,0.4157867178438204,4,2.4781534416121684
2020-01-10,1.0795836829338141,0.0,0.4171805972723718,4,2.5007537204320576
2020-01-13,1.090867279608616,0.0,0.4172304641481598,4,2.526674902809734
2020-01-14,1.0745181284111185,0.0,0.30486228229084444,3,2.5375783472554376
2020-01-15,1.0697717711091141,0.0,0.40470281740158826,4,2.5286243752054314
2020-01-16,1.0726182897543977,0.0,0.4017398822792917,4,2.5479717553185464
2020-01-17,1.0717932930961245,0.0,0.40060823185655814,4,2.55082795906108
2020-01-20,1.0682500328734763,0.0,0.39539486768053517,4,2.564508268256469
2020-01-21,1.0550656318350624,0.0,0.39404870445696716,4,2.5384964127441094
2020-01-22,1.0738190812669361,0.0,0.3973050153862059,4,2.569733307642612
2020-01-23,1.064394995318156,0.0,0.49801483054366413,5,2.54579560008614
2020-01-28,1.0275459619406155,0.0,0.4960816970226934,5,2.4671253216062743
2020-01-29,1.0299976057143745,0.0,0.39551075365820193,4,2.4768273470174207
2020-01-30,1.0088177078175344,0.0,0.39334848899174274,4,2.4345736662548596
2020-01-31,0.9922491092459175,0.0,0.2866735572019275,3,2.4017159890738875
2020-02-03,1.003450119181686,0.0,0.3010333796316624,3,2.4015686452300264
2020-02-04,1.0185636212295033,0.0,0.2987239333256855,3,2.445794466671956
2020-02-05,1.0273062602721355,0.0,0.601485962073541,6,2.4545557583107596
2020-02-06,1.0474092504209696,0.0,0.698514221037321,7,2.5251787960874545
2020-02-07,1.0385355091400683,0.0,0.798522872253845,8,2.5070555032925683
2020-02-10,1.026290867760107,0.0,0.8985852350652455,9,2.494723956975598
2020-02-11,1.0428012036433412,0.0,0.8991910293404737,9,2.5197157397227667
2020-02-12,1.0446764839010043,0.0,0.8986812562484969,9,2.5370116401636653
2020-02-13,1.0406704151832873,0.0,0.8023131686033681,8,2.530868535288851
2020-02-14,1.0521344683256488,0.0,0.8035363300266373,8,2.5429167280599354
2020-02-17,1.0564826842434538,0.0,0.8044687577540877,8,2.5413072799193013
2020-02-18,1.0461446435695483,0.0,0.8054682953087269,8,2.503575921749085
2020-02-19,1.051955293835218,0.0,0.8064149544873619,8,2.505230706457061
2020-02-20,1.048717845163964,0.0,0.8071210697510074,8,2.4884108399732514
2020-02-21,1.02689763052626,0.0,0.8132260167204948,8,2.451393532738669
2020-02-24,0.9891860846163563,0.0,0.8136179918747095,8,2.35641342415759
2020-02-25,0.9911638374415075,0.0,0.9125223315150858,9,2.384261410647293
2020-02-26,0.9756270900248324,0.0,0.9122631633289994,9,2.3538405739609427
2020-02-27,0.9591977615914962,0.0,0.911700581553594,9,2.3290414716249757
2020-02-28,0.9151518113080428,0.0,0.8051202574057782,8,2.252105316845935
2020-03-02,0.9331317862181117,0.0,0.8073843821217226,8,2.269673236690884
2020-03-03,0.9326666368050057,0.0,0.5089174976787845,5,2.282866177787349
2020-03-04,0.9540570025950981,0.0,0.4966209241896035,5,2.334073830599916
2020-03-05,0.9579499801362973,0.0,0.49065849368661985,5,2.3634632603792407
2020-03-06,0.9331449439742502,0.0,0.7963300528499745,8,2.3124142855523697
2020-03-09,0.8894380615413786,0.0,0.8965966239442325,9,2.2155640435684414
2020-03-10,0.8932722258685357,0.0,0.8966106642733229,9,2.2248127033061693
2020-03-11,0.866568190535863,0.0,0.8963923452978481,9,2.1628602840335946
2020-03-12,0.8224900820052355,0.0,0.8950695434331145,9,2.07905563930227
2020-03-13,0.7796856652748385,0.0,0.8931039492183526,9,2.0077752212991196
2020-03-16,0.7446309563762379,0.0,0.8916466491284767,9,1.943646646794138
2020-03-17,0.7404873967586451,0.0,0.8937356381953478,9,1.8955672171281552
2020-03-18,0.6970193104127524,0.0,0.8925924714922523,9,1.803488648856952
2020-03-19,0.5944713699554146,0.0,0.798428250860799,8,1.6521098505026695
2020-03-20,0.6621219319962998,0.0,0.8055510010377345,8,1.7750966235591474
2020-03-23,0.6445096329277737,0.0,0.7348897928809739,7,1.6802411905382586
2020-03-24,0.7013285190618377,0.0,0.7354125981274134,7,1.8247628330820933
2020-03-25,0.7318058803858385,0.0,0.7315025103672141,7,1.9321991635403326
2020-03-26,0.7224776221015192,0.0,0.7309903465010245,7,1.9112083328610776
2020-03-27,0.7284859136089621,0.0,0.7282268050290449,7,1.9468995455009126
2020-03-30,0.7390123811892706,0.0,0.7321930706449226,7,1.9462081628489498
2020-03-31,0.786084431833213,0.0,0.6332270349312566,6,1.988733863015562
2020-04-01,0.7438842731600549,0.0,0.5192026433498443,5,1.9103242697979124
2020-04-02,0.7572414276604708,0.0,0.10678331792390884,1,1.954980788629589
2020-04-03,0.7580291610631191,0.0,0.0,0,1.9556381688560451
2020-04-06,0.7872179230374756,0.0,0.0,0,2.0309422072107814
2020-04-07,0.8011533163220419,0.0,0.0,0,2.0668941051128313
2020-04-08,0.7939220245987141,0.0,0.0,0,2.048238107651679
2020-04-09,0.8066932062753327,0.0,0.0,0,2.081186457967335
2020-04-10,0.8174522788333096,0.0,0.0,0,2.1089437713223544
2020-04-13,0.8021022586138031,0.0,0.0,0,2.069342279749289
2020-04-14,0.8158619218443396,0.0,0.0,0,2.104840811977921
2020-04-16,0.8158575285929888,0.0,0.0,0,2.104829477836086
2020-04-17,0.8411011508543754,0.0,0.0,0,2.1699554568225867
2020-04-20,0.8339972634202191,0.0,0.0,0,2.1516281494746625
2020-04-21,0.8256588723565033,0.0,0.0,0,2.130115948270977
2020-04-22,0.8330263548717043,0.0,0.0,0,2.149123304129028
2020-04-23,0.8411890158813904,0.0,0.0,0,2.1701821396592957
2020-04-24,0.8298895734072715,0.0,0.0,0,2.141030726858516
2020-04-27,0.8447211899673901,0.0,0.0,0,2.1792947896949983
2020-04-28,0.8496943504964346,0.0,0.0,0,2.192125038252729
2020-04-29,0.8556120600658894,0.0,0.0,0,2.207392127305081
2020-05-04,0.8326836812663461,0.0,0.0,0,2.1482392410658626
2020-05-06,0.8473527475264869,0.0,0.0,0,2.1860839406544335
2020-05-07,0.8472868487562257,0.0,0.0,0,2.1859139285269014
2020-05-08,0.8548476343308596,0.0,0.0,0,2.2054199866257127
2020-05-11,0.8502698664233823,0.0,0.0,0,2.193609810833173
2020-05-12,0.8444575948863454,0.0,0.0,0,2.1786147411848713
2020-05-13,0.8524752786014569,0.0,0.0,0,2.1992995500345693
2020-05-14,0.8456833120132035,0.0,0.0,0,2.181776966756962
2020-05-15,0.8467025463265766,0.0,0.0,0,2.1844064876627867
2020-05-18,0.8510211124043598,0.0,0.0,0,2.1955479490870347
2020-05-19,0.8701317557801049,0.0,0.0,0,2.244851466071246
2020-05-20,0.8740988617498288,0.0,0.0,0,2.255086196148659
2020-05-21,0.8779078106709255,0.0,0.0,0,2.2649128971199946
2020-05-22,0.8655276283645232,0.0,0.0,0,2.2329732854276942
2020-05-25,0.8762779144197986,0.0,0.0,0,2.2607079304990423
2020-05-26,0.8917333726717231,0.0,0.0,0,2.3005814414761585
2020-05-27,0.8923572143635291,0.0,0.0,0,2.3021908896167926
2020-05-28,0.8911886095042306,0.0,0.0,0,2.299176007888563
2020-05-29,0.8916542941474097,0.0,0.0,0,2.3003774269231205
2020-06-01,0.9072415499398565,0.0,0.0,0,2.3405909621553005
2020-06-02,0.916955028676356,0.0,0.0,0,2.3656507497534824
2020-06-03,0.9432310650051678,0.0,0.0,0,2.4334402520713145
2020-06-04,0.9450674440697796,0.0,0.0,0,2.438177923358533
2020-06-05,0.9585503324652191,0.0,0.0,0,2.4729624046515317
2020-06-08,0.9596134992920997,0.0,0.0,0,2.475705266975711
2020-06-09,0.9616475746674952,0.0,0.0,0,2.480952974645525
2020-06-10,0.9640363303418544,0.0,0.09965393735956486,1,2.488626188668125
2020-06-11,0.9511951443623756,0.0,0.19565778364689154,2,2.4671933264572874
2020-06-12,0.9382510501399297,0.0,0.20122365103362155,2,2.416779063573202
2020-06-15,0.8924566559143533,0.0,0.2002021201788655,2,2.3017601922270456
2020-06-16,0.9314597610981725,0.0,0.19323005898250442,2,2.4232961951285863
2020-06-17,0.930796748882982,0.0,0.19152256806812967,2,2.4266964376792215
2020-06-18,0.9256493767752374,0.0,0.18990115587932344,2,2.418116492309785
2020-06-19,0.9300614428936967,0.0,0.19078135157848994,2,2.4270024595087785
2020-06-22,0.9265306897197794,0.0,0.19323230845814407,2,2.4104659465708553
2020-06-23,0.9237702219876526,0.0,0.18910550955246214,2,2.4155776445386437
2020-06-24,0.9422121163700031,0.0,0.193685418080594,2,2.449886091874554
2020-06-25,0.9321977951133249,0.0,0.2035511872786249,2,2.394190118895148
2020-06-26,0.935136265465917,0.0,0.1976797980424698,2,2.4194425869045326
2020-06-29,0.9195741413545204,0.0,0.19983782903962544,2,2.3727799249679813
2020-06-30,0.9184257551590002,0.0,0.19315430883775417,2,2.3896111255936257
2020-07-01,0.9125168108867119,0.0,0.18855746203619117,2,2.387763660474447
2020-07-02,0.9223003520407743,0.0,0.2865564876574158,3,2.420258645116685
2020-07-03,0.9277531883103814,0.0,0.2850899931679973,3,2.439572022804293
2020-07-06,0.932541300915908,0.0,0.4798021833791703,5,2.479830894603815
2020-07-07,0.9243953570099877,0.0,0.4034731765786939,4,2.452900973602784
2020-07-08,0.9225490583261564,0.0,0.296863647241678,3,2.4469052125718305
2020-07-09,0.930827204911807,0.0,0.30020522354552365,3,2.457128608507407
2020-07-10,0.9270707315567152,0.0,0.4029672846519692,4,2.437123848167836
2020-07-13,0.934565261835465,0.0,0.6007290484311604,6,2.4777114100805857
2020-07-14,0.9313518555452186,0.0,0.599800481685972,6,2.4749345453309006
2020-07-15,0.9314694589175612,0.0,0.5965030111065993,6,2.4956420224642692
2020-07-16,0.9187498104300815,0.0,0.5942832709596624,6,2.4751045574584323
2020-07-17,0.9194131945036417,0.0,0.5913400567721768,6,2.494859966677623
2020-07-20,0.9127565871263795,0.0,0.588918910465139,6,2.491471058268823
2020-07-21,0.9252637136673769,0.0,0.588825014979595,6,2.5261875347108096
2020-07-22,0.9240965859215007,0.0,0.5883371049930134,6,2.5259948542996065
2020-07-23,0.9226112182538622,0.0,0.5899814257735233,6,2.5118611794307997
2020-07-24,0.9105660248896108,0.0,0.6884116296228469,7,2.4940099060399645
2020-07-27,0.9081086336925851,0.0,0.78620866932005,8,2.5137539811173197
2020-07-28,0.9109913703290347,0.0,0.7831251765159424,8,2.558104478119439
2020-07-29,0.9124889979379293,0.0,0.6809000854035463,7,2.5650976436319124
2020-07-30,0.91576772437721,0.0,0.6815016630993666,7,2.5694612882385615
2020-07-31,0.9203772265616031,0.0,0.4861388092990036,5,2.5494678620408258
2020-08-03,0.9319636229643904,0.0,0.5912457134670907,6,2.551360663727346
2020-08-04,0.9381718569699399,0.0,0.5887321124955739,6,2.5841503360573053
2020-08-05,0.9480167594534317,0.0,0.5873103429792622,6,2.6202949143705587
2020-08-06,0.9418650035604823,0.0,0.5898760426600328,6,2.6551474005145703
2020-08-07,0.9463260528134882,0.0,0.3960944239097306,4,2.6654161330174886
2020-08-10,0.9553109160187405,0.0,0.39294461276846754,4,2.704756939328339
2020-08-11,0.9636900023549482,0.0,0.3900802148396103,4,2.74135488331501
2020-08-12,0.9556071230095303,0.0,0.38144240133359775,4,2.7568599893459065
2020-08-13,0.9622517958800942,0.0,0.3844055489385388,4,2.7627310748166707
2020-08-14,0.9710205058733079,0.0,0.4958541459651766,5,2.7286833127429757
2020-08-18,0.9404221759126592,0.0,0.4922619280794031,5,2.6615285223679286
2020-08-19,0.9797885524975298,0.0,0.5101093929289675,5,2.6754695168255336
2020-08-20,0.9871756692078861,0.0,0.5315555033184127,5,2.5776332045019212
2020-08-21,0.960290995364684,0.0,0.43663719373376664,4,2.612054993256186
2020-08-24,1.0125572028593868,0.0,0.28838652446990076,3,2.6406623672488636
2020-08-25,1.0318159331621524,0.0,0.2906084946584052,3,2.6824853506216777
2020-08-26,1.0293161328684126,0.0,0.4891898697498304,5,2.6854208933570596
2020-08-27,1.019145314709956,0.0,0.4895074323550088,5,2.657232882612293
2020-08-28,1.019549887143472,0.0,0.5882615021859073,6,2.66783030522844
2020-08-31,1.0036345579855892,0.0,0.49207910198560406,5,2.6365140713370887
2020-09-01,1.0132793404346043,0.0,0.4918572402912945,5,2.663013294948373
2020-09-02,1.0105799265921918,0.0,0.48728619504529636,5,2.679810493148511
2020-09-03,1.0131781747972493,0.0,0.39612601742436276,4,2.7155470423556882
2020-09-04,1.0001508411979803,0.0,0.3953201472925916,4,2.684208140180666
2020-09-07,0.9977509617574835,0.0,0.38977832615844343,4,2.7023087646918813
2020-09-08,0.9986571912081648,0.0,0.38580856785676954,4,2.722358861598794
2020-09-09,0.985212126283165,0.0,0.38419187521190445,4,2.692776751408267
2020-09-10,0.9977001713809222,0.0,0.386609254524607,4,2.7162044225821442
2020-09-11,0.9998761847354911,0.0,0.29027701357865193,3,2.716442439560689
2020-09-14,1.0138622515838684,0.0,0.29094999863704635,3,2.7518276303709666
2020-09-15,1.0213842830636226,0.0,0.2916292449996479,3,2.769588230627118
2020-09-16,1.013710957623935,0.0,0.2885045746341053,3,2.760906277981163
2020-09-17,1.0020539349627344,0.0,0.2890182684381539,3,2.7271872060206963
2020-09-18,1.00910961410959,0.0,0.2921614556508323,3,2.7342483763841825
2020-09-21,0.9947538424166277,0.0,0.288795250398759,3,2.7081685160208093
2020-09-22,0.9646258000310122,0.0,0.18341421309006478,2,2.6437905903954486
2020-09-23,0.9684238487430008,0.0,0.18639011257623328,2,2.6445273096147526
2020-09-24,0.9445315421048536,0.0,0.19942510648337436,2,2.5759104149429324
2020-09-25,0.9503091104029275,0.0,0.20216013592694476,2,2.582812907320722
2020-09-28,0.9708802036084686,0.0,0.20902723183105468,2,2.616010608756758
2020-09-29,0.9792462200417503,0.0,0.30928635734464255,3,2.638463543732786
2020-10-05,0.9831326329145189,0.0,0.6059199551690205,6,2.672590644799329
2020-10-06,0.9776657566665308,0.0,0.6023886846742176,6,2.6815446168493353
2020-10-07,0.9987278854562577,0.0,0.6073124961355512,6,2.7053916512711242
2020-10-08,1.0033252304829539,0.0,0.6082897516274605,6,2.7110813904725206
2020-10-12,1.0231652492900323,0.0,0.6139952425570673,6,2.724421675412846
2020-10-13,1.0199704160582943,0.0,0.6128795989311758,6,2.72376429518639
2020-10-14,1.0124854377335266,0.0,0.6136966215258921,6,2.6980697956454227
2020-10-15,0.9993995679293599,0.0,0.6118065426961451,6,2.676228904328509
2020-10-16,0.9911688890262402,0.0,0.6118453266080139,6,2.6539233131963416
2020-10-19,0.9976011363938713,0.0,0.7130801493511814,7,2.659828401092611
2020-10-20,0.9980876931338915,0.0,0.7117939040780062,7,2.6730553446145824
2020-10-21,1.0013690914373214,0.0,0.7112218813615367,7,2.687166351199719
2020-10-22,0.9958912997762536,0.0,0.812070144620317,8,2.6692470729578712
2020-10-23,0.99444259252758,0.0,0.6972517655048479,7,2.675775538655091
2020-10-26,0.9690647397239542,0.0,0.6915473963834755,7,2.6566208389531787
2020-10-27,0.9673122136097148,0.0,0.590394467084473,6,2.6418071155742444
2020-10-28,0.9762109667100045,0.0,0.5916172986835526,6,2.658150948100965
2020-10-29,0.9666440277338777,0.0,0.5908446433509028,6,2.6370807784288615
2020-10-30,0.9378625271417154,0.0,0.6038007483266875,6,2.5696199662242574
2020-11-02,0.9483170012143411,0.0,0.2970000226090094,3,2.6070339684230808
2020-11-03,0.9584402730171837,0.0,0.4931328303998998,5,2.6559407904430516
2020-11-04,0.9455118341046926,0.0,0.790034753853255,8,2.6718199231545188
2020-11-05,0.9672025375036719,0.0,0.8907736954762724,9,2.73582382209931
2020-11-06,0.963491222652326,0.0,0.8902298593435011,9,2.738895374536717
2020-11-09,0.9883662437716464,0.0,0.8916330766337175,9,2.7736911899715513
2020-11-10,0.9957547730836039,0.0,0.8921897045302439,9,2.78007231182491
2020-11-11,0.9962074216301893,0.0,0.8907871289574114,9,2.81752031644924
2020-11-12,1.0146905802782482,0.0,0.8932186178980688,9,2.8059028210679027
2020-11-13,1.027457141756031,0.0,0.7952519231744773,8,2.8265876299176007
2020-11-16,1.039769922565005,0.0,0.7936882472832189,8,2.8823062711806777
2020-11-17,1.040423533408946,0.0,0.7941324357884777,8,2.8779086241485228
2020-11-18,1.0419847326428242,0.0,0.7011642100677257,7,2.88526448219973
2020-11-19,1.0367812747400293,0.0,0.6994543906021009,7,2.8872819594464407
2020-11-20,1.0410970860959068,0.0,0.699985938915103,7,2.894173117682395
2020-11-23,1.0652117357472737,0.0,0.7011406877421802,7,2.9498124199526234
2020-11-24,1.0634520712285214,0.0,0.6989012972872508,7,2.9670063131170026
2020-11-25,1.0812683933305707,0.0,0.7056974818987739,7,2.948622335059901
2020-11-26,1.0809943022122743,0.0,0.5995355646520983,6,2.9762436387128948
2020-11-27,1.0955787385864522,0.0,0.6037320005339276,6,2.9847895816568246
2020-11-30,1.0790390570230275,0.0,0.40347725647434873,4,2.9370615103877413
2020-12-01,1.0929615264081445,0.0,0.09125783842149882,1,2.985696313003661
2020-12-02,1.1101144043760796,0.0,0.0,0,3.032903013748314
2020-12-03,1.118544287666532,0.0,0.0,0,3.0559339899579503
2020-12-04,1.1331596807926463,0.0,0.0,0,3.095864171644244
2020-12-07,1.1389635226840553,0.0,0.0,0,3.11172063607204
2020-12-08,1.1204982615985217,0.0,0.0,0,3.0612723707624476
2020-12-09,1.1431245329893327,0.0,0.0,0,3.123088780332997
2020-12-10,1.1393866762744227,0.0,0.0,0,3.112876718539256
2020-12-11,1.1491772887574285,0.0,0.0,0,3.13962529327092
2020-12-14,1.145916516972834,0.0,0.0,0,3.1307166577882555
2020-12-15,1.1436845892118779,0.0,0.0,0,3.124618889480783
2020-12-16,1.149894990435208,0.0,0.0,0,3.1415860998084533
2020-12-17,1.149330785648052,0.0,0.0,0,3.140044656518832
2020-12-18,1.1500567844550544,0.0,0.0,0,3.1420281313400356
2020-12-21,1.1527409057586582,0.0,0.0,0,3.1493613211075724
2020-12-22,1.1340848107009982,0.0,0.0,0,3.0983916852735494
2020-12-23,1.1414579323763798,0.0,0.09746406871968544,1,3.1280191320314183
2020-12-24,1.1606966471296774,0.0,0.09729535882307506,1,3.1813349352253795
2020-12-28,1.1588272740802714,0.0,0.09527865422969249,1,3.183307075904748
2020-12-29,1.1632731303188502,0.0,0.0949145134374141,1,3.19680603883077
2020-12-30,1.1827538092079233,0.0,0.1935444060351447,2,3.256831653991318
2021-01-04,1.2177186863639369,0.0,0.19735157051596558,2,3.3372813927393485
2021-01-05,1.2407506394586867,0.0,0.19991226758976482,2,3.3895544548844487
2021-01-06,1.2261817235238905,0.0,0.1964592017128015,2,3.3642113137403804
2021-01-07,1.2553537217585093,0.0,0.1983489032229671,2,3.436149111969987
2021-01-08,1.2999907036354887,0.0,0.19510559337507583,2,3.572725521087171
2021-01-11,1.2918793216611926,0.0,0.19101028408700993,2,3.5684978861825476
2021-01-12,1.2789431956161872,0.0,0.18866741555049127,2,3.542996067052783
2021-01-13,1.287618328134963,0.0,0.18837441876756533,2,3.5683165399131807
2021-01-14,1.2866982635583242,0.0,0.1873709665132438,2,3.5701753391741944
2021-01-15,1.259488222273053,0.0,0.18669042615751064,2,3.4976028290018024
2021-01-18,1.2311948636409493,0.0,0.18740431239420868,2,3.4160310102120617
2021-01-19,1.2649441906700687,0.0,0.18842444156649116,2,3.505264708882567
2021-01-20,1.2748074799279188,0.0,0.1890037405803434,2,3.5300751453603696
2021-01-21,1.289607023995807,0.0,0.18639563561751263,2,3.5825408879166716
2021-01-22,1.2792330523782922,0.0,0.10234448436854966,1,3.5596345872672255
2021-01-25,1.316136273846496,0.0,0.20797732683072034,2,3.6371147808543673
2021-01-26,1.2883515686974731,0.0,0.2082132298034865,2,3.5592718947284907
2021-01-27,1.309753914354147,0.0,0.2255539011764674,2,3.5391537929705654
2021-01-28,1.2819148637646494,0.0,0.1295612479558148,1,3.4785048000090675
2021-01-29,1.234137026038807,0.0,0.12321395990279972,1,3.373278627208741
2021-02-01,1.2835254649811119,0.0,0.23314239181950905,2,3.4643144544310833
2021-02-02,1.2931174851270972,0.0,0.22879979931535552,2,3.509968377744279
2021-02-03,1.3058256199518028,0.0,0.32857456119508827,3,3.547223701957406
2021-02-04,1.2988030685259,0.0,0.4333408881351687,4,3.499472962404652
2021-02-05,1.3065047391154083,0.0,0.531489573572822,5,3.5369663035963237
2021-02-08,1.3137485520299912,0.0,0.6368933576989779,6,3.5036552607419327
2021-02-09,1.2925651416249304,0.0,0.7332212934944315,7,3.496208729556042
2021-02-10,1.3043114255604382,0.0,0.7342602421165505,7,3.514241349216244
2021-02-15,1.297675547656814,0.0,0.728902499152514,7,3.5668544356164076
2021-02-16,1.3031735679129433,0.0,0.9292087774341705,9,3.585272416099015
2021-02-17,1.2962366428205079,0.0,0.9294941034146792,9,3.5518140294007643
2021-02-18,1.2794155502152453,0.0,0.9296400815086768,9,3.4984642237812964
2021-02-19,1.305285988054853,0.0,0.9305662869257932,9,3.5222205850684016
2021-02-22,1.3061664722260347,0.0,0.9312353731293238,9,3.490632331773
2021-02-23,1.3077929839675444,0.0,0.7863874312770048,8,3.4796835507599546
2021-02-24,1.2727215687064422,0.0,0.886367444578526,9,3.3945528114338823
2021-02-25,1.3059992021597706,0.0,0.8853912960020244,9,3.513232610592889
2021-02-26,1.2923080011107568,0.0,0.887418211845131,9,3.4149202643121876
2021-03-02,1.2872160192121116,0.0,0.8858129336453198,9,3.449965430867402
2021-03-03,1.2982860518489967,0.0,0.7940891455429179,8,3.4943045937276858
2021-03-04,1.2941544504240676,0.0,0.7960783741952654,8,3.4495347334776545
2021-03-05,1.2823355560283087,0.0,0.71065384783314,7,3.430006007095173
2021-03-08,1.2522445752634663,0.0,0.6191529417189744,6,3.3958335694612884
2021-03-09,1.2329243068820073,0.0,0.7223068056880471,7,3.373176619932222
2021-03-10,1.2108971849089394,0.0,0.593056346149299,6,3.3527751646284103
2021-03-11,1.250604968733466,0.0,0.4864639783132464,5,3.4157703249498463
2021-03-12,1.2670540429309727,0.0,0.48628719145406807,5,3.4618889480782964
2021-03-15,1.286918726712385,0.0,0.49565412550470705,5,3.452050912965125
2021-03-16,1.3044001710244562,0.0,0.30424314049833634,3,3.4763739813440027
2021-03-17,1.3027343944040326,0.0,0.4076001505303169,4,3.4540797243536705
2021-03-18,1.30339341955954,0.0,0.4043033639997124,4,3.4750592208910906
2021-03-19,1.3009761771734596,0.0,0.5072946288769251,5,3.4450464133108167
2021-03-22,1.303446104702941,0.0,0.5088867602498258,5,3.4404334175837876
2021-03-23,1.2806367213715824,0.0,0.6064376932344078,6,3.4056149338652824
2021-03-24,1.2832079330249355,0.0,0.5177243223135656,5,3.396105588865339
2021-03-25,1.2996134603029879,0.0,0.5219083834631166,5,3.4096838907842093
2021-03-26,1.316906199369901,0.0,0.5230609738975953,5,3.446723866302463
2021-03-29,1.3298359867529652,0.0,0.6278974927584299,6,3.441090797810244
2021-03-30,1.3263855031533716,0.0,0.7246858579603838,7,3.479581543483435
2021-03-31,1.3295376120611366,0.0,0.7261062017591448,7,3.4698568497886186
2021-04-01,1.315982104670451,0.0,0.7209366343972979,7,3.49930295027712
2021-04-02,1.3156150696305546,0.0,0.7185622890763878,7,3.5280916705391654
2021-04-05,1.3353629400253242,0.0,0.5803702145193247,6,3.5371929864330323
2021-04-06,1.3466104620396622,0.0,0.5830417975357317,6,3.544276825080189
2021-04-07,1.3520248632987812,0.0,0.5833397094845479,6,3.55598499359621
2021-04-08,1.3625698567718798,0.0,0.5857933731176028,6,3.562615466569949
2021-04-09,1.359191632001552,0.0,0.5862672161275888,6,3.549717213161206
2021-04-12,1.3632938601586644,0.0,0.5870235316269682,6,3.553922179782158
2021-04-13,1.3600337515800212,0.0,0.49193808487277585,5,3.591880220789083
2021-04-14,1.3581850417856622,0.0,0.4891113929545536,5,3.606954629430233
2021-04-15,1.3599518139766018,0.0,0.3802299128208432,4,3.6204989289235967
2021-04-16,1.364159904099742,0.0,0.38131196112700666,4,3.625361275771005
2021-04-19,1.3643227216288536,0.0,0.2954780502045503,3,3.625610626891385
2021-04-20,1.3748327464019838,0.0,0.29608612171669796,3,3.6503870609436806
2021-04-21,1.3532147939033767,0.0,0.29573028975588667,3,3.5948044293826293
2021-04-22,1.3599637375078224,0.0,0.4978950239927898,5,3.601446236498204
2021-04-23,1.355510209094943,0.0,0.3992725077256984,4,3.6111709301930204
2021-04-26,1.366252973083057,0.0,0.28938011882141573,3,3.646794137981843
2021-04-27,1.3692098211110428,0.0,0.29137972865841744,3,3.644402634054563
2021-04-28,1.3473971003057397,0.0,0.2875111164324729,3,3.6059232225232067
2021-04-29,1.3384847380763656,0.0,0.3850319721880881,4,3.5975359575649732
2021-04-30,1.3241563077614271,0.0,0.2963033728733398,3,3.5678291718142563
2021-05-03,1.3147028296945398,0.0,0.2958950883983038,3,3.5444128347822144
2021-05-04,1.3151769377772318,0.0,0.2916091706596917,3,3.567273798864319
2021-05-06,1.338643907449305,0.0,0.29709075519059985,3,3.6028290018021285
2021-05-07,1.358321907750487,0.0,0.40277821566236544,4,3.623751827630371
2021-05-10,1.3692537053543403,0.0,0.7017795066651865,7,3.682802706593071
2021-05-11,1.4212495510935637,0.0,0.7162151766443777,7,3.6376134830951274
2021-05-12,1.3661065522466989,0.0,0.7091546069553568,7,3.5834702875471782
2021-05-13,1.3312472216320312,0.0,0.7052722120714926,7,3.53864375658797
2021-05-14,1.335969177687171,0.0,0.7033781048340918,7,3.5740176132564128
2021-05-17,1.321583700161964,0.0,0.7019370673154122,7,3.5527094266057646
2021-05-18,1.3659998585453923,0.0,0.7080840265976432,7,3.596379875097757
2021-05-20,1.37484655999372,0.0,0.7109468619335139,7,3.5841730043409767
2021-05-21,1.3476350611331154,0.0,0.5013489477799866,5,3.5775311972254022
2021-05-24,1.3220402234533561,0.0,0.5948511588085215,6,3.563794217320836
2021-05-25,1.32828305392752,0.0,0.5932901143234064,6,3.5944190685602244
2021-05-26,1.3363022741724102,0.0,0.8940640732841022,9,3.591143501569779
2021-05-27,1.3489918322021148,0.0,0.8951572918340266,9,3.5878339321538273
2021-05-28,1.3396024309122376,0.0,0.9052897151627406,9,3.6141518094957443
2021-05-31,1.3424783449341695,0.0,0.9050424072221371,9,3.631368370943794
2021-06-01,1.3419540351372825,0.0,0.9044730977975796,9,3.6517131555384283
2021-06-02,1.3936814813158434,0.0,0.9079512686584487,9,3.654388013011595
2021-06-03,1.395347307584114,0.0,0.9073996130026857,9,3.680683222069841
2021-06-04,1.3714436774605985,0.0,0.7924196618162125,8,3.6723526278207848
2021-06-07,1.3514744237820633,0.0,0.5775945778697038,6,3.6859989345906676
2021-06-08,1.3520125826733491,0.0,0.5783197032016895,6,3.681136587743259
2021-06-09,1.330979268448347,0.0,0.6766217677103549,7,3.645264028834057
2021-06-10,1.3322181323197282,0.0,0.6760726462576996,7,3.654852712826848
2021-06-11,1.3508473693131702,0.0,0.6780948468957667,7,3.6828253748767414
2021-06-14,1.3548763749867798,0.0,0.678774544011111,7,3.6860102687325034
2021-06-15,1.3545095683239534,0.0,0.678045350860337,7,3.693377460925546
2021-06-16,1.3631056623018103,0.0,0.6781072195235895,7,3.7161024153056252
2021-06-17,1.3518729720010512,0.0,0.8777288911968468,9,3.7005519727073866
2021-06-18,1.3590238271697377,0.0,0.7772102380739948,8,3.7039182128325154
2021-06-21,1.3219134836235182,0.0,0.7728580170298124,8,3.673157351891102
2021-06-22,1.3363327165096281,0.0,0.5879530606811239,6,3.6993278853891582
2021-06-23,1.3242369756145946,0.0,0.6845519279097763,7,3.713280213988598
2021-06-24,1.335314539973929,0.0,0.5850709679657949,6,3.7245123485475298
2021-06-25,1.3432603240679342,0.0,0.5854241747546286,6,3.7434857019800747
2021-06-28,1.3579651731087221,0.0,0.5900314003874272,6,3.7424089585057065
2021-06-29,1.3385931725052498,0.0,0.7881991672340002,8,3.7251697287739858
2021-06-30,1.3557197404705947,0.0,0.8897978763006639,9,3.736503870609437
2021-07-01,1.3476453684076037,0.0,0.8896292526069809,9,3.7199333552460074
2021-07-02,1.357765449466787,0.0,0.7943964221325498,8,3.719615999274615
2021-07-05,1.3473277038520692,0.0,0.9953333954809302,10,3.7325709233925357
2021-07-06,1.368334036498669,0.0,0.9023903176141133,9,3.7461718935950765
2021-07-07,1.3524455856570392,0.0,0.9018373007157164,9,3.723650953768036
2021-07-08,1.318241124087226,0.0,0.9002914375295492,9,3.6866336465334526
2021-07-09,1.300941843495131,0.0,0.9000443423925225,9,3.6472701719389318
2021-07-12,1.3415878710916596,0.0,0.9022136485708135,9,3.6795951444536374
2021-07-13,1.341084627103895,0.0,0.9014263628177644,9,3.707828491765746
2021-07-14,1.349122335748388,0.0,0.8059092717186488,8,3.700381960579855
2021-07-15,1.3622897483815688,0.0,0.9062815401100524,9,3.724648358249555
2021-07-16,1.3700284645322711,0.0,0.9070749249888693,9,3.7140962722007504
2021-07-19,1.3290584344747516,0.0,0.8054423037932112,8,3.6768409479876234
2021-07-20,1.3191995558101806,0.0,0.6906290322507617,7,3.663988031146222
2021-07-21,1.3132850622252037,0.0,0.890555690642621,9,3.6449580070044996
2021-07-22,1.3378995573458712,0.0,0.8914234056100343,9,3.6838341135000965
2021-07-23,1.3800864277545966,0.0,0.9924683025421163,10,3.6886057872128215
2021-07-26,1.3592292670489194,0.0,0.805060674693194,8,3.6552040712237472
2021-07-27,1.3546494894744725,0.0,0.7158586636237335,7,3.6637953507350196
2021-07-28,1.34912909456306,0.0,0.7143138411072221,7,3.6687030341497695
2021-07-29,1.3583645123636416,0.0,0.715748647172666,7,3.6752655022724956
2021-07-30,1.3331187149277648,0.0,0.6048401263497857,6,3.6295549082501224
2021-08-02,1.331592453949845,0.0,0.6018274600680529,6,3.653039250133176
2021-08-03,1.3193251909266097,0.0,0.5963670957458767,6,3.6690203901211618
2021-08-04,1.3359638619466012,0.0,0.5960697481822873,6,3.718029219417652
2021-08-05,1.3472601025155555,0.0,0.5999754795619531,6,3.7132122091375854
2021-08-06,1.3339870121119652,0.0,0.5967068026781568,6,3.7066724092985304
2021-08-09,1.3237712963932138,0.0,0.5948297736768181,6,3.695406272314092
2021-08-10,1.3232064768586627,0.0,0.5025749932833409,5,3.67587754593161
2021-08-11,1.315697527536766,0.0,0.5048565270743305,5,3.650296387808997
2021-08-12,1.3086125759470568,0.0,0.5040677599124039,5,3.6364233982024055
2021-08-13,1.3120702636743555,0.0,0.6099359296388424,6,3.5943850661347176
2021-08-17,1.2861797634297794,0.0,0.6056224107858775,6,3.5624227861587463
2021-08-18,1.2931774495460928,0.0,0.41349066798848233,4,3.5803760668261004
2021-08-19,1.2660590459749816,0.0,0.4125151551916279,4,3.5111244602114953
2021-08-20,1.2477094372705304,0.0,0.2947709938225021,3,3.4688254428815926
2021-08-23,1.267154990516819,0.0,0.29885461641775724,3,3.5024878441328817
2021-08-24,1.289605772233778,0.0,0.30033957079542456,3,3.5569937322195653
2021-08-25,1.2916252807117667,0.0,0.2995392440227229,3,3.566639086921534
2021-08-26,1.284313498105402,0.0,0.29964360182822114,3,3.54592027564633
2021-08-27,1.2847414907070727,0.0,0.4107602503637452,4,3.552006709811967
2021-08-30,1.2853036417166106,0.0,0.4090840728050711,4,3.5636695417606457
2021-08-31,1.302779689935821,0.0,0.4067980554495077,4,3.6260979949903094
2021-09-01,1.3061804789842983,0.0,0.40690927659497156,4,3.634881954912784
2021-09-02,1.3056660315355195,0.0,0.41244229188523507,4,3.5995534348116833
2021-09-03,1.3275774941120697,0.0,0.4175527689634174,4,3.628126806378855
2021-09-06,1.3539707119856967,0.0,0.4285015423221633,4,3.6306996565755023
2021-09-07,1.3494779392737684,0.0,0.4294467863473182,4,3.6126670369153002
2021-09-08,1.3435005726755513,0.0,0.44356940651154164,4,3.5849777284112934
2021-09-09,1.3419126091956028,0.0,0.5501648027804198,5,3.530245157487901
2021-09-10,1.3192746924814722,0.0,0.5023816598640737,5,3.54278071835791
2021-09-13,1.3080499217938064,0.0,0.49777425977762835,5,3.5451608881433545
2021-09-14,1.3174931555685518,0.0,0.49803108103403276,5,3.568928583572295
2021-09-15,1.3208966830626776,0.0,0.4985978473486482,5,3.574108286391096
2021-09-16,1.3147614924103945,0.0,0.49998177985594505,5,3.54768840177266
2021-09-17,1.3277403961971452,0.0,0.6029524547177673,6,3.5594985775652
2021-09-23,1.318506770274376,0.0,0.601818052273876,6,3.544843532171962
2021-09-24,1.317218143454252,0.0,0.6017267173308954,6,3.542191342982466
2021-09-27,1.3028695662050134,0.0,0.5962582452398937,6,3.551712022124245
2021-09-28,1.2830572047258162,0.0,0.4878797136992232,5,3.5112264674880143
2021-09-29,1.26094116799031,0.0,0.4852306012720178,5,3.4685534234775415
2021-09-30,1.2714458229443215,0.0,0.48805729672953546,5,3.478244114746852
2021-10-01,1.2380067295562722,0.0,0.48273415688303006,5,3.4219814346756734
2021-10-05,1.2092395719645999,0.0,0.4804283702492523,5,3.357365492071768
2021-10-06,1.1754485744863805,0.0,0.4752108301947136,5,3.2963198041460293
2021-10-07,1.20647670598242,0.0,0.47971496539269903,5,3.3542939396343607
2021-10-08,1.2019860095494255,0.0,0.47832876361618454,5,3.3507123508143586
2021-10-12,1.1957376961163413,0.0,0.5942712150246134,6,3.3054664566072383
2021-10-13,1.2120308326582898,0.0,0.48517695909775244,5,3.337236056172007
2021-10-14,1.2192168293497034,0.0,0.6966268477192133,7,3.3873669655102066
2021-10-15,1.221881490817999,0.0,0.7953735247874753,8,3.417311768239468
2021-10-18,1.2260346199800343,0.0,0.7966334947832645,8,3.40781375738136
2021-10-19,1.2235282488979642,0.0,0.7947014140461329,8,3.433156898525428
2021-10-20,1.218459202976027,0.0,0.7949301435425782,8,3.415124278865226
2021-10-21,1.199917209741882,0.0,0.6927575509817067,7,3.4085504766006642
2021-10-22,1.1915744868305163,0.0,0.690726784508623,7,3.4072243820059165
2021-10-25,1.2005119176521222,0.0,0.6915608274643232,7,3.423522877965295
2021-10-26,1.2082695071319194,0.0,0.690645514399224,7,3.455870518763672
2021-10-27,1.1962689055471474,0.0,0.596764939671606,6,3.429133278173843
2021-10-28,1.1957870215202806,0.0,0.5987277695522154,6,3.4110666560881344
2021-10-29,1.180712593605558,0.0,0.5988534556780049,6,3.3670108467737365
2021-11-01,1.1625223178108373,0.0,0.5914437718980953,6,3.376372847929819
2021-11-02,1.1723660015680997,0.0,0.5901755000752895,6,3.415532307971302
2021-11-03,1.1575172073588427,0.0,0.5901220767711525,6,3.3727119201169686
2021-11-04,1.1584725264297748,0.0,0.5894264936666277,6,3.3812238606353917
2021-11-05,1.1494915198089641,0.0,0.5881535781152711,6,3.365412732774938
2021-11-08,1.15342744083524,0.0,0.5004532783334427,5,3.3551326661301837
2021-11-09,1.162895939521202,0.0,0.6038063206121713,6,3.357694182184996
2021-11-10,1.1498924360341078,0.0,0.3142362157124656,3,3.321096238198325
2021-11-11,1.1522298537440354,0.0,0.21120348104443698,2,3.315145813734713
2021-11-12,1.1707185202756363,0.0,0.2120138771917835,2,3.364880028108672
2021-11-15,1.186754165522654,0.0,0.31490566671034775,3,3.399698511827177
2021-11-16,1.1815388861039415,0.0,0.31241161548433316,3,3.397080325063188
2021-11-17,1.181256884220305,0.0,0.4191698453937829,4,3.3576488456176543
2021-11-18,1.1960723937884414,0.0,0.4292767799912591,4,3.3406022962971362
2021-11-19,1.1949079489453944,0.0,0.42413855605872386,4,3.367396207596142
2021-11-22,1.1774745574475909,0.0,0.4073060280991502,4,3.4152602885672514
2021-11-23,1.1609190677784373,0.0,0.4020298667812246,4,3.397216334765213
2021-11-24,1.1691768061863517,0.0,0.4068554486752471,4,3.3937707556472363
2021-11-25,1.1646830747173502,0.0,0.4073548651216007,4,3.377880288793934
2021-11-26,1.1513549459991066,0.0,0.40931114443897837,4,3.3282027451291527
2021-11-29,1.1410430042151427,0.0,0.40947762656282255,4,3.29746455247141
2021-11-30,1.0988638827348867,0.0,0.40162987850387327,4,3.2177742012263546
2021-12-01,1.120370527297509,0.0,0.400566148361747,4,3.2865837763093766
2021-12-02,1.1188072732739542,0.0,0.390299277741942,4,3.3382107923698556
2021-12-03,1.128746483778554,0.0,0.2785098049701469,3,3.3643473234424057
2021-12-06,1.125156730630992,0.0,0.17333603477414733,2,3.3699237212254474
2021-12-07,1.135080376856496,0.0,0.17547290659721876,2,3.390857881195525
2021-12-08,1.1376785147178299,0.0,0.17458416047669403,2,3.4022826961656603
2021-12-09,1.1532939766573715,0.0,0.27800457866782896,3,3.4337576080427072
2021-12-10,1.1419938699791095,0.0,0.29808493682439763,3,3.411837377732945
2021-12-13,1.1444271986836982,0.0,0.30157145198760593,3,3.4021240181799635
2021-12-14,1.14509025763082,0.0,0.21090709102243688,2,3.38658490972356
2021-12-15,1.1463954142711708,0.0,0.21142560414670056,2,3.3882170261478652
2021-12-16,1.146711306336311,0.0,0.20715435064465523,2,3.407507735551803
2021-12-17,1.1489286662294582,0.0,0.20570496184776826,2,3.4203379841095334
2021-12-20,1.1331309599219366,0.0,0.2092374732840408,2,3.3583062258441103
2021-12-21,1.1394975525910946,0.0,0.2104629994982712,2,3.371941198472158
2021-12-22,1.1460582232107113,0.0,0.21248918653891338,2,3.382651962506659
2021-12-23,1.1477729352124642,0.0,0.21005872038146958,2,3.3981684026793912
2021-12-24,1.1504325757970695,0.0,0.20813649500451473,2,3.4143308889367443
2021-12-27,1.1424670466158593,0.0,0.20602476186101187,2,3.3997325142526837
2021-12-28,1.1513150227997175,0.0,0.20669202870660816,2,3.423182853710231
2021-12-29,1.1444113571879304,0.0,0.2090278900583734,2,3.3926373414636912
2021-12-30,1.1418496528932192,0.0,0.3112509896372584,3,3.374910743633046
2022-01-03,1.1548912985068127,0.0,0.31648562955530396,3,3.387514309354067
2022-01-04,1.151961342191198,0.0,0.3146393851265196,3,3.388047014020333
2022-01-05,1.1505463285113948,0.0,0.4210815147984904,4,3.348071495766698
2022-01-06,1.1308976500330723,0.0,0.32099059720724316,3,3.3101701254689506
2022-01-07,1.1220835958851785,0.0,0.2029928052805901,2,3.3491142368155593
2022-01-10,1.115029948786215,0.0,0.20559717494426277,2,3.3171859592650943
2022-01-11,1.116498066336411,0.0,0.20646285062062084,2,3.3179340126262344
2022-01-12,1.1255474734228617,0.0,0.20071573998189196,2,3.3690509923041176
2022-01-13,1.1241838685055576,0.0,0.2025434348405124,2,3.3572748189370847
2022-01-14,1.1172716425360003,0.0,0.40759596450765945,4,3.311745571184078
2022-01-17,1.1009946015475442,0.0,0.5058012042391022,5,3.275680331863673
2022-01-18,1.0890716498427768,0.0,0.6054496203852626,6,3.2463702410771966
2022-01-19,1.0895185856724843,0.0,0.6086352297136186,6,3.2214804656065468
2022-01-20,1.0981247943325576,0.0,0.6089154860176295,6,3.2446021149508666
2022-01-21,1.0779472319428411,0.0,0.6055460623363548,6,3.2124244862800215
2022-01-24,1.059851635428034,0.0,0.6047973458803206,6,3.1644924004578994
2022-01-25,1.0360361009938506,0.0,0.6060820293806053,6,3.083328610774235
2022-01-26,1.021766266244007,0.0,0.6022177209558838,6,3.070691042627707
2022-01-27,0.9979726033997591,0.0,0.49085316108497806,5,2.96330004873681
2022-01-28,1.028097223281871,0.0,0.496537519412989,5,3.018667331602988
2022-02-03,1.0370329132068061,0.0,0.49253985734686895,5,3.0690815944870735
2022-02-04,1.0460955565459398,0.0,0.3951003089392452,4,3.1171836924367273
2022-02-07,1.0349614128049223,0.0,0.4907221604540086,5,3.1112899386822925
2022-02-08,1.0286428084389998,0.0,0.4873306417689319,5,3.1128880526810914
2022-02-09,1.0463309255060667,0.0,0.49189032702010055,5,3.1382538621088303
2022-02-10,1.0479438259345266,0.0,0.49210802484027893,5,3.141744777794149
2022-02-11,1.0352306643949962,0.0,0.4903631038206188,5,3.1142934862686875
2022-02-14,1.0155775723208915,0.0,0.4886741275018528,5,3.065295991114033
2022-02-15,1.0013362099550356,0.0,0.28288969968187705,3,3.033628398825783
2022-02-16,1.0212721361001573,0.0,0.19570556641560044,2,3.093858028539369
2022-02-17,1.0272998966907434,0.0,0.10782227667833169,1,3.1101905269242542
2022-02-18,1.0250614574384318,0.0,0.10573390736389308,1,3.1106778950231786
2022-02-21,1.0201723788463695,0.0,0.20223292741413282,2,3.1098618368110262
2022-02-22,1.005683305240004,0.0,0.20165513032342205,2,3.067914177878022
2022-02-23,1.0193676238221343,0.0,0.20866525555962187,2,3.0823538745763868
2022-02-24,0.9927207390967745,0.0,0.2085576438293946,2,3.002187489374242
2022-02-25,0.9972960684982822,0.0,0.20387265159705528,2,3.0338777499461633
2022-02-28,1.003712266958133,0.0,0.20233629485143403,2,3.059288895941244
2022-03-02,1.0053499108175892,0.0,0.3023728300556486,3,3.0642079134978295
2022-03-03,1.0155647652642856,0.0,0.29826243474136155,3,3.1135794353330537
2022-03-04,1.0070700277873716,0.0,0.30101155750334374,3,3.075440048056761
2022-03-07,0.9820648996546045,0.0,0.2047142399157985,2,3.0050323589749404
2022-03-08,0.9660551006278719,0.0,0.20035003264991555,2,2.972265354928652
2022-03-10,0.9858252076692198,0.0,0.1990791242661483,2,3.0379127044395835
2022-03-11,0.9833159552936861,0.0,0.30263305273914703,3,3.016332498384885
2022-03-14,0.975432051768458,0.0,0.30112542187464925,3,2.9986172346960753
2022-03-15,0.971008292888923,0.0,0.4042621750807263,4,2.9712792845889675
2022-03-16,0.9955971430804085,0.0,0.41061979926867853,4,3.0140089993086177
2022-03-17,0.991716093519623,0.0,0.5017129390488123,5,3.0539958517040886
2022-03-18,0.9897895443687632,0.0,0.4984251246915958,5,3.0681748631402375
2022-03-21,0.9856934567661049,0.0,0.7002393743133868,7,3.044407167711297
2022-03-22,1.0239987564346071,0.0,0.6146586517844173,6,3.0715524374072016
2022-03-23,1.0463711845991228,0.0,0.8219471760806782,8,3.0999444627050066
2022-03-24,1.0668693347821314,0.0,0.924316960102205,9,3.093835360255698
2022-03-25,1.0751894850957207,0.0,0.9248938152609691,9,3.094198052794433
2022-03-28,1.0598284993256453,0.0,0.923816960517213,9,3.0937220188373438
2022-03-29,1.0324135732850872,0.0,0.921464201248855,9,3.106767616089948
2022-03-30,0.9982877071087723,0.0,0.8142319997640054,8,3.1131940745106483
2022-03-31,1.0143339765896633,0.0,0.8164445647181707,8,3.1255596232531255
2022-04-01,1.0095177617425364,0.0,0.9168149661441706,9,3.105384850786023
2022-04-04,1.027866845710986,0.0,0.9177617174276395,9,3.125842976799012
2022-04-05,1.031614713698792,0.0,0.9180218659589422,9,3.1273164152376203
2022-04-06,1.0298512547751784,0.0,0.9186008317659152,9,3.0999217944213355
2022-04-07,1.0226104992338394,0.0,0.8099862635273999,8,3.0555259608518743
2022-04-08,1.0327615781599386,0.0,0.8115377684936005,8,3.0606603271033332
2022-04-11,1.0358391753986838,0.0,0.7019205006380451,7,3.0523977377052898
2022-04-12,1.024623928834853,0.0,0.8016818200077233,8,3.022543608110712
2022-04-13,1.047024144115612,0.0,0.7077995938209215,7,3.078908295458409
2022-04-14,1.0661307757637037,0.0,0.811810121159493,8,3.0791576465787895
2022-04-15,1.0780763517612226,0.0,0.7141183428881407,7,3.0557526436885833
2022-04-18,1.077248603117302,0.0,0.9158405348785523,9,3.05252241326548
2022-04-19,1.0940673156435028,0.0,0.7019807601039293,7,3.0816284894989177
2022-04-20,1.1144667110457471,0.0,0.6122977059092105,6,3.0814018066622086
2022-04-21,1.1054119089120014,0.0,0.6077531729933526,6,3.092191909689558
2022-04-22,1.1061349295075984,0.0,0.611386054075983,6,3.0655566763762483
2022-04-25,1.0965974227903499,0.0,0.6149019108800856,6,3.011628829523173
2022-04-26,1.098557372133158,0.0,0.6139715414125232,6,3.024300400095207
2022-04-27,1.0778602132800337,0.0,0.6108718900141353,6,2.9911480352265127
2022-04-28,1.075130893911294,0.0,0.6105262646293609,6,3.0233710004647
2022-04-29,1.0708453188764495,0.0,0.6049274990297157,6,3.054607895363203
2022-05-02,1.086345786923691,0.0,0.7100997709132788,7,3.0459939475682596
2022-05-03,1.1198251798354835,0.0,0.8168811045916698,8,3.03807138242528
2022-05-04,1.1167573932250656,0.0,0.9185960503215231,9,3.0347958154348347
2022-05-06,1.1119723094964067,0.0,0.9192551706377178,9,2.997325142526834
2022-05-09,1.0869524748616266,0.0,0.9184492063868391,9,2.959129084541364
2022-05-10,1.0737581962650136,0.0,0.8259725124305286,8,2.9429779324258463
2022-05-11,1.0592705139436682,0.0,0.8238837902671646,8,2.938115585578438
2022-05-12,1.040667042734177,0.0,0.7007972581128074,7,2.8902968411746706
2022-05-13,1.074296260291993,0.0,0.6203219601148007,6,2.9516825533554725
2022-05-16,1.0679468861265353,0.0,0.430268957261659,4,2.9430006007095173
2022-05-17,1.0946470001392592,0.0,0.5376359403945546,5,2.9700438631289034
2022-05-18,1.085782514144188,0.0,0.8361696106111755,8,2.976322977705743
2022-05-19,1.0649754479716689,0.0,0.9351029238898197,9,2.9381949245712864
2022-05-20,1.0671961603036733,0.0,0.9340650588033083,9,2.991408720488728
2022-05-23,1.0581388256306883,0.0,0.9332968415554885,9,3.000578041233608
2022-05-24,1.040852149573571,0.0,0.9332522750587275,9,2.9535300184746514
2022-05-25,1.064928628158361,0.0,0.9344771931825552,9,2.9663942694578878
2022-05-26,1.063879518202664,0.0,0.8332984607518281,8,2.9609878838023778
2022-05-27,1.0705340594867183,0.0,0.9331211980340255,9,2.990003286901133
2022-05-30,1.0640346997067267,0.0,0.8374025918057248,8,3.0258305092429927
2022-05-31,1.0726299242614146,0.0,0.7156777024459808,7,3.0442371555837653
2022-06-02,1.0694605983389092,0.0,0.6215832209157374,6,3.0137369799045666
2022-06-03,1.0726641877661192,0.0,0.7215728194288811,7,3.0269525892847025
2022-06-07,1.0687652538658676,0.0,0.8249562550286631,8,2.9767310068118196
2022-06-08,1.0876998497320673,0.0,0.8280158460906067,8,2.976515658116946
2022-06-09,1.0704113355821152,0.0,0.8252853299506768,8,2.975710934046629
2022-06-10,1.0658845920865145,0.0,0.8265194743487958,8,2.9421958766392002
2022-06-13,1.0217160273858752,0.0,0.8253894266896308,8,2.838647156830521
2022-06-14,1.0092593191871184,0.0,0.8240487897625819,8,2.82556755715241
2022-06-15,0.9778537628631585,0.0,0.70660391124094,7,2.7738952045245897
2022-06-16,0.9782435512458767,0.0,0.40231261034351407,4,2.7784628636842763
2022-06-17,0.9796661881932376,0.0,0.40828482242580977,4,2.7665846830407235
2022-06-20,0.9581746844149452,0.0,0.4073806386043156,4,2.710027315281824
2022-06-21,0.9611519887107047,0.0,0.4047935694454267,4,2.7303154291672804
2022-06-22,0.9265957430493164,0.0,0.3995425027526001,4,2.655374083351279
2022-06-23,0.9005538824198638,0.0,0.3896917946665199,4,2.6230831132620795
2022-06-24,0.9267194968226984,0.0,0.3935261726406432,4,2.6823380067778166
2022-06-27,0.9492722594792327,0.0,0.3999619969319032,4,2.7223701957406297
2022-06-28,0.9582184773723161,0.0,0.5010600781631667,5,2.745231159822734
2022-06-29,0.9517794136433722,0.0,0.7051528052177756,7,2.695247594328395
2022-06-30,0.9334810293873641,0.0,0.7051062925987484,7,2.6438472611046255
2022-07-01,0.9256543657722855,0.0,0.6931184442574225,7,2.6129957270285282
2022-07-04,0.8994084479025432,0.0,0.6967702577667999,7,2.607237982976119
2022-07-05,0.9132172421611813,0.0,0.6959754055729098,7,2.654206666742228
2022-07-06,0.8705933095366833,0.0,0.6878682763013279,7,2.5977966428271886
2022-07-07,0.8800900668261853,0.0,0.6855434125409159,7,2.645694726223804
2022-07-08,0.8843658615963375,0.0,0.7855107645700499,8,2.664214713982931
2022-07-11,0.8725339642112439,0.0,0.7835585097912007,8,2.652495211325075
2022-07-12,0.8537051667942316,0.0,0.7809125780642373,8,2.626982058053475
2022-07-13,0.8592385574220838,0.0,0.7813044771929067,8,2.639279601944939
2022-07-14,0.8624646878587792,0.0,0.6719939494824251,7,2.6321504267304405
2022-07-15,0.8589995534197257,0.0,0.6694427213789557,7,2.6419657935599408
2022-07-18,0.8781953710549777,0.0,0.6705274035890072,7,2.692142039465482
2022-07-19,0.8783724125797843,0.0,0.6711873730251406,7,2.6872910267599086
2022-07-20,0.8790905713382033,0.0,0.769912350851254,8,2.705289643994605
2022-07-21,0.8850201563259181,0.0,0.7693176940990275,8,2.7305761144294958
2022-07-22,0.8909842725610226,0.0,0.7681846498277376,8,2.7124188192091037
2022-07-25,0.911590300791759,0.0,0.6777204577998087,7,2.7243763388455045
2022-07-26,0.9087040176715976,0.0,0.49126277606886876,5,2.7348830883269675
2022-07-27,0.9097859322972426,0.0,0.4913265623650352,5,2.7377959627786788
2022-07-28,0.9187099342908295,0.0,0.3999540185855968,4,2.7601695587618584
2022-07-29,0.9341833609601444,0.0,0.30797619989506414,3,2.7785648709607953
2022-08-01,0.9329362330918165,0.0,0.30683912085557036,3,2.779414931598454
2022-08-02,0.9290066112385116,0.0,0.30749224454601637,3,2.7650999104602794
2022-08-03,0.9344795668754158,0.0,0.30538769952147554,3,2.7898423420870686
2022-08-04,0.9317450303028267,0.0,0.1992870455693061,2,2.803057951467205
2022-08-05,0.9372636245661311,0.0,0.1983079053463356,2,2.8231080483741176
2022-08-08,0.9476895166294079,0.0,0.2063954875086671,2,2.825714900996271
2022-08-09,0.949021503387788,0.0,0.20421617033344966,2,2.8374570719377985
2022-08-10,0.9502483962760662,0.0,0.21241194818551867,2,2.81186457967335
2022-08-11,0.9639319861782881,0.0,0.21016639255052763,2,2.860488048147435
2022-08-12,0.9679180061872696,0.0,0.21212249836044367,2,2.8652030511509823
2022-08-16,0.9657503945308585,0.0,0.20861110990197398,2,2.8715275022951636
2022-08-17,0.9575894330659732,0.0,0.09588440758625476,1,2.8522027904657197
2022-08-18,0.9539368960275034,0.0,0.09545934645779582,1,2.8426594430402705
2022-08-19,0.9479125451352637,0.0,0.0,0,2.8252502011810177
2022-08-22,0.9364319840796836,0.0,0.0,0,2.7910324269797915
2022-08-23,0.9261036621760881,0.0,0.0,0,2.760248897754707
2022-08-24,0.9307088160145468,0.0,0.0,0,2.7739745435174377
2022-08-25,0.9420448718299441,0.0,0.0,0,2.8077616203289173
2022-08-26,0.9434785159233371,0.0,0.0,0,2.812034591800882
2022-08-29,0.9229929005944322,0.0,0.10030040179620187,1,2.7506715479037505
2022-08-30,0.9317697915476169,0.0,0.09994701542655775,1,2.7779188248761746
2022-08-31,0.9360547458603331,0.0,0.19694523240349648,2,2.801856532432647
2022-09-01,0.916768820662645,0.0,0.19877194447969704,2,2.737886635913362
2022-09-02,0.9173324730566408,0.0,0.20131945680968077,2,2.730859467975382
2022-09-05,0.9187278571622093,0.0,0.20442902811217217,2,2.7243650047036687
2022-09-06,0.922553633287536,0.0,0.20563850080588772,2,2.731550850627345
2022-09-07,0.9092109100241679,0.0,0.20520516885098672,2,2.6935134706275714
2022-09-08,0.9152541933395877,0.0,0.20785498745125197,2,2.7023767695428944
2022-09-13,0.939093633217176,0.0,0.20683269628631482,2,2.776343379161047
2022-09-14,0.9229705525304359,0.0,0.20553608292681938,2,2.733137630484308
2022-09-15,0.9196645764810221,0.0,0.20585104264377324,2,2.7222681884641107
2022-09-16,0.9146339271154198,0.0,0.20781648087271976,2,2.7006766482675766
2022-09-19,0.903526477407937,0.0,0.20720502764840965,2,2.6699384556098336
2022-09-20,0.9095268270192518,0.0,0.20835980463446402,2,2.683754774507248
2022-09-21,0.8990825386876748,0.0,0.2061443368881351,2,2.6603611057588776
2022-09-22,0.8923985730925645,0.0,0.3056587764290243,3,2.6434732344240555
2022-09-23,0.8733914970701513,0.0,0.30341829164062895,3,2.5955184803182627
2022-09-26,0.8485153021599277,0.0,0.3046192078161588,3,2.5172448968026386
2022-09-27,0.8459195347178785,0.0,0.1993788632233113,2,2.5205544662185906
2022-09-28,0.8239007851508721,0.0,0.19815327482956988,2,2.4587040542225345
2022-09-29,0.8275299359716964,0.0,0.09653175455540007,1,2.460562853483548
2022-09-30,0.8196159746253243,0.0,0.09429579512604044,1,2.443062938489612
2022-10-04,0.8432155760432889,0.0,0.09763428931367832,1,2.5041426288408575
2022-10-05,0.8440048963984245,0.0,0.09609521867933736,1,2.5107617676727605
2022-10-06,0.851801890551654,0.0,0.09521560821297544,1,2.536422264788222
2022-10-07,0.8459490770766782,0.0,0.09099940233574934,1,2.5307325255868256
2022-10-11,0.8306863701578728,0.0,0.09120041537058815,1,2.484523229323692
2022-10-12,0.8347297583088604,0.0,0.19144763369989723,2,2.4963107368325606
2022-10-13,0.8169929582541842,0.0,0.18874730816176064,2,2.451427535164175
2022-10-14,0.8353233060596567,0.0,0.18832430319980276,2,2.5077355518026954
2022-10-17,0.8356221645600885,0.0,0.28641208833793336,3,2.515850797356878
2022-10-18,0.8447132103067116,0.0,0.284475057086267,3,2.5501252422672818
2022-10-19,0.8394295267848875,0.0,0.38455090822204224,4,2.535946230831133
2022-10-20,0.8322764865509609,0.0,0.3846297205434068,4,2.5140146663795355
2022-10-21,0.8331799496660706,0.0,0.30067460443310773,3,2.508381597887316
2022-10-24,0.8427164898378414,0.0,0.3013904317536413,3,2.5344954606761947
2022-10-25,0.836444228361654,0.0,0.29649483959888273,3,2.533260039216131
2022-10-26,0.8458208097122446,0.0,0.2997834648219831,3,2.549683210735699
2022-10-27,0.8684284937406024,0.0,0.40552900254698293,4,2.594135715014338
2022-10-28,0.8625115317144728,0.0,0.4067805054275638,4,2.571036733953689
2022-10-31,0.8686947932518015,0.0,0.40445711405421136,4,2.5996101055208607
2022-11-01,0.8917627799846153,0.0,0.40933784482630337,4,2.6467714696981717
2022-11-02,0.8871433807060888,0.0,0.4058427196848987,4,2.648641603101021
2022-11-03,0.8913607066536023,0.0,0.4106023655675603,4,2.6399143138877244
2022-11-04,0.8975189597101988,0.0,0.40980615752455746,4,2.6617438710628023
2022-11-07,0.8993041444372105,0.0,0.4051186893191284,4,2.688220426390416
2022-11-08,0.9035229878456992,0.0,0.28981279755563566,3,2.71910596289202
2022-11-09,0.9177675318121341,0.0,0.2934418069852404,3,2.7478606807285586
2022-11-10,0.9148339103928771,0.0,0.29766082775811853,3,2.7227215541375287
2022-11-11,0.9396515103869929,0.0,0.20339427636694693,2,2.814448764011833
2022-11-14,0.9352682790859951,0.0,0.20240373143511362,2,2.8048034093098644
2022-11-15,0.9468047587008289,0.0,0.11066223359306591,1,2.8112412018724005
2022-11-16,0.9483950760847742,0.0,0.1131844310055517,1,2.80797696902379
2022-11-17,0.93538193351023,0.0,0.11338634991242309,1,2.7688175089823077
2022-11-18,0.9361751190105763,0.0,0.11356459258945886,1,2.770608303392309
2022-11-21,0.9253836152041401,0.0,0.11239135787725243,1,2.7422956170873523
2022-11-22,0.926074035299875,0.0,0.1182695728514717,1,2.7261671332555055
2022-11-23,0.9322638128379425,0.0,0.0,0,2.7406068299538706
2022-11-24,0.9412548393909264,0.0,0.0,0,2.7670380487141415
2022-11-25,0.9399169808086428,0.0,0.0,0,2.7631051014972403
2022-11-28,0.9285085556069791,0.0,0.0,0,2.7295673758061407
2022-11-29,0.9381935722026462,0.0,0.0,0,2.7580387400967936
2022-11-30,0.9532840001307679,0.0,0.0,0,2.802400571240749
2022-12-01,0.9561023708041089,0.0,0.0,0,2.8106858289224634
2022-12-02,0.9385559892249363,0.0,0.0,0,2.759104149429326
2022-12-05,0.9327688833690063,0.0,0.0,0,2.7420916025343143
2022-12-06,0.9226828947486777,0.0,0.0,0,2.7124414874927743
2022-12-07,0.9186924520032496,0.0,0.0,0,2.700710650693083
2022-12-08,0.9141699502250976,0.0,0.0,0,2.687415702320099
2022-12-09,0.9210944286509807,0.0,0.0,0,2.7077718210565687
2022-12-12,0.9149179172711006,0.0,0.0,0,2.6896145258361766
2022-12-13,0.9155803148655453,0.0,0.1010863024380217,1,2.6889118090423785
2022-12-14,0.9236684555337099,0.0,0.09887316922596888,1,2.719343979870564
2022-12-15,0.9126186276251518,0.0,0.10251402776883087,1,2.675956884924458
2022-12-16,0.9129338323295354,0.0,0.2033363687907896,2,2.6748801414500902
2022-12-19,0.90815691160233,0.0,0.30247357577022954,3,2.6659828401092613
2022-12-20,0.9018064955542049,0.0,0.3031998891679694,3,2.64458398032393
2022-12-21,0.9051219515602966,0.0,0.307043588355428,3,2.639664962767344
2022-12-22,0.9151131255584215,0.0,0.30643383849397327,3,2.671151208786227
2022-12-23,0.8964611706766027,0.0,0.30493321302786913,3,2.622369062326446
2022-12-26,0.8944098344941362,0.0,0.402689353180275,4,2.6262793412596763
2022-12-27,0.9073988439911667,0.0,0.506572985984584,5,2.644017273232157
2022-12-28,0.8937312458263827,0.0,0.5102672900987438,5,2.584694374865407
2022-12-29,0.8721882423585285,0.0,0.507864430769593,5,2.5347674800802458
2023-01-02,0.8547934600927709,0.0,0.5002588863002072,5,2.522605945890807
2023-01-03,0.852395361416199,0.0,0.5004268486631825,5,2.5146833807478264
2023-01-04,0.858235265530304,0.0,0.49548464537877906,5,2.556959729794059
2023-01-05,0.8586837050865415,0.0,0.49381022376204337,5,2.566786430765395
2023-01-06,0.8666621920532198,0.0,0.49286283206800824,5,2.5954844778927564
2023-01-09,0.8954859430320969,0.0,0.4962794135515759,5,2.663738680025842
2023-01-10,0.8980225052828207,0.0,0.4052003803497219,4,2.665008103911412
2023-01-11,0.8985243863809236,0.0,0.40345439995790683,4,2.674324768500153
2023-01-12,0.8989440709987586,0.0,0.40232533389187974,4,2.6806378855024993
2023-01-13,0.9089210832140202,0.0,0.3037187375113429,3,2.704428249215111
2023-01-16,0.917535763056581,0.0,0.2104024802213465,2,2.720035362522527
2023-01-17,0.9109224007546273,0.0,0.2114538436210617,2,2.6968343741853587
2023-01-18,0.90755721847821,0.0,0.31236046434224124,3,2.6842874791735145
2023-01-19,0.9082389084174531,0.0,0.3093892042007345,3,2.697911117659727
2023-01-20,0.9130430302211641,0.0,0.30871698285816523,3,2.7148216572782196
2023-01-25,0.9179331044875534,0.0,0.20444577287640228,2,2.7525756837321067
2023-01-26,0.9256117727864757,0.0,0.19445429274087847,2,2.798002924208594
2023-01-27,0.9308277635475997,0.0,0.1939809686697536,2,2.8154235002096817
2023-01-30,0.9195531280670683,0.0,0.1951182127081518,2,2.7773974543517435
2023-01-31,0.9134813352937006,0.0,0.1981633030727911,2,2.748620068231534
2023-02-01,0.921896107673716,0.0,0.1973833118891338,2,2.776638066848769
2023-02-02,0.9237646331499845,0.0,0.19276833967320575,2,2.7982636094708093
2023-02-03,0.9260048288145327,0.0,0.19096370062284268,2,2.8113205408652484
2023-02-06,0.9172591752886162,0.0,0.19714888013054438,2,2.7634791281778104
2023-02-07,0.9228268686474899,0.0,0.1975676958058564,2,2.77880288793934
2023-02-08,0.9303439464915049,0.0,0.19368517284333597,2,2.8149928028199342
2023-02-09,0.9352085599064482,0.0,0.19856400699739324,2,2.812589964750819
2023-02-10,0.9354488756123883,0.0,0.2025766355547712,2,2.7992270115268223
2023-02-13,0.9260786683221052,0.0,0.30076110071174406,3,2.7799249679810494
2023-02-14,0.9251997066122782,0.0,0.3970619289412886,4,2.7945913475161226
2023-02-15,0.9142654310217453,0.0,0.39919017976247556,4,2.7518162962291313
2023-02-16,0.9235169724472413,0.0,0.3924011984463971,4,2.8057441430822068
2023-02-17,0.9231232616239256,0.0,0.39810159440542076,4,2.7782361808475673
2023-02-20,0.9225760448353133,0.0,0.3967839083400229,4,2.7826678303052286
2023-02-21,0.924709508474203,0.0,0.4972922225595282,5,2.787020140770042
2023-02-22,0.9176461201336097,0.0,0.3964114927969287,4,2.7402328032733
2023-02-23,0.9309373700711093,0.0,0.3997602699696552,4,2.7644992009430007
2023-02-24,0.9305298464308672,0.0,0.5029665990599643,5,2.746953949381723
2023-02-27,0.9332717462152291,0.0,0.508714743427713,5,2.723186253952782
2023-02-28,0.9360586719376636,0.0,0.5080959489630335,5,2.7347584127667774
2023-03-02,0.936959008005158,0.0,0.7071001287354828,7,2.751759625519954
2023-03-03,0.9269555375652326,0.0,0.8047166221575491,8,2.756542633374514
2023-03-06,0.9260659799593072,0.0,0.9033008475351149,9,2.791168436681817
2023-03-07,0.9245615687731409,0.0,0.9031147909865196,9,2.7919958290358045
2023-03-08,0.9139347092131114,0.0,0.9032391838184125,9,2.756361287105147
2023-03-09,0.9183768169001182,0.0,0.9042148221929849,9,2.741830917272099
2023-03-10,0.898199743760981,0.0,0.903054995905627,9,2.714062269775244
2023-03-13,0.8895808162603706,0.0,0.7966838194117268,8,2.732208230853801
2023-03-14,0.8604937904703323,0.0,0.703339183701557,7,2.6623559147219167
2023-03-15,0.8689345906577164,0.0,0.7023751205711846,7,2.6972084008659283
2023-03-16,0.8765928509032551,0.0,0.5905600384926177,6,2.695156921193712
2023-03-17,0.88335453751883,0.0,0.6905420274085493,7,2.715309025377144
2023-03-20,0.8893455764249888,0.0,0.8921968128260366,9,2.696619025490485
2023-03-21,0.9069495191479087,0.0,0.8960005134642568,9,2.7069897652699226
2023-03-22,0.9039994040259923,0.0,0.9957198374502214,10,2.7394167450611477
2023-03-23,0.910515302056062,0.0,0.9957372457030197,10,2.747940019721407
2023-03-24,0.9096416266591123,0.0,0.8914351991689876,9,2.7371499166940576
2023-03-27,0.9094145526977969,0.0,0.8916661981388241,9,2.7306441192805084
2023-03-28,0.9180595851051313,0.0,0.891540694491521,9,2.759795532081289
2023-03-29,0.9206863002141187,0.0,0.798510173690827,8,2.7699735914495234
2023-03-30,0.9147279945953364,0.0,0.702423831991445,7,2.78044633850548
2023-03-31,0.9351886618571275,0.0,0.5915325060683518,6,2.807308254655499
2023-04-03,0.9481648448712194,0.0,0.6968935757926863,7,2.802185222545875
2023-04-04,0.9496730118272454,0.0,0.7967339003203693,8,2.811445216425439
2023-04-05,0.9500519029042418,0.0,0.7956108497731209,8,2.8281064049235516
2023-04-06,0.9387951900052858,0.0,0.796142656635615,8,2.787326162599599
2023-04-07,0.9442762095663885,0.0,0.7947562828987829,8,2.822666016842535
2023-04-10,0.9403273410032733,0.0,0.7921009666925447,8,2.847227102199957
2023-04-11,0.9467319500478455,0.0,0.790566285800078,8,2.887780661687201
2023-04-12,0.9650486331949367,0.0,0.7943171723883543,8,2.8909315531174555
2023-04-13,0.9620803225045869,0.0,0.6995090683962256,7,2.9034217774201228
2023-04-14,0.9661647534936317,0.0,0.4847907634423707,5,2.9145632388443707
2023-04-17,0.9742318197022524,0.0,0.39384115211912474,4,2.91957292953564
2023-04-18,0.9708402364810211,0.0,0.3095467070245593,3,2.914109873170953
2023-04-19,0.9745152361597146,0.0,0.31108302545146205,3,2.9186321957632977
2023-04-20,0.9640073410726551,0.0,0.3068109443467845,3,2.905065227986263
2023-04-21,0.9488710750376497,0.0,0.30089409197513894,3,2.8838590486121345
2023-04-24,0.9181613047921693,0.0,0.28344568328953906,3,2.860170692176042
2023-04-25,0.884867063323771,0.0,0.15292434818176698,2,2.821090571127407
2023-04-26,0.8705938333680642,0.0,0.14048603460108522,2,2.816341565698353
2023-04-27,0.8760256132766377,0.0,0.1420409521855355,2,2.828786453433678
2023-04-28,0.8802795866402787,0.0,0.10245679262505658,1,2.8352695825635563
2023-05-02,0.8878609514768762,0.0,0.09776058291049217,1,2.861179430799397
2023-05-03,0.8798852677683245,0.0,0.09787358234009153,1,2.8351222387196957
2023-05-04,0.8832765908181613,0.0,0.10150254032261395,1,2.8346008681952646
2023-05-08,0.8784688648431043,0.0,0.29437151451280985,3,2.8485078602273632
2023-05-09,0.882669295288441,0.0,0.29860965626977226,3,2.844937605549196
2023-05-10,0.8764274301300097,0.0,0.49819970540691927,5,2.8295798433621604
2023-05-11,0.8849633059379276,0.0,0.504136630197964,5,2.8233347312108266
2023-05-12,0.8817936693138662,0.0,0.5054667663918331,5,2.805676138231194
2023-05-15,0.8773320715690058,0.0,0.6028617751391065,6,2.810130455972526
2023-05-16,0.871459406431658,0.0,0.6000419866931205,6,2.811139194595881
2023-05-17,0.8791803656670971,0.0,0.6012495005395325,6,2.8274830271226015
2023-05-18,0.8902115968438358,0.0,0.6029166600405027,6,2.8509900372893267
2023-05-19,0.9116921858080187,0.0,0.7072495181400195,7,2.8763671808589013
2023-05-22,0.9255719363168915,0.0,0.7094477074245329,7,2.898230740459486
2023-05-23,0.9298777521807813,0.0,0.7096089534510273,7,2.9100975869612036
2023-05-24,0.9304086196251877,0.0,0.7097859467720334,7,2.909984245542849
2023-05-25,0.9315959241374047,0.0,0.7115963200721902,7,2.8955218805608136
2023-05-26,0.923557201909962,0.0,0.7086168665354843,7,2.900191546997019
2023-05-30,0.9269614558170973,0.0,0.7066565503948615,7,2.9304650398395085
2023-05-31,0.9157779120646932,0.0,0.6174790270624795,6,2.92094436069773
2023-06-01,0.9178154314643949,0.0,0.8182952714159597,8,2.9119337179385463
2023-06-02,0.9197345506885128,0.0,0.8164025271523726,8,2.948418320506863
2023-06-05,0.9276467704049067,0.0,0.7068254005353812,7,2.9643427897856713
2023-06-07,0.9186787601663958,0.0,0.703941966187762,7,2.964558138480545
2023-06-08,0.9215947655705076,0.0,0.5060390929362805,5,2.9591744211087057
2023-06-09,0.930836298294192,0.0,0.6057016896829653,6,2.9935282050119576
2023-06-12,0.9316026744838947,0.0,0.6077877187347515,6,2.98014258350429
2023-06-13,0.9450179862517245,0.0,0.5257588126383725,5,2.9898899454827776
2023-06-14,0.9378711176496117,0.0,0.5255631797012845,5,2.968502419839282
2023-06-15,0.94420029898382,0.0,0.5306399179262522,5,2.9565562343447165
2023-06-16,0.9558674158169981,0.0,0.5333028844109479,5,2.9761076290108694
2023-06-19,0.9616321121060198,0.0,0.5148330542455258,5,2.95764431196092
2023-06-20,0.9545994923386754,0.0,0.5121184610990066,5,2.952441940858448
2023-06-21,0.945915103581555,0.0,0.5118504507013755,5,2.9271894728490633
2023-06-22,0.945494007890034,0.0,0.5095397419096064,5,2.9397363678609074
2023-06-23,0.9330297891864004,0.0,0.6080289401579542,6,2.9129877931292434
2023-06-26,0.9339148573201559,0.0,0.6065567637047382,6,2.926702104750139
2023-06-27,0.9309931011483851,0.0,0.6054458170843244,6,2.925784039261467
2023-06-28,0.9267517427534913,0.0,0.6062810826542931,6,2.906289315304492
2023-06-29,0.9251528400672931,0.0,0.4030343225107609,4,2.890228836323658
2023-06-30,0.938548546368136,0.0,0.5075482219889549,5,2.906391322581011
2023-07-03,0.9565136774200835,0.0,0.5790722721254953,6,2.9496764102505977
2023-07-04,0.9519663002627539,0.0,0.7791817280533864,8,2.9392943363293247
2023-07-05,0.953008197351235,0.0,0.7806402953835132,8,2.9230751793627947
2023-07-06,0.9394587182077899,0.0,0.6962811072017575,7,2.8973353432544857
2023-07-07,0.9373666435862106,0.0,0.6991255619667802,7,2.863808951705222
2023-07-10,0.9370709667541208,0.0,0.6997465080393109,7,2.8569971324621157
2023-07-11,0.9662623845141363,0.0,0.7039899243554971,7,2.904362511192465
2023-07-12,0.9842065416985356,0.0,0.8069991456066422,8,2.9182241666572213
2023-07-13,0.9872393451535251,0.0,0.8063582583327247,8,2.9369368348275513
2023-07-14,0.9922052544980313,0.0,0.6925272225529273,7,2.978952498611568
2023-07-17,0.9980656498560887,0.0,0.6954142030152127,7,2.9684117467045983
2023-07-18,0.9984953514094452,0.0,0.6968681887155737,7,2.955513493295855
2023-07-19,1.0059427605440745,0.0,0.6990408580825717,7,2.9562162100896527
2023-07-20,1.0124981671730175,0.0,0.5857501093510785,6,2.947137562479457
2023-07-21,1.0094826200333147,0.0,0.5829898673815302,6,2.957938999648642
2023-07-24,1.0146297507709292,0.0,0.5821213055833979,6,2.9792131838737834
2023-07-25,1.0515604159060095,0.0,0.6926220369269377,7,2.9882011583492956
2023-07-26,1.0268918235725766,0.0,0.7932782389861355,8,2.9382175928549574
2023-07-27,1.0208742284794357,0.0,0.6933870808081496,7,2.9511951852565486
2023-07-28,1.0374292354045296,0.0,0.5007457733954317,5,2.956306883224337
2023-07-31,1.0587868711385833,0.0,0.31036668458583727,3,2.9838035113171406
2023-08-01,1.0501964398303636,0.0,0.39795095683722215,4,3.0228949665076112
2023-08-02,1.0505896976310336,0.0,0.4095941938868817,4,2.965544208820229
2023-08-03,1.0365437670995112,0.0,0.4041278396973059,4,2.9529859796665496
2023-08-04,1.0355056140595043,0.0,0.4041233903192455,4,2.950050436931168
2023-08-07,1.0286075602807938,0.0,0.40521844709438837,4,2.925013317616657
2023-08-08,1.0346028313611604,0.0,0.29821700743829943,3,2.9173854401613983
2023-08-09,1.0408687101264757,0.0,0.29400258100648585,3,2.952679957836992
2023-08-10,1.0349281251144522,0.0,0.290920400677826,3,2.948645003343572
2023-08-11,1.029961368024218,0.0,0.29032192331902723,3,2.9369708372530576
2023-08-14,1.0229990940160103,0.0,0.2911143240600948,3,2.913860522050573
2023-08-16,1.001697894740053,0.0,0.28877662833091516,3,2.8625961985288284
2023-08-17,0.9994518910537284,0.0,0.28881247724995524,3,2.8560337304061023
2023-08-18,0.9918199843138047,0.0,0.28770562474573763,3,2.838635822688685
2023-08-21,0.988740248535783,0.0,0.28426021045021405,3,2.843509503677929
2023-08-22,0.9932711686189626,0.0,0.20066306819760424,2,2.851375398111732
2023-08-23,0.9923952056606771,0.0,0.10833197863413485,1,2.8397692368722303
2023-08-24,1.0043117922159182,0.0,0.10759553042118064,1,2.8762425052987113
2023-08-25,0.9931465385069709,0.0,0.1041559521797076,1,2.8552290063357852
2023-08-28,0.9999732402376731,0.0,0.20213965534780298,2,2.8827369685704247
2023-08-29,1.0061355736347701,0.0,0.09814522551336705,1,2.8926543426764444
2023-08-30,1.0106035525521155,0.0,0.09894504443403088,1,2.9029230751793627
2023-08-31,1.010838539757972,0.0,0.10089555000797953,1,2.8973126749708147
2023-09-01,1.0149799103170387,0.0,0.1019579620793505,1,2.9057452764963903
2023-09-04,1.0206437735297114,0.0,0.09968193697795696,1,2.92936562808147
2023-09-05,1.0180556151427431,0.0,0.09822077686633866,1,2.926679436466468
2023-09-06,1.0147860209701707,0.0,0.10191601040826184,1,2.9053259132484786
2023-09-07,1.010110263775676,0.0,0.10306665743479076,1,2.888234027360619
2023-09-08,1.0088442630751242,0.0,0.10214549782830555,1,2.887576647134162
2023-09-11,1.0122398876427494,0.0,0.10192601754452602,1,2.8980040576227775
2023-09-12,1.0037330691047854,0.0,0.2017146093928887,2,2.874995749696812
2023-09-13,1.0040163764984698,0.0,0.20253135142551215,2,2.8728649310317467
2023-09-14,1.0200459499803602,0.0,0.20323667866381734,2,2.916150018701334
2023-09-15,1.041034867501014,0.0,0.3098504201772769,3,2.94832764737218
2023-09-18,1.0346088489288197,0.0,0.3126543006954768,3,2.9182241666572213
2023-09-19,1.0134052999234844,0.0,0.3025000922695973,3,2.9006449126704372
2023-09-20,1.009743756718685,0.0,0.29982583826849546,3,2.901245622187716
2023-09-21,0.993398611484535,0.0,0.30075291922155606,3,2.8505026691904023
2023-09-22,0.997775700901582,0.0,0.19500649590375768,2,2.842750116174954
2023-09-25,0.975825408791873,0.0,0.18095841254315712,2,2.8287297827245013
2023-09-26,0.9584901121882043,0.0,0.17710060852361514,2,2.7915651316460575
2023-09-27,0.9635350587968867,0.0,0.28031629014536086,3,2.7939453014315023
2023-10-04,0.9379695644833868,0.0,0.47944374092241687,5,2.7266431672125946
2023-10-05,0.9316200340860148,0.0,0.4763511762182528,5,2.7242743315689855
2023-10-06,0.9402636493824466,0.0,0.48005760374701917,5,2.730088746330572
2023-10-10,0.9364610883300822,0.0,0.4792792579068938,5,2.7231182491017694
2023-10-11,0.9468462457944967,0.0,0.5755602549568072,6,2.776955422820161
2023-10-12,0.9525352861642895,0.0,0.6737790915864844,7,2.8106631606387924
2023-10-13,0.9441163245467715,0.0,0.674011644978677,7,2.78383524691428
2023-10-16,0.9333570089001413,0.0,0.6043647985202406,6,2.761268970519897
2023-10-17,0.9350465852727646,0.0,0.6012005789462528,6,2.7883915719321313
2023-10-18,0.9204431884765283,0.0,0.6957357907922208,7,2.7911457683981458
2023-10-19,0.9025456219197964,0.0,0.6811422697060702,7,2.7381019846082357
2023-10-20,0.8947833911082519,0.0,0.6838080294984981,7,2.6918586859195957
2023-10-23,0.8908957967575936,0.0,0.6848324504821758,7,2.671479898899455
2023-10-24,0.8858016941165967,0.0,0.679457507890309,7,2.7015040406215647
2023-10-25,0.8869790334389986,0.0,0.7818237083810445,8,2.6784503961282575
2023-10-26,0.8667971806071668,0.0,0.7827986409025026,8,2.605809881104852
2023-10-27,0.8575962147486393,0.0,0.7801121685449599,8,2.6100375160094753
2023-10-30,0.8665974001313921,0.0,0.7816647115406651,8,2.6188101417901146
2023-10-31,0.8594662000750197,0.0,0.6785271009235972,7,2.581906175973886
2023-11-01,0.8678022272209034,0.0,0.5915383130210035,6,2.608620748280044
2023-11-02,0.8708317055367283,0.0,0.5856092196108739,6,2.655725441748178
2023-11-03,0.8820817851869701,0.0,0.5864909851812895,6,2.6843101474571855
2023-11-06,0.9330329012754025,0.0,0.586948358547268,6,2.836221650477734
2023-11-07,0.917090130477298,0.0,0.494584631049138,5,2.7700189280168654
2023-11-08,0.9118216265322774,0.0,0.40252655659700587,4,2.7446984551564677
2023-11-09,0.9097080535306911,0.0,0.3997881682018348,4,2.750886896598624
2023-11-10,0.8959368665343477,0.0,0.39493663104756044,4,2.7311428215212685
2023-11-13,0.8868695876023129,0.0,0.3902471458754115,4,2.724455677838353
2023-11-14,0.8957717475163309,0.0,0.3026325706249904,3,2.7578800621110973
2023-11-15,0.9062603746773911,0.0,0.2032599042873266,2,2.8184270477960762
2023-11-16,0.9162162895214854,0.0,0.21143899711558511,2,2.8201385032132293
2023-11-17,0.9002628385391609,0.0,0.20337714032003404,2,2.7993630212288476
2023-11-20,0.9092476354432761,0.0,0.20443086695792448,2,2.823561414047535
2023-11-21,0.9174283406148115,0.0,0.11788602460361092,1,2.8453456346552723
2023-11-22,0.9168535102252522,0.0,0.11688292479964321,1,2.8467964048102097
2023-11-23,0.9233782826669475,0.0,0.12198508269928517,1,2.850491335048567
2023-11-24,0.9180983967127853,0.0,0.12337182621129687,1,2.8297158530641853
2023-11-27,0.9111830251421389,0.0,0.21793788051031943,2,2.8286164413061465
2023-11-28,0.9227638343252197,0.0,0.09615928832645278,1,2.858198551496674
2023-11-29,0.920889761672142,0.0,0.09502024639296228,1,2.8559883938387607
2023-11-30,0.9250145031028627,0.0,0.09352086093448267,1,2.8735336454000384
2023-12-01,0.9173403090773022,0.0,0.19669043994333024,2,2.8392138639222937
2023-12-04,0.9200302741695575,0.0,0.1958608883097227,2,2.8504800009067313
2023-12-05,0.9132120957848098,0.0,0.19651550946103497,2,2.8270523297328545
2023-12-06,0.9134068791930147,0.0,0.19633258364201195,2,2.8282990853347543
2023-12-07,0.9109519448196792,0.0,0.2955892469881036,3,2.82454748438722
2023-12-08,0.9175013552548431,0.0,0.29338256915485755,3,2.853766902039012
2023-12-11,0.9439554443903488,0.0,0.3111367618550765,3,2.862278842557436
2023-12-12,0.9543771121175937,0.0,0.3159853409788836,3,2.873510977116368
2023-12-13,0.9463066853209434,0.0,0.3168482228918467,3,2.845617654059323
2023-12-14,0.9532676048335151,0.0,0.31278250520800044,3,2.8836096974917544
2023-12-15,0.9584966412401454,0.0,0.3113253477261157,3,2.905575264368858
2023-12-18,0.967296552000044,0.0,0.31671206892176645,3,2.9093155311745575
2023-12-19,0.9605057520273121,0.0,0.6147852669298653,6,2.9112310011447486
2023-12-20,0.9687550709621063,0.0,0.6112626508762184,6,2.9630847000419367
2023-12-21,0.9494038607255733,0.0,0.6055058839728764,6,2.9468995455009126
2023-12-22,0.9441494998138855,0.0,0.5111406273958943,5,2.946321504267305
2023-12-26,0.9358719601723053,0.0,0.5062324531720763,5,2.9498124199526234
2023-12-27,0.9239381724580369,0.0,0.599056412438076,6,2.9621779686951
2023-12-28,0.927388212780947,0.0,0.6954408784565296,7,3.0095320132836147
2024-01-02,0.9320190549833787,0.0,0.5668872093922156,6,3.0260005213705243
2024-01-03,0.9341107431511212,0.0,0.5779734739482302,6,2.955162134898956
2024-01-04,0.9313766627841118,0.0,0.5800284414089545,6,2.9321651611148263
2024-01-05,0.9221946004508899,0.0,0.5773126406675907,6,2.922032438313933
2024-01-08,0.9226846863706775,0.0,0.48423782357217604,5,2.9104036087907605
2024-01-09,0.9339344486631,0.0,0.49175618017016465,5,2.9029457434630337
2024-01-10,0.9300818497612114,0.0,0.5931984075708084,6,2.8811161862879553
2024-01-11,0.927953967076745,0.0,0.5925398591513035,6,2.879178048034093
2024-01-12,0.9260391542974519,0.0,0.7936344351946004,8,2.861927484160537
2024-01-15,0.9182396468923529,0.0,0.7918040943991763,8,2.862992893493069
2024-01-16,0.9055715950562573,0.0,0.7912651552995198,8,2.8308039306803887
2024-01-17,0.8821387545049227,0.0,0.7910130580216814,8,2.760883609697492
2024-01-18,0.8795200936648954,0.0,0.5108858398205195,5,2.7655759444173684
2024-01-19,0.8897990388675421,0.0,0.6100529432386798,6,2.802638588219293
2024-01-22,0.886966929571112,0.0,0.7105848499413462,7,2.7931292432193495
2024-01-23,0.8873054347557048,0.0,0.8095755549215129,8,2.809291729476703
2024-01-24,0.8827829189144022,0.0,0.8092888150259224,8,2.7991816749594807
2024-01-25,0.8863480783620763,0.0,0.7222390529916991,7,2.799918394178785
2024-01-26,0.8982542167967908,0.0,0.7055902593955444,7,2.8092350587675257
2024-01-29,0.9076507168525529,0.0,0.7060414081950005,7,2.8342721780820366
2024-01-30,0.9124792243860194,0.0,0.70781208265949,7,2.8321866959843134
2024-01-31,0.9145180504623334,0.0,0.7086641588953531,7,2.8302372235886164
2024-02-01,0.917604833204196,0.0,0.8057727308817402,8,2.881660225096057
2024-02-02,0.9362572106987146,0.0,0.8041877912513481,8,2.964229448367317
2024-02-05,0.9301185010414277,0.0,0.8047042216725546,8,2.9370275079622346
2024-02-06,0.9372970012157136,0.0,0.69860796635081,7,2.919901619648868
2024-02-07,0.9559521601147078,0.0,0.700660604745915,7,2.9577349850956036
2024-02-08,0.9441542619021075,0.0,0.4930825775132651,5,2.969907853426878
2024-02-13,0.9569855742869406,0.0,0.49428326619518975,5,3.00313955728842
2024-02-14,0.9462641905381115,0.0,0.49419357202929476,5,2.9700211948452324
2024-02-15,0.9407205508979739,0.0,0.49249822436081797,5,2.962517992950164
2024-02-16,0.9528264890504256,0.0,0.4922445060000131,5,3.0021421528069006
2024-02-19,0.9533492393895231,0.0,0.39196754778027215,4,3.037844699588571
2024-02-20,0.9466407600065218,0.0,0.27522731042849474,3,3.0123768828843125
2024-02-21,0.9427003987602913,0.0,0.18505361138331008,2,3.0072991873420305
2024-02-22,0.9422730680302854,0.0,0.18131620742612062,2,3.0197214067936846
2024-02-23,0.9412888922963702,0.0,0.1794051416116632,2,3.023609017443244
2024-02-26,0.9349717453635168,0.0,0.08771586247037153,1,3.0002380169785443
2024-02-27,0.9265050866147844,0.0,0.08704091318479211,1,2.9752689025150465
2024-02-28,0.9354877429602814,0.0,0.08642448824243008,1,3.0061431048748144
2024-02-29,0.930021485537454,0.0,0.1849289046284657,2,2.9948883020322117
2024-03-04,0.9374049141268728,0.0,0.29895096176621655,3,3.0310555486291357
2024-03-05,0.9314296114572553,0.0,0.40109590960606295,4,3.002867537884369
2024-03-06,0.9309201987784628,0.0,0.40255723634844687,4,2.9939022316925272
2024-03-07,0.9330141776632175,0.0,0.40251473702976354,4,3.0008500606376587
2024-03-08,0.9409022270464505,0.0,0.4001995333330283,4,3.03794670686509
2024-03-11,0.9323799699574111,0.0,0.3993487770536506,4,3.01470038196058
2024-03-12,0.9340394916132932,0.0,0.49616362428939603,5,3.0396014915730656
2024-03-13,0.9442399698555306,0.0,0.49942098622820336,5,3.052930442371556
2024-03-14,0.9700492081269441,0.0,0.6067309958238513,6,3.081481145655057
2024-03-15,0.9439770986251681,0.0,0.6035867935300651,6,3.022634281245396
2024-03-18,0.9409273365428874,0.0,0.7003698592978803,7,3.0441691507327526
2024-03-19,0.9271744635442576,0.0,0.7994682613477768,8,3.01054075190697
2024-03-20,0.9328750496722888,0.0,0.7981447180836833,8,3.049042831721996
2024-03-21,0.9499543630365266,0.0,0.7970049232261035,8,3.1223973976810346
2024-03-22,0.9453881666596899,0.0,0.7964909281588236,8,3.1152568883247005
2024-03-25,0.9439600820003109,0.0,0.7969979997027016,8,3.10280066644754
2024-03-26,0.9458465396662982,0.0,0.795958279265662,8,3.1249249113103406
2024-03-27,0.9245064257109834,0.0,0.8937732104104044,9,3.122680751226921
2024-03-28,0.9184282346469741,0.0,0.895949511210371,9,3.1121513334617874
2024-03-29,0.9215454604552609,0.0,0.6953364336135827,7,3.1130693989504588
2024-04-01,0.921325932632939,0.0,0.6026300316164871,6,3.114463498396219
2024-04-02,0.9100632486150577,0.0,0.596936371934152,6,3.120470593569008
2024-04-03,0.9142255088926503,0.0,0.605502874666077,6,3.06811819243106
2024-04-04,0.9370077356523294,0.0,0.6101136693169608,6,3.1078216912806447
2024-04-05,0.9239368649845316,0.0,0.7088775452140409,7,3.0763241111199267
2024-04-08,0.920855996390851,0.0,0.6026436656456872,6,3.080223055911322
2024-04-09,0.9336157242157128,0.0,0.6098755796924674,6,3.0660667127588432
2024-04-11,0.9472733145103844,0.0,0.5363094927761618,5,3.068106858289225
2024-04-12,0.9746477749485531,0.0,0.5535183656278003,5,3.0396128257149013
2024-04-15,1.003201276349159,0.0,0.48587100488204854,4,3.0267032381643224
2024-04-16,0.939556123722808,0.0,0.4896524890045642,4,2.957791655804781
2024-04-17,0.9413789919083306,0.0,0.5948814412297512,5,2.928946264833558
2024-04-18,1.0065229359033752,0.0,0.6136940690135961,5,2.986206349386256
2024-04-19,0.9654035121047002,0.0,0.6037889850202239,5,2.9376508857631847
2024-04-22,0.9485193933826315,0.0,0.5908892130183626,5,2.980244590780809
2024-04-23,0.9462375843154256,0.0,0.6909181443091261,6,2.9729680717224496
2024-04-24,0.9596561567192207,0.0,0.6019872391431489,5,3.0327330016207825
2024-04-25,0.9295236528998854,0.0,0.6218797891571595,6,2.979315191150302
2024-04-26,0.982643246309485,0.0,0.6385496227141482,6,3.0107220981763367
2024-04-29,0.9948674275023965,0.0,0.6388096873444129,6,3.0459826134264247
2024-04-30,0.9887016864460989,0.0,0.7370767512683732,7,3.0512189869544026
2024-05-02,0.982102413939744,0.0,0.7361369209562189,7,3.0416869736707888
2024-05-03,0.9613908719910216,0.0,0.7311575301440936,7,3.0337304061023023
2024-05-07,1.0070352375796627,0.0,0.5861444766509352,6,3.0991624069183605
2024-05-08,1.0184950979439709,0.0,0.5892013127334194,6,3.1112786045404577
2024-05-09,1.0233535687769875,0.0,0.5960532425437287,6,3.073977943759988
2024-05-10,1.043644747789983,0.0,0.6016447938414188,6,3.091534529463102
2024-05-13,1.0563937435040485,0.0,0.7057428264889257,7,3.091058495506013
2024-05-14,1.0348481222436712,0.0,0.8014735365627343,8,3.0946060819005092
2024-05-16,1.050880668718993,0.0,0.6968618809276048,7,3.120289247299641
2024-05-17,1.050563911043292,0.0,0.6092251576274815,6,3.088122952770631
2024-05-20,1.0676894823988587,0.0,0.6130206475688605,6,3.107980369266341
2024-05-21,1.0568364402509727,0.0,0.6116072139341829,6,3.087624250529871
2024-05-22,1.0496321533058564,0.0,0.6090447861478054,6,3.0868081923177186
2024-05-23,1.0548146190830474,0.0,0.5112510240484401,5,3.084938058914869
2024-05-24,1.069018996766376,0.0,0.5238065637094016,5,3.0461639596957917
2024-05-27,1.0799174725690115,0.0,0.4215262346540895,4,3.086275487651452
2024-05-28,1.083869178922614,0.0,0.5236128669656623,5,3.0861168096657563
2024-05-29,1.0663595419322238,0.0,0.6244202932110313,6,3.0344897936052777
2024-05-30,1.0604617849721092,0.0,0.5006420295523512,5,2.98704507588208
2024-05-31,1.0605476174116637,0.0,0.5004778239786056,5,2.988269163200308
2024-06-03,1.0761354127529315,0.0,0.4991243474320564,5,3.0404062156433826
2024-06-04,1.0911349519592148,0.0,0.5097701254452933,5,3.017261898015392
2024-06-05,1.0759436920253058,0.0,0.4977315710110226,5,3.0483174466445275
2024-06-07,1.0864110852672724,0.0,0.49643597813353835,5,3.0859127951127183
2024-06-10,1.078567575639682,0.0,0.4967793744959357,5,3.0615443901664987
2024-06-11,1.0640578959369025,0.0,0.4833188738613087,5,3.066248059028211
2024-06-12,1.0810457143778416,0.0,0.3867251612690489,4,3.0921465731222164
2024-06-13,1.1106629264534102,0.0,0.5932723917436428,6,3.122431400106541
2024-06-14,1.1145720075101453,0.0,0.6937573933740856,7,3.1264323521744553
2024-06-17,1.1166757092895432,0.0,0.695921148808098,7,3.1102018610660895
2024-06-18,1.1192137397683255,0.0,0.8956492114352272,9,3.1326661301839533
2024-06-19,1.1238830849587285,0.0,0.8948266111193591,9,3.1705334980561948
2024-06-20,1.1189316138117587,0.0,0.8939722294094624,9,3.182207664146709
2024-06-21,1.1349776037657568,0.0,0.896341290871643,9,3.1557197746772605
2024-06-24,1.1083378822083536,0.0,0.7926962456099304,8,3.1335841956726247
2024-06-25,1.104939917267063,0.0,0.7068696752256999,7,3.1445329766856704
2024-06-26,1.1185267135313588,0.0,0.6173476670945044,6,3.1645490711670767
2024-06-27,1.1264286663966607,0.0,0.6211193453125512,6,3.1554930918405515
2024-06-28,1.145381499975402,0.0,0.6255471495021994,6,3.1710888710061322
2024-07-01,1.1173191151624637,0.0,0.7182296885022791,7,3.1784447290573397
2024-07-02,1.1136552547835183,0.0,0.7196666319794344,7,3.1518661664532073
2024-07-03,1.113388658639888,0.0,0.7182735626916635,7,3.1667705629668252
2024-07-04,1.112173413849511,0.0,0.7148435764553401,7,3.201827063663875
2024-07-05,1.10647345465149,0.0,0.7095910675429473,7,3.244092078568271
2024-07-08,1.1260619898256057,0.0,0.6107370767718371,6,3.239025717167825
2024-07-09,1.1482874220401391,0.0,0.6169863695055157,6,3.2499291616135286
2024-07-10,1.1516918308781672,0.0,0.6156901227278038,6,3.250620544265491
2024-07-11,1.1668076403018994,0.0,0.5140248153787488,5,3.2770970995931044
2024-07-12,1.1519659635813535,0.0,0.5136115156761683,5,3.2381643223883305
2024-07-15,1.1607756260852042,0.0,0.30445669711336787,3,3.2426073059878275
2024-07-16,1.164721142959815,0.0,0.3055601982884954,3,3.2484670573167556
2024-07-17,1.149841147759457,0.0,0.302169332719511,3,3.222625213931927
2024-07-18,1.13374489016032,0.0,0.29697638809910726,3,3.201158349295583
2024-07-19,1.1308324169190112,0.0,0.40175885524572286,4,3.1684140135329657
2024-07-22,1.110582865046796,0.0,0.39781307997479987,4,3.1322014303687
2024-07-23,1.1211764738278647,0.0,0.6003332835543456,6,3.1444196352673157
2024-07-24,1.1034614423410454,0.0,0.5961975134787145,6,3.1267610422876833
2024-07-25,1.0656261104711895,0.0,0.5891448890174278,6,3.072289156626506
2024-07-26,1.073198906668455,0.0,0.508899531355047,5,3.0963742080268393
2024-07-29,1.084788096186004,0.0,0.5081652216205946,5,3.134490927019461
2024-07-30,1.0778214775904007,0.0,0.6096712612546018,6,3.103503383241338
2024-07-31,1.0871776046796415,0.0,0.6084373839726971,6,3.1403393442065535
2024-08-01,1.0862270653572206,0.0,0.6071060207977552,6,3.1482619093495336
2024-08-02,1.0449025666611398,0.0,0.7071201420028213,7,3.033231703861542
2024-08-05,0.9704851882612933,0.0,0.7123097995944895,7,2.767287399834522
2024-08-06,0.9937232306639372,0.0,0.5059640867450974,5,2.858640583028256
2024-08-07,1.0139448384335967,0.0,0.5069362496826182,5,2.911072323159052
2024-08-08,1.0119456930872908,0.0,0.5082088464280011,5,2.8978340454952454
2024-08-09,1.0234472129770191,0.0,0.5077065831140263,5,2.9337632751136247
2024-08-12,1.0276173235896597,0.0,0.6048616989082374,6,2.967618356776117
2024-08-13,1.0322830620562937,0.0,0.6061669124784758,6,2.971245282163461
2024-08-14,1.0343099089865082,0.0,0.7040160986691584,7,2.997313808384998
2024-08-16,1.0374925895348248,0.0,0.5927280003886228,6,3.057078738283331
2024-08-19,1.0435392108838255,0.0,0.5985211509388073,6,3.0311575559056547
2024-08-20,1.0563330143089746,0.0,0.38519679895985454,4,3.056398689773204
2024-08-21,1.0641899136754844,0.0,0.4885205928324785,5,3.061499053599157
2024-08-22,1.067235030963277,0.0,0.48874512031913286,5,3.068911582359542
2024-08-23,1.0740661749351157,0.0,0.49311868689563465,5,3.062133765541942
2024-08-26,1.0793211437760148,0.0,0.4962736433315801,5,3.0579628013464966
2024-08-27,1.0696050051221084,0.0,0.402484276175614,4,3.048034093098641
2024-08-28,1.0625513429115894,0.0,0.39838799197573393,4,3.048691473325097
2024-08-29,1.050573373405209,0.0,0.39776092871293833,4,3.01746591256843
2024-08-30,1.0539054534531311,0.0,0.29653918873834234,3,3.0311008851964774
2024-09-02,1.055216089715259,0.0,0.29565534798503196,3,3.0386834260843942
2024-09-03,1.05463334749034,0.0,0.299569215235227,3,3.020129435899761
2024-09-04,1.026078866047498,0.0,0.30272608352996044,3,2.925115324893176
2024-09-05,1.027220647346999,0.0,0.30493146958352135,3,2.9191082297203867
2024-09-06,1.017241540876158,0.0,0.3066210881681082,3,2.883723038910109
2024-09-09,1.0096907653875544,0.0,0.20500326956493256,2,2.8742590304775075
2024-09-10,1.009400846724809,0.0,0.20869472186251065,2,2.8600913531831935
2024-09-11,0.9912016308505615,0.0,0.19988597484086734,2,2.84868920649673
2024-09-12,1.012778877060656,0.0,0.198637547039353,2,2.9152432873544982
2024-09-13,1.023921732709083,0.0,0.305733532900992,3,2.9190062224438678
2024-09-19,1.025081135904191,0.0,0.6055456679628558,6,2.925115324893176
2024-09-20,1.021728420205356,0.0,0.6984776479515405,7,2.9393623411803373
2024-09-23,1.0179387549548515,0.0,0.7978420916495695,8,2.9491550397261674
2024-09-24,1.0229964807590095,0.0,0.7965478125623111,8,2.98278343855195
2024-09-25,0.9923429297576232,0.0,0.7930812422980714,8,2.942705913021796
2024-09-26,1.0121973716733856,0.0,0.7912604340799073,8,3.0279953303335643
2024-09-27,0.9955197071630406,0.0,0.7894945329448432,8,3.0032982352741167
2024-09-30,0.9883751081531312,0.0,0.7924946205846397,8,2.939248999761983
2024-10-02,0.9738944618725305,0.0,0.7919737692877613,8,2.903455779845629
2024-10-04,0.9923821104048036,0.0,0.7952100635706284,8,2.9125457615976607
2024-10-07,0.9896482827656758,0.0,0.7913942470701057,8,2.9586417164424397
2024-10-08,1.0073856126792915,0.0,0.7963249090155903,8,2.9404844212220476
2024-10-10,1.0202098108230335,0.0,0.7985130408755581,8,2.9459248093030634
2024-10-11,1.0466980013762754,0.0,0.8037819627826287,8,2.943374627390087
2024-10-14,1.0498306116033662,0.0,0.8023801820094216,8,2.973274093552007
2024-10-15,1.0669967486928311,0.0,0.9035326602201366,9,2.9847895816568246
2024-10-16,1.0602275389251272,0.0,0.8025978868284144,8,2.958619048158769
2024-10-17,1.063902865683652,0.0,0.8033597092146453,8,2.9574176291242114
2024-10-18,1.0703986503781537,0.0,0.7050848022416005,7,2.939872377562933
2024-10-21,1.0694565340058841,0.0,0.4048176447358735,4,2.9524532750002837
2024-10-22,1.0589066618737846,0.0,0.2086727267734515,2,2.91366784163937
2024-10-23,1.0763715031290426,0.0,0.10997503426137419,1,2.9464461798274946
2024-10-24,1.0713021813033312,0.0,0.1121582282361437,1,2.9253760101553916
2024-10-25,1.0705463000332536,0.0,0.21104681272104986,2,2.9279148579265324
2024-10-28,1.087265190641956,0.0,0.21440978090772536,2,2.9609652155187067
2024-10-29,1.0893737225028,0.0,0.21431862585298236,2,2.9670516496843446
2024-10-30,1.080704640428311,0.0,0.21528006658539509,2,2.9398383751374264
2024-10-31,1.0648654129839277,0.0,0.31549284523995474,3,2.8971766652687894
2024-11-01,1.0635984314391145,0.0,0.41804160928797385,4,2.8815468836777027
2024-11-04,1.0821015852158071,0.0,0.4175058605606203,4,2.934375318772739
2024-11-05,1.0643647267703544,0.0,0.5120060465902116,5,2.9206723412936793
2024-11-06,1.0787881412809548,0.0,0.5210286112831839,5,2.9055185936596812
2024-11-07,1.055417389052719,0.0,0.9196135836572272,9,2.9067880175452516
2024-11-08,1.0516714276419346,0.0,0.919436720824006,9,2.9028437361865147
2024-11-11,1.0466689156525784,0.0,0.7881985571079794,8,2.86941935191377
2024-11-12,1.0129425157601593,0.0,0.7853901929494349,8,2.8137800496435417
2024-11-13,0.9821995323884657,0.0,0.7845114678422593,8,2.739552754763173
2024-11-14,0.9742984952569415,0.0,0.782603993457604,8,2.7415702320098836
2024-11-15,0.9725745273939357,0.0,0.7823987106828025,8,2.7393034036427935
2024-11-18,0.9747680407003365,0.0,0.7781982430198795,8,2.7984789581656826
2024-11-19,0.9704472089293109,0.0,0.7769508216164971,8,2.8017431910142925
2024-11-20,0.9783259380248674,0.0,0.7778216123257715,8,2.8134626936721485
2024-11-21,0.9744352220621644,0.0,0.6795715151362618,7,2.811581226127464
2024-11-22,0.9715314328930705,0.0,0.6759435968369524,7,2.834940892450328
2024-11-25,0.9817038301380497,0.0,0.6750575197680676,7,2.872456901925671
2024-11-26,0.9712604398877287,0.0,0.6733753354583119,7,2.8566117716397104
2024-11-27,0.9790172572515163,0.0,0.772392255385066,8,2.83700370626438
2024-11-28,0.9929994480817961,0.0,0.6892751151891516,7,2.838828503099888
2024-11-29,0.9778449953562633,0.0,0.6906023869096095,7,2.783563227510229
2024-12-02,0.9742913308358218,0.0,0.5974990519506329,6,2.78194244522776
2024-12-03,1.0047439408262693,0.0,0.6024440730531699,6,2.833648800281087
2024-12-04,0.9713734291458591,0.0,0.19560554833261481,2,2.792732548255109
2024-12-05,0.9640478216349401,0.0,0.19677912454083846,2,2.7676274240895853
2024-12-06,0.956770698295123,0.0,0.2954653633930705,3,2.7521109839168525
2024-12-09,0.9307131828228521,0.0,0.2958976844855342,3,2.675514853392875
2024-12-10,0.9536570427384112,0.0,0.2961692249780226,3,2.7404141495426675
2024-12-11,0.962252978972338,0.0,0.29533938116541725,3,2.768375477450725
2024-12-12,0.9782546177537532,0.0,0.29562524546556357,3,2.813270013260946
2024-12-13,0.9730052817318672,0.0,0.49120017294801444,5,2.8272563442858925
2024-12-16,0.9676542291987573,0.0,0.5902699537030142,6,2.8210339004182297
2024-12-17,0.9628737903270359,0.0,0.5935561507445337,6,2.7845833002754197
2024-12-18,0.9687074420906538,0.0,0.5914619812422327,6,2.815888200024935
2024-12-19,0.9546224546984456,0.0,0.7938997604047999,8,2.760917612122998
2024-12-20,0.9449997256063246,0.0,0.7945173222623125,8,2.724897709369935
2024-12-23,0.9654410165964573,0.0,0.7957006285410788,8,2.7678087703589527
2024-12-24,0.9706989183411031,0.0,0.6063113717210655,6,2.76611998322547
2024-12-26,0.9647726055481798,0.0,0.6056540607885721,6,2.753822439334006
2024-12-27,0.9477420516144542,0.0,0.6026818180828027,6,2.725600426163733
2024-12-30,0.9391575401869615,0.0,0.5999304113630446,6,2.7196159992746147
2025-01-02,0.9557903092196309,0.0,0.6069825730340241,6,2.7189926214736655
2025-01-03,0.9598138637047458,0.0,0.6016182287416011,6,2.7677067630824332
2025-01-06,0.952087636826058,0.0,0.7961748025680156,8,2.82065987373766
2025-01-07,0.9653350802974668,0.0,0.689730729825878,7,2.824581486812726
2025-01-08,0.967248795182621,0.0,0.6867474252038904,7,2.857393827426357
2025-01-09,0.9701644283492102,0.0,0.6875835433499125,7,2.85835722948237
2025-01-10,0.9733154650769716,0.0,0.689350668077352,7,2.851420734679074
2025-01-13,0.96804433623869,0.0,0.7905238381651651,8,2.8217026147865214
2025-01-14,0.9697225331861807,0.0,0.7013432967812986,7,2.830588581985515
2025-01-15,0.972752431614351,0.0,0.5925327394421918,6,2.8299198676172233
2025-01-16,0.9881909578594656,0.0,0.5939700030716185,6,2.864693014768387
2025-01-17,0.9915044039419955,0.0,0.5959577173656344,6,2.8602273628852193
2025-01-20,0.9828281371598373,0.0,0.39274443076867915,4,2.8562604132428118
2025-01-21,0.9807727620641016,0.0,0.39195960286371995,4,2.8539709165920506
2025-01-22,0.9824489395858669,0.0,0.486804187524086,5,2.8868739303403643
2025-01-23,0.9712098381516583,0.0,0.4872998567584602,5,2.8510920445658456
2025-01-24,0.9805963307800172,0.0,0.4879057707667065,5,2.875245100817192
2025-01-31,0.973504712717651,0.0,0.4881261885370066,5,2.8532228632309105
2025-02-03,0.9521555938688431,0.0,0.48983377522656496,5,2.7813417357104804
2025-02-04,0.9589969624995323,0.0,0.48774734766190325,5,2.812782645162022
2025-02-05,0.978545055258726,0.0,0.4924013197197796,5,2.844042208344195
2025-02-06,0.9956399584326318,0.0,0.29969754755639294,3,2.8751884301080146
2025-02-07,0.9875987054098138,0.0,0.29812287243956304,3,2.858379897766041
2025-02-10,0.9863824023844558,0.0,0.29743851636771085,3,2.8576431785467364
2025-02-11,0.9956447470495472,0.0,0.29906597418845754,3,2.8777952827301685
2025-02-12,0.9968773206402098,0.0,0.29735740661384363,3,2.888381371204479
2025-02-13,1.011595003119407,0.0,0.19987366410731494,2,2.9278015165081777
2025-02-14,1.020874858195498,0.0,0.09641073946990251,1,2.9367328202745133
2025-02-17,1.0288644526878825,0.0,0.096724978637301,1,2.9586870530097817
2025-02-18,1.0349182499764193,0.0,0.09637052071851773,1,2.9772637114780856
2025-02-19,1.0552100304034313,0.0,0.09866280317647944,1,3.0279386596243865
2025-02-20,1.0524935110772478,0.0,0.10224241148999864,1,3.008149247979689
2025-02-21,1.0535535124326179,0.0,0.10296994613711655,1,3.0087386233551325
2025-02-24,1.0508882139451552,0.0,0.10114148459963279,1,2.998186537306328
2025-02-25,1.0457720923153302,0.0,0.10185917512332841,1,2.9812079928368225
2025-02-26,1.049012837930451,0.0,0.20126011624234502,2,2.9934488660191096
2025-02-27,1.0362547333819563,0.0,0.19734720482248277,2,2.9715286357093476
2025-02-28,0.9986352984399296,0.0,0.19537498846633317,2,2.8706887757993407
2025-03-04,0.9970649044585557,0.0,0.1953358842011381,2,2.8663137970508563
2025-03-05,1.0092964068634211,0.0,0.19590593470526715,2,2.899420825352209
2025-03-06,1.0192288839218542,0.0,0.19812978325660427,2,2.9198562830815264
2025-03-07,1.0097582453353593,0.0,0.19459281725594335,2,2.905484591234175
2025-03-10,1.011380687344655,0.0,0.1937173033779058,2,2.9133164832424714
2025-03-11,1.0013520620753729,0.0,0.2957049039789321,3,2.8761518321640276
2025-03-12,1.0154086248840093,0.0,0.29526746601550347,3,2.9183375080755765
2025-03-13,1.0070252888804316,0.0,0.3906287917333517,4,2.917000079338993
2025-03-14,1.0028638606045273,0.0,0.38983104658833373,4,2.908748824082785
2025-03-17,1.0166806738837715,0.0,0.48834582585562525,5,2.9589930748393387
2025-03-18,1.0180476467430932,0.0,0.4887099043227902,5,2.960863208242188
2025-03-19,1.0120267028205345,0.0,0.583935715522721,6,2.979315191150302
2025-03-20,1.0023205512681388,0.0,0.5785514495696056,6,2.9889265434267647
2025-03-21,1.0110015918321151,0.0,0.5812148383375425,6,2.9957610309535414
2025-03-24,0.9987739712323027,0.0,0.4816302066331608,5,2.983225470083533
2025-03-25,0.988086918715831,0.0,0.4792605106577827,5,2.9647961554590894
2025-03-26,0.9949064674678842,0.0,0.3824415410454775,4,2.996679096442213
2025-03-27,0.9747378392895835,0.0,0.3784344634543993,4,2.954980788629589
2025-03-28,0.9641842250719042,0.0,0.48320791556428044,5,2.899250813224677
2025-03-31,0.948505204120263,0.0,0.4904500283553736,5,2.8121365990774008
2025-04-01,0.95686697024293,0.0,0.4867048121659369,5,2.8577791882487618
2025-04-02,0.9610952554863953,0.0,0.5914507271199478,6,2.8401772659783067
2025-04-03,0.9648055170159195,0.0,0.5961336330452127,6,2.8184610502215826
2025-04-04,0.9475144484222301,0.0,0.5922826947784463,6,2.794341996395743
2025-04-07,0.8911990129567662,0.0,0.49255029403136036,5,2.638814902129685
2025-04-08,0.910454863107618,0.0,0.5019962150246225,5,2.6456493896564623
2025-04-09,0.8963728238025627,0.0,0.4222393991831706,4,2.5997121127973792
2025-04-10,0.9554770234990723,0.0,0.42221100970359965,4,2.771265683618765
2025-04-11,0.9676262448513606,0.0,0.330176361573037,3,2.757279352593818
2025-04-14,0.9828328594504263,0.0,0.33425911917219575,3,2.7835405592265583
2025-04-15,0.989744803539338,0.0,0.3103976116675091,3,2.8079316324564485
2025-04-16,0.9813121641277114,0.0,0.3128885307789825,3,2.7739518752337666
2025-04-17,0.9860302616332658,0.0,0.41041993958502,4,2.799997733171633
2025-04-18,0.9894415110539467,0.0,0.4093583862879799,4,2.8147434516995546
2025-04-21,0.9867667163078857,0.0,0.40656496104881207,4,2.8204105226172804
2025-04-22,0.9853866980370427,0.0,0.40615895128082374,4,2.81839304537057
2025-04-23,0.9933431203652845,0.0,0.40169532452801965,4,2.8625055253941447
2025-04-24,1.00842805582881,0.0,0.31746688482226526,3,2.858844597581294
2025-04-25,1.0165495799662907,0.0,0.3164854770489825,3,2.8860125355608703
2025-04-28,1.0204893174762555,0.0,0.3184397385547629,3,2.888914075870746
2025-04-29,1.0261412539942656,0.0,0.19391742994493563,2,2.9076834147502524
2025-04-30,1.021966588614368,0.0,0.1934041410901675,2,2.89769803579322
2025-05-02,1.0212438650162685,0.0,0.19182933979028355,2,2.9013022928968932
2025-05-07,1.0268993400199447,0.0,0.19188136045214219,2,2.9171814256083604
2025-05-08,1.0375960992661595,0.0,0.19844738230720682,2,2.9236192181708964
2025-05-09,1.0375068235062788,0.0,0.1990652087983642,2,2.9211143728252615
2025-05-12,1.0370323176960243,0.0,0.18935275120006848,2,2.955184803182627
2025-05-13,1.0356239632076485,0.0,0.1879109908848437,2,2.956420224642691
2025-05-14,1.053210750717374,0.0,0.19162922598028753,2,2.9928594906436663
2025-05-15,1.0447987982296332,0.0,0.09506269876057385,1,2.971086604177765
2025-05-16,1.0462366344495,0.0,0.1946770304177803,2,2.977331716329098
2025-05-19,1.043815668061349,0.0,0.10608809177702468,1,2.950753153724966
2025-05-20,1.0427567086095537,0.0,0.10573709902525734,1,2.948917022747623
2025-05-21,1.0498445550709021,0.0,0.10365633629245573,1,2.975869612032325
2025-05-22,1.0376903307117384,0.0,0.10417898529511342,1,2.939702365435401
2025-05-23,1.0378415650530102,0.0,0.10485515701009199,1,2.9379115710254
2025-05-26,1.0449785003913048,0.0,0.19457253631128568,2,2.997200466966644
2025-05-27,1.0420273377210088,0.0,0.1944845239217847,2,2.9890625531287895
2025-05-28,1.0445813926808638,0.0,0.28790229954373403,3,3.02638588219293
2025-05-29,1.0677669385298967,0.0,0.290192116002562,3,3.0836119643201214
2025-05-30,1.0555962815070938,0.0,0.288070186789902,3,3.0575774405240908
2025-06-02,1.0555140723634866,0.0,0.28767163404162566,3,3.059050878962699
2025-06-04,1.0814616959287413,0.0,0.286249351029333,3,3.1405093563340856
2025-06-05,1.0959243288876912,0.0,0.2851931926311547,3,3.187217354837979
2025-06-09,1.1150277812110487,0.0,0.28651680504921934,3,3.23677022294257
2025-06-10,1.131204622440297,0.0,0.29276004012937046,3,3.254995523013975
2025-06-11,1.1391725189551822,0.0,0.28910130429633296,3,3.294880368132927
2025-06-12,1.1445320547169389,0.0,0.28926850259943476,3,3.309603418377178
2025-06-13,1.1342591480938868,0.0,0.28907223244812286,3,3.280803363973297
2025-06-16,1.1532389316677385,0.0,0.1902907435582953,2,3.3397862380849834
2025-06-17,1.1512792928733901,0.0,0.18791057098407532,2,3.3439118657130877
2025-06-18,1.1572758639900012,0.0,0.18612437006892815,2,3.3687223021908896
2025-06-19,1.1582959900412937,0.0,0.18532274111395863,2,3.3750127509095647
2025-06-20,1.1674269535956543,0.0,0.17972378080191664,2,3.4249963164039037
2025-06-23,1.1672257884985222,0.0,0.18158333640484603,2,3.416643053871176
2025-06-24,1.1898867384078418,0.0,0.09020440489071181,1,3.517709596617892
2025-06-25,1.1900808855748097,0.0,0.08900168006571638,1,3.522934636004035
2025-06-26,1.1852836762193755,0.0,0.0,0,3.490416983078126
2025-06-27,1.1761926370994034,0.0,0.0,0,3.463645740062791
2025-06-30,1.1822584616773355,0.0,0.0,0,3.4815083475954616
2025-07-01,1.189167189543699,0.0,0.0,0,3.5018531321900963
2025-07-02,1.1835516831609556,0.0,0.0,0,3.4853166192521736
2025-07-03,1.1994128907026176,0.0,0.0,0,3.5320246177560666
2025-07-04,1.1755537241045195,0.0,0.0,0,3.461764272518107
2025-07-07,1.177551289431897,0.0,0.0,0,3.4676466921307054
2025-07-08,1.198904839405481,0.0,0.0,0,3.530528511033787
2025-07-09,1.2061368726427495,0.0,0.0,0,3.551825363542599
2025-07-10,1.2236083753954115,0.0,0.09904104385613557,1,3.6079180314862462
2025-07-11,1.2146874801793883,0.0,0.2964429506785559,3,3.5994627616769996
2025-07-14,1.2118802965613986,0.0,0.2889821492213012,3,3.629226218136894
2025-07-15,1.227788827098011,0.0,0.2952907787723858,3,3.6442439560688666
2025-07-16,1.218778085477589,0.0,0.2964616708504469,3,3.6114882861644135
2025-07-17,1.2268485248109167,0.0,0.2997933602701142,3,3.6181867639891645
2025-07-18,1.2257864403717391,0.0,0.3001130949133345,3,3.6134037561346046
2025-07-21,1.237088752016395,0.0,0.30156084062223,3,3.63917759466842
2025-07-22,1.2607672716352114,0.0,0.42052382690875095,4,3.592854956986932
2025-07-23,1.2391965579235076,0.0,0.40786469562553523,4,3.6085300751453606
2025-07-24,1.233102312529077,0.0,0.40368971731475745,4,3.6161012818914418
2025-07-25,1.2556492070368597,0.0,0.4133694096322488,4,3.6224484013192946
2025-07-28,1.2573862978262307,0.0,0.4117108608469919,4,3.6377154903716464
2025-07-29,1.2870815194306473,0.0,0.4215143783975483,4,3.661573858935271
2025-07-30,1.2878724643095725,0.0,0.41759260263812364,4,3.6886624579219984
2025-07-31,1.2820082519584752,0.0,0.5170198204635212,5,3.6784277278445865
2025-08-01,1.2339678141806323,0.0,0.5177023201461195,5,3.535583538292398
2025-08-04,1.265659204236507,0.0,0.52550679713292,5,3.5677044962540663
2025-08-05,1.2946097065543998,0.0,0.5287122567564797,5,3.6246585589772073
2025-08-06,1.303759486869202,0.0,0.5412543774943526,5,3.6248172369629033
2025-08-07,1.3262052584044204,0.0,0.4866629162665546,5,3.6582982919448255
2025-08-08,1.3411087015786056,0.0,0.6922808340275054,7,3.638270863321584
2025-08-11,1.3388957423218744,0.0,0.7919452999617981,8,3.6345986013668976
2025-08-12,1.3051633327796024,0.0,0.7876901979348118,8,3.6154892382323274
2025-08-13,1.2998818419475144,0.0,0.784524709828424,8,3.6545466909972912
2025-08-14,1.2995980071534905,0.0,0.7843914238114787,8,3.6560087952940643
2025-08-18,1.285726177923804,0.0,0.785333892091768,8,3.601174217094153
2025-08-19,1.2525802833069597,0.0,0.677602180381903,7,3.572022804293373
2025-08-20,1.2562074816972886,0.0,0.6807230713881609,7,3.54768840177266
2025-08-21,1.273004987563735,0.0,0.6837633332409038,7,3.56089267701096
2025-08-22,1.2863439292276881,0.0,0.6843540496324891,7,3.5914835258248425
2025-08-25,1.3036584790448729,0.0,0.6845036460419822,7,3.6381008511940522
2025-08-26,1.3062054854959984,0.0,0.8859116476209988,9,3.6035317185959266
2025-08-27,1.302510098878907,0.0,0.8853072746861752,9,3.612372349227578
2025-08-28,1.3122991199355702,0.0,0.8900024021405669,9,3.6227544231488515
2025-08-29,1.3423743790386415,0.0,0.9906021481608326,10,3.611068922916502
2025-09-01,1.3334358061628124,0.0,0.9906670764280286,10,3.562241439889379
2025-09-02,1.350832963118353,0.0,0.990701036130434,10,3.5955864851692754
2025-09-03,1.3725854649619091,0.0,0.8702917521006029,9,3.609266794364665
2025-09-04,1.3753719101284612,0.0,0.6769216882030114,7,3.62786612111664
2025-09-05,1.381398746950841,0.0,0.5159349687508528,5,3.632728467964048
2025-09-08,1.4150818208827003,0.0,0.5254728744045553,5,3.649128971199946
2025-09-09,1.4234364824831005,0.0,0.5223297500225003,5,3.69498690906618
2025-09-10,1.4863518100330912,0.0,0.534904258516573,5,3.756735313785717
2025-09-11,1.4973442939381714,0.0,0.5341859370286629,5,3.7903637126114997
2025-09-12,1.5066427710692856,0.0,0.5299537590429516,5,3.848553196794705
2025-09-15,1.5091769978908918,0.0,0.5291164751286055,5,3.8618934817350303
2025-09-16,1.5046025015081181,0.0,0.5218198953221991,5,3.9098482358408235
2025-09-17,1.5031087550793023,0.0,0.5263704342035579,5,3.86879597411282
2025-09-18,1.5104507594671568,0.0,0.5220585512737732,5,3.9230865135046304
2025-09-19,1.5011336460867977,0.0,0.5213234560491049,5,3.904883881716896
2025-09-22,1.4948262079900148,0.0,0.32746215853336486,3,3.9314171077536866
2025-09-23,1.4971476487285864,0.0,0.32510941547370276,3,3.9512971925330675
2025-09-24,1.4683832292029884,0.0,0.2305459191237401,2,3.935372723254259
2025-09-25,1.454364971887212,0.0,0.08907041751111143,1,3.934205306645208
2025-09-26,1.4198733765965357,0.0,0.08980680081104528,1,3.8377970961928622
2025-09-29,1.436866472481117,0.0,0.08857544857252539,1,3.8889820807217585
2025-09-30,1.4351542671641087,0.0,0.08924597109143981,1,3.8814902129685254
2025-10-01,1.4455336475440925,0.0,0.0875396522547945,1,3.9168867379206382
2025-10-02,1.484107502852658,0.0,0.18735585954932724,2,4.022724954380079
2025-10-10,1.5015594851048728,0.0,0.20087100898727603,2,4.092305251107913
2025-10-13,1.48619646857221,0.0,0.19843551266214077,2,4.062779811626563
2025-10-14,1.4775764293282565,0.0,0.19887396688378806,2,4.0370059730927474
2025-10-15,1.5308472819474126,0.0,0.20602579357431178,2,4.1452130251957975
2025-10-16,1.56126931355405,0.0,0.20210695437624307,2,4.24845572317492
2025-10-17,1.5606661977889495,0.0,0.20168787843621822,2,4.249045098550363
2025-10-20,1.598791284564775,0.0,0.20704684940323598,2,4.323623751827631
2025-10-21,1.605309412922477,0.0,0.20837224957958048,2,4.3339944916070685
2025-10-22,1.6364586592167552,0.0,0.2112879967096282,2,4.401817996350406
2025-10-23,1.6325358449637335,0.0,0.21715295539383056,2,4.358612247673667
2025-10-24,1.6754875026455136,0.0,0.21817364733236133,2,4.467454011719503
2025-10-27,1.7393819373304304,0.0,0.22754965016003062,2,4.582200863661608
2025-10-28,1.7230179092210318,0.0,0.22646666659416045,2,4.545455575831076
2025-10-29,1.7575794137661798,0.0,0.22830151004870877,2,4.6256332951750565
2025-10-30,1.7704661004760789,0.0,0.23284100184702444,2,4.632139092588605
2025-10-31,1.7763524152847403,0.0,0.2315272154888623,2,4.655498758911469
2025-11-03,1.847363870381633,0.0,0.24049181071991482,2,4.785127339083521
2025-11-04,1.8019832855104134,0.0,0.23983147262912813,2,4.671638576885151
2025-11-05,1.7482527577350493,0.0,0.13218294057739674,1,4.538666424871641
2025-11-06,1.7594109160608158,0.0,0.0,0,4.563635539335139
2025-11-07,1.7276480531198977,0.0,0.0,0,4.481247662333247
2025-11-10,1.779856429295175,0.0,0.0,0,4.616667988983214
2025-11-11,1.7943417629929528,0.0,0.0,0,4.654240669167734
2025-11-12,1.8135681485948294,0.0,0.0,0,4.704110893243719
2025-11-13,1.8224122859716925,0.0,0.0,0,4.727051196318671
2025-11-14,1.7498105960310033,0.0,0.09860716865737315,1,4.546770336283989
2025-11-17,1.7790406519591748,0.0,0.09624948575472311,1,4.634813950061771
2025-11-18,1.7173489592301625,0.0,0.09483627524801717,1,4.48108898434755
2025-11-19,1.7014728153617038,0.0,0.0919617339158128,1,4.453762368382279
2025-11-20,1.7333911633215284,0.0,0.09159306038322314,1,4.539153792970565
2025-11-21,1.6642762216128826,0.0,0.08968086226849585,1,4.367339536886965
2025-11-24,1.6588210885108987,0.0,0.08839379139548147,1,4.35917895476544
2025-11-25,1.6617890003592166,0.0,0.08724894338997266,1,4.372462568996589
2025-11-26,1.708406044703181,0.0,0.2886139162526001,3,4.489306237178252
2025-11-27,1.715334766164554,0.0,0.3871535273343024,4,4.518820342517766
2025-11-28,1.6975182165744247,0.0,0.3900906919389608,4,4.450452798966326
2025-12-01,1.7022313992240308,0.0,0.4927311553269232,5,4.443402962744676
2025-12-02,1.7272429903619777,0.0,0.5911714595306526,6,4.527910324269798
2025-12-03,1.7629432488802956,0.0,0.6945313440309513,7,4.574799669043059
2025-12-04,1.7450822466202935,0.0,0.893260696473424,9,4.565970372553243
2025-12-05,1.7637219836326539,0.0,0.8925132717390318,9,4.6470548232440585
2025-12-08,1.7828635322772817,0.0,0.8922460829400499,9,4.70916592050233
2025-12-09,1.785818793593515,0.0,0.8927169742252555,9,4.69635834022827
2025-12-10,1.7756513784722148,0.0,0.9930882841937656,10,4.686667648958959
2025-12-11,1.8087049071154104,0.0,0.8993228894712173,9,4.659035011164129
2025-12-12,1.8454226684807327,0.0,0.8999688058749133,9,4.723118249101769
2025-12-15,1.796313009008233,0.0,0.8991223246296953,9,4.636332725067722
2025-12-16,1.7615003220861065,0.0,0.8994287324894656,9,4.532670663840688
2025-12-17,1.7539579324430936,0.0,0.8975495665068552,9,4.597592628274151
2025-12-18,1.7210832524996107,0.0,0.897185880001955,9,4.527434290312709
2025-12-19,1.7457913199616528,0.0,0.8979802473805423,9,4.556948395652223
2025-12-22,1.7546533810881804,0.0,0.8963399695719586,9,4.653719298643304
2025-12-23,1.7383471652475442,0.0,0.7031458262697795,7,4.666628886193882
2025-12-24,1.7476818391896516,0.0,0.5970809708653722,6,4.656768182797039
2025-12-26,1.7414705579099587,0.0,0.5935712325181751,6,4.6806378855025
2025-12-29,1.7629470338534885,0.0,0.49642903360361446,5,4.783642566503078
2025-12-30,1.7599399365325712,0.0,0.5044656788861461,5,4.776400049870224
2026-01-02,1.779174425441493,0.0,0.4071856749781332,4,4.884595767831439
2026-01-05,1.8421218868388363,0.0,0.22317531318666398,2,5.052216391435923
2026-01-06,1.8634891943545981,0.0,0.220374829810181,2,5.129243219349647
2026-01-07,1.888214735283135,0.0,0.2262346824502404,2,5.158235954164731
2026-01-08,1.8793312862328588,0.0,0.22235337822632828,2,5.159720726745174
2026-01-09,1.886620084528204,0.0,0.0918792158863186,1,5.198200138276531
2026-01-12,1.9073217696832427,0.0,0.09420114531099252,1,5.2418025819175105
2026-01-13,1.9420133613836517,0.0,0.09733055868306127,1,5.318704734271045
2026-01-14,1.9449511252077238,0.0,0.09284361009102272,1,5.353228530301829
2026-01-15,1.979696528628979,0.0,0.09471650233503891,1,5.4376112162667605
2026-01-16,1.9898014512139195,0.0,0.09120541777587764,1,5.4865633748540725
2026-01-19,2.0679429145888153,0.0,0.11399927678553234,1,5.559011209466275
2026-01-20,2.076856374819932,0.0,0.12120314820600046,1,5.537578347255438
2026-01-21,2.099454956284456,0.0,0.12636011133163008,1,5.564984302213558
2026-01-22,2.1584779313243185,0.0,0.14287686423069287,1,5.613267746432578
2026-01-23,2.155318095912999,0.0,0.13511377877005115,1,5.655816114882861
2026-01-26,2.1477328432913305,0.0,0.13910004966766729,1,5.609935508732956
2026-01-27,2.213937029910919,0.0,0.14202111998594866,1,5.7632411111992665
2026-01-28,2.2507984915779566,0.0,0.0,0,5.860669394416802
2026-01-29,2.2727544860769213,0.0,0.0,0,5.917838805834816
2026-01-30,2.274108235935997,0.0,0.0,0,5.921363723945642
2026-02-02,2.15453860610014,0.0,0.0,0,5.6100261818676405
2026-02-03,2.3018448729200185,0.0,0.0,0,5.993584875721135
2026-02-04,2.3379825942384973,0.0,0.0,0,6.087680921239049
2026-02-05,2.2476469967291757,0.0,0.0,0,5.8524634757279355
2026-02-06,2.2152484108735466,0.0,0.0,0,5.768103458046674
2026-02-09,2.3061803547838107,0.0,0.0,0,6.0048736809892445
2026-02-10,2.3077691608885136,0.0,0.0,0,6.009010642759184
2026-02-11,2.3307524382387386,0.0,0.0,0,6.068854911650364
2026-02-12,2.4037852843338285,0.0,0.0,0,6.259019143365561
2026-02-13,2.397142768948138,0.0,0.0,0,6.241723242924662
2026-02-19,2.471246426828863,0.0,0.0,0,6.434675673531379
2026-02-20,2.5283912118769223,0.0,0.0,0,6.583470287547178
2026-02-23,2.5447406796283323,0.0,0.0,0,6.6260413242811325
2026-02-24,2.5985206780491708,0.0,0.0,0,6.7660746466581285
2026-02-25,2.6482394268927822,0.0,0.0,0,6.895533214702649
2026-02-26,2.7454874191809213,0.0,0.0,0,7.1487492774484585
2026-02-27,2.7180032500162774,0.0,0.0,0,7.077185505899421
2026-03-03,2.5211567029837263,0.0,0.0,0,6.564632943816659
2026-03-04,2.217163683986065,0.0,0.0,0,5.773090480454273
2026-03-05,2.430612166589403,0.0,0.0,0,6.328871459497444
2026-03-06,2.4310343972528448,0.0,0.0,0,6.329970871255483
2026-03-09,2.286083045782677,0.0,0.0,0,5.952543948134967
2026-03-10,2.408277470361372,0.0,0.0,0,6.270715977739746
2026-03-11,2.4419514539942013,0.0,0.0,0,6.358396898978794
2026-03-12,2.4471038639971185,0.0,0.10636843089820416,1,6.3281347402781405
2026-03-13,2.411459371954668,0.0,0.10875350047113128,1,6.219315644515976
2026-03-16,2.4226536917068575,0.0,0.10274943997711171,1,6.290278706547735
2026-03-17,2.4655992205480675,0.0,0.1039806051001093,1,6.393000034002426
2026-03-18,2.567092522525569,0.0,0.19694819325723856,2,6.7155130399301814
2026-03-19,2.489739172013673,0.0,0.1946106590526853,2,6.532115290890751
2026-03-20,2.4986378425222098,0.0,0.19497528762099325,2,6.552494077910891
2026-03-23,2.3384673003817538,0.0,0.19569792861216728,2,6.126953722698886
2026-03-24,2.391967588455007,0.0,0.19213487419294126,2,6.294891702274763
2026-03-25,2.434168320983433,0.0,0.19352079833111005,2,6.394960840539959
2026-03-26,2.364103078493956,0.0,0.19636775676110033,2,6.188962812680638
2026-03-27,2.3507932795937307,0.0,0.19501318043114896,2,6.1644924004579
2026-03-30,2.281780804490681,0.0,0.19530298077293193,2,5.981366670822519
2026-03-31,2.1957053972936644,0.0,0.19938569412964702,2,5.72652982579424
2026-04-01,2.3595301239963296,0.0,0.19212061637958722,2,6.2096362873885
2026-04-02,2.2777280321708635,0.0,0.20047779115644715,2,5.932346507384194
2026-04-03,2.3442294483329604,0.0,0.2018974823913272,2,6.094708089177028
2026-04-06,2.3661298560244997,0.0,0.19854571677590352,2,6.177481327001327
2026-04-07,2.3704167234370126,0.0,0.1934707210332925,2,6.2278615874599055
2026-04-08,2.5426273430639483,0.0,0.10844160812194606,1,6.6557934465991915
2026-04-09,2.521083759699028,0.0,0.11526679539992173,1,6.548878486665383
2026-04-10,2.5498197225507258,0.0,0.1129957549694157,1,6.640526357546839
2026-04-13,2.52887267779656,0.0,0.11331918023018556,1,6.583572294823697
2026-04-14,2.598414729309483,0.0,0.0,0,6.763932493851228
2026-04-15,2.6522487533774863,0.0,0.0,0,6.904067823504744
2026-04-16,2.7108809895550765,0.0,0.0,0,7.056693377460926
2026-04-17,2.69602046511767,0.0,0.0,0,7.0180099513765315
2026-04-20,2.707850539801653,0.0,0.0,0,7.048804814743452
2026-04-21,2.781600191990575,0.0,0.0,0,7.24078250915232
2026-04-22,2.794427354308946,0.0,0.0,0,7.274172890999559
2026-04-23,2.8196288531204634,0.0,0.0,0,7.339774903943149
2026-04-24,2.8195504794199437,0.0,0.0,0,7.33957088939011
2026-04-27,2.880246556377883,0.0,0.0,0,7.497568826576296
2026-04-28,2.8915628479140154,0.0,0.0,0,7.527026261206633
2026-04-29,2.9132810711468844,0.0,0.0,0,7.5835609606818615
2026-04-30,2.873210339709014,0.0,0.0,0,7.479252853370207
2026-05-04,3.020430982040567,0.0,0.0,0,7.862482857110474
2026-05-06,3.2153071883824955,0.0,0.0,0,8.369765043239752
2026-05-07,3.261238530981441,0.0,0.0,0,8.489328905461923
2026-05-08,3.2647000360877225,0.0,0.0,0,8.498339548221107
2026-05-11,3.4058771952903206,0.0,0.0,0,8.865837763093767
2026-05-12,3.327899717367815,0.0,0.0,0,8.662854616962676
2026-05-13,3.4153560589587166,0.0,0.0,0,8.890512189869545
2026-05-14,3.4751813170219936,0.0,0.0,0,9.04624329868864
2026-05-15,3.262601362551587,0.0,0.0,0,8.49287649185642
2026-05-18,3.2725548225175736,0.0,0.0,0,8.51878634009226
2026-05-19,3.1661494617788275,0.0,0.0,0,8.24180258191751
2026-05-20,3.138844935336701,0.0,0.0,0,8.170726178467397
2026-05-21,3.40298172246557,0.0,0.0,0,8.858300558773193
2026-05-22,3.416967073913841,0.0,0.0,0,8.894705822348662
2026-05-26,3.4824311473839695,0.0,0.09463723383586965,1,9.121161976220971
2026-05-27,3.540266230668987,0.0,0.08937629813205725,1,9.326525292137507
2026-05-28,3.5208521486019047,0.0,0.08918552062860292,1,9.277323782429814
2026-05-29,3.6375563369214814,0.0,0.08708036320025614,1,9.606988631855739
2026-06-01,3.7707130571849223,0.0,0.08687762335033455,1,9.960874542384023
2026-06-02,3.752898197489766,0.0,0.08117445794700376,1,9.9757336023303
2026-06-04,3.6845845767669214,0.0,0.08137301623162764,1,9.792029831461312
2026-06-05,3.4877082846660072,0.0,0.08330460607956303,1,9.24932845209625
2026-06-08,3.206977145069517,0.0,0.08566499098784071,1,8.48293644946673
2026-06-09,3.4702459427034262,0.0,0.08587881719777911,1,9.177175305171769
2026-06-10,3.3242321340483247,0.0,0.08887521340892088,1,8.762221038434076
2026-06-11,3.320793635648414,0.0,0.08402317634335148,1,8.799771050334924
2026-06-12,3.4728802951127653,0.0,0.08356128148198019,1,9.207426129730587
2026-06-15,3.670673689106603,0.0,0.08786370624578596,1,9.686134944292693
2026-06-16,3.7534715086431043,0.0,0.08913169710282139,1,9.890852214124608
2026-06-17,3.804215788216611,0.0,0.08710672918870753,1,10.046855342347754
2026-06-18,3.8684899312609624,0.0,0.08205977174143027,1,10.273084813383356
2026-06-19,3.877941183125703,0.0,0.08545070149117022,1,10.26014122340727
2026-06-22,3.9004774083245386,0.0,0.08449418271438196,1,10.330560246630926
2026-06-23,3.5236983670678663,0.0,0.0,0,9.298348615534575
2026-06-24,3.638457032487133,0.0,0.0,0,9.601174217094153
2026-06-25,3.8357261389088726,0.0,0.0,0,10.121728683312742
2026-06-26,3.6127675505695995,0.0,0.0,0,9.53338471477632
2026-06-29,3.605654729627377,0.0,0.0,0,9.514615375896813
2026-06-30,3.640802201710836,0.0,0.0,0,9.607362658536308
2026-07-01,3.5748498920543272,0.0,0.10231077758730539,1,9.41120266579016
2026-07-02,3.316130783182887,0.0,0.2088323266560759,2,8.66845368302939
2026-07-03,3.4708520299161085,0.0,0.30168006929650987,3,9.167439277335117
2026-07-06,3.4732553044725134,0.0,0.30535637015305195,3,9.125491618402114
2026-07-07,3.3662297301910167,0.0,0.3184356033713307,3,8.67777034761813
2026-07-08,3.2065014905937512,0.0,0.322755685412116,3,8.213614571172744
2026-07-09,3.2008902403633197,0.0,0.41795229878152906,4,8.264754219134298
2026-07-10,3.303828149391763,0.0,0.4218554727971386,4,8.473336431332102
2026-07-13,3.136728593797981,0.0,0.4455499812686947,4,7.7150710083986
2026-07-14,3.1013927514591355,0.0,0.43512198083147285,4,7.7716283761575
2026-07-15,3.2177027724885967,0.0,0.42158903404134546,4,8.25625361275771
2026-07-16,3.0990624193083045,0.0,0.4376841592927586,4,7.730564780287661
2026-07-20,2.933020895496024,0.0,0.43236132876095523,4,7.385632841809383
2026-07-21,3.024644533415251,0.0,0.42998593150115305,4,7.6482222398531094
2026-07-22,3.0462196835057536,0.0,0.42985038556756017,4,7.704609595484478
2026-07-23,3.1246739023328027,0.0,0.4197015179234465,4,8.043715785059335
2026-07-24,3.022596076694027,0.0,0.43444569708012903,4,7.58324360471047
2026-07-27,3.044624114740487,0.0,0.43307194643526165,4,7.657062870484761
2026-07-28,2.82246026316499,0.0,0.552602895168228,5,6.8273016808532345
2026-07-29,2.705184582783409,0.0,0.4251159727010473,4,6.418796540819912
2026-07-30,2.705730702105795,0.0,0.35561157682494404,3,6.33982024051049
2026-07-31,3.01996498197476,0.0,0.2124596370966945,2,7.475376576862483
2026-08-03,2.8162956392148124,0.0,0.19878431695834933,2,7.092282582824241
2026-08-04,2.854338200218406,0.0,0.19663986576057393,2,7.207324122454068
2026-08-05,2.946301343391218,0.0,0.19242557457049225,2,7.478561470718245
2026-08-06,2.86064734862941,0.0,0.08998441419116791,1,7.136406396989653
2026-08-07,2.845097521834913,0.0,0.09047622230816157,1,7.093778689546522
2026-08-10,2.8575664642735488,0.0,0.18882131821180162,2,7.14012399551168
2026-08-11,2.85611193698395,0.0,0.2837246935173745,3,7.192113704110893
2026-08-12,2.928550329534337,0.0,0.27573560357354265,3,7.456777250110508
2026-08-13,3.0195155051110243,0.0,0.27253835643983826,3,7.722336193315123
2026-08-14,3.0831895032972207,0.0,0.2703504585084426,3,7.908896167926645
2026-08-18,3.0472163471601617,0.0,0.2731747563793149,3,7.786362760543586
2026-08-19,2.9002125253578157,0.0,0.28064993524325316,3,7.334515862131499
2026-08-20,2.992775037366018,0.0,0.2618113839798804,3,7.766811365877433
2026-08-21,3.02196556139686,0.0,0.2625013888708169,3,7.8352355801380495
2026-08-24,2.95731023933124,0.0,0.2699239196043741,3,7.590429450634145
2026-08-25,2.970334405146924,0.0,0.18725151400831674,2,7.642317151956839
2026-08-26,3.0010795534144687,0.0,0.18776717574397658,2,7.716521778553537
2026-08-27,3.0307242680581474,0.0,0.1834070026295711,2,7.8345781999115935
2026-08-28,3.0163582314585327,0.0,0.1941757826774792,2,7.694612882385611
2026-08-31,3.029928322321336,0.0,0.19410512350215547,2,7.729907400061205
2026-09-01,3.0410930263943605,0.0,0.19520597456283295,2,7.747792675877546
2026-09-02,2.936395809892694,0.0,0.19980767620081125,2,7.438279930635052
2026-09-03,2.9604280933420766,0.0,0.3036085294126178,3,7.457275952351267
2026-09-04,2.982334038724204,0.0,0.29740498306923335,3,7.579378662344581
2026-09-07,3.090330254623763,0.0,0.19503171395664184,2,7.928674245429508
2026-09-08,3.078097665301534,0.0,0.09455991016476119,1,7.88235160774802
2026-09-09,3.1128349522556813,0.0,0.09216067105095224,1,7.99242879325392
2026-09-10,3.1087219822890346,0.0,0.09324388061570593,1,7.9723446939215
2026-09-11,3.065997612933483,0.0,0.09681746039070999,1,7.831790001020073
2026-09-14,2.9791981736032214,0.0,0.10084193696343714,1,7.576159766063313
2026-09-15,2.9569089347368545,0.0,0.10180421167198368,1,7.511430482041053
2026-09-16,2.9934603092958607,0.0,0.10062769332162469,1,7.614242482630428
2026-09-17,2.992832831707725,0.0,0.10078192425377468,1,7.6113409423205525
2026-09-18,3.06110839254652,0.0,0.09742767142359869,1,7.8140180666220855
2026-09-21,3.1053943218202082,0.0,0.09565333563231318,1,7.942649242312619
2026-09-22,3.1046966284062756,0.0,0.09413479351268979,1,7.954198732842943
2026-09-23,3.1291510771362967,0.0,0.09314445908796148,1,8.025615160548119
2026-09-28,3.056519898722036,0.0,0.09666141625934932,1,7.808929036937968
2026-09-29,3.0545119172038753,0.0,0.09855118959964376,1,7.787473506443461
2026-09-30,3.0322150438245954,0.0,0.09625357240208786,1,7.750331523648687
2026-10-01,3.080459406386087,0.0,0.09306460412653865,1,7.901426968457084
2026-10-02,3.0863087434989516,0.0,0.0,0,7.938138253862109
