date,equity,cash,exposure,positions,benchmark
1996-01-03,1.0,1.0,0.0,0,1.0074351970440558
1996-01-04,1.0,1.0,0.0,0,0.9747021954232736
1996-01-05,1.0,1.0,0.0,0,0.9709052579083975
1996-01-06,1.0,1.0,0.0,0,0.972877398587766
1996-01-08,1.0,1.0,0.0,0,0.9824547484387219
1996-01-09,1.0,1.0,0.0,0,0.9996599757449365
1996-01-10,1.0,1.0,0.0,0,1.003944281358737
1996-01-11,1.0,1.0,0.0,0,1.0018928016865203
1996-01-12,1.0,1.0,0.0,0,0.9958630382300604
1996-01-13,1.0,1.0,0.0,0,0.991125366942842
1996-01-15,1.0,1.0,0.0,0,0.9809246392909362
1996-01-16,1.0,1.0,0.0,0,0.9841095331466978
1996-01-17,1.0,1.0,0.0,0,0.9714039601491573
1996-01-18,1.0,1.0,0.0,0,0.9624273198154802
1996-01-19,1.0,1.0,0.0,0,0.961214566639087
1996-01-20,1.0,1.0,0.0,0,0.9551508007571208
1996-01-22,1.0,1.0,0.0,0,0.9552414738918042
1996-01-23,1.0,1.0,0.0,0,0.9643427897856715
1996-01-24,1.0,1.0,0.0,0,0.9810266465674551
1996-01-25,1.0,1.0,0.0,0,0.9839961917283433
1996-01-26,1.0,1.0,0.0,0,0.9831007945233426
1996-01-27,1.0,1.0,0.0,0,0.98014258350429
1996-01-29,1.0,1.0,0.0,0,0.9896405943623978
1996-01-30,1.0,1.0,0.0,0,0.9922474469845517
1996-01-31,1.0,1.0,0.0,0,0.9960670527830986
1996-02-01,1.0,1.0,0.0,0,1.003218896281268
1996-02-02,1.0,1.0,0.0,0,0.9990819345113285
1996-02-03,1.0,1.0,0.0,0,1.0026521891894955
1996-02-05,1.0,1.0,0.0,0,1.0095093449999433
1996-02-06,1.0,1.0,0.0,0,0.9987759126817713
1996-02-07,1.0,1.0,0.0,0,1.0016774529916468
1996-02-08,1.0,1.0,0.0,0,1.007616543313423
1996-02-09,1.0,1.0,0.0,0,0.9995353001847466
1996-02-10,1.0,1.0,0.0,0,0.9919754275805008
1996-02-12,1.0,1.0,0.0,0,0.9805392784685308
1996-02-13,1.0,1.0,0.0,0,0.9726733840347278
1996-02-14,1.0,1.0,0.0,0,0.9860476714005599
1996-02-15,1.0,1.0,0.0,0,0.9853336204649266
1996-02-16,1.0,1.0,0.0,0,0.995171655578098
1996-02-17,1.0,1.0,0.0,0,1.007990569993993
1996-02-21,1.0,1.0,0.0,0,1.0010654093325324
1996-02-22,1.0,1.0,0.0,0,0.999217944213354
1996-02-23,1.0,1.0,0.0,0,0.9934942025864512
1996-02-24,1.0,1.0,0.0,0,0.9844948939691032
1996-02-26,1.0,1.0,0.0,0,0.973659454374412
1996-02-27,1.0,1.0,0.0,0,0.974588854004919
1996-02-28,1.0,1.0,0.0,0,0.9693071439095989
1996-02-29,1.0,1.0,0.0,0,0.9666096181527617
1996-03-02,1.0,1.0,0.0,0,0.9707805823482075
1996-03-04,1.0,1.0,0.0,0,0.969182468349409
1996-03-05,1.0,1.0,0.0,0,0.9721520135102971
1996-03-06,1.0,1.0,0.0,0,0.9646034750478867
1996-03-07,1.0,1.0,0.0,0,0.9545840936653482
1996-03-08,1.0,1.0,0.0,0,0.9624386539573156
1996-03-09,1.0,1.0,0.0,0,0.9788504913350486
1996-03-11,1.0,1.0,0.0,0,0.9614299153339605
1996-03-12,1.0,1.0,0.0,0,0.9570776048691473
1996-03-13,1.0,1.0,0.0,0,0.9507871561504722
1996-03-14,1.0,1.0,0.0,0,0.9570889390109828
1996-03-15,1.0,1.0,0.0,0,0.9707465799227012
1996-03-16,1.0,1.0,0.0,0,0.9708599213410557
1996-03-18,0.9995077294092167,0.9,0.09955673826357823,1,0.9684570832719401
1996-03-19,0.9935892958299758,0.9,0.09419314018655739,1,0.9748835416926408
1996-03-20,0.9908902299669153,0.9,0.09172583119519709,1,0.9860476714005599
1996-03-21,0.9917032016124154,0.9,0.09247040996067647,1,0.9840301941538497
1996-03-22,0.9917032016124154,0.9,0.09247040996067647,1,0.9883825046186628
1996-03-23,0.9903374092479752,0.9,0.09121881936841508,1,0.9846649060966349
1996-03-25,0.9895244376024751,0.9,0.09047218461767796,1,0.9784424622289724
1996-03-26,0.988711465956975,0.9,0.08972432202059173,1,0.9736821226580831
1996-03-27,0.9860449189597345,0.9,0.0872626766846594,1,0.9715739722766892
1996-03-28,0.9844189756687343,0.9,0.08575512841103741,1,0.9708372530573848
1996-03-29,0.9873781924583548,0.9,0.0884951613533232,1,0.9823980777295447
1996-03-30,0.9903374092479752,0.9,0.09121881936841508,1,0.9907853426877784
1996-04-01,0.988451315030415,0.9,0.08948474617355658,1,0.9956703578188578
1996-04-02,0.988451315030415,0.9,0.08948474617355658,1,1.0024708429201283
1996-04-03,0.989264286675915,0.9,0.090233002321207,1,1.002788198891521
1996-04-04,0.9911503808934754,0.9,0.09196422929415371,1,0.9991046027949995
1996-04-06,0.9905975601745353,0.9,0.09145748366124856,1,0.9938455609833502
1996-04-08,0.989004135749355,0.9,0.08999369419412769,1,0.9940382413945528
1996-04-09,0.9876383433849147,0.9,0.08873525817613913,1,0.9858663251311928
1996-04-10,0.9872034360734381,0.9872034360734381,0.0,0,0.9851296059118884
1996-04-12,0.9872034360734381,0.9872034360734381,0.0,0,1.0085346088020946
1996-04-13,0.9872034360734381,0.9872034360734381,0.0,0,1.015051740357479
1996-04-15,0.9872034360734381,0.9872034360734381,0.0,0,1.0292420859354634
1996-04-16,0.9872034360734381,0.9872034360734381,0.0,0,1.0288340568293872
1996-04-17,0.9872034360734381,0.9872034360734381,0.0,0,1.0454612429019936
1996-04-18,0.9872034360734381,0.9872034360734381,0.0,0,1.061884414421562
1996-04-19,0.9872034360734381,0.9872034360734381,0.0,0,1.0748960092486597
1996-04-20,0.9872034360734381,0.9872034360734381,0.0,0,1.0673248025025786
1996-04-22,0.9872034360734381,0.9872034360734381,0.0,0,1.077434857019801
1996-04-23,0.9872034360734381,0.9872034360734381,0.0,0,1.0660327103333371
1996-04-24,0.9872034360734381,0.9872034360734381,0.0,0,1.0842353421210713
1996-04-25,0.9872034360734381,0.9872034360734381,0.0,0,1.0933933287241158
1996-04-26,0.9872034360734381,0.9872034360734381,0.0,0,1.0932573190220904
1996-04-27,0.9872034360734381,0.9872034360734381,0.0,0,1.0976549660542454
1996-04-29,0.9872034360734381,0.9872034360734381,0.0,0,1.116446973217423
1996-04-30,0.9872034360734381,0.9872034360734381,0.0,0,1.1117659726393816
1996-05-02,0.9872034360734381,0.9872034360734381,0.0,0,1.0898004057622777
1996-05-03,0.9872034360734381,0.9872034360734381,0.0,0,1.0945040746239898
1996-05-04,0.9872034360734381,0.9872034360734381,0.0,0,1.093347992156774
1996-05-06,0.9872034360734381,0.9872034360734381,0.0,0,1.1040587561912751
1996-05-07,0.9872034360734381,0.9872034360734381,0.0,0,1.1184984528896396
1996-05-08,0.9872034360734381,0.9872034360734381,0.0,0,1.1070623037776695
1996-05-09,0.9872034360734381,0.9872034360734381,0.0,0,1.0871028800054403
1996-05-10,0.9872034360734381,0.9872034360734381,0.0,0,1.0946854208933572
1996-05-11,0.9872034360734381,0.9872034360734381,0.0,0,1.100137143116209
1996-05-13,0.9872034360734381,0.9872034360734381,0.0,0,1.1093064638610888
1996-05-14,0.9872034360734381,0.9872034360734381,0.0,0,1.0927359484976595
1996-05-15,0.9872034360734381,0.9872034360734381,0.0,0,1.0860034682474016
1996-05-16,0.9872034360734381,0.9872034360734381,0.0,0,1.0664974101485907
1996-05-17,0.9872034360734381,0.9872034360734381,0.0,0,1.06258713121536
1996-05-18,0.986236396427508,0.8884830924660942,0.09911751818885439,1,1.0527150936766823
1996-05-20,0.9846964103237011,0.8884830924660942,0.09770861033806197,1,1.05982160060751
1996-05-21,0.984956059143529,0.8884830924660942,0.09794646754224051,1,1.0426050391594601
1996-05-22,0.9868810417732876,0.8884830924660942,0.09970598799870141,1,1.047274705595666
1996-05-23,0.9926738964777239,0.8884830924660942,0.10495975000584462,1,1.0405988960545853
1996-05-25,0.992154598838068,0.8884830924660942,0.1044912824003291,1,1.0334017159890738
1996-05-27,0.9900953150946054,0.8884830924660942,0.10262872784000791,1,1.0432284169604098
1996-05-28,0.9875256871190672,0.8884830924660942,0.1002936895159784,1,1.0271112672703988
1996-05-29,0.9857260521954325,0.8884830924660942,0.09865110038712722,1,1.013600970202541
1996-05-30,0.9861110487213842,0.8884830924660942,0.09900300415645553,1,1.0184406487662787
1996-05-31,0.9861110487213842,0.8884830924660942,0.09900300415645553,1,1.023575015017738
1996-06-01,0.9855917510817284,0.8884830924660942,0.09852827857888755,1,1.0291174103752736
1996-06-03,0.984956059143529,0.8884830924660942,0.09794646754224051,1,1.0169218737603283
1996-06-04,0.9888149778106264,0.8884830924660942,0.10146679368336523,1,1.0307608609414138
1996-06-05,0.9889403255167503,0.8884830924660942,0.10158068233102352,1,1.0350905031225561
1996-06-07,0.9868810417732876,0.8884830924660942,0.09970598799870141,1,1.0289473982477417
1996-06-08,0.9868810417732876,0.8884830924660942,0.09970598799870141,1,1.0238357002799534
1996-06-10,0.9855917510817284,0.8884830924660942,0.09852827857888755,1,1.0111981321334256
1996-06-11,0.9855917510817284,0.8884830924660942,0.09852827857888755,1,1.0072198483491823
1996-06-12,0.9796252002702348,0.9796252002702348,0.0,0,0.9898219406317651
1996-06-13,0.9796252002702348,0.9796252002702348,0.0,0,0.9913747180632219
1996-06-14,0.9796252002702348,0.9796252002702348,0.0,0,0.977603735733149
1996-06-15,0.9796252002702348,0.9796252002702348,0.0,0,0.9741581566151719
1996-06-17,0.9796252002702348,0.9796252002702348,0.0,0,0.9706899092135238
1996-06-18,0.9796252002702348,0.9796252002702348,0.0,0,0.977354384612769
1996-06-19,0.9796252002702348,0.9796252002702348,0.0,0,0.985571637443471
1996-06-20,0.9796252002702348,0.9796252002702348,0.0,0,0.9766856702444775
1996-06-21,0.9796252002702348,0.9796252002702348,0.0,0,0.9795758764125174
1996-06-22,0.9796252002702348,0.9796252002702348,0.0,0,0.9706105702206758
1996-06-24,0.9796252002702348,0.9796252002702348,0.0,0,0.9548787813530699
1996-06-25,0.9796252002702348,0.9796252002702348,0.0,0,0.9485996667762301
1996-06-26,0.9796252002702348,0.9796252002702348,0.0,0,0.9335139239932448
1996-06-27,0.9796252002702348,0.9796252002702348,0.0,0,0.9294563012161534
1996-06-28,0.9796252002702348,0.9796252002702348,0.0,0,0.9334005825748903
1996-06-29,0.9796252002702348,0.9796252002702348,0.0,0,0.9264867560552652
1996-07-01,0.9796252002702348,0.9796252002702348,0.0,0,0.945029412098063
1996-07-02,0.9796252002702348,0.9796252002702348,0.0,0,0.9497217468179396
1996-07-03,0.9796252002702348,0.9796252002702348,0.0,0,0.9500731052148387
1996-07-04,0.9796252002702348,0.9796252002702348,0.0,0,0.9537793695950312
1996-07-05,0.9796252002702348,0.9796252002702348,0.0,0,0.9578709947976289
1996-07-06,0.9796252002702348,0.9796252002702348,0.0,0,0.9638440875449116
1996-07-08,0.9796252002702348,0.9796252002702348,0.0,0,0.9611238935044034
1996-07-09,0.9796252002702348,0.9796252002702348,0.0,0,0.972526040190867
1996-07-10,0.9796252002702348,0.9796252002702348,0.0,0,0.9733647666866904
1996-07-11,0.9796252002702348,0.9796252002702348,0.0,0,0.9604438449942763
1996-07-12,0.9796252002702348,0.9796252002702348,0.0,0,0.95186389962484
1996-07-13,0.9796252002702348,0.9796252002702348,0.0,0,0.946740867515216
1996-07-15,0.9796252002702348,0.9796252002702348,0.0,0,0.9227238209658957
1996-07-16,0.9796252002702348,0.9796252002702348,0.0,0,0.9210803703997552
1996-07-18,0.9796252002702348,0.9796252002702348,0.0,0,0.9253986784390621
1996-07-19,0.9796252002702348,0.9796252002702348,0.0,0,0.9491097031588254
1996-07-20,0.9796252002702348,0.9796252002702348,0.0,0,0.9521245848870553
1996-07-22,0.9796252002702348,0.9796252002702348,0.0,0,0.9506511464484467
1996-07-23,0.9796252002702348,0.9796252002702348,0.0,0,0.9506851488739531
1996-07-24,0.9796252002702348,0.9796252002702348,0.0,0,0.943544639517619
1996-07-25,0.9796252002702348,0.9796252002702348,0.0,0,0.9297283206202043
1996-07-26,0.9796252002702348,0.9796252002702348,0.0,0,0.922633147831212
1996-07-27,0.9796252002702348,0.9796252002702348,0.0,0,0.9118883813712044
1996-07-29,0.9796252002702348,0.9796252002702348,0.0,0,0.9125684298813316
1996-07-30,0.9796252002702348,0.9796252002702348,0.0,0,0.9149826020922825
1996-07-31,0.9796252002702348,0.9796252002702348,0.0,0,0.9313377687608384
1996-08-01,0.9796252002702348,0.9796252002702348,0.0,0,0.9467068650897098
1996-08-02,0.9796252002702348,0.9796252002702348,0.0,0,0.9364608008704621
1996-08-03,0.9796252002702348,0.9796252002702348,0.0,0,0.9340239603758402
1996-08-05,0.9796252002702348,0.9796252002702348,0.0,0,0.9342733114962201
1996-08-06,0.9796252002702348,0.9796252002702348,0.0,0,0.9385236146845142
1996-08-07,0.9796252002702348,0.9796252002702348,0.0,0,0.9453014315021139
1996-08-08,0.9796252002702348,0.9796252002702348,0.0,0,0.9488943544639519
1996-08-09,0.9796252002702348,0.9796252002702348,0.0,0,0.9436919833614799
1996-08-10,0.9796252002702348,0.9796252002702348,0.0,0,0.9484069863650274
1996-08-12,0.9796252002702348,0.9796252002702348,0.0,0,0.9497897516689524
1996-08-13,0.9796252002702348,0.9796252002702348,0.0,0,0.9446213829919867
1996-08-14,0.9796252002702348,0.9796252002702348,0.0,0,0.9360187693388796
1996-08-16,0.9796252002702348,0.9796252002702348,0.0,0,0.923687223021909
1996-08-17,0.9796252002702348,0.9796252002702348,0.0,0,0.9188475444581714
1996-08-19,0.9796252002702348,0.9796252002702348,0.0,0,0.9073207222115178
1996-08-20,0.9796252002702348,0.9796252002702348,0.0,0,0.8998288544582846
1996-08-21,0.9796252002702348,0.9796252002702348,0.0,0,0.8943998005191037
1996-08-22,0.9796252002702348,0.9796252002702348,0.0,0,0.8836436999172608
1996-08-23,0.9796252002702348,0.9796252002702348,0.0,0,0.8856725113058065
1996-08-24,0.9796252002702348,0.9796252002702348,0.0,0,0.8864772353761236
1996-08-26,0.9796252002702348,0.9796252002702348,0.0,0,0.8692040032188963
1996-08-27,0.9796252002702348,0.9796252002702348,0.0,0,0.8633782543154745
1996-08-28,0.9796252002702348,0.9796252002702348,0.0,0,0.8538575751736958
1996-08-29,0.9796252002702348,0.9796252002702348,0.0,0,0.8683766108649084
1996-08-30,0.9796252002702348,0.9796252002702348,0.0,0,0.887315961871947
1996-08-31,0.9796252002702348,0.9796252002702348,0.0,0,0.8857518502986547
1996-09-02,0.9796252002702348,0.9796252002702348,0.0,0,0.8775572657516236
1996-09-03,0.9796252002702348,0.9796252002702348,0.0,0,0.8725022384930124
1996-09-04,0.9796252002702348,0.9796252002702348,0.0,0,0.8972560042616373
1996-09-05,0.9796252002702348,0.9796252002702348,0.0,0,0.8921556404356844
1996-09-06,0.9796252002702348,0.9796252002702348,0.0,0,0.8886533906085301
1996-09-07,0.9796252002702348,0.9796252002702348,0.0,0,0.8900248217706197
1996-09-09,0.9796252002702348,0.9796252002702348,0.0,0,0.9037618016751862
1996-09-10,0.9796252002702348,0.9796252002702348,0.0,0,0.9101769259540514
1996-09-11,0.9796252002702348,0.9796252002702348,0.0,0,0.9083747974022148
1996-09-12,0.9796252002702348,0.9796252002702348,0.0,0,0.9039771503700599
1996-09-13,0.9796252002702348,0.9796252002702348,0.0,0,0.8899454827777716
1996-09-14,0.9796252002702348,0.9796252002702348,0.0,0,0.8860238697027055
1996-09-16,0.9796252002702348,0.9796252002702348,0.0,0,0.8861938818302373
1996-09-17,0.9796252002702348,0.9796252002702348,0.0,0,0.8860578721282119
1996-09-18,0.9796252002702348,0.9796252002702348,0.0,0,0.8864432329506172
1996-09-19,0.9796252002702348,0.9796252002702348,0.0,0,0.8762991760078885
1996-09-20,0.9796252002702348,0.9796252002702348,0.0,0,0.8606580602749664
1996-09-21,0.9796252002702348,0.9796252002702348,0.0,0,0.870881456210543
1996-09-23,0.9796252002702348,0.9796252002702348,0.0,0,0.8718221899828855
1996-09-24,0.9796252002702348,0.9796252002702348,0.0,0,0.8816942275215632
1996-09-25,0.9796252002702348,0.9796252002702348,0.0,0,0.8990354645298032
1996-09-30,0.9796252002702348,0.9796252002702348,0.0,0,0.8950231783200535
1996-10-01,0.9796252002702348,0.9796252002702348,0.0,0,0.8947964954833445
1996-10-02,0.9796252002702348,0.9796252002702348,0.0,0,0.8999421958766393
1996-10-04,0.9796252002702348,0.9796252002702348,0.0,0,0.8800167745299164
1996-10-05,0.9796252002702348,0.9796252002702348,0.0,0,0.8810141790114361
1996-10-07,0.9796252002702348,0.9796252002702348,0.0,0,0.9014383025989188
1996-10-08,0.9796252002702348,0.9796252002702348,0.0,0,0.904033821079237
1996-10-09,0.9796252002702348,0.9796252002702348,0.0,0,0.9268834510195061
1996-10-10,0.9796252002702348,0.9796252002702348,0.0,0,0.9409717893209717
1996-10-11,0.9796252002702348,0.9796252002702348,0.0,0,0.9446213829919867
1996-10-12,0.9796252002702348,0.9796252002702348,0.0,0,0.9529746455247141
1996-10-14,0.9796252002702348,0.9796252002702348,0.0,0,0.9546520985163608
1996-10-15,0.9796252002702348,0.9796252002702348,0.0,0,0.9391583266272995
1996-10-16,0.9796252002702348,0.9796252002702348,0.0,0,0.9465935236713552
1996-10-17,0.9796252002702348,0.9796252002702348,0.0,0,0.9517618923483209
1996-10-18,0.9796252002702348,0.9796252002702348,0.0,0,0.9410171258883134
1996-10-19,0.9796252002702348,0.9796252002702348,0.0,0,0.9420712010790103
1996-10-21,0.9796252002702348,0.9796252002702348,0.0,0,0.9437033175033153
1996-10-22,0.9796252002702348,0.9796252002702348,0.0,0,0.928515567443811
1996-10-23,0.9796252002702348,0.9796252002702348,0.0,0,0.9203096487549446
1996-10-24,0.9776929486775048,0.8816626802432114,0.09822129592341916,1,0.9117637058110146
1996-10-25,0.9833117409795114,0.8816626802432114,0.10337419609679814,1,0.8996815106144238
1996-10-26,0.9863765367806059,0.8816626802432114,0.10616012509701998,1,0.89744868467284
1996-10-28,0.9803491050384534,0.8816626802432114,0.10066457376055962,1,0.8841537362998562
1996-10-29,0.9745259930163739,0.8816626802432114,0.09529075000424564,1,0.8685579571342756
1996-10-30,0.9690093605744038,0.8816626802432114,0.09014018221600625,1,0.8580965442201545
1996-10-31,0.9698266394546957,0.8816626802432114,0.09090692668646043,1,0.858663251311927
1996-11-01,0.9695201598745863,0.8816626802432114,0.0906195489970418,1,0.8703147491187705
1996-11-02,0.9711547176351699,0.8816626802432114,0.09215013402795179,1,0.867889242765984
1996-11-04,0.9659445647733094,0.8816626802432114,0.08725333482245691,1,0.8471364290652733
1996-11-05,0.9608492048521009,0.7855790230660629,0.18241174671421673,2,0.8315293157578574
1996-11-06,0.9699889905934154,0.7855790230660629,0.19011552637781495,2,0.8469890852214125
1996-11-07,0.9712828753278723,0.7855790230660629,0.19119440585125325,2,0.8407213047864082
1996-11-08,0.9603587184031788,0.7855790230660629,0.18199417778778337,2,0.8377177572000136
1996-11-09,0.9502790857055844,0.7855790230660629,0.17331757071895504,2,0.8283217536184249
1996-11-11,0.9434889949527471,0.7855790230660629,0.167368112115174,2,0.8268596493216516
1996-11-12,0.9461724122641662,0.7855790230660629,0.16972951981743728,2,0.8529395096850242
1996-11-13,0.9437069776573691,0.7855790230660629,0.16756043807563922,2,0.8470230876469189
1996-11-14,0.9479090440545457,0.7855790230660629,0.17125063001207294,2,0.8421607407995104
1996-11-15,0.9493954977601651,0.8594967897954597,0.09469047217602815,1,0.8503893277720478
1996-11-16,0.9469453058292527,0.764448243028551,0.19272186226308677,2,0.8576205102630654
1996-11-18,0.9511800999601859,0.764448243028551,0.19631598362860103,2,0.8509900372893268
1996-11-19,0.954393928586406,0.764448243028551,0.19902231129989673,2,0.8467170658173616
1996-11-20,0.9586715523034863,0.764448243028551,0.2025962998570862,2,0.8434188305432454
1996-11-21,0.9575806621265839,0.764448243028551,0.2016878856650329,2,0.8442915594645751
1996-11-22,0.9521334504371439,0.764448243028551,0.19712069492193857,2,0.8290244704122228
1996-11-25,0.9493962339102686,0.764448243028551,0.19480590324228925,2,0.8120345918008819
1996-11-26,0.9498321065587964,0.764448243028551,0.19517540231597738,2,0.8114905529927802
1996-11-27,0.9502825869910422,0.764448243028551,0.19555692854576423,2,0.8190277573133551
1996-11-28,0.9579349290690544,0.8601484296251668,0.10208052392339326,1,0.8352355801380499
1996-11-29,0.9602772605694649,0.8601484296251668,0.1042707508089066,1,0.8313593036303256
1996-11-30,0.9614485564745059,0.8601484296251668,0.10536198340220318,1,0.8234027360618391
1996-12-02,0.9673037669900627,0.8601484296251668,0.11077733905485422,1,0.8249328452096251
1996-12-03,0.9673037669900627,0.8601484296251668,0.11077733905485422,1,0.8223939974384841
1996-12-04,0.9684750303563947,0.8601484296251668,0.11185275545138647,1,0.8113772115744257
1996-12-05,0.9655473925599074,0.8601484296251668,0.1091598027677353,1,0.8005304378378991
1996-12-06,0.9596913034992097,0.8601484296251668,0.10372384694025197,1,0.7932652529213751
1996-12-07,0.9591057043547526,0.8601484296251668,0.10317660950224487,1,0.7889809473075746
1996-12-09,0.9591057043547526,0.8601484296251668,0.10317660950224487,1,0.7845152954244069
1996-12-10,0.9565704027569358,0.9565704027569358,0.0,0,0.7965974906209977
1996-12-11,0.9565704027569358,0.9565704027569358,0.0,0,0.798694306860556
1996-12-12,0.9565704027569358,0.9565704027569358,0.0,0,0.7813530698523161
1996-12-13,0.9565704027569358,0.9565704027569358,0.0,0,0.7810017114554172
1996-12-14,0.9565704027569358,0.9565704027569358,0.0,0,0.7790409049178842
1996-12-16,0.9565704027569358,0.9565704027569358,0.0,0,0.763830486574709
1996-12-17,0.9565704027569358,0.9565704027569358,0.0,0,0.7518502986546374
1996-12-18,0.9565704027569358,0.9565704027569358,0.0,0,0.749628806854889
1996-12-19,0.9565704027569358,0.9565704027569358,0.0,0,0.7831551984041529
1996-12-20,0.9565704027569358,0.9565704027569358,0.0,0,0.7943759988212493
1996-12-21,0.9597041978104907,0.8609133624812423,0.10293883839899202,1,0.7856147071824457
1996-12-23,0.9597041978104907,0.8609133624812423,0.10293883839899202,1,0.776173367033515
1996-12-24,0.9554295604828482,0.8609133624812423,0.09892534406601367,1,0.7681827970395222
1996-12-26,0.948305235048085,0.8609133624812423,0.09215584743915423,1,0.7469312810980517
1996-12-27,0.9416558646423058,0.8609133624812423,0.08574523368123879,1,0.7381019846082354
1997-01-03,0.9479790492020423,0.8609133624812423,0.09184347142912835,1,0.7410148590599462
1997-01-04,0.9547886730228975,0.8609133624812423,0.09832051132785471,1,0.7292500198347482
1997-01-06,0.9567342618002341,0.8609133624812423,0.10015414221571933,1,0.7105033492389125
1997-01-07,0.9533294814398949,0.8609133624812423,0.09694037660418166,1,0.692572736855229
1997-01-08,0.9543022758285633,0.8609133624812423,0.09786093537944987,1,0.7043149077967562
1997-01-09,0.9615982758103604,0.8609133624812423,0.10470579644526574,1,0.7252377336249987
1997-01-10,0.9580973332184738,0.7648021788263181,0.20174897444170095,2,0.7352344467238664
1997-01-11,0.9657727852161841,0.7648021788263181,0.20809305197482833,2,0.7475319906153306
1997-01-13,0.9668525458166657,0.7648021788263181,0.20897743700895244,2,0.7475319906153306
1997-01-14,0.9657691007507994,0.7648021788263181,0.20809003080368535,2,0.7781908442802253
1997-01-15,0.9709131637862871,0.7648021788263181,0.21228570447659229,2,0.7931179090775142
1997-01-16,0.9749996150803866,0.7648021788263181,0.21558719921826658,2,0.8068322206984099
1997-01-17,0.9697635600519011,0.7648021788263181,0.21135191057768105,2,0.7947273572181482
1997-01-18,0.9689786284051047,0.7648021788263181,0.21071305763972523,2,0.7868501286425099
1997-01-20,0.9768210778642274,0.8764505884841518,0.10275217402098946,1,0.8143127543098075
1997-01-21,0.974680021056973,0.8764505884841518,0.10078121070574345,1,0.7826678303052285
1997-01-22,0.9754688314596457,0.8764505884841518,0.10150836170472782,1,0.7695202257761055
1997-01-23,0.9801115441153762,0.8764505884841518,0.10576444717298591,1,0.7672193949835088
1997-01-24,0.9882588287029808,0.8764505884841518,0.11313659637685135,1,0.7702229425699033
1997-01-25,0.9971611175331436,0.8764505884841518,0.12105418765987894,1,0.7765133912885787
1997-01-27,0.99619200760986,0.8764505884841518,0.12019913652288877,1,0.7533804078024233
1997-01-28,0.9956173028879128,0.8764505884841518,0.11969128505310526,1,0.7512835915628648
1997-01-29,1.005116833880099,0.8764505884841518,0.12801123318097368,1,0.7520883156331818
1997-01-30,1.0041364552367775,0.8764505884841518,0.12715987561921258,1,0.7667773634519263
1997-01-31,1.0024010723508976,0.8764505884841518,0.1256487920262878,1,0.7773407836425665
1997-02-01,1.000406013080458,1.000406013080458,0.0,0,0.7742692312051593
1997-02-03,1.000406013080458,1.000406013080458,0.0,0,0.7789388976413651
1997-02-04,1.000406013080458,1.000406013080458,0.0,0,0.7887996010382075
1997-02-05,1.000406013080458,1.000406013080458,0.0,0,0.791803148624602
1997-02-06,1.000406013080458,1.000406013080458,0.0,0,0.793639279601945
1997-02-10,1.000406013080458,1.000406013080458,0.0,0,0.8044860533384715
1997-02-11,0.9973298593113039,0.9003654117724121,0.09722404942919245,1,0.8086116809665755
1997-02-12,0.9944581335993248,0.9003654117724121,0.09461707702701876,1,0.8075576057758788
1997-02-13,0.9951874691350271,0.9003654117724121,0.0952805981821999,1,0.8123292794886036
1997-02-14,0.9951874691350271,0.9003654117724121,0.0952805981821999,1,0.8171916263360121
1997-02-15,0.9937440914334962,0.9003654117724121,0.09396652565388676,1,0.8186877330582916
1997-02-17,0.990872365721517,0.9003654117724121,0.09134067825496478,1,0.808044973874803
1997-02-18,0.9887225925390943,0.9003654117724121,0.08936498612798563,1,0.801255822915368
1997-02-19,0.9937440914334962,0.9003654117724121,0.09396652565388676,1,0.8088837003706264
1997-02-20,0.9915866715661366,0.9003654117724121,0.09199524601278404,1,0.8060048283444219
1997-02-21,0.9851217949702037,0.9003654117724121,0.08603645115815874,1,0.7783381881240863
1997-02-22,0.9851217949702037,0.9003654117724121,0.08603645115815874,1,0.7721270783982591
1997-02-24,0.9836860639536096,0.9003654117724121,0.08470248307302124,1,0.7668567024447744
1997-02-25,0.9901509405495424,0.9003654117724121,0.09067862797494144,1,0.7739065386664249
1997-02-26,0.9894366347049229,0.9003654117724121,0.09002215989210288,1,0.7703929546974352
1997-02-27,0.9915866715661366,0.9003654117724121,0.09199524601278404,1,0.7587187886069207
1997-02-28,0.9930300492676676,0.9003654117724121,0.09331503871770347,1,0.7667886975937617
1997-03-03,0.9930300492676676,0.9003654117724121,0.09331503871770347,1,0.7703136157045869
1997-03-04,0.9894366347049229,0.9003654117724121,0.09002215989210288,1,0.7706876423851569
1997-03-05,0.9915866715661366,0.9003654117724121,0.09199524601278404,1,0.7649412324745832
1997-03-06,0.9942699481556709,0.9942699481556709,0.0,0,0.768579492003763
1997-03-07,0.9942699481556709,0.9942699481556709,0.0,0,0.7721044101145882
1997-03-08,0.9942699481556709,0.9942699481556709,0.0,0,0.7651339128857859
1997-03-10,0.9942699481556709,0.9942699481556709,0.0,0,0.7563839553888178
1997-03-11,0.9942699481556709,0.9942699481556709,0.0,0,0.7434630336964038
1997-03-12,0.9942699481556709,0.9942699481556709,0.0,0,0.7524736764555872
1997-03-13,0.9942699481556709,0.9942699481556709,0.0,0,0.7456731913543166
1997-03-14,0.9942699481556709,0.9942699481556709,0.0,0,0.7277425789706333
1997-03-15,0.9942699481556709,0.9942699481556709,0.0,0,0.7274592254247471
1997-03-17,0.9942699481556709,0.9942699481556709,0.0,0,0.7468066055378617
1997-03-18,0.9942699481556709,0.9942699481556709,0.0,0,0.7457525303471648
1997-03-19,0.9944313419403145,0.8948429533401039,0.10014606780785458,1,0.732514252683358
1997-03-20,0.9944313419403145,0.8948429533401039,0.10014606780785458,1,0.7286266420337985
1997-03-21,0.9968303476744721,0.8948429533401039,0.10231168681039543,1,0.7113647440184067
1997-03-22,0.9908314855830476,0.8948429533401039,0.09687674810460828,1,0.7062643801924537
1997-03-24,0.9831519717216823,0.8948429533401039,0.08982234783797761,1,0.6996112389350441
1997-03-25,0.986032126358702,0.8948429533401039,0.09248093503337329,1,0.7241383218669598
1997-03-26,0.9932304913172052,0.8948429533401039,0.09905811273133738,1,0.7442224211993789
1997-03-27,0.993831590506775,0.8948429533401039,0.09960302943901675,1,0.7385893527071598
1997-03-28,0.9932304913172052,0.8948429533401039,0.09905811273133738,1,0.7399721180110849
1997-03-29,0.9920309884501264,0.8948429533401039,0.09796874920395551,1,0.7562026091194506
1997-03-31,0.9944313419403145,0.8948429533401039,0.10014606780785458,1,0.7677067630824332
1997-04-01,1.0023507563750955,0.8948429533401039,0.1072556710824294,1,0.7627764113840121
1997-04-02,1.0108685744873853,0.8948429533401039,0.11477814631453796,1,0.7694295526414218
1997-04-03,1.0076299167462726,0.8948429533401039,0.11193292451098313,1,0.7692935429393963
1997-04-04,1.0166288837614246,0.8948429533401039,0.11979389172057062,1,0.7791315780525677
1997-04-07,1.0190278894955822,0.8948429533401039,0.12186608181739728,1,0.787609516145485
1997-04-08,1.0190278894955822,0.8948429533401039,0.12186608181739728,1,0.7876888551383333
1997-04-09,1.0286266079442734,0.8948429533401039,0.13006046467292767,1,0.7918711534756145
1997-04-10,1.028026856510734,0.8948429533401039,0.12955294146952046,1,0.7798342948463657
1997-04-11,1.0277604887043927,1.0277604887043927,0.0,0,0.7865214385292818
1997-04-12,1.0277604887043927,1.0277604887043927,0.0,0,0.7899330152217525
1997-04-14,1.0277604887043927,1.0277604887043927,0.0,0,0.7981502680524545
1997-04-15,1.0277604887043927,1.0277604887043927,0.0,0,0.7949653741966927
1997-04-16,1.0277604887043927,1.0277604887043927,0.0,0,0.7961327908057442
1997-04-17,1.0277604887043927,1.0277604887043927,0.0,0,0.7874508381597888
1997-04-18,1.0277604887043927,1.0277604887043927,0.0,0,0.7884822450668147
1997-04-19,1.0277604887043927,1.0277604887043927,0.0,0,0.7941266477008694
1997-04-21,1.0277604887043927,1.0277604887043927,0.0,0,0.7903750467533351
1997-04-22,1.0277604887043927,1.0277604887043927,0.0,0,0.7797436217116822
1997-04-23,1.0277604887043927,1.0277604887043927,0.0,0,0.7855126999059266
1997-04-24,1.0277604887043927,1.0277604887043927,0.0,0,0.7829625179929501
1997-04-25,1.0277604887043927,1.0277604887043927,0.0,0,0.7848666538213059
1997-04-26,1.0277604887043927,1.0277604887043927,0.0,0,0.7931179090775142
1997-04-28,1.0277604887043927,1.0277604887043927,0.0,0,0.7981049314851126
1997-04-29,1.0277604887043927,1.0277604887043927,0.0,0,0.7979802559249226
1997-04-30,1.0277604887043927,1.0277604887043927,0.0,0,0.7970508562944157
1997-05-02,1.0277604887043927,1.0277604887043927,0.0,0,0.8003037550011901
1997-05-03,1.0277604887043927,1.0277604887043927,0.0,0,0.7989096555554297
1997-05-06,1.0277604887043927,1.0277604887043927,0.0,0,0.7951693887497309
1997-05-07,1.0277604887043927,1.0277604887043927,0.0,0,0.7810357138809235
1997-05-08,1.0277604887043927,1.0277604887043927,0.0,0,0.7760373573314897
1997-05-09,1.0277604887043927,1.0277604887043927,0.0,0,0.7793582608892768
1997-05-10,1.0277604887043927,1.0277604887043927,0.0,0,0.7695655623434472
1997-05-12,1.0277604887043927,1.0277604887043927,0.0,0,0.7617676727606569
1997-05-13,1.0277604887043927,1.0277604887043927,0.0,0,0.7750966235591472
1997-05-15,1.0277604887043927,1.0277604887043927,0.0,0,0.7933332577723878
1997-05-16,1.0277604887043927,1.0277604887043927,0.0,0,0.7928572238152988
1997-05-17,1.0277604887043927,1.0277604887043927,0.0,0,0.8004737671287219
1997-05-19,1.0277604887043927,1.0277604887043927,0.0,0,0.8174183091727211
1997-05-20,1.0277604887043927,1.0277604887043927,0.0,0,0.8326853982250734
1997-05-21,1.0277604887043927,1.0277604887043927,0.0,0,0.8361309773430505
1997-05-22,1.0277604887043927,1.0277604887043927,0.0,0,0.8210225662763944
1997-05-23,1.0277604887043927,1.0277604887043927,0.0,0,0.8279930635051967
1997-05-24,1.0277604887043927,1.0277604887043927,0.0,0,0.821917963481395
1997-05-26,1.0277604887043927,1.0277604887043927,0.0,0,0.8149134638270864
1997-05-27,1.0277604887043927,1.0277604887043927,0.0,0,0.819855149667343
1997-05-28,1.0277604887043927,1.0277604887043927,0.0,0,0.836595677158304
1997-05-29,1.0277604887043927,1.0277604887043927,0.0,0,0.8415600312822314
1997-05-30,1.0277604887043927,1.0277604887043927,0.0,0,0.8459350100307156
1997-05-31,1.0277604887043927,1.0277604887043927,0.0,0,0.8577338516814199
1997-06-02,1.0277604887043927,1.0277604887043927,0.0,0,0.859569982658763
1997-06-03,1.0277604887043927,1.0277604887043927,0.0,0,0.8682632694465539
1997-06-04,1.0277604887043927,1.0277604887043927,0.0,0,0.8650783755907921
1997-06-05,1.0277604887043927,1.0277604887043927,0.0,0,0.8678212379149712
1997-06-07,1.0277604887043927,1.0277604887043927,0.0,0,0.8645343367826905
1997-06-09,1.0277604887043927,1.0277604887043927,0.0,0,0.8784073263892824
1997-06-10,1.0277604887043927,1.0277604887043927,0.0,0,0.8725362409185189
1997-06-11,1.0277604887043927,1.0277604887043927,0.0,0,0.8679572476169967
1997-06-12,1.0277604887043927,1.0277604887043927,0.0,0,0.8780106314250417
1997-06-13,1.0277604887043927,1.0277604887043927,0.0,0,0.8944338029446101
1997-06-14,1.0277604887043927,1.0277604887043927,0.0,0,0.8976300309422073
1997-06-16,1.0277604887043927,1.0277604887043927,0.0,0,0.8943204615262556
1997-06-17,1.0277604887043927,1.0277604887043927,0.0,0,0.8979927234809416
1997-06-18,1.0277604887043927,1.0277604887043927,0.0,0,0.8763671808589013
1997-06-19,1.0277604887043927,1.0277604887043927,0.0,0,0.8738056648040895
1997-06-20,1.0277604887043927,1.0277604887043927,0.0,0,0.8729782724501015
1997-06-21,1.0277604887043927,1.0277604887043927,0.0,0,0.8618481451676886
1997-06-23,1.0277604887043927,1.0277604887043927,0.0,0,0.8535175509186321
1997-06-24,1.0277604887043927,1.0277604887043927,0.0,0,0.8542542701379366
1997-06-25,1.0277604887043927,1.0277604887043927,0.0,0,0.8443822325992588
1997-06-26,1.0277604887043927,1.0277604887043927,0.0,0,0.8436455133799545
1997-06-27,1.0277604887043927,1.0277604887043927,0.0,0,0.8369470355552029
1997-06-28,1.0277604887043927,1.0277604887043927,0.0,0,0.8465357195479944
1997-06-30,1.0277604887043927,1.0277604887043927,0.0,0,0.8448469324145123
1997-07-01,1.0277604887043927,1.0277604887043927,0.0,0,0.8591619535526868
1997-07-02,1.0277604887043927,1.0277604887043927,0.0,0,0.8809915107277653
1997-07-03,1.0277604887043927,1.0277604887043927,0.0,0,0.8786906799351687
1997-07-04,1.0277604887043927,1.0277604887043927,0.0,0,0.8859898672771992
1997-07-05,1.0277604887043927,1.0277604887043927,0.0,0,0.8832016683856783
1997-07-07,1.0277604887043927,1.0277604887043927,0.0,0,0.8767072051139648
1997-07-08,1.0277604887043927,1.0277604887043927,0.0,0,0.8701674052749097
1997-07-09,1.0277604887043927,1.0277604887043927,0.0,0,0.8749844155549763
1997-07-10,1.0277604887043927,1.0277604887043927,0.0,0,0.870201407700416
1997-07-11,1.0277604887043927,1.0277604887043927,0.0,0,0.8708021172176948
1997-07-12,1.0277604887043927,1.0277604887043927,0.0,0,0.8696347006086435
1997-07-14,1.0277604887043927,1.0277604887043927,0.0,0,0.8664384726110463
1997-07-15,1.0277604887043927,1.0277604887043927,0.0,0,0.8557843792857224
1997-07-16,1.0277604887043927,1.0277604887043927,0.0,0,0.8384091398519762
1997-07-18,1.0277604887043927,1.0277604887043927,0.0,0,0.8470797583560961
1997-07-19,1.0277604887043927,1.0277604887043927,0.0,0,0.8411633363179907
1997-07-21,1.0277604887043927,1.0277604887043927,0.0,0,0.8397805710140657
1997-07-22,1.0277604887043927,1.0277604887043927,0.0,0,0.8228360289700666
1997-07-23,1.0277604887043927,1.0277604887043927,0.0,0,0.828049734214374
1997-07-24,1.0277604887043927,1.0277604887043927,0.0,0,0.8376384182071654
1997-07-25,1.0277604887043927,1.0277604887043927,0.0,0,0.831517981616022
1997-07-26,1.0277604887043927,1.0277604887043927,0.0,0,0.8300218748937425
1997-07-28,1.0277604887043927,1.0277604887043927,0.0,0,0.8318353375874146
1997-07-29,1.0277604887043927,1.0277604887043927,0.0,0,0.8304299039998186
1997-07-30,1.0277604887043927,1.0277604887043927,0.0,0,0.8238674358770925
1997-07-31,1.0277604887043927,1.0277604887043927,0.0,0,0.8229947069557629
1997-08-01,1.0277604887043927,1.0277604887043927,0.0,0,0.8290358045540582
1997-08-02,1.02755534689028,0.9249844398339535,0.09982032341784787,1,0.8278797220868421
1997-08-04,1.027139599148882,0.9249844398339535,0.09945596431057414,1,0.8321413594169719
1997-08-05,1.028178968502377,0.9249844398339535,0.10036630959173815,1,0.8397012320212176
1997-08-06,1.0283571461058334,0.9249844398339535,0.10052218401294721,1,0.8451302859603985
1997-08-07,1.0351278950371716,0.9249844398339535,0.10640564874281827,1,0.844790261705335
1997-08-08,1.0318613056404733,0.9249844398339535,0.10357677453578093,1,0.8523388001677453
1997-08-09,1.0310298101576774,0.9249844398339535,0.10285383533916073,1,0.8623468474084486
1997-08-11,1.0316534317697743,0.9249844398339535,0.10339614898855423,1,0.8671411894048443
1997-08-12,1.0318613056404733,0.9249844398339535,0.10357677453578093,1,0.8647043489102223
1997-08-13,1.0314455578990753,0.9249844398339535,0.1032154506360663,1,0.8644890002153488
1997-08-14,1.0337024742095215,0.9249844398339535,0.10517342957769865,1,0.8566117716397103
1997-08-16,1.0322770533818713,0.9249844398339535,0.10393780739038373,1,0.848258509106983
1997-08-18,1.0296043893300273,0.9249844398339535,0.10161179437487719,1,0.8469890852214125
1997-08-19,1.0312376840283763,0.9249844398339535,0.10303467943428951,1,0.8401886001201418
1997-08-20,1.0228336403986888,0.9249844398339535,0.09566482436635046,1,0.8457876661868547
1997-08-21,1.019329480864049,0.9249844398339535,0.09255598194817494,1,0.8381257863060899
1997-08-22,1.0205767240882428,0.9249844398339535,0.09366496609031431,1,0.8348955558829864
1997-08-23,1.0203688502175439,0.9249844398339535,0.09348032367241933,1,0.8416507044169151
1997-08-25,1.019329480864049,0.9249844398339535,0.09255598194817494,1,0.8407213047864082
1997-08-26,1.0212153720115646,1.0212153720115646,0.0,0,0.8319600131476045
1997-08-27,1.0212153720115646,1.0212153720115646,0.0,0,0.8277097099593105
1997-08-28,1.0212153720115646,1.0212153720115646,0.0,0,0.8124992916161353
1997-08-29,1.0212153720115646,1.0212153720115646,0.0,0,0.7982296070453025
1997-08-30,1.0212153720115646,1.0212153720115646,0.0,0,0.7881422208117512
1997-09-01,1.0212153720115646,1.0212153720115646,0.0,0,0.7732151560144624
1997-09-02,1.0212153720115646,1.0212153720115646,0.0,0,0.7806730213421891
1997-09-03,1.0212153720115646,1.0212153720115646,0.0,0,0.7805030092146573
1997-09-04,1.0212153720115646,1.0212153720115646,0.0,0,0.7797776241371885
1997-09-05,1.0212153720115646,1.0212153720115646,0.0,0,0.7944326695304265
1997-09-06,1.0212153720115646,1.0212153720115646,0.0,0,0.7966881637556812
1997-09-08,1.0212153720115646,1.0212153720115646,0.0,0,0.791100431830804
1997-09-09,1.0212153720115646,1.0212153720115646,0.0,0,0.7808883700370627
1997-09-10,1.0212153720115646,1.0212153720115646,0.0,0,0.7838919176234572
1997-09-11,1.0212153720115646,1.0212153720115646,0.0,0,0.7881422208117512
1997-09-12,1.0212153720115646,1.0212153720115646,0.0,0,0.7926305409785899
1997-09-13,1.0212153720115646,1.0212153720115646,0.0,0,0.7930952407938433
1997-09-18,1.0212153720115646,1.0212153720115646,0.0,0,0.7949653741966927
1997-09-19,1.0212153720115646,1.0212153720115646,0.0,0,0.7811037187319362
1997-09-20,1.0212153720115646,1.0212153720115646,0.0,0,0.7706876423851569
1997-09-22,1.0212153720115646,1.0212153720115646,0.0,0,0.7576307109907174
1997-09-23,1.0212153720115646,1.0212153720115646,0.0,0,0.7416722392864025
1997-09-24,1.0212153720115646,1.0212153720115646,0.0,0,0.7432363508596946
1997-09-25,1.0212153720115646,1.0212153720115646,0.0,0,0.7333189767536751
1997-09-26,1.0212153720115646,1.0212153720115646,0.0,0,0.723412936789491
1997-09-27,1.0212153720115646,1.0212153720115646,0.0,0,0.7133935554069524
1997-09-29,1.0212153720115646,1.0212153720115646,0.0,0,0.7084632037085313
1997-09-30,1.0212153720115646,1.0212153720115646,0.0,0,0.7334436523138651
1997-10-01,1.0212153720115646,1.0212153720115646,0.0,0,0.7309614752519012
1997-10-02,1.0212153720115646,1.0212153720115646,0.0,0,0.7215881399539834
1997-10-04,1.0212153720115646,1.0212153720115646,0.0,0,0.7323555746976618
1997-10-06,1.0212153720115646,1.0212153720115646,0.0,0,0.7301567511815844
1997-10-07,1.0212153720115646,1.0212153720115646,0.0,0,0.7140849380589148
1997-10-08,1.0212153720115646,1.0212153720115646,0.0,0,0.6918813542032666
1997-10-09,1.0212153720115646,1.0212153720115646,0.0,0,0.6906572668850378
1997-10-10,1.0212153720115646,1.0212153720115646,0.0,0,0.6912013056931395
1997-10-11,1.0212153720115646,1.0212153720115646,0.0,0,0.702977479060173
1997-10-13,1.0212153720115646,1.0212153720115646,0.0,0,0.694782894513142
1997-10-14,1.0212153720115646,1.0212153720115646,0.0,0,0.7034875154427682
1997-10-15,1.0212153720115646,1.0212153720115646,0.0,0,0.6854208933570595
1997-10-16,1.0212153720115646,1.0212153720115646,0.0,0,0.6565301658184951
1997-10-17,1.0212153720115646,1.0212153720115646,0.0,0,0.6636026703238165
1997-10-18,1.0212153720115646,1.0212153720115646,0.0,0,0.6627186072606513
1997-10-20,1.0212153720115646,1.0212153720115646,0.0,0,0.6411043987804463
1997-10-21,1.0212153720115646,1.0212153720115646,0.0,0,0.6424758299425359
1997-10-22,1.0212153720115646,1.0212153720115646,0.0,0,0.6815446168493353
1997-10-23,1.0212153720115646,1.0212153720115646,0.0,0,0.6846501717122487
1997-10-24,1.0212153720115646,1.0212153720115646,0.0,0,0.647077491527729
1997-10-25,1.0212153720115646,1.0212153720115646,0.0,0,0.6216436772489772
1997-10-27,1.0212153720115646,1.0212153720115646,0.0,0,0.6012422219451655
1997-10-28,1.0212153720115646,1.0212153720115646,0.0,0,0.5613573768262136
1997-10-29,1.0212153720115646,1.0212153720115646,0.0,0,0.5742329619512858
1997-10-30,1.0212153720115646,1.0212153720115646,0.0,0,0.5497965521540537
1997-10-31,1.0212153720115646,1.0212153720115646,0.0,0,0.5336000634711944
1997-11-01,1.0212153720115646,1.0212153720115646,0.0,0,0.5635562003422911
1997-11-03,1.0212153720115646,1.0212153720115646,0.0,0,0.5799227011526823
1997-11-04,1.0212153720115646,1.0212153720115646,0.0,0,0.6144578313253012
1997-11-05,1.0212153720115646,1.0212153720115646,0.0,0,0.62988359836335
1997-11-06,1.0212153720115646,1.0212153720115646,0.0,0,0.6277641138401207
1997-11-07,1.0212153720115646,1.0212153720115646,0.0,0,0.5844223554613562
1997-11-08,1.0212153720115646,1.0212153720115646,0.0,0,0.5618334107833025
1997-11-10,1.0212153720115646,1.0212153720115646,0.0,0,0.5954051388999083
1997-11-11,1.0212153720115646,1.0212153720115646,0.0,0,0.5917668793707285
1997-11-12,1.0212153720115646,1.0212153720115646,0.0,0,0.5865305058427501
1997-11-13,1.0212153720115646,1.0212153720115646,0.0,0,0.5887746659261694
1997-11-14,1.0212153720115646,1.0212153720115646,0.0,0,0.5893867095852837
1997-11-15,1.0212153720115646,1.0212153720115646,0.0,0,0.5886613245078149
1997-11-17,1.0212153720115646,1.0212153720115646,0.0,0,0.5632841809382403
1997-11-18,1.0212153720115646,1.0212153720115646,0.0,0,0.5606546600324157
1997-11-19,1.0212153720115646,1.0212153720115646,0.0,0,0.5696426345079282
1997-11-20,1.0212153720115646,1.0212153720115646,0.0,0,0.5535708213852588
1997-11-21,1.0212153720115646,1.0212153720115646,0.0,0,0.5735869158666652
1997-11-22,1.0212153720115646,1.0212153720115646,0.0,0,0.5501932471182944
1997-11-24,1.0212153720115646,1.0212153720115646,0.0,0,0.5107617676727607
1997-11-25,1.0212153720115646,1.0212153720115646,0.0,0,0.4982375409445874
1997-11-26,1.0212153720115646,1.0212153720115646,0.0,0,0.49722880232123223
1997-11-27,1.0212153720115646,1.0212153720115646,0.0,0,0.4908816828933798
1997-11-28,1.0212153720115646,1.0212153720115646,0.0,0,0.4668646363440593
1997-11-29,1.0212153720115646,1.0212153720115646,0.0,0,0.4622743089007016
1997-12-01,1.0212153720115646,1.0212153720115646,0.0,0,0.44561312040258877
1997-12-02,1.0212153720115646,1.0212153720115646,0.0,0,0.4271498033526392
1997-12-03,1.0212153720115646,1.0212153720115646,0.0,0,0.4299153339604892
1997-12-04,1.0212153720115646,1.0212153720115646,0.0,0,0.45995080982443415
1997-12-05,1.0212153720115646,1.0212153720115646,0.0,0,0.49203776536059574
1997-12-06,1.0212153720115646,1.0212153720115646,0.0,0,0.49386256219610336
1997-12-08,1.0212153720115646,1.0212153720115646,0.0,0,0.4701742057600109
1997-12-09,1.0212153720115646,1.0212153720115646,0.0,0,0.43976470321549604
1997-12-10,1.0212153720115646,1.0212153720115646,0.0,0,0.4531956612905054
1997-12-11,1.0212153720115646,1.0212153720115646,0.0,0,0.4277165104444117
1997-12-12,1.0212153720115646,1.0212153720115646,0.0,0,0.3974656858855932
1997-12-13,1.0212153720115646,1.0212153720115646,0.0,0,0.40782509152319535
1997-12-15,1.0212153720115646,1.0212153720115646,0.0,0,0.43727119201169684
1997-12-16,1.0212153720115646,1.0212153720115646,0.0,0,0.45819401783993924
1997-12-17,1.0212153720115646,1.0212153720115646,0.0,0,0.47432250167178597
1997-12-19,1.0212153720115646,1.0212153720115646,0.0,0,0.4499880991510728
1997-12-20,1.0212153720115646,1.0212153720115646,0.0,0,0.45358102211291074
1997-12-22,1.0212153720115646,1.0212153720115646,0.0,0,0.4489000215348695
1997-12-23,1.0212153720115646,1.0212153720115646,0.0,0,0.41523762028358024
1997-12-24,1.0212153720115646,1.0212153720115646,0.0,0,0.3983384148069229
1997-12-26,1.0212153720115646,1.0212153720115646,0.0,0,0.4252003309569416
1997-12-27,1.0212153720115646,1.0212153720115646,0.0,0,0.42651509140985394
1998-01-03,1.0212153720115646,1.0212153720115646,0.0,0,0.43691983361479786
1998-01-05,1.0212153720115646,1.0212153720115646,0.0,0,0.44938738963379393
1998-01-06,1.0212153720115646,1.0212153720115646,0.0,0,0.460551519341713
1998-01-07,1.0212153720115646,1.0212153720115646,0.0,0,0.46404243502703196
1998-01-08,1.0212153720115646,1.0212153720115646,0.0,0,0.48052227725577756
1998-01-09,1.0212153720115646,1.0212153720115646,0.0,0,0.46923347198766846
1998-01-10,1.0212153720115646,1.0212153720115646,0.0,0,0.499586303823006
1998-01-12,1.0212153720115646,1.0212153720115646,0.0,0,0.5170635505332714
1998-01-13,1.0212153720115646,1.0212153720115646,0.0,0,0.5256094934772014
1998-01-14,1.0212153720115646,1.0212153720115646,0.0,0,0.53851908102778
1998-01-15,1.0212153720115646,1.0212153720115646,0.0,0,0.5734849085901461
1998-01-16,1.0212153720115646,1.0212153720115646,0.0,0,0.5532194629883599
1998-01-17,1.0212153720115646,1.0212153720115646,0.0,0,0.562071427761847
1998-01-19,1.0212153720115646,1.0212153720115646,0.0,0,0.5993154178331388
1998-01-20,1.0212153720115646,1.0212153720115646,0.0,0,0.6047331376304843
1998-01-21,1.0212153720115646,1.0212153720115646,0.0,0,0.5742556302349568
1998-01-22,1.0212153720115646,1.0212153720115646,0.0,0,0.5485611306939895
1998-01-23,1.0212153720115646,1.0212153720115646,0.0,0,0.551814029400764
1998-01-24,1.0212153720115646,1.0212153720115646,0.0,0,0.5775085289417312
1998-01-26,1.0212153720115646,1.0212153720115646,0.0,0,0.587833932153827
1998-01-30,1.0212153720115646,1.0212153720115646,0.0,0,0.6328191410987318
1998-01-31,1.0212153720115646,1.0212153720115646,0.0,0,0.6430765394598148
1998-02-02,1.0212153720115646,1.0212153720115646,0.0,0,0.616214623309796
1998-02-03,1.0212153720115646,1.0212153720115646,0.0,0,0.6236158179283456
1998-02-04,1.0212153720115646,1.0212153720115646,0.0,0,0.6202949143705584
1998-02-05,1.0212153720115646,1.0212153720115646,0.0,0,0.5984993596209862
1998-02-06,1.0212153720115646,1.0212153720115646,0.0,0,0.6125536954969455
1998-02-07,1.0212153720115646,1.0212153720115646,0.0,0,0.615103877409922
1998-02-09,1.0212153720115646,1.0212153720115646,0.0,0,0.6281834770880323
1998-02-10,1.0212153720115646,1.0212153720115646,0.0,0,0.614049802219225
1998-02-11,1.0212153720115646,1.0212153720115646,0.0,0,0.5895340534291447
1998-02-12,1.0212153720115646,1.0212153720115646,0.0,0,0.5808634349250247
1998-02-13,1.0212153720115646,1.0212153720115646,0.0,0,0.573734259710526
1998-02-14,1.0212153720115646,1.0212153720115646,0.0,0,0.5487084745378504
1998-02-16,1.0212153720115646,1.0212153720115646,0.0,0,0.5406158972673385
1998-02-17,1.0212153720115646,1.0212153720115646,0.0,0,0.5346654728037267
1998-02-18,1.0212153720115646,1.0212153720115646,0.0,0,0.5528000997404482
1998-02-19,1.0212153720115646,1.0212153720115646,0.0,0,0.581951512541228
1998-02-20,1.0212153720115646,1.0212153720115646,0.0,0,0.5917895476543994
1998-02-21,1.0212153720115646,1.0212153720115646,0.0,0,0.599519432386177
1998-02-23,1.0212153720115646,1.0212153720115646,0.0,0,0.6155119065159981
1998-02-24,1.0212153720115646,1.0212153720115646,0.0,0,0.6130523977377053
1998-02-25,1.0212153720115646,1.0212153720115646,0.0,0,0.585272416099015
1998-02-26,1.0212153720115646,1.0212153720115646,0.0,0,0.595019778077503
1998-02-27,1.0212153720115646,1.0212153720115646,0.0,0,0.6215870065397998
1998-02-28,1.0212153720115646,1.0212153720115646,0.0,0,0.633555860318036
1998-03-02,1.0212153720115646,1.0212153720115646,0.0,0,0.6509764363191242
1998-03-03,1.0212153720115646,1.0212153720115646,0.0,0,0.647054823244058
1998-03-04,1.0212153720115646,1.0212153720115646,0.0,0,0.6491743077672875
1998-03-05,1.0212153720115646,1.0212153720115646,0.0,0,0.6071473098414353
1998-03-06,1.0212153720115646,1.0212153720115646,0.0,0,0.5922655816114882
1998-03-07,1.0212153720115646,1.0212153720115646,0.0,0,0.596153192261048
1998-03-09,1.0212153720115646,1.0212153720115646,0.0,0,0.5754457151276791
1998-03-10,1.0212153720115646,1.0212153720115646,0.0,0,0.595677158303959
1998-03-11,1.0212153720115646,1.0212153720115646,0.0,0,0.6018996021716215
1998-03-12,1.0212153720115646,1.0212153720115646,0.0,0,0.6073286561108027
1998-03-13,1.0212153720115646,1.0212153720115646,0.0,0,0.607691348649537
1998-03-14,1.0212153720115646,1.0212153720115646,0.0,0,0.6047444717723197
1998-03-16,1.0212153720115646,1.0212153720115646,0.0,0,0.5994400933933287
1998-03-17,1.0212153720115646,1.0212153720115646,0.0,0,0.5842863457593308
1998-03-18,1.0212153720115646,1.0212153720115646,0.0,0,0.5871992202110418
1998-03-19,1.0212153720115646,1.0212153720115646,0.0,0,0.5913361819809814
1998-03-20,1.0212153720115646,1.0212153720115646,0.0,0,0.5961191898355417
1998-03-21,1.0212153720115646,1.0212153720115646,0.0,0,0.5912115064207913
1998-03-23,1.0212153720115646,1.0212153720115646,0.0,0,0.580194720556733
1998-03-24,1.0212153720115646,1.0212153720115646,0.0,0,0.5762617733398316
1998-03-25,1.0212153720115646,1.0212153720115646,0.0,0,0.5781999115936937
1998-03-26,1.0212153720115646,1.0212153720115646,0.0,0,0.5679878497999524
1998-03-27,1.0212153720115646,1.0212153720115646,0.0,0,0.5701980074578653
1998-03-28,1.0212153720115646,1.0212153720115646,0.0,0,0.5624681227260878
1998-03-30,1.0212153720115646,1.0212153720115646,0.0,0,0.5466796631493046
1998-03-31,1.0212153720115646,1.0212153720115646,0.0,0,0.5452175588525315
1998-04-01,1.0212153720115646,1.0212153720115646,0.0,0,0.5306871890194834
1998-04-02,1.0212153720115646,1.0212153720115646,0.0,0,0.5141846785070668
1998-04-03,1.0212153720115646,1.0212153720115646,0.0,0,0.4924117920411656
1998-04-04,1.0212153720115646,1.0212153720115646,0.0,0,0.5014791055095263
1998-04-06,1.0212153720115646,1.0212153720115646,0.0,0,0.4940779108909769
1998-04-07,1.0212153720115646,1.0212153720115646,0.0,0,0.5208944904736538
1998-04-08,1.0212153720115646,1.0212153720115646,0.0,0,0.5163041630302961
1998-04-09,1.0212153720115646,1.0212153720115646,0.0,0,0.5305625134592935
1998-04-10,1.0212153720115646,1.0212153720115646,0.0,0,0.5307665280123316
1998-04-11,1.0212153720115646,1.0212153720115646,0.0,0,0.5560870008727289
1998-04-13,1.0212153720115646,1.0212153720115646,0.0,0,0.560915345294631
1998-04-14,1.0212153720115646,1.0212153720115646,0.0,0,0.5300184746511918
1998-04-15,1.0212153720115646,1.0212153720115646,0.0,0,0.5302904940552426
1998-04-16,1.0212153720115646,1.0212153720115646,0.0,0,0.514740051457004
1998-04-17,1.0212153720115646,1.0212153720115646,0.0,0,0.5102970678575072
1998-04-18,1.0212153720115646,1.0212153720115646,0.0,0,0.5006063765881966
1998-04-20,1.0212153720115646,1.0212153720115646,0.0,0,0.49386256219610336
1998-04-21,1.0212153720115646,1.0212153720115646,0.0,0,0.49780684355484023
1998-04-22,1.0212153720115646,1.0212153720115646,0.0,0,0.48941957859660656
1998-04-23,1.0210115366079695,0.9190938348104082,0.09982032341784787,1,0.47211234401387303
1998-04-24,1.0201763440397946,0.9190938348104082,0.09908336908608377,1,0.4698681839304537
1998-04-25,1.0201763440397946,0.9190938348104082,0.09908336908608377,1,0.4665472803726666
1998-04-27,1.019840883670797,0.9190938348104082,0.09878702695048043,1,0.460449512065194
1998-04-28,1.019840883670797,0.9190938348104082,0.09878702695048043,1,0.45607453331670994
1998-04-29,1.01934115147162,0.9190938348104082,0.09834520711391372,1,0.472690385247481
1998-04-30,1.0163323832135989,0.9190938348104082,0.09567593241074018,1,0.4774167223928641
1998-05-02,1.0175030361507715,0.9190938348104082,0.09671637119889756,1,0.4607668680365866
1998-05-04,1.015664920829923,0.9190938348104082,0.09508163966183297,1,0.4440716771129674
1998-05-06,1.008647919915527,0.9190938348104082,0.08878626856497046,1,0.42642441827517036
1998-05-07,1.009315382299203,0.9190938348104082,0.08938885612074156,1,0.4300966802298564
1998-05-08,1.0106520362437146,0.9190938348104082,0.09059319938997032,1,0.4228088270296615
1998-05-09,1.0109857674355525,0.9190938348104082,0.09089339888358236,1,0.42475829942535903
1998-05-11,1.0063083432183417,0.9190938348104082,0.08666777831634287,1,0.4098199004862347
1998-05-12,1.0068098045946785,0.9190938348104082,0.08712268134852247,1,0.39880311462217644
1998-05-13,1.0109857674355525,0.9190938348104082,0.09089339888358236,1,0.40415282956850923
1998-05-14,1.012823882756401,0.9190938348104082,0.09254328372560328,1,0.41136134377585604
1998-05-15,1.0109857674355525,0.9190938348104082,0.09089339888358236,1,0.3999025263802151
1998-05-16,1.0108197664282135,0.9190938348104082,0.09074410163339382,1,0.3993244851466071
1998-05-18,1.0108019835703022,1.0108019835703022,0.0,0,0.40689569189268837
1998-05-19,1.0108019835703022,1.0108019835703022,0.0,0,0.4108966439606025
1998-05-20,1.0108019835703022,1.0108019835703022,0.0,0,0.41842251413934195
1998-05-21,1.0108019835703022,1.0108019835703022,0.0,0,0.4106359586983872
1998-05-22,1.0108019835703022,1.0108019835703022,0.0,0,0.400854594294393
1998-05-23,1.0108019835703022,1.0108019835703022,0.0,0,0.40355212005123037
1998-05-25,1.0108019835703022,1.0108019835703022,0.0,0,0.3761801675186163
1998-05-26,1.0108019835703022,1.0108019835703022,0.0,0,0.3536138911242335
1998-05-27,1.0108019835703022,1.0108019835703022,0.0,0,0.3553026782577158
1998-05-28,1.0108019835703022,1.0108019835703022,0.0,0,0.36619478856158405
1998-05-29,1.0108019835703022,1.0108019835703022,0.0,0,0.38154121660678464
1998-05-30,1.0108019835703022,1.0108019835703022,0.0,0,0.37632751136247716
1998-06-01,1.0108019835703022,1.0108019835703022,0.0,0,0.38162055559963276
1998-06-02,1.0108019835703022,1.0108019835703022,0.0,0,0.36733953688696463
1998-06-03,1.0108019835703022,1.0108019835703022,0.0,0,0.3768148794614016
1998-06-05,1.0108019835703022,1.0108019835703022,0.0,0,0.3870949461061556
1998-06-08,1.0108019835703022,1.0108019835703022,0.0,0,0.39202529780457673
1998-06-09,1.0108019835703022,1.0108019835703022,0.0,0,0.38447675934216646
1998-06-10,1.0108019835703022,1.0108019835703022,0.0,0,0.3678382391277245
1998-06-11,1.0108019835703022,1.0108019835703022,0.0,0,0.37255324213127206
1998-06-12,1.0108019835703022,1.0108019835703022,0.0,0,0.3423930907071371
1998-06-13,1.0108019835703022,1.0108019835703022,0.0,0,0.3432091489192896
1998-06-15,1.0108019835703022,1.0108019835703022,0.0,0,0.32666130183953124
1998-06-16,1.0108019835703022,1.0108019835703022,0.0,0,0.317355971392626
1998-06-17,1.0108019835703022,1.0108019835703022,0.0,0,0.3443425631028347
1998-06-18,1.0108019835703022,1.0108019835703022,0.0,0,0.3689149826020923
1998-06-19,1.0108019835703022,1.0108019835703022,0.0,0,0.3550533271373358
1998-06-20,1.0108019835703022,1.0108019835703022,0.0,0,0.3578755284543631
1998-06-22,1.0108019835703022,1.0108019835703022,0.0,0,0.35279783291208106
1998-06-23,1.0108019835703022,1.0108019835703022,0.0,0,0.34377585601106214
1998-06-24,1.0108019835703022,1.0108019835703022,0.0,0,0.3419737274592255
1998-06-25,1.0108019835703022,1.0108019835703022,0.0,0,0.34067030114814856
1998-06-26,1.0108019835703022,1.0108019835703022,0.0,0,0.3383694703555521
1998-06-27,1.0108019835703022,1.0108019835703022,0.0,0,0.34217774201226353
1998-06-29,1.0108019835703022,1.0108019835703022,0.0,0,0.33843747520656475
1998-06-30,1.0108019835703022,1.0108019835703022,0.0,0,0.3376214169944123
1998-07-01,1.0108019835703022,1.0108019835703022,0.0,0,0.35766017975948955
1998-07-02,1.0108019835703022,1.0108019835703022,0.0,0,0.3533645400038536
1998-07-03,1.0108019835703022,1.0108019835703022,0.0,0,0.34969227804916747
1998-07-04,1.0108019835703022,1.0108019835703022,0.0,0,0.3489215564043569
1998-07-06,1.0108019835703022,1.0108019835703022,0.0,0,0.35091636536739623
1998-07-07,1.0108019835703022,1.0108019835703022,0.0,0,0.359859003275567
1998-07-08,1.0108019835703022,1.0108019835703022,0.0,0,0.3613211075723402
1998-07-09,1.0108019835703022,1.0108019835703022,0.0,0,0.36158179283455555
1998-07-10,1.0108019835703022,1.0108019835703022,0.0,0,0.3505423386868263
1998-07-11,1.0108019835703022,1.0108019835703022,0.0,0,0.345657323555747
1998-07-13,1.0108019835703022,1.0108019835703022,0.0,0,0.34157703249498467
1998-07-14,1.0108019835703022,1.0108019835703022,0.0,0,0.34765213251878635
1998-07-15,1.0108019835703022,1.0108019835703022,0.0,0,0.35523467340670306
1998-07-16,1.0108019835703022,1.0108019835703022,0.0,0,0.37442337553412147
1998-07-18,1.0108019835703022,1.0108019835703022,0.0,0,0.3900984936925501
1998-07-20,1.0108019835703022,1.0108019835703022,0.0,0,0.41390019154699703
1998-07-21,1.0108019835703022,1.0108019835703022,0.0,0,0.4134241575899081
1998-07-22,1.0108019835703022,1.0108019835703022,0.0,0,0.4103752734361718
1998-07-23,1.0108019835703022,1.0108019835703022,0.0,0,0.3870156071133074
1998-07-24,1.0108019835703022,1.0108019835703022,0.0,0,0.3896564621609675
1998-07-25,1.0108019835703022,1.0108019835703022,0.0,0,0.3722585544435503
1998-07-27,1.0108019835703022,1.0108019835703022,0.0,0,0.3737999977331717
1998-07-28,1.0108019835703022,1.0108019835703022,0.0,0,0.380067778168176
1998-07-29,1.0108019835703022,1.0108019835703022,0.0,0,0.39035917895476546
1998-07-30,1.0108019835703022,1.0108019835703022,0.0,0,0.39092588604653805
1998-07-31,1.0108019835703022,1.0108019835703022,0.0,0,0.38913509163653676
1998-08-01,1.0108019835703022,1.0108019835703022,0.0,0,0.3825159528046334
1998-08-03,1.0108019835703022,1.0108019835703022,0.0,0,0.3734259710526018
1998-08-04,1.0108019835703022,1.0108019835703022,0.0,0,0.37765360595722497
1998-08-05,1.0108019835703022,1.0108019835703022,0.0,0,0.3659001008738623
1998-08-06,1.0108019835703022,1.0108019835703022,0.0,0,0.36333858481905046
1998-08-07,1.0108019835703022,1.0108019835703022,0.0,0,0.3646306769882918
1998-08-08,1.0108019835703022,1.0108019835703022,0.0,0,0.35624341203005816
1998-08-10,1.0108019835703022,1.0108019835703022,0.0,0,0.35356855455689173
1998-08-11,1.0108019835703022,1.0108019835703022,0.0,0,0.3527751646284102
1998-08-12,1.0108019835703022,1.0108019835703022,0.0,0,0.3460880209454942
1998-08-13,1.0108019835703022,1.0108019835703022,0.0,0,0.3434358317559986
1998-08-14,1.0108019835703022,1.0108019835703022,0.0,0,0.3452492944496708
1998-08-17,1.0083927086296514,0.909721785213272,0.09784969939981786,1,0.34186038604087093
1998-08-18,0.9996139740280902,0.909721785213272,0.08992690293492445,1,0.3299935395391538
1998-08-19,1.0018214920857926,0.909721785213272,0.09193225300124987,1,0.34217774201226353
1998-08-20,1.002232193119784,0.909721785213272,0.09230436673416188,1,0.35882759636854095
1998-08-21,1.0075199689324201,0.909721785213272,0.09706823361801588,1,0.35886159879404733
1998-08-22,1.0114729663845852,0.909721785213272,0.10059703477297403,1,0.3460653526618232
1998-08-24,1.0149639251735103,0.909721785213272,0.1036905227368026,1,0.34586133810878505
1998-08-25,1.0184548839624352,0.909721785213272,0.10676280359727136,1,0.3516190821611942
1998-08-26,1.0184548839624352,0.909721785213272,0.10676280359727136,1,0.35992700812657974
1998-08-27,1.0268229175300054,0.909721785213272,0.11404218811011446,1,0.3558013804984756
1998-08-28,1.0285683969244679,0.909721785213272,0.11554565750470294,1,0.3505876752541681
1998-08-29,1.0259501778327742,0.909721785213272,0.11328853499009477,1,0.3454533090027089
1998-08-31,1.0189169226256753,0.909721785213272,0.10716785145840482,1,0.3515397431683461
1998-09-01,1.0145018865102702,0.909721785213272,0.10328231291656398,1,0.3510297067857507
1998-09-02,1.0149639251735103,0.909721785213272,0.1036905227368026,1,0.3563454193065772
1998-09-03,1.012551056598812,0.909721785213272,0.10155465318553575,1,0.3567761166963243
1998-09-04,1.012551056598812,0.909721785213272,0.10155465318553575,1,0.3561414047535391
1998-09-05,1.021124440683378,0.909721785213272,0.1090980208010208,1,0.3579662015890467
1998-09-07,1.021124440683378,0.909721785213272,0.1090980208010208,1,0.37200920332317045
1998-09-08,1.0147534408935899,1.0147534408935899,0.0,0,0.3698897187999411
1998-09-09,1.0147534408935899,1.0147534408935899,0.0,0,0.3731426175067155
1998-09-10,1.0147534408935899,1.0147534408935899,0.0,0,0.3841707375126092
1998-09-11,1.0147534408935899,1.0147534408935899,0.0,0,0.36338392138639225
1998-09-12,1.0147534408935899,1.0147534408935899,0.0,0,0.3630665654149996
1998-09-14,1.0147534408935899,1.0147534408935899,0.0,0,0.35616407303721004
1998-09-15,1.0147534408935899,1.0147534408935899,0.0,0,0.3516870870122069
1998-09-16,1.0147534408935899,1.0147534408935899,0.0,0,0.3549513198608168
1998-09-17,1.0147534408935899,1.0147534408935899,0.0,0,0.3523558013804985
1998-09-18,1.0147534408935899,1.0147534408935899,0.0,0,0.3425291004091625
1998-09-19,1.0147534408935899,1.0147534408935899,0.0,0,0.34141835450928837
1998-09-21,1.0147534408935899,1.0147534408935899,0.0,0,0.33713404889548787
1998-09-22,1.0147534408935899,1.0147534408935899,0.0,0,0.33164832424712964
1998-09-23,1.0147534408935899,1.0147534408935899,0.0,0,0.33087760260231897
1998-09-24,1.0147534408935899,1.0147534408935899,0.0,0,0.35220845753663765
1998-09-25,1.0147534408935899,1.0147534408935899,0.0,0,0.3443198948191638
1998-09-26,1.0147534408935899,1.0147534408935899,0.0,0,0.347164764419862
1998-09-28,1.0147534408935899,1.0147534408935899,0.0,0,0.3465187183352413
1998-09-29,1.0147534408935899,1.0147534408935899,0.0,0,0.35399925194663884
1998-09-30,1.0147534408935899,1.0147534408935899,0.0,0,0.35172108943771324
1998-10-01,1.0147534408935899,1.0147534408935899,0.0,0,0.3464167110587222
1998-10-02,1.0147534408935899,1.0147534408935899,0.0,0,0.3493749220777749
1998-10-07,1.0147534408935899,1.0147534408935899,0.0,0,0.3553140123995512
1998-10-08,1.0147534408935899,1.0147534408935899,0.0,0,0.3459406771016333
1998-10-09,1.0147534408935899,1.0147534408935899,0.0,0,0.37171451563544866
1998-10-10,1.0147534408935899,1.0147534408935899,0.0,0,0.3835813621371658
1998-10-12,1.0147534408935899,1.0147534408935899,0.0,0,0.3991544730190754
1998-10-13,1.0147534408935899,1.0147534408935899,0.0,0,0.39225198064128575
1998-10-14,1.0147534408935899,1.0147534408935899,0.0,0,0.392308651350463
1998-10-15,1.0147534408935899,1.0147534408935899,0.0,0,0.4179351460404176
1998-10-16,1.0147534408935899,1.0147534408935899,0.0,0,0.4239082387877002
1998-10-17,1.0147534408935899,1.0147534408935899,0.0,0,0.4346303369640368
1998-10-19,1.0147534408935899,1.0147534408935899,0.0,0,0.42386290222035844
1998-10-20,1.0147534408935899,1.0147534408935899,0.0,0,0.4401613981797369
1998-10-21,1.0147534408935899,1.0147534408935899,0.0,0,0.4316041210939714
1998-10-22,1.0147534408935899,1.0147534408935899,0.0,0,0.43355359348966893
1998-10-23,1.0147534408935899,1.0147534408935899,0.0,0,0.42937129515238753
1998-10-24,1.0147534408935899,1.0147534408935899,0.0,0,0.43161545523580686
1998-10-26,1.0147534408935899,1.0147534408935899,0.0,0,0.4231261830010541
1998-10-27,1.0147534408935899,1.0147534408935899,0.0,0,0.40851647417515785
1998-10-28,1.0147534408935899,1.0147534408935899,0.0,0,0.4124607555338948
1998-10-29,1.0147534408935899,1.0147534408935899,0.0,0,0.4197032721667479
1998-10-30,1.0147534408935899,1.0147534408935899,0.0,0,0.4360811071189745
1998-10-31,1.0147534408935899,1.0147534408935899,0.0,0,0.4572646182094323
1998-11-02,1.0147534408935899,1.0147534408935899,0.0,0,0.45859071280418007
1998-11-03,1.0147534408935899,1.0147534408935899,0.0,0,0.46202495778032165
1998-11-04,1.0147534408935899,1.0147534408935899,0.0,0,0.4686327624703896
1998-11-05,1.0147534408935899,1.0147534408935899,0.0,0,0.47399381155855785
1998-11-06,1.0147534408935899,1.0147534408935899,0.0,0,0.4718403246098222
1998-11-07,1.0147534408935899,1.0147534408935899,0.0,0,0.47270171938931643
1998-11-09,1.0147534408935899,1.0147534408935899,0.0,0,0.4810776502057147
1998-11-10,1.0147534408935899,1.0147534408935899,0.0,0,0.4570379353727233
1998-11-11,1.0147534408935899,1.0147534408935899,0.0,0,0.45415906334651873
1998-11-12,1.0147534408935899,1.0147534408935899,0.0,0,0.4573552913441159
1998-11-13,1.0147534408935899,1.0147534408935899,0.0,0,0.4582393544072811
1998-11-14,1.0147534408935899,1.0147534408935899,0.0,0,0.4694828231080484
1998-11-16,1.0147534408935899,1.0147534408935899,0.0,0,0.47853880243457364
1998-11-17,1.0147534408935899,1.0147534408935899,0.0,0,0.4810549819220438
1998-11-18,1.0147534408935899,1.0147534408935899,0.0,0,0.4802729261353977
1998-11-19,1.0147534408935899,1.0147534408935899,0.0,0,0.4999036597943987
1998-11-20,1.0147534408935899,1.0147534408935899,0.0,0,0.513357286153079
1998-11-21,1.0147534408935899,1.0147534408935899,0.0,0,0.5184236475535254
1998-11-23,1.0147534408935899,1.0147534408935899,0.0,0,0.514513368620295
1998-11-24,1.0147534408935899,1.0147534408935899,0.0,0,0.5222545874939079
1998-11-25,1.0147534408935899,1.0147534408935899,0.0,0,0.5259155153067585
1998-11-26,1.0147534408935899,1.0147534408935899,0.0,0,0.506171440229403
1998-11-27,1.0147534408935899,1.0147534408935899,0.0,0,0.5066361400446565
1998-11-28,1.0147534408935899,1.0147534408935899,0.0,0,0.5164515068741571
1998-11-30,1.0147534408935899,1.0147534408935899,0.0,0,0.5121672012603566
1998-12-01,1.0147534408935899,1.0147534408935899,0.0,0,0.5054573892937696
1998-12-02,1.0147534408935899,1.0147534408935899,0.0,0,0.5058994208253522
1998-12-03,1.0147534408935899,1.0147534408935899,0.0,0,0.5078942297883916
1998-12-04,1.0147534408935899,1.0147534408935899,0.0,0,0.5285563703544186
1998-12-05,1.0147534408935899,1.0147534408935899,0.0,0,0.5561776740074126
1998-12-07,1.0147534408935899,1.0147534408935899,0.0,0,0.5831642657176211
1998-12-08,1.0147534408935899,1.0147534408935899,0.0,0,0.5778712214804657
1998-12-09,1.0147534408935899,1.0147534408935899,0.0,0,0.5967652359201623
1998-12-10,1.0147534408935899,1.0147534408935899,0.0,0,0.6433372247220303
1998-12-11,1.0147534408935899,1.0147534408935899,0.0,0,0.6292375522787292
1998-12-14,1.0147534408935899,1.0147534408935899,0.0,0,0.6339185528567705
1998-12-15,1.0147534408935899,1.0147534408935899,0.0,0,0.6572215484704576
1998-12-16,1.0147534408935899,1.0147534408935899,0.0,0,0.6188101417901144
1998-12-17,1.0147534408935899,1.0147534408935899,0.0,0,0.5994514275351642
1998-12-18,1.0147534408935899,1.0147534408935899,0.0,0,0.594872434233642
1998-12-21,1.0147534408935899,1.0147534408935899,0.0,0,0.6406850355325346
1998-12-22,1.0147534408935899,1.0147534408935899,0.0,0,0.6208276190368247
1998-12-23,1.0147534408935899,1.0147534408935899,0.0,0,0.6273787530177153
1998-12-24,1.0147534408935899,1.0147534408935899,0.0,0,0.6294529009736028
1998-12-28,1.0147534408935899,1.0147534408935899,0.0,0,0.637500141676773
1999-01-04,1.0147534408935899,1.0147534408935899,0.0,0,0.6659601718255903
1999-01-05,1.0147534408935899,1.0147534408935899,0.0,0,0.6784050595609153
1999-01-06,1.0147534408935899,1.0147534408935899,0.0,0,0.6940575094356731
1999-01-07,1.0147534408935899,1.0147534408935899,0.0,0,0.7226535492865158
1999-01-08,1.0147534408935899,1.0147534408935899,0.0,0,0.7098913055797981
1999-01-11,1.0147534408935899,1.0147534408935899,0.0,0,0.7264618209432273
1999-01-12,1.0147534408935899,1.0147534408935899,0.0,0,0.7153996985118273
1999-01-13,1.0147534408935899,1.0147534408935899,0.0,0,0.7174851806095501
1999-01-14,1.0147534408935899,1.0147534408935899,0.0,0,0.685058200818325
1999-01-15,1.0147534408935899,1.0147534408935899,0.0,0,0.6965623547813078
1999-01-18,1.0147534408935899,1.0147534408935899,0.0,0,0.7055729975404912
1999-01-19,1.0147534408935899,1.0147534408935899,0.0,0,0.7005859751328929
1999-01-20,1.0147534408935899,1.0147534408935899,0.0,0,0.6952702626120663
1999-01-21,1.0147534408935899,1.0147534408935899,0.0,0,0.6596923913905859
1999-01-22,1.0147534408935899,1.0147534408935899,0.0,0,0.6240351811762573
1999-01-25,1.0147534408935899,1.0147534408935899,0.0,0,0.6117716397102994
1999-01-26,1.0147534408935899,1.0147534408935899,0.0,0,0.6021036167246597
1999-01-27,1.0147534408935899,1.0147534408935899,0.0,0,0.6406056965396866
1999-01-28,1.0147534408935899,1.0147534408935899,0.0,0,0.6477122034705143
1999-01-29,1.0147534408935899,1.0147534408935899,0.0,0,0.6476668669031724
1999-02-01,1.0147534408935899,1.0147534408935899,0.0,0,0.6592730281426742
1999-02-02,1.0147534408935899,1.0147534408935899,0.0,0,0.6429631980414603
1999-02-03,1.0147534408935899,1.0147534408935899,0.0,0,0.6271520701810063
1999-02-04,1.0147534408935899,1.0147534408935899,0.0,0,0.6235478130773329
1999-02-05,1.0147534408935899,1.0147534408935899,0.0,0,0.6249532466649288
1999-02-08,1.0147534408935899,1.0147534408935899,0.0,0,0.6181414274218228
1999-02-09,1.0147534408935899,1.0147534408935899,0.0,0,0.5932063153838307
1999-02-10,1.0147534408935899,1.0147534408935899,0.0,0,0.5944644051275658
1999-02-11,1.0147534408935899,1.0147534408935899,0.0,0,0.5938976980357933
1999-02-12,1.0147534408935899,1.0147534408935899,0.0,0,0.6253839440546759
1999-02-18,1.0147534408935899,1.0147534408935899,0.0,0,0.6079747021954233
1999-02-19,1.0147534408935899,1.0147534408935899,0.0,0,0.5918462183635765
1999-02-22,1.0147534408935899,1.0147534408935899,0.0,0,0.5763297781908443
1999-02-23,1.0147534408935899,1.0147534408935899,0.0,0,0.5699713246211563
1999-02-24,1.0147534408935899,1.0147534408935899,0.0,0,0.5649162973625452
1999-02-25,1.0147534408935899,1.0147534408935899,0.0,0,0.5657323555746977
1999-02-26,1.0147534408935899,1.0147534408935899,0.0,0,0.589443380294461
1999-03-02,1.0147534408935899,1.0147534408935899,0.0,0,0.6052091715875733
1999-03-03,1.0147534408935899,1.0147534408935899,0.0,0,0.6057985469630167
1999-03-04,1.0147534408935899,1.0147534408935899,0.0,0,0.6033050357592175
1999-03-05,1.0147534408935899,1.0147534408935899,0.0,0,0.6099921794421336
1999-03-08,1.0147534408935899,1.0147534408935899,0.0,0,0.648131566718426
1999-03-09,1.0147534408935899,1.0147534408935899,0.0,0,0.6492763150438066
1999-03-10,1.0147534408935899,1.0147534408935899,0.0,0,0.645218692266715
1999-03-11,1.0147534408935899,1.0147534408935899,0.0,0,0.659647054823244
1999-03-12,1.0147534408935899,1.0147534408935899,0.0,0,0.6696210996384409
1999-03-15,1.0147534408935899,1.0147534408935899,0.0,0,0.6710038649423659
1999-03-16,1.0147534408935899,1.0147534408935899,0.0,0,0.6821226580829434
1999-03-17,1.0147534408935899,1.0147534408935899,0.0,0,0.6806378855024992
1999-03-18,1.0147534408935899,1.0147534408935899,0.0,0,0.6562241439889379
1999-03-19,1.0147534408935899,1.0147534408935899,0.0,0,0.6848315179816161
1999-03-22,1.0147534408935899,1.0147534408935899,0.0,0,0.6888211359076948
1999-03-23,1.0147534408935899,1.0147534408935899,0.0,0,0.6963016695190924
1999-03-24,1.0147534408935899,1.0147534408935899,0.0,0,0.6930601049541535
1999-03-25,1.0147534408935899,1.0147534408935899,0.0,0,0.6925954051388999
1999-03-26,1.0147534408935899,1.0147534408935899,0.0,0,0.6911446349839622
1999-03-29,1.0147534408935899,1.0147534408935899,0.0,0,0.681261263303449
1999-03-30,1.0147534408935899,1.0147534408935899,0.0,0,0.7005066361400446
1999-03-31,1.0147534408935899,1.0147534408935899,0.0,0,0.7015607113307416
1999-04-01,1.0147534408935899,1.0147534408935899,0.0,0,0.7218601593580343
1999-04-02,1.0147534408935899,1.0147534408935899,0.0,0,0.7330696256332951
1999-04-06,1.0147534408935899,1.0147534408935899,0.0,0,0.7556812385950198
1999-04-07,1.0147534408935899,1.0147534408935899,0.0,0,0.7631957746319238
1999-04-08,1.0147534408935899,1.0147534408935899,0.0,0,0.7720704076890819
1999-04-09,1.0147534408935899,1.0147534408935899,0.0,0,0.7791315780525677
1999-04-12,1.0147534408935899,1.0147534408935899,0.0,0,0.7816477575400379
1999-04-13,1.0147534408935899,1.0147534408935899,0.0,0,0.7818291038094051
1999-04-14,1.0147534408935899,1.0147534408935899,0.0,0,0.7791202439107323
1999-04-15,1.0147534408935899,1.0147534408935899,0.0,0,0.8183363746613925
1999-04-16,1.0147534408935899,1.0147534408935899,0.0,0,0.8218839610558887
1999-04-19,1.0147534408935899,1.0147534408935899,0.0,0,0.8688639789638328
1999-04-20,1.0147534408935899,1.0147534408935899,0.0,0,0.8732162894286459
1999-04-21,1.0147534408935899,1.0147534408935899,0.0,0,0.8424214260617258
1999-04-22,1.0147534408935899,1.0147534408935899,0.0,0,0.8391798614967868
1999-04-23,1.0147534408935899,1.0147534408935899,0.0,0,0.8511827177005293
1999-04-26,1.0147534408935899,1.0147534408935899,0.0,0,0.8798694306860556
1999-04-27,1.0147534408935899,1.0147534408935899,0.0,0,0.8999081934511329
1999-04-28,1.0147534408935899,1.0147534408935899,0.0,0,0.8954312074261297
1999-04-29,1.0147534408935899,1.0147534408935899,0.0,0,0.8530188486778724
1999-04-30,1.0147534408935899,1.0147534408935899,0.0,0,0.8529961803942016
1999-05-03,1.0147534408935899,1.0147534408935899,0.0,0,0.8574618322773692
1999-05-04,1.0147534408935899,1.0147534408935899,0.0,0,0.8740550159244692
1999-05-06,1.0147534408935899,1.0147534408935899,0.0,0,0.9186775323306395
1999-05-07,1.0147534408935899,1.0147534408935899,0.0,0,0.9187682054653232
1999-05-10,1.0147534408935899,1.0147534408935899,0.0,0,0.9228711648097565
1999-05-11,1.0147534408935899,1.0147534408935899,0.0,0,0.8856611771639711
1999-05-12,1.0147534408935899,1.0147534408935899,0.0,0,0.8762765077242177
1999-05-13,1.0147534408935899,1.0147534408935899,0.0,0,0.8414126874383706
1999-05-14,1.0147534408935899,1.0147534408935899,0.0,0,0.836266987045076
1999-05-17,1.0147534408935899,1.0147534408935899,0.0,0,0.8135987033741741
1999-05-18,1.0147534408935899,1.0147534408935899,0.0,0,0.8265876299176008
1999-05-19,1.0147534408935899,1.0147534408935899,0.0,0,0.8330367566219724
1999-05-20,1.0147534408935899,1.0147534408935899,0.0,0,0.8031372904600529
1999-05-21,1.0147534408935899,1.0147534408935899,0.0,0,0.8052794432669531
1999-05-24,1.0147534408935899,1.0147534408935899,0.0,0,0.7884029060739667
1999-05-25,1.0155272644597089,0.9132780968042309,0.10068579272450905,1,0.7919051559011211
1999-05-26,1.0169918182043642,0.9132780968042309,0.10198088081303738,1,0.8161148828616441
1999-05-27,1.0358216730856962,0.7088100988861668,0.31570257960076004,3,0.8236067506148772
1999-05-28,1.0545070252511874,0.7088100988861668,0.32782799743100294,3,0.8299312017590589
1999-05-31,1.0560545313472114,0.7088100988861668,0.32881297523345127,3,0.8342155073728593
1999-06-01,1.0515078843269465,0.6033000662949003,0.42625245584243715,4,0.8542769384216075
1999-06-02,1.0609958627838108,0.6033000662949003,0.43138320566870186,4,0.878395992247447
1999-06-03,1.0453416123571762,0.6033000662949003,0.4228680278645958,4,0.8820342517766269
1999-06-04,1.0464957878220178,0.6033000662949003,0.42350454410285104,4,0.9038978113772116
1999-06-07,1.0519178704294816,0.6033000662949003,0.4264760745545826,4,0.9546974350837028
1999-06-08,1.0650192258711186,0.6033000662949003,0.4335312906661953,4,0.9674823470740913
1999-06-09,1.0391838184808437,0.6033000662949003,0.4194481711841421,4,0.9106529599111404
1999-06-10,1.0565768928400614,0.6033000662949003,0.4290050535998004,4,0.9702705459656122
1999-06-11,1.0405341898236014,0.6033000662949003,0.4202015924174718,4,0.9618266102982014
1999-06-14,1.0325284237087178,0.6033000662949003,0.4157060934672199,4,0.9315644515975473
1999-06-15,1.0162586903501931,0.6033000662949003,0.4063518747505038,4,0.9109476475988622
1999-06-16,1.0201802894445295,0.6033000662949003,0.40863387330940615,4,0.940201067676161
1999-06-17,1.0243481318414818,0.6033000662949003,0.41104000921020745,4,0.9432952883972391
1999-06-18,1.0178408467283169,0.6033000662949003,0.4072746557243112,4,0.9494950639812307
1999-06-21,1.0273876122237797,0.7102095459745906,0.30872288362778433,3,0.9849369255006858
1999-06-22,1.0409210959438295,0.7102095459745906,0.3177104885835505,3,0.992836822359995
1999-06-23,1.0439075761160561,0.8963693864917224,0.14133261698632515,1,1.007185845923676
1999-06-24,1.0361737194018772,0.8963693864917224,0.1349236429108198,1,0.99434426322411
1999-06-25,1.0385533676216245,0.8963693864917224,0.1369058014375473,1,0.9997619830214556
1999-06-28,1.0388627218901916,1.0388627218901916,0.0,0,1.0235296784503962
1999-06-29,1.0388627218901916,1.0388627218901916,0.0,0,1.0171825590225436
1999-06-30,1.0388627218901916,1.0388627218901916,0.0,0,1.000804724070317
1999-07-01,1.0388627218901916,1.0388627218901916,0.0,0,1.0427183805778146
1999-07-02,1.0388627218901916,1.0388627218901916,0.0,0,1.0579514672046606
1999-07-05,1.0388627218901916,1.0388627218901916,0.0,0,1.0912965124845573
1999-07-06,1.0388627218901916,1.0388627218901916,0.0,0,1.1214339956250212
1999-07-07,1.0388627218901916,1.0388627218901916,0.0,0,1.1401920003626926
1999-07-08,1.0388627218901916,1.0388627218901916,0.0,0,1.1324054449217378
1999-07-09,1.0388627218901916,1.0388627218901916,0.0,0,1.1650704416915074
1999-07-12,1.0388627218901916,1.0388627218901916,0.0,0,1.1382311938251595
1999-07-13,1.0388627218901916,1.0388627218901916,0.0,0,1.1192465062507793
1999-07-14,1.0388627218901916,1.0388627218901916,0.0,0,1.0809031044214488
1999-07-15,1.0388627218901916,1.0388627218901916,0.0,0,1.1131714062269775
1999-07-16,1.0388627218901916,1.0388627218901916,0.0,0,1.157011866846502
1999-07-19,1.0311749983936997,0.9349764497011724,0.09329022604541362,1,1.1612735041766313
1999-07-20,1.0276179014328015,0.9349764497011724,0.09015165228482262,1,1.131657391560598
1999-07-21,1.0234330814788035,0.9349764497011724,0.08643128053845615,1,1.0938693626812046
1999-07-22,1.0214452920006545,0.9349764497011724,0.08465342488398948,1,1.1069602965011505
1999-07-23,1.018829779529406,0.9349764497011724,0.08230357171829526,1,1.0256944995409674
1999-07-26,1.012186377852434,0.9349764497011724,0.07628034701976408,1,0.9894025773838535
1999-07-27,1.0159527158110322,0.9349764497011724,0.07970475874481689,1,1.0527717643858596
1999-07-28,1.0102380527075039,0.8337107326914466,0.17473833968434724,2,1.0704643597909984
1999-07-29,1.0248566909507197,0.8337107326914466,0.18650993836216698,2,1.1319520792483198
1999-07-30,1.0295476839950655,0.8337107326914466,0.19021649443539268,2,1.0990944020673477
1999-08-02,1.0565383531368226,0.8337107326914466,0.21090348474696569,2,1.0878622675084155
1999-08-03,1.0442472667756868,0.8337107326914466,0.201615595063334,2,1.1031860272699454
1999-08-04,1.0399259314195188,0.7292130030323862,0.2987837104542662,3,1.1055888653390609
1999-08-05,1.018317360702006,0.7292130030323862,0.28390398595416017,3,1.0643552573416906
1999-08-06,1.0198815907930778,0.7292130030323862,0.285002288878126,3,1.063437191853019
1999-08-09,1.019768804175156,0.7292130030323862,0.2849232099993361,3,1.075576057758787
1999-08-10,1.021759446099046,0.7292130030323862,0.28631635771371294,3,1.0978929830327897
1999-08-11,1.016700155905291,0.7292130030323862,0.2827649343841403,3,1.0700336624012514
1999-08-12,1.0181051415710556,0.7292130030323862,0.2837547191765232,3,1.076006755148534
1999-08-13,1.0064751630270348,0.80230088352896,0.20286072324329232,2,1.0398735109771164
1999-08-16,1.0017554578951369,0.80230088352896,0.19910505382747368,2,1.0283240204467918
1999-08-17,0.9950187040082936,0.80230088352896,0.1936826108926364,2,0.9902639721633477
1999-08-18,0.9902246108247675,0.80230088352896,0.18977888980085442,2,0.9848689206496731
1999-08-19,0.9944137227310862,0.80230088352896,0.1931920636357491,2,0.987407768420814
1999-08-20,1.0007379388491822,0.80230088352896,0.19829072888794316,2,0.9955796846841741
1999-08-23,1.0103345052113828,0.80230088352896,0.20590568827390268,2,1.0399981865373065
1999-08-24,1.0129560727043856,0.9240063656675372,0.08781200827334082,1,1.05680671887928
1999-08-25,1.0125985098997352,0.9240063656675372,0.08748990183776802,1,1.0914778587539244
1999-08-26,1.0105127268726082,0.9240063656675372,0.08560640445647409,1,1.0879416065012637
1999-08-27,1.0087725878899767,0.9240063656675372,0.08402906982211193,1,1.0883949721746817
1999-08-30,1.008069381040831,0.9240063656675372,0.08339010881026734,1,1.0683222069840983
1999-08-31,1.0103397141501982,1.0103397141501982,0.0,0,1.0630064944632718
1999-09-01,1.0103397141501982,1.0103397141501982,0.0,0,1.0263292114837526
1999-09-02,1.0103397141501982,1.0103397141501982,0.0,0,1.0189053485815323
1999-09-03,1.0103397141501982,1.0103397141501982,0.0,0,1.0321096238198326
1999-09-06,1.0103397141501982,1.0103397141501982,0.0,0,1.0690589262034025
1999-09-07,1.0103397141501982,1.0103397141501982,0.0,0,1.069852316131884
1999-09-08,1.0103397141501982,1.0103397141501982,0.0,0,1.0619297509889039
1999-09-09,1.0103397141501982,1.0103397141501982,0.0,0,1.0773441838851172
1999-09-10,1.0103397141501982,1.0103397141501982,0.0,0,1.0903217762867086
1999-09-13,1.0103397141501982,1.0103397141501982,0.0,0,1.1117773067812171
1999-09-14,1.0103397141501982,1.0103397141501982,0.0,0,1.0977569733307642
1999-09-15,1.0103397141501982,1.0103397141501982,0.0,0,1.0797923585215747
1999-09-16,1.0103397141501982,1.0103397141501982,0.0,0,1.0383887383966723
1999-09-17,1.0103397141501982,1.0103397141501982,0.0,0,1.04863480261592
1999-09-20,1.0103397141501982,1.0103397141501982,0.0,0,1.0584728377290913
1999-09-21,1.0103397141501982,1.0103397141501982,0.0,0,1.0851534076097429
1999-09-22,1.0103397141501982,1.0103397141501982,0.0,0,1.0671887928005532
1999-09-27,1.0103397141501982,1.0103397141501982,0.0,0,1.0243684049462194
1999-09-28,1.0103397141501982,1.0103397141501982,0.0,0,1.0209001575445715
1999-09-29,1.0103397141501982,1.0103397141501982,0.0,0,0.9848009157986604
1999-09-30,1.0103397141501982,1.0103397141501982,0.0,0,0.9477382719967358
1999-10-01,1.0103397141501982,1.0103397141501982,0.0,0,0.9513311949585738
1999-10-04,1.0103397141501982,1.0103397141501982,0.0,0,0.9275521653877977
1999-10-05,1.0103397141501982,1.0103397141501982,0.0,0,0.8971539969851182
1999-10-06,1.0103397141501982,1.0103397141501982,0.0,0,0.9467522016570515
1999-10-07,1.010760039785093,0.9093057427351784,0.10037426595484117,1,0.9647054823244058
1999-10-08,1.0129544772910293,0.9093057427351784,0.10232319110039509,1,0.9513991998095864
1999-10-11,1.0151419261424877,0.9093057427351784,0.1042575236838892,1,0.9457094606081901
1999-10-12,1.0220327394573059,0.9093057427351784,0.11029685485612231,1,0.9704858946604858
1999-10-13,1.0220327394573059,0.9093057427351784,0.11029685485612231,1,0.9696585023064979
1999-10-14,1.0251636566632274,0.9093057427351784,0.11301406675413293,1,0.9815593512337214
1999-10-15,1.0295525316750995,0.9093057427351784,0.11679519523328981,1,0.9777170771515035
1999-10-18,1.0189018222513844,0.9093057427351784,0.1075629438703334,1,0.936483469154133
1999-10-19,1.0201527914028576,0.9093057427351784,0.1086573007512418,1,0.9196976050958303
1999-10-20,1.0207817703058328,0.9093057427351784,0.10920652270000424,1,0.9415158281290733
1999-10-21,1.0245416664147295,0.9093057427351784,0.11247558538327347,1,0.927710843373494
1999-10-22,1.0298600324721097,0.9093057427351784,0.11705890697355127,1,0.9288555916988745
1999-10-25,1.0292380422236118,0.9093057427351784,0.11652532705585414,1,0.905416586383162
1999-10-26,1.028923552772124,0.9093057427351784,0.1162552939085432,1,0.9033424384272745
1999-10-27,1.0262094771518826,0.806413387457966,0.2141824789066784,2,0.8992734815083476
1999-10-28,1.029472869677309,0.806413387457966,0.2166734926091464,2,0.9304763739813441
1999-10-29,1.0305962749306288,0.806413387457966,0.21752736054450894,2,0.9447120561266704
1999-11-01,1.039047635427056,0.806413387457966,0.2238918024903408,2,0.9934942025864512
1999-11-02,1.0387399093302347,0.806413387457966,0.22366188088611094,2,1.0089426379081707
1999-11-03,1.0335425555120998,0.9323551330904417,0.09790348920032792,1,1.0055083929320292
1999-11-04,1.0332895049489188,0.9323551330904417,0.09768256754283673,1,1.0334697208400867
1999-11-05,1.0325397255024562,0.9323551330904417,0.09702734910587829,1,1.034909156853189
1999-11-08,1.0307871160463502,0.9323551330904417,0.09549205788819962,1,1.0286867129855264
1999-11-09,1.0300326504783472,0.9323551330904417,0.09482953510507074,1,1.0693309456074533
1999-11-10,1.0329146152256876,0.9323551330904417,0.09735507722801849,1,1.0640038989447915
1999-11-11,1.0330411405072781,0.9323551330904417,0.0974656317824808,1,1.073819265774292
1999-11-12,1.0292828710318846,0.9323551330904417,0.09417016514058008,1,1.0985730315429167
1999-11-15,1.0300326504783472,0.9323551330904417,0.09482953510507074,1,1.1047728071269085
1999-11-16,1.0275302615757784,0.9323551330904417,0.0926251343093099,1,1.142164141042061
1999-11-17,1.0245217715468475,0.9323551330904417,0.08996064409373217,1,1.0967369005655736
1999-11-18,1.0215179676394572,0.9323551330904417,0.08728464635336232,1,1.0996271067336139
1999-11-19,1.0243999323867974,0.9323551330904417,0.0898524066493213,1,1.1256049598204672
1999-11-22,1.0250231865516695,0.9323551330904417,0.09040581196311945,1,1.1083430618050756
1999-11-23,1.0227146062637682,1.0227146062637682,0.0,0,1.1040020854820978
1999-11-24,1.0227146062637682,1.0227146062637682,0.0,0,1.098607033968423
1999-11-25,1.0227146062637682,1.0227146062637682,0.0,0,1.1024833104761473
1999-11-26,1.0227146062637682,1.0227146062637682,0.0,0,1.0757914064536604
1999-11-29,1.0227146062637682,1.0227146062637682,0.0,0,1.0929059606251914
1999-11-30,1.0227146062637682,1.0227146062637682,0.0,0,1.1296285801720523
1999-12-01,1.0227146062637682,1.0227146062637682,0.0,0,1.132462115630915
1999-12-02,1.0227146062637682,1.0227146062637682,0.0,0,1.0970315882532955
1999-12-03,1.0227146062637682,1.0227146062637682,0.0,0,1.0955468156728514
1999-12-06,1.0227146062637682,1.0227146062637682,0.0,0,1.1312720307381927
1999-12-07,1.0227146062637682,1.0227146062637682,0.0,0,1.1333235104104094
1999-12-08,1.0227146062637682,1.0227146062637682,0.0,0,1.1201759058812863
1999-12-09,1.0227146062637682,1.0227146062637682,0.0,0,1.1113579435333054
1999-12-10,1.017800057419071,0.9204431456373914,0.09565426045323329,1,1.1540083192601072
1999-12-13,1.0225104716118194,0.9204431456373914,0.09982032341784787,1,1.1488852871504833
1999-12-14,1.0201552645154452,0.9204431456373914,0.09774210097853604,1,1.136406396989652
1999-12-15,1.0162299193548217,0.9204431456373914,0.0942569903651752,1,1.0921352389803807
1999-12-16,1.012304574194198,0.9204431456373914,0.09074485179515163,1,1.075122692085369
1999-12-17,1.0126971087102603,0.9204431456373914,0.09109729086751392,1,1.075904747872015
1999-12-20,1.0130896432263228,0.9204431456373914,0.09144945682584005,1,1.096068186197282
1999-12-21,1.0052389529050754,0.9204431456373914,0.08435388125642138,1,1.086717519183035
1999-12-22,1.0107344361299484,0.9204431456373914,0.08933235800125497,1,1.0969522492604473
1999-12-23,1.0013136077444518,0.9204431456373914,0.08076436940593307,1,1.1041267610422878
1999-12-24,0.9989584006480777,0.9204431456373914,0.07859712172173462,1,1.1239275068288206
1999-12-27,0.9985658661320154,0.9204431456373914,0.07823491984282961,1,1.1399086468168063
1999-12-28,0.9985658661320154,0.9204431456373914,0.07823491984282961,1,1.1652291196772036
2000-01-04,1.009949367097824,0.9204431456373914,0.088624464132926,1,1.2003309569415952
2000-01-05,1.002491211292639,0.9204431456373914,0.08184417452343805,1,1.1178977433723605
2000-01-06,0.9969957280677659,0.9204431456373914,0.07678326022393067,1,1.0889730134082898
2000-01-07,0.9929868649250013,0.9204431456373914,0.07305607138427664,1,1.0752133652200524
2000-01-10,0.9942479864553293,0.9204431456373914,0.07423182327083742,1,1.1189518185630576
2000-01-11,0.9967618777177712,0.9204431456373914,0.07656666430213256,1,1.1122533407383062
2000-01-12,0.9917498800915121,0.9917498800915121,0.0,0,1.0824218794273992
2000-01-13,0.9917498800915121,0.9917498800915121,0.0,0,1.0779335592605606
2000-01-14,0.9917498800915121,0.9917498800915121,0.0,0,1.0745106484262543
2000-01-17,0.9917498800915121,0.9917498800915121,0.0,0,1.1144521642543834
2000-01-18,0.9917498800915121,0.9917498800915121,0.0,0,1.112480023575015
2000-01-19,0.9917498800915121,0.9917498800915121,0.0,0,1.0640265672284623
2000-01-20,0.9917498800915121,0.9917498800915121,0.0,0,1.0720964762153034
2000-01-21,0.9917498800915121,0.9917498800915121,0.0,0,1.0485894660485782
2000-01-24,0.9917498800915121,0.9917498800915121,0.0,0,1.0504142628840858
2000-01-25,0.9917498800915121,0.9917498800915121,0.0,0,1.0101213886590577
2000-01-26,0.9917498800915121,0.9917498800915121,0.0,0,1.0036835960965216
2000-01-27,0.9917498800915121,0.9917498800915121,0.0,0,1.0305341781047048
2000-01-28,0.9917498800915121,0.9917498800915121,0.0,0,1.0673021342189075
2000-01-31,0.9917498800915121,0.9917498800915121,0.0,0,1.0698069795645424
2000-02-01,0.9917498800915121,0.9917498800915121,0.0,0,1.0526584229675051
2000-02-02,0.9917498800915121,0.9917498800915121,0.0,0,1.0694782894513142
2000-02-03,0.9917498800915121,0.9917498800915121,0.0,0,1.0769928254882182
2000-02-07,0.9917498800915121,0.9917498800915121,0.0,0,1.1029593444332362
2000-02-08,0.9917498800915121,0.9917498800915121,0.0,0,1.0894603815072144
2000-02-09,0.9917498800915121,0.9917498800915121,0.0,0,1.106268913849188
2000-02-10,0.9917498800915121,0.9917498800915121,0.0,0,1.0950821158575978
2000-02-11,0.9917498800915121,0.9917498800915121,0.0,0,1.0803930680388536
2000-02-14,0.9917498800915121,0.9917498800915121,0.0,0,1.0323929773657188
2000-02-15,0.9917498800915121,0.9917498800915121,0.0,0,0.9970644572646183
2000-02-16,0.9917498800915121,0.9917498800915121,0.0,0,0.9968377744279092
2000-02-17,0.9917498800915121,0.9917498800915121,0.0,0,1.0172618980153918
2000-02-18,0.9917498800915121,0.9917498800915121,0.0,0,0.996429745321833
2000-02-21,0.9917498800915121,0.9917498800915121,0.0,0,0.9580976776343381
2000-02-22,0.9917498800915121,0.9917498800915121,0.0,0,0.9634247242969999
2000-02-23,0.9917498800915121,0.9917498800915121,0.0,0,0.998163869022657
2000-02-24,0.9917498800915121,0.9917498800915121,0.0,0,0.9830894603815072
2000-02-25,0.9917498800915121,0.9917498800915121,0.0,0,0.9801312493624545
2000-02-28,0.9917498800915121,0.9917498800915121,0.0,0,0.9282775504652665
2000-02-29,0.9917498800915121,0.9917498800915121,0.0,0,0.938897641365084
2000-03-02,0.9917498800915121,0.9917498800915121,0.0,0,1.0140203334504527
2000-03-03,0.9917498800915121,0.9917498800915121,0.0,0,1.0142130138616556
2000-03-06,0.9917498800915121,0.9917498800915121,0.0,0,1.0306475195230593
2000-03-07,0.9917498800915121,0.9917498800915121,0.0,0,1.0283920252978047
2000-03-08,0.9917498800915121,0.9917498800915121,0.0,0,1.0381393872762925
2000-03-09,0.9917498800915121,0.9917498800915121,0.0,0,1.0026068526221539
2000-03-10,0.9917498800915121,0.9917498800915121,0.0,0,1.010280066644754
2000-03-13,0.9917498800915121,0.9917498800915121,0.0,0,0.968683766108649
2000-03-14,0.9917498800915121,0.9917498800915121,0.0,0,0.959707125774972
2000-03-15,0.9917498800915121,0.9917498800915121,0.0,0,0.9492683811445216
2000-03-16,0.9917498800915121,0.9917498800915121,0.0,0,0.9534506794818031
2000-03-17,0.9917498800915121,0.9917498800915121,0.0,0,0.9697151730156752
2000-03-20,0.9917498800915121,0.9917498800915121,0.0,0,0.963980097246937
2000-03-21,0.9917498800915121,0.9917498800915121,0.0,0,0.9786011402146686
2000-03-22,0.9917498800915121,0.9917498800915121,0.0,0,1.0001586779856964
2000-03-23,0.9917498800915121,0.9917498800915121,0.0,0,0.9833728139273935
2000-03-24,0.9917498800915121,0.9917498800915121,0.0,0,1.0078772285756386
2000-03-27,0.9917498800915121,0.9917498800915121,0.0,0,1.0050096906912693
2000-03-28,0.9917498800915121,0.9917498800915121,0.0,0,1.0102007276519058
2000-03-29,0.9917498800915121,0.9917498800915121,0.0,0,1.0297181198925525
2000-03-30,0.9917498800915121,0.9917498800915121,0.0,0,1.0086819526459556
2000-03-31,0.9917498800915121,0.9917498800915121,0.0,0,0.9758016071813124
2000-04-03,0.9917498800915121,0.9917498800915121,0.0,0,0.9593671015199086
2000-04-04,0.9917498800915121,0.9917498800915121,0.0,0,0.9409151186117943
2000-04-06,0.9917498800915121,0.9917498800915121,0.0,0,0.9116616985344955
2000-04-07,0.9917498800915121,0.9917498800915121,0.0,0,0.94909836901699
2000-04-10,0.9917498800915121,0.9917498800915121,0.0,0,0.9862630200954334
2000-04-11,0.9917498800915121,0.9917498800915121,0.0,0,0.9691257976402317
2000-04-12,0.9917498800915121,0.9917498800915121,0.0,0,0.9486790057690783
2000-04-14,0.9917498800915121,0.9917498800915121,0.0,0,0.9077400854594294
2000-04-17,0.9917498800915121,0.9917498800915121,0.0,0,0.8021398859785333
2000-04-18,0.9917498800915121,0.9917498800915121,0.0,0,0.8470004193632479
2000-04-19,0.9917498800915121,0.9917498800915121,0.0,0,0.8558183817112288
2000-04-20,0.9917498800915121,0.9917498800915121,0.0,0,0.862811547223702
2000-04-21,0.9917498800915121,0.9917498800915121,0.0,0,0.8695100250484534
2000-04-24,0.9917498800915121,0.9917498800915121,0.0,0,0.8473177753346406
2000-04-25,0.9917498800915121,0.9917498800915121,0.0,0,0.8355529361094426
2000-04-26,0.9917498800915121,0.9917498800915121,0.0,0,0.8083849981298666
2000-04-27,0.9917498800915121,0.9917498800915121,0.0,0,0.7844019540060525
2000-04-28,0.9917498800915121,0.9917498800915121,0.0,0,0.822167314601775
2000-05-01,0.9917498800915121,0.9917498800915121,0.0,0,0.80922372462569
2000-05-02,0.9917498800915121,0.9917498800915121,0.0,0,0.8529961803942016
2000-05-03,0.9917498800915121,0.9917498800915121,0.0,0,0.8531888608054041
2000-05-04,0.9917498800915121,0.9917498800915121,0.0,0,0.8515227419555929
2000-05-08,0.9917498800915121,0.9917498800915121,0.0,0,0.8730009407337724
2000-05-09,0.9917498800915121,0.9917498800915121,0.0,0,0.862358181550284
2000-05-10,0.9917498800915121,0.9917498800915121,0.0,0,0.8608394065443336
2000-05-12,0.9917498800915121,0.9917498800915121,0.0,0,0.8390665200784323
2000-05-15,0.9917498800915121,0.9917498800915121,0.0,0,0.8258849131238029
2000-05-16,0.9917498800915121,0.9917498800915121,0.0,0,0.846399709845969
2000-05-17,0.9917498800915121,0.9917498800915121,0.0,0,0.8241961259903207
2000-05-18,0.9917498800915121,0.9917498800915121,0.0,0,0.808067642158474
2000-05-19,0.9917498800915121,0.9917498800915121,0.0,0,0.8281630756327284
2000-05-22,0.9917498800915121,0.9917498800915121,0.0,0,0.7838805834816217
2000-05-23,0.9917498800915121,0.9917498800915121,0.0,0,0.7704496254066123
2000-05-24,0.9917498800915121,0.9917498800915121,0.0,0,0.7649979031837605
2000-05-25,0.9917498800915121,0.9917498800915121,0.0,0,0.7928572238152988
2000-05-26,0.9917498800915121,0.9917498800915121,0.0,0,0.7442677577667207
2000-05-29,0.9917498800915121,0.9917498800915121,0.0,0,0.7434403654127327
2000-05-30,0.9917498800915121,0.9917498800915121,0.0,0,0.7834838885173809
2000-05-31,0.9917498800915121,0.9917498800915121,0.0,0,0.8295231726529826
2000-06-01,0.9917498800915121,0.9917498800915121,0.0,0,0.8370150404062157
2000-06-02,0.9917498800915121,0.9917498800915121,0.0,0,0.8621768352809168
2000-06-05,0.9917498800915121,0.9917498800915121,0.0,0,0.9001688787133483
2000-06-07,0.9917498800915121,0.9917498800915121,0.0,0,0.9322785025331807
2000-06-08,0.9917498800915121,0.9917498800915121,0.0,0,0.9068560223962643
2000-06-09,0.9917498800915121,0.9917498800915121,0.0,0,0.9479876231171157
2000-06-12,0.9917498800915121,0.9917498800915121,0.0,0,0.958653050584275
2000-06-13,0.9917498800915121,0.9917498800915121,0.0,0,0.91177503995285
2000-06-14,0.9917498800915121,0.9917498800915121,0.0,0,0.9285722381529883
2000-06-15,0.9917498800915121,0.9917498800915121,0.0,0,0.8738056648040895
2000-06-16,0.9917498800915121,0.9917498800915121,0.0,0,0.8603067018780673
2000-06-19,0.9917498800915121,0.9917498800915121,0.0,0,0.8561584059662923
2000-06-20,0.9917498800915121,0.9917498800915121,0.0,0,0.8900928266216325
2000-06-21,0.9917498800915121,0.9917498800915121,0.0,0,0.8861825476884018
2000-06-22,0.9917498800915121,0.9917498800915121,0.0,0,0.8866019109363135
2000-06-23,0.9917498800915121,0.9917498800915121,0.0,0,0.8828616441306147
2000-06-26,0.9917498800915121,0.9917498800915121,0.0,0,0.8971539969851182
2000-06-27,0.9917498800915121,0.9917498800915121,0.0,0,0.9179181448276644
2000-06-28,0.9917498800915121,0.9917498800915121,0.0,0,0.9279601944938739
2000-06-29,0.9917498800915121,0.9917498800915121,0.0,0,0.9281528749050766
2000-06-30,0.9917498800915121,0.9917498800915121,0.0,0,0.9307823958109013
2000-07-03,0.9917498800915121,0.9917498800915121,0.0,0,0.9466388602386971
2000-07-04,0.9917498800915121,0.9917498800915121,0.0,0,0.9277335116571649
2000-07-05,0.9917498800915121,0.9917498800915121,0.0,0,0.9411871380158452
2000-07-06,0.9917498800915121,0.9917498800915121,0.0,0,0.9493817225628762
2000-07-07,0.9917498800915121,0.9917498800915121,0.0,0,0.9540400548572465
2000-07-10,0.9917498800915121,0.9917498800915121,0.0,0,0.9650681748631403
2000-07-11,0.9917498800915121,0.9917498800915121,0.0,0,0.9485089936415465
2000-07-12,0.9917498800915121,0.9917498800915121,0.0,0,0.9517958947738272
2000-07-13,0.9917498800915121,0.9917498800915121,0.0,0,0.9585850457332623
2000-07-14,0.9917498800915121,0.9917498800915121,0.0,0,0.9384102732661598
2000-07-18,0.9917498800915121,0.9917498800915121,0.0,0,0.9207063437191854
2000-07-19,0.9917498800915121,0.9917498800915121,0.0,0,0.9036711285405026
2000-07-20,0.9917498800915121,0.9917498800915121,0.0,0,0.8828163075632729
2000-07-21,0.9917498800915121,0.9917498800915121,0.0,0,0.8875313105668204
2000-07-24,0.9917498800915121,0.9917498800915121,0.0,0,0.8363349918960886
2000-07-25,0.9917498800915121,0.9917498800915121,0.0,0,0.8360516383502024
2000-07-26,0.9917498800915121,0.9917498800915121,0.0,0,0.843078806288182
2000-07-27,0.9917498800915121,0.9917498800915121,0.0,0,0.8247628330820932
2000-07-28,0.9917498800915121,0.9917498800915121,0.0,0,0.7850593342325086
2000-07-31,0.9917498800915121,0.9917498800915121,0.0,0,0.8001564111573293
2000-08-01,0.9933680183895244,0.8925748920823608,0.10146604726672408,1,0.8241054528556371
2000-08-02,0.992459972206577,0.8925748920823608,0.10064393821560128,1,0.8254995523013976
2000-08-03,0.992459972206577,0.8925748920823608,0.10064393821560128,1,0.8184157136542407
2000-08-04,0.992096753733398,0.8925748920823608,0.10031467321762977,1,0.804724070317016
2000-08-07,0.9873749135820714,0.8925748920823608,0.09601218361502425,1,0.7657232882612294
2000-08-08,0.9888277874747873,0.8925748920823608,0.09734040306273314,1,0.7549445193757155
2000-08-09,0.9906438798406821,0.8925748920823608,0.09899519873286146,1,0.8049847555792313
2000-08-10,0.992096753733398,0.8925748920823608,0.10031467321762977,1,0.8265762957757653
2000-08-11,0.991733535260219,0.8925748920823608,0.09998516703565956,1,0.8185630574981017
2000-08-14,0.9962737661749561,0.8925748920823608,0.1040867255701528,1,0.8310759500844394
2000-08-16,0.9942760645724718,0.8925748920823608,0.10228665469669268,1,0.8513527298280611
2000-08-17,0.9979082493042615,0.8925748920823608,0.10555415018899654,1,0.8426821113239411
2000-08-18,1.004082963348304,0.8925748920823608,0.11105463924424967,1,0.8254882181595622
2000-08-21,1.005172618767841,0.8925748920823608,0.11201829873112175,1,0.8189824207460134
2000-08-22,1.0020852617458196,0.8925748920823608,0.10928248707367597,1,0.8371510501082411
2000-08-23,0.9995427324335668,0.8925748920823608,0.10701677565177577,1,0.8158201951739223
2000-08-24,0.9982714677774405,0.8925748920823608,0.10587959198153112,1,0.8147661199832256
2000-08-25,1.0024484802189986,0.8925748920823608,0.1096052219188704,1,0.8271656711512088
2000-08-28,1.0039013541117143,0.8925748920823608,0.11089382594553722,1,0.8294438336601344
2000-08-29,1.005086780222777,0.9027993104931122,0.10176978917879398,1,0.8291604801142481
2000-08-30,1.004580406610254,0.9027993104931122,0.1013170229554653,1,0.8148454589760736
2000-08-31,0.9996432638881538,0.9027993104931122,0.09687851345925448,1,0.7804916750728219
2000-09-01,1.0001496375006769,0.9027993104931122,0.09733576192742338,1,0.7845379637080779
2000-09-04,1.0015421649351155,0.9027993104931122,0.09859081115012287,1,0.7721950832492718
2000-09-05,1.0028322378530927,0.8027590280624184,0.1995081552413989,2,0.769860250031169
2000-09-06,1.0004760625475715,0.8027590280624184,0.19762295359840448,2,0.766970043863129
2000-09-07,0.9970132723382649,0.8027590280624184,0.19483616684486849,2,0.7439390676534926
2000-09-08,0.9939885097616556,0.8027590280624184,0.19238600831018798,2,0.7408901834997563
2000-09-14,0.9904957654568182,0.703650283456705,0.28959788825328253,3,0.7368778972900067
2000-09-15,0.9851806886553285,0.703650283456705,0.2857652494009843,3,0.7120107901030275
2000-09-18,0.957211503118221,0.703650283456705,0.26489570887469766,3,0.6546146958483038
2000-09-19,0.9497866409579587,0.703650283456705,0.25914910453257123,3,0.6473721792154506
2000-09-20,0.9583191790582586,0.703650283456705,0.26574538125368324,3,0.68693966836301
2000-09-21,0.9696658519727729,0.703650283456705,0.2743373585600262,3,0.6755035192510399
2000-09-22,0.9507859201141573,0.703650283456705,0.2599277412814229,3,0.6270613970463227
2000-09-25,0.969971771477225,0.703650283456705,0.2745662253808932,3,0.6626279341259677
2000-09-26,0.9799783040917553,0.703650283456705,0.28197361051901176,3,0.6659941742510966
2000-09-27,0.982877251400726,0.703650283456705,0.28409139345334006,3,0.6792664543404096
2000-09-28,0.9864409809076267,0.7802124545493592,0.20906321852982637,2,0.6866789831007946
2000-09-29,0.9939554028577238,0.7802124545493592,0.21504279537475393,2,0.695032245633522
2000-10-02,0.9857668377832006,0.7802124545493592,0.20852231517149997,2,0.6678303052284397
2000-10-04,0.9860229492190467,0.7802124545493592,0.20872789505831912,2,0.6782577157170545
2000-10-05,0.981582382241264,0.7802124545493592,0.20514827011474412,2,0.6877443924333269
2000-10-06,0.9796596378938112,0.8804010105255277,0.10131950274248458,1,0.6900792256514299
2000-10-09,0.9748331667862705,0.8804010105255277,0.09687006913404173,1,0.6677849686610978
2000-10-10,0.9786248027506849,0.8804010105255277,0.10036920375313725,1,0.66683290074692
2000-10-11,0.9829352360668533,0.8804010105255277,0.10431432487007906,1,0.6315157147876548
2000-10-12,0.9801496309543012,0.9801496309543012,0.0,0,0.6060478980833967
2000-10-13,0.9801496309543012,0.9801496309543012,0.0,0,0.5945890806877557
2000-10-16,0.9801496309543012,0.9801496309543012,0.0,0,0.6234911423681556
2000-10-17,0.9801496309543012,0.9801496309543012,0.0,0,0.581271464031101
2000-10-18,0.9801496309543012,0.9801496309543012,0.0,0,0.5827675707533804
2000-10-19,0.9801496309543012,0.9801496309543012,0.0,0,0.5837536410930646
2000-10-20,0.9801496309543012,0.9801496309543012,0.0,0,0.6188101417901144
2000-10-23,0.9801496309543012,0.9801496309543012,0.0,0,0.5988620521597208
2000-10-24,0.9801496309543012,0.9801496309543012,0.0,0,0.6177674007412528
2000-10-25,0.9801496309543012,0.9801496309543012,0.0,0,0.6146845141620103
2000-10-26,0.9801496309543012,0.9801496309543012,0.0,0,0.5935350054970587
2000-10-27,0.9801496309543012,0.9801496309543012,0.0,0,0.5840936653481282
2000-10-30,0.9801496309543012,0.9801496309543012,0.0,0,0.5720681408607148
2000-10-31,0.9801496309543012,0.9801496309543012,0.0,0,0.5831189291502794
2000-11-01,0.9801496309543012,0.9801496309543012,0.0,0,0.6219723673622052
2000-11-02,0.9801496309543012,0.9801496309543012,0.0,0,0.6325584558365164
2000-11-03,0.9801496309543012,0.9801496309543012,0.0,0,0.6351766426005055
2000-11-06,0.9801496309543012,0.9801496309543012,0.0,0,0.6309263394122114
2000-11-07,0.9801496309543012,0.9801496309543012,0.0,0,0.6271747384646772
2000-11-08,0.9801496309543012,0.9801496309543012,0.0,0,0.632547121694681
2000-11-09,0.9801496309543012,0.9801496309543012,0.0,0,0.6354599961463918
2000-11-10,0.9801496309543012,0.9801496309543012,0.0,0,0.6405830282560155
2000-11-13,0.9801496309543012,0.9801496309543012,0.0,0,0.6108422400797925
2000-11-14,0.9801496309543012,0.9801496309543012,0.0,0,0.6267667093586009
2000-11-15,0.9801496309543012,0.9801496309543012,0.0,0,0.6318557390427184
2000-11-16,0.9801496309543012,0.9801496309543012,0.0,0,0.6290902084348683
2000-11-17,0.9801496309543012,0.9801496309543012,0.0,0,0.624805902821068
2000-11-20,0.9801496309543012,0.9801496309543012,0.0,0,0.6090967822371329
2000-11-21,0.9801496309543012,0.9801496309543012,0.0,0,0.6023529678450397
2000-11-22,0.9801496309543012,0.9801496309543012,0.0,0,0.5920162304911084
2000-11-23,0.9801496309543012,0.9801496309543012,0.0,0,0.5829262487390767
2000-11-24,0.9801496309543012,0.9801496309543012,0.0,0,0.6016615851930772
2000-11-27,0.9801496309543012,0.9801496309543012,0.0,0,0.6279567942513232
2000-11-28,0.9801496309543012,0.9801496309543012,0.0,0,0.6085754117127022
2000-11-29,0.9801496309543012,0.9801496309543012,0.0,0,0.5853404209500278
2000-11-30,0.9801496309543012,0.9801496309543012,0.0,0,0.5771685046866677
2000-12-01,0.9801496309543012,0.9801496309543012,0.0,0,0.5830962608666086
2000-12-04,0.9801496309543012,0.9801496309543012,0.0,0,0.5686678983100795
2000-12-05,0.9801496309543012,0.9801496309543012,0.0,0,0.5859297963254713
2000-12-06,0.9801496309543012,0.9801496309543012,0.0,0,0.5869838715161682
2000-12-07,0.9801496309543012,0.9801496309543012,0.0,0,0.5936596810572488
2000-12-08,0.9801496309543012,0.9801496309543012,0.0,0,0.606161239501751
2000-12-11,0.9801496309543012,0.9801496309543012,0.0,0,0.6288181890308175
2000-12-12,0.9801496309543012,0.9801496309543012,0.0,0,0.6155345747996691
2000-12-13,0.9801496309543012,0.9801496309543012,0.0,0,0.6322637681487947
2000-12-14,0.9801496309543012,0.9801496309543012,0.0,0,0.620408255788913
2000-12-15,0.9801496309543012,0.9801496309543012,0.0,0,0.6052431740130796
2000-12-18,0.9801496309543012,0.9801496309543012,0.0,0,0.6112162667603622
2000-12-19,0.9801496309543012,0.9801496309543012,0.0,0,0.6016162486257353
2000-12-20,0.9801496309543012,0.9801496309543012,0.0,0,0.5828129073207223
2000-12-21,0.9801496309543012,0.9801496309543012,0.0,0,0.580194720556733
2000-12-22,0.9801496309543012,0.9801496309543012,0.0,0,0.5673871402826736
2000-12-26,0.9801496309543012,0.9801496309543012,0.0,0,0.5719434653005248
2001-01-02,0.9801496309543012,0.9801496309543012,0.0,0,0.5904521189178162
2001-01-03,0.9801496309543012,0.9801496309543012,0.0,0,0.5909961577259177
2001-01-04,0.9801496309543012,0.9801496309543012,0.0,0,0.6324677827018327
2001-01-05,0.9801496309543012,0.9801496309543012,0.0,0,0.6583436285121672
2001-01-08,0.9801496309543012,0.9801496309543012,0.0,0,0.6649174307767287
2001-01-09,0.9801496309543012,0.9801496309543012,0.0,0,0.6686236951569212
2001-01-10,0.9801496309543012,0.9801496309543012,0.0,0,0.6356300082739235
2001-01-11,0.9801496309543012,0.9801496309543012,0.0,0,0.6367407541737977
2001-01-12,0.9801496309543012,0.9801496309543012,0.0,0,0.6663001960806538
2001-01-15,0.9801496309543012,0.9801496309543012,0.0,0,0.6789150959435106
2001-01-16,0.9801496309543012,0.9801496309543012,0.0,0,0.68392478663478
2001-01-17,0.9801496309543012,0.9801496309543012,0.0,0,0.6753221729816727
2001-01-18,0.9801496309543012,0.9801496309543012,0.0,0,0.6846388375704133
2001-01-19,0.9801496309543012,0.9801496309543012,0.0,0,0.7024674426775777
2001-01-22,0.9801496309543012,0.9801496309543012,0.0,0,0.7111607294653686
2001-01-26,0.9801496309543012,0.9801496309543012,0.0,0,0.6706751748291379
2001-01-29,0.9801496309543012,0.9801496309543012,0.0,0,0.6761268970519897
2001-01-30,0.9801496309543012,0.9801496309543012,0.0,0,0.6702331432975552
2001-01-31,0.9801496309543012,0.9801496309543012,0.0,0,0.7003479581543484
2001-02-01,0.9801496309543012,0.9801496309543012,0.0,0,0.6939895045846604
2001-02-02,0.9801496309543012,0.9801496309543012,0.0,0,0.6896598624035182
2001-02-05,0.9801496309543012,0.9801496309543012,0.0,0,0.656428158541976
2001-02-06,0.9801496309543012,0.9801496309543012,0.0,0,0.6648380917838806
2001-02-07,0.9801496309543012,0.9801496309543012,0.0,0,0.6530619184168471
2001-02-08,0.9801496309543012,0.9801496309543012,0.0,0,0.6704938285597707
2001-02-09,0.9801496309543012,0.9801496309543012,0.0,0,0.6749141438755966
2001-02-12,0.9801496309543012,0.9801496309543012,0.0,0,0.6791417787802198
2001-02-13,0.9801496309543012,0.9801496309543012,0.0,0,0.6786657448231307
2001-02-14,0.9801496309543012,0.9801496309543012,0.0,0,0.6843894864500335
2001-02-15,0.9801496309543012,0.9801496309543012,0.0,0,0.6841628036133245
2001-02-16,0.9801496309543012,0.9801496309543012,0.0,0,0.6856249079100976
2001-02-19,0.9801496309543012,0.9801496309543012,0.0,0,0.6762742408958505
2001-02-20,0.9801496309543012,0.9801496309543012,0.0,0,0.6899545500912398
2001-02-21,0.9801496309543012,0.9801496309543012,0.0,0,0.673848734543064
2001-02-22,0.9801496309543012,0.9801496309543012,0.0,0,0.6612451688220427
2001-02-23,0.9801496309543012,0.9801496309543012,0.0,0,0.6613698443822326
2001-02-26,0.9801496309543012,0.9801496309543012,0.0,0,0.6634099899126138
2001-02-27,0.9801496309543012,0.9801496309543012,0.0,0,0.6546260299901394
2001-02-28,0.9801496309543012,0.9801496309543012,0.0,0,0.6552267395074183
2001-03-02,0.9801496309543012,0.9801496309543012,0.0,0,0.6340772308424668
2001-03-05,0.9801496309543012,0.9801496309543012,0.0,0,0.6408097110927247
2001-03-06,0.9801496309543012,0.9801496309543012,0.0,0,0.6439492683811445
2001-03-07,0.9801496309543012,0.9801496309543012,0.0,0,0.6445046413310817
2001-03-08,0.9801496309543012,0.9801496309543012,0.0,0,0.6565641682440014
2001-03-09,0.9792011569996957,0.8821346678588711,0.0991282418805953,1,0.6412404084824718
2001-03-12,0.9751321514516426,0.8821346678588711,0.09536910812993876,1,0.6177674007412528
2001-03-13,0.9725688165150144,0.8821346678588711,0.09298483266222136,1,0.5984086864863027
2001-03-14,0.9727196914842573,0.8821346678588711,0.09312551644468516,1,0.615761257636378
2001-03-15,0.9763376116650839,0.8821346678588711,0.09648603380705119,1,0.6141178070702378
2001-03-16,0.976488486634327,0.8821346678588711,0.0966256336525443,1,0.6105362182502352
2001-03-19,0.9743777766054277,0.8821346678588711,0.09466873215018969,1,0.6056172006936495
2001-03-20,0.9769411115420559,0.8821346678588711,0.0970441744779655,1,0.602511645830736
2001-03-21,0.9810865323091978,0.784515994189287,0.2003600412873265,2,0.6036450600142811
2001-03-22,0.9795652512884845,0.784515994189287,0.19911818721890848,2,0.5973659454374411
2001-03-23,0.9790952620300528,0.784515994189287,0.19873374469949517,2,0.6097428283217536
2001-03-26,0.9806032267602596,0.784515994189287,0.19996592629907034,2,0.6188214759319498
2001-03-27,0.9743970721761415,0.784515994189287,0.19487032895407735,2,0.60399641841118
2001-03-28,0.972303726497945,0.784515994189287,0.19313690484868765,2,0.5993380861168096
2001-03-29,0.9663713736885884,0.784515994189287,0.18818374017554867,2,0.5936823493409197
2001-03-30,0.960152096387811,0.784515994189287,0.18292529158586934,2,0.5930249691144636
2001-04-02,0.96074652160832,0.784515994189287,0.1834308253586155,2,0.5839349873624319
2001-04-03,0.9552005994018543,0.784515994189287,0.1786898011992977,2,0.5704020220109035
2001-04-04,0.9523533784564115,0.6894433906490955,0.276063479958925,3,0.559555248274377
2001-04-06,0.9454256782181152,0.7706714966181856,0.18484179732593725,2,0.573756927994197
2001-04-09,0.9408015022193242,0.7706714966181856,0.18083517638928803,2,0.5638282197463419
2001-04-10,0.9366829121388566,0.7706714966181856,0.1772333127563888,2,0.5567443810991851
2001-04-11,0.939045226569395,0.7706714966181856,0.17930311042241026,2,0.575241700574641
2001-04-12,0.947235457952991,0.7706714966181856,0.186399231418518,2,0.5828129073207223
2001-04-13,0.9497813568489688,0.7706714966181856,0.18858009681828775,2,0.5849550601276224
2001-04-16,0.9462564374107307,0.7706714966181856,0.18555745974421414,2,0.5761711002051481
2001-04-17,0.9500519481380763,0.7706714966181856,0.18881120329413847,2,0.5825408879166715
2001-04-18,0.9538724093937359,0.852730433799084,0.10603302349308533,1,0.6120436591143502
2001-04-19,0.9511695999193359,0.852730433799084,0.10349275894498737,1,0.6384635437327862
2001-04-20,0.9556742823766692,0.852730433799084,0.10771855063586504,1,0.6305069761642997
2001-04-23,0.9592306106324586,0.852730433799084,0.1110266662186217,1,0.6357773521177845
2001-04-24,0.9592306106324586,0.852730433799084,0.1110266662186217,1,0.6297702569449954
2001-04-25,0.9433456777565992,0.852730433799084,0.09605730549697347,1,0.641897788708928
2001-04-26,0.9299264658047536,0.852730433799084,0.08301304978868901,1,0.6365480737625951
2001-04-27,0.9184987976761502,0.852730433799084,0.07160419158246432,1,0.6308923369867051
2001-04-30,0.9113387234544941,0.852730433799084,0.0643101057236449,1,0.6543880130115949
2001-05-02,0.9122396599459608,0.852730433799084,0.06523420188769469,1,0.6615738589352708
2001-05-03,0.907199062529335,0.907199062529335,0.0,0,0.6623672488637523
2001-05-04,0.907199062529335,0.907199062529335,0.0,0,0.6637273458840064
2001-05-07,0.907199062529335,0.907199062529335,0.0,0,0.676081560484648
2001-05-08,0.907199062529335,0.907199062529335,0.0,0,0.6697457751986309
2001-05-09,0.907199062529335,0.907199062529335,0.0,0,0.6560654660032417
2001-05-10,0.907199062529335,0.907199062529335,0.0,0,0.6589443380294461
2001-05-11,0.907199062529335,0.907199062529335,0.0,0,0.6608484738578019
2001-05-14,0.907199062529335,0.907199062529335,0.0,0,0.662004556325018
2001-05-15,0.907199062529335,0.907199062529335,0.0,0,0.6588536648947625
2001-05-16,0.907199062529335,0.907199062529335,0.0,0,0.6487662786612112
2001-05-17,0.907199062529335,0.907199062529335,0.0,0,0.6759568849244579
2001-05-18,0.907199062529335,0.907199062529335,0.0,0,0.6806605537861701
2001-05-21,0.907199062529335,0.907199062529335,0.0,0,0.7015380430470708
2001-05-22,0.907199062529335,0.907199062529335,0.0,0,0.7004386312890319
2001-05-23,0.907199062529335,0.907199062529335,0.0,0,0.7056636706751749
2001-05-24,0.907199062529335,0.907199062529335,0.0,0,0.7053009781364404
2001-05-25,0.907199062529335,0.907199062529335,0.0,0,0.707375126092328
2001-05-28,0.907199062529335,0.907199062529335,0.0,0,0.7009826700971337
2001-05-29,0.907199062529335,0.907199062529335,0.0,0,0.716374434709676
2001-05-30,0.907199062529335,0.907199062529335,0.0,0,0.7122601412234073
2001-05-31,0.907199062529335,0.907199062529335,0.0,0,0.693830826598964
2001-06-01,0.907199062529335,0.907199062529335,0.0,0,0.6880617484047197
2001-06-04,0.907199062529335,0.907199062529335,0.0,0,0.6924140588695327
2001-06-05,0.907199062529335,0.907199062529335,0.0,0,0.6773963209375602
2001-06-07,0.907199062529335,0.907199062529335,0.0,0,0.6813406022962971
2001-06-08,0.907199062529335,0.907199062529335,0.0,0,0.7047342710446679
2001-06-11,0.907199062529335,0.907199062529335,0.0,0,0.6893765088576319
2001-06-12,0.907199062529335,0.907199062529335,0.0,0,0.6881524215394031
2001-06-13,0.907199062529335,0.907199062529335,0.0,0,0.6959729794058642
2001-06-14,0.907199062529335,0.907199062529335,0.0,0,0.6956329551508008
2001-06-15,0.907199062529335,0.907199062529335,0.0,0,0.7015380430470708
2001-06-18,0.9073772659379997,0.8164791562764016,0.1001767545582403,1,0.6899998866585817
2001-06-19,0.9127664819258414,0.8164791562764016,0.10548955023664297,1,0.6901472305024425
2001-06-20,0.9155877794059895,0.7250947237640606,0.20805548078144506,2,0.6751974974214828
2001-06-21,0.9168540703757437,0.7250947237640606,0.20914925592586034,2,0.6749821487266091
2001-06-22,0.9263813093628996,0.7250947237640606,0.21728264977330983,2,0.6790057690781943
2001-06-25,0.9288934808271833,0.7250947237640606,0.2193994911899253,2,0.6778043500436365
2001-06-26,0.9237002375667266,0.6323495913737256,0.3154168791387307,3,0.6672522639948317
2001-06-27,0.9182481310502464,0.6323495913737256,0.3113521607166511,3,0.6627752779698285
2001-06-28,0.9069518196688875,0.5406079338714368,0.4039287179898889,4,0.6610864908363463
2001-06-29,0.9230928402308745,0.44887678457408936,0.5137252018314636,5,0.6745287830531912
2001-07-02,0.9156132057531281,0.44887678457408936,0.509752828209953,5,0.6763535798886988
2001-07-03,0.907414565203311,0.44887678457408936,0.5053233639978919,5,0.6735993834226841
2001-07-04,0.9165049062246577,0.35827634719295637,0.6090840924476906,6,0.6769316211223068
2001-07-05,0.9232070422454732,0.35827634719295637,0.6119219949605912,6,0.6728059934942027
2001-07-06,0.9180345604765221,0.35827634719295637,0.6097354472069257,6,0.655725441748178
2001-07-09,0.9084128701767709,0.26785085645228407,0.7051441417819608,7,0.634711942785252
2001-07-10,0.9082455871116024,0.26785085645228407,0.7050898344531441,7,0.6331251629282889
2001-07-11,0.8999125823243384,0.26785085645228407,0.7023590271841007,7,0.6275147627197407
2001-07-12,0.9012898965887501,0.26785085645228407,0.7028138699145967,7,0.6346552720760749
2001-07-13,0.8844473529427721,0.37183398253236205,0.5795860756491841,6,0.621666345532648
2001-07-16,0.8793064226537544,0.37183398253236205,0.5771280944245081,6,0.6221650477734078
2001-07-18,0.8642833066076359,0.4499174534166463,0.47943290125248467,5,0.6126443686316291
2001-07-19,0.8571426920949123,0.4499174534166463,0.4750962032739042,5,0.618549456527899
2001-07-20,0.8511506235425311,0.36462317127542876,0.5716114619550544,6,0.609448140634032
2001-07-23,0.8413118918709617,0.27964010639431736,0.6676142235759484,7,0.5941470491561732
2001-07-24,0.8316034450981469,0.35933649355581077,0.5678992244754332,6,0.5968785773385168
2001-07-25,0.8347005679833557,0.35933649355581077,0.5695025170235943,6,0.5962665336794025
2001-07-26,0.8389433573954033,0.43347127098309246,0.4833128277827312,5,0.5998254542157341
2001-07-27,0.851541462800061,0.5045956828277665,0.40743263261833235,4,0.6133244171417561
2001-07-30,0.845650339187699,0.5045956828277665,0.40330458175838646,4,0.6047104693468134
2001-07-31,0.8479874818861481,0.5045956828277665,0.40494913709644353,4,0.6138004510988451
2001-08-01,0.860041996131715,0.5918910792914198,0.3117881662132555,3,0.6378741683573428
2001-08-02,0.881889193184468,0.5918910792914198,0.32883735976611317,3,0.6431672125944985
2001-08-03,0.8743381808986311,0.5918910792914198,0.32304102437447785,3,0.644561312040259
2001-08-06,0.869692368582778,0.6884906805072928,0.20835147532772486,2,0.6453320336850695
2001-08-07,0.8724784729994999,0.6884906805072928,0.2108794637186567,2,0.6432125491618402
2001-08-08,0.8694088065964644,0.6884906805072928,0.20809327524231602,2,0.64144442303551
2001-08-09,0.866310424329732,0.6884906805072928,0.20526099978540502,2,0.6230037742692311
2001-08-10,0.864198881444697,0.6884906805072928,0.20331917190597332,2,0.6294302326899319
2001-08-13,0.8693721524836598,0.6884906805072928,0.20805988719516386,2,0.6369787711523422
2001-08-14,0.872205748129688,0.6884906805072928,0.21063271827357724,2,0.6541499960330504
2001-08-16,0.8757144058696478,0.6884906805072928,0.21379541561432727,2,0.6584569699305218
2001-08-17,0.8849580562638493,0.7954580387981658,0.10113475642398033,1,0.6585023064978636
2001-08-20,0.8782400493605761,0.8782400493605761,0.0,0,0.6427478493465868
2001-08-21,0.8782400493605761,0.8782400493605761,0.0,0,0.6445499778984234
2001-08-22,0.8782400493605761,0.8782400493605761,0.0,0,0.6515658116945676
2001-08-23,0.8782400493605761,0.8782400493605761,0.0,0,0.6461254236135512
2001-08-24,0.8782400493605761,0.8782400493605761,0.0,0,0.6452640288340568
2001-08-27,0.8782400493605761,0.8782400493605761,0.0,0,0.655952124584887
2001-08-28,0.8782400493605761,0.8782400493605761,0.0,0,0.6534246109555815
2001-08-29,0.8782400493605761,0.8782400493605761,0.0,0,0.6410930646386109
2001-08-30,0.8782400493605761,0.8782400493605761,0.0,0,0.6396536286255087
2001-08-31,0.8782400493605761,0.8782400493605761,0.0,0,0.6178354055922656
2001-09-03,0.8782400493605761,0.8782400493605761,0.0,0,0.6141178070702378
2001-09-04,0.8782400493605761,0.8782400493605761,0.0,0,0.6333405116231624
2001-09-05,0.8782400493605761,0.8782400493605761,0.0,0,0.6255426220403723
2001-09-06,0.8805331088080821,0.7904160444245185,0.10234375457562181,1,0.626313343685183
2001-09-07,0.8803788365041729,0.7904160444245185,0.10218645468225994,1,0.6291355450022103
2001-09-10,0.8890222352543191,0.5269966188408582,0.40721772983540466,4,0.6242051933037891
2001-09-11,0.8881004688453435,0.5269966188408582,0.40660247649004344,4,0.6126897051989709
2001-09-12,0.8478214608434897,0.5269966188408582,0.3784108527796003,4,0.5390517856940462
2001-09-13,0.876971031979884,0.5269966188408582,0.39907180554061167,4,0.5658570311348876
2001-09-14,0.8665805653849734,0.5269966188408582,0.39186656164306766,4,0.5466343265819629
2001-09-17,0.8586842319450361,0.5269966188408582,0.38627425631522366,4,0.5312992326785978
2001-09-18,0.8818860348034903,0.5269966188408582,0.40242095005134276,4,0.5496265400265219
2001-09-19,0.8823728595497021,0.5269966188408582,0.4027506477139399,4,0.5516893538405739
2001-09-20,0.8783887553753491,0.5269966188408582,0.40004170634485814,4,0.5443448299312018
2001-09-21,0.8729362736189428,0.5269966188408582,0.39629428313697884,4,0.5353228530301829
2001-09-24,0.8807566545741883,0.5269966188408582,0.40165468395394555,4,0.5465209851636084
2001-09-25,0.8703980001065597,0.5269966188408582,0.3945337434411155,4,0.5351188384771447
2001-09-26,0.8761433562491558,0.5269966188408582,0.398504120265232,4,0.5359348966892972
2001-09-27,0.878329127917295,0.5269966188408582,0.40000097675175683,4,0.535402192023031
2001-09-28,0.8824974572974451,0.5269966188408582,0.40283497195025403,4,0.5436761155629102
2001-10-04,0.8979472498663994,0.5269966188408582,0.41310960201808383,4,0.5674324768500153
2001-10-05,0.8947621228633844,0.5269966188408582,0.41102042053994936,4,0.5688832470049531
2001-10-08,0.893845177465759,0.6140081376689275,0.3130710405466739,3,0.562320778882227
2001-10-09,0.8916343931384296,0.5243467317988988,0.41192630540722996,4,0.5753323737093247
2001-10-10,0.8891857588282603,0.8005555315639035,0.09967571610812893,1,0.5706287048476124
2001-10-11,0.8882270183891027,0.8005555315639035,0.09870391804135957,1,0.5860318036019903
2001-10-12,0.886842171088097,0.8005555315639035,0.0972965002536196,1,0.585295084382686
2001-10-15,0.887820315060796,0.7119671884990095,0.1980728798143624,2,0.5825635562003423
2001-10-16,0.8898437630600861,0.7119671884990095,0.19989641097149044,2,0.5915401965340195
2001-10-17,0.8913996132769384,0.7119671884990095,0.20129291297121438,2,0.5987713790250371
2001-10-18,0.8886719691900045,0.7119671884990095,0.19884140247166288,2,0.5941470491561732
2001-10-19,0.8877956509975391,0.7119671884990095,0.19805060128529173,2,0.5984880254791508
2001-10-22,0.889032480662493,0.7119671884990095,0.1991662802145734,2,0.5992360788402907
2001-10-23,0.8891636714412117,0.7119671884990095,0.19928443843751628,2,0.6012762243706719
2001-10-24,0.8899256257122913,0.7119671884990095,0.1999700110566485,2,0.6137324462478324
2001-10-25,0.8892287072360838,0.7119671884990095,0.19934300061908886,2,0.614525836176314
2001-10-26,0.889032480662493,0.7119671884990095,0.1991662802145734,2,0.615908601480239
2001-10-29,0.8872635770147166,0.7119671884990095,0.19756968848592724,2,0.62096362873885
2001-10-30,0.8833232077315982,0.7119671884990095,0.19399016999976304,2,0.6050958301692188
2001-10-31,0.8817012025308992,0.7119671884990095,0.19250740902323019,2,0.6095614820523864
2001-11-01,0.8831101543006743,0.7119671884990095,0.19379571729326467,2,0.6166793231250497
2001-11-02,0.8868133656840992,0.7119671884990095,0.19716231616582716,2,0.6240238470344218
2001-11-05,0.8939101847722157,0.8004201553088377,0.10458548415263992,1,0.6365480737625951
2001-11-06,0.8917314415254374,0.8004201553088377,0.10239774215025803,1,0.6409117183692438
2001-11-07,0.8899210469570711,0.8004201553088377,0.1005717214513198,1,0.6370127735778486
2001-11-08,0.8866607692928272,0.8004201553088377,0.09726449728093006,1,0.6494916637386801
2001-11-09,0.8850413047351733,0.8850413047351733,0.0,0,0.6536966303596323
2001-11-12,0.8850413047351733,0.8850413047351733,0.0,0,0.6624579219984359
2001-11-13,0.8850413047351733,0.8850413047351733,0.0,0,0.6673882736968572
2001-11-14,0.8850413047351733,0.8850413047351733,0.0,0,0.6876197168731369
2001-11-15,0.8850413047351733,0.8850413047351733,0.0,0,0.6873476974690862
2001-11-16,0.8850413047351733,0.8850413047351733,0.0,0,0.6923800564440263
2001-11-19,0.8850413047351733,0.8850413047351733,0.0,0,0.7100046469981525
2001-11-20,0.8850413047351733,0.8850413047351733,0.0,0,0.6985571637443472
2001-11-21,0.8850413047351733,0.8850413047351733,0.0,0,0.6975597592628275
2001-11-22,0.8850413047351733,0.8850413047351733,0.0,0,0.7078851624749232
2001-11-23,0.8850413047351733,0.8850413047351733,0.0,0,0.731256162939623
2001-11-26,0.8850413047351733,0.8850413047351733,0.0,0,0.7645558716521779
2001-11-27,0.8850413047351733,0.8850413047351733,0.0,0,0.7595008443935668
2001-11-28,0.8850413047351733,0.8850413047351733,0.0,0,0.7163404322841697
2001-11-29,0.8850413047351733,0.8850413047351733,0.0,0,0.7127588434641672
2001-11-30,0.8850413047351733,0.8850413047351733,0.0,0,0.7297940586428499
2001-12-03,0.8850413047351733,0.8850413047351733,0.0,0,0.7374672726654501
2001-12-04,0.8850413047351733,0.8850413047351733,0.0,0,0.7366058778859559
2001-12-05,0.8850413047351733,0.8850413047351733,0.0,0,0.7801403166759229
2001-12-06,0.8850413047351733,0.8850413047351733,0.0,0,0.7782135125638963
2001-12-07,0.8850413047351733,0.8850413047351733,0.0,0,0.798490292307518
2001-12-10,0.8850413047351733,0.8850413047351733,0.0,0,0.7579934035294518
2001-12-11,0.8850413047351733,0.8850413047351733,0.0,0,0.7594781761098959
2001-12-12,0.8850413047351733,0.8850413047351733,0.0,0,0.7723424270931326
2001-12-13,0.8850413047351733,0.8850413047351733,0.0,0,0.7668567024447744
2001-12-14,0.8850413047351733,0.8850413047351733,0.0,0,0.7539471148941959
2001-12-17,0.8850413047351733,0.8850413047351733,0.0,0,0.7347697469086129
2001-12-18,0.8850413047351733,0.8850413047351733,0.0,0,0.729646714798989
2001-12-19,0.8850413047351733,0.8850413047351733,0.0,0,0.7333756474628523
2001-12-20,0.8850413047351733,0.8850413047351733,0.0,0,0.7531650591075497
2001-12-21,0.8850413047351733,0.8850413047351733,0.0,0,0.7307234582733569
2001-12-24,0.8850413047351733,0.8850413047351733,0.0,0,0.7327409355200671
2001-12-26,0.8850413047351733,0.8850413047351733,0.0,0,0.7411055321946299
2001-12-27,0.8850413047351733,0.8850413047351733,0.0,0,0.7577440524090718
2001-12-28,0.8943133100024594,0.7965371742616559,0.109330963374049,1,0.786249419125231
2002-01-02,0.8937592219032362,0.7965371742616559,0.10877879104234423,1,0.8216686123610152
2002-01-03,0.8962555346028941,0.7965371742616559,0.11126108179116635,1,0.8247401647984223
2002-01-04,0.897369543307648,0.7965371742616559,0.11236437630179667,1,0.8474764533203369
2002-01-07,0.8912570766972708,0.7965371742616559,0.10627674653268188,1,0.8517380906504665
2002-01-08,0.8829224251836936,0.7965371742616559,0.09784013686600503,1,0.8327874055015925
2002-01-09,0.8865385790944129,0.7965371742616559,0.10152000934318298,1,0.8518854344943273
2002-01-10,0.8826482973872358,0.7965371742616559,0.09755994928045637,1,0.8253862108830431
2002-01-11,0.8820942092880127,0.7965371742616559,0.09699308092659925,1,0.8244001405433589
2002-01-14,0.881534288682482,0.7965371742616559,0.09641952163637392,1,0.8432941549830555
2002-01-15,0.8770899188760819,0.7965371742616559,0.0918409194779568,1,0.8145167688628455
2002-01-16,0.8793121037792819,0.7965371742616559,0.0941360060459301,1,0.8058008137913839
2002-01-17,0.8801461521812703,0.7965371742616559,0.09499442531493883,1,0.8086910199594238
2002-01-18,0.881534288682482,0.7965371742616559,0.09641952163637392,1,0.802989946616192
2002-01-21,0.8826482973872358,0.7965371742616559,0.09755994928045637,1,0.8130546645660724
2002-01-22,0.8843163941912128,0.7965371742616559,0.09926223295887089,1,0.8209998979927235
2002-01-23,0.8898689401960592,0.7965371742616559,0.10488259755851245,1,0.8416960409842569
2002-01-24,0.888760763997613,0.7965371742616559,0.10376649540776163,1,0.8587992610139524
2002-01-25,0.8909829489008131,0.7965371742616559,0.10600177562957055,1,0.8780332997087126
2002-01-28,0.8943971581131376,0.8943971581131376,0.0,0,0.8843350825692233
2002-01-29,0.8943971581131376,0.8943971581131376,0.0,0,0.8772965804894083
2002-01-30,0.8943971581131376,0.8943971581131376,0.0,0,0.84943725985787
2002-01-31,0.8943971581131376,0.8943971581131376,0.0,0,0.8478731482845777
2002-02-01,0.8943971581131376,0.8943971581131376,0.0,0,0.8414693581475479
2002-02-04,0.8943971581131376,0.8943971581131376,0.0,0,0.8276303709664623
2002-02-05,0.8943971581131376,0.8943971581131376,0.0,0,0.8386244885468497
2002-02-06,0.8943971581131376,0.8943971581131376,0.0,0,0.8404832878078636
2002-02-07,0.8943971581131376,0.8943971581131376,0.0,0,0.8247968355075996
2002-02-08,0.8943971581131376,0.8943971581131376,0.0,0,0.8383411350009634
2002-02-14,0.8943971581131376,0.8943971581131376,0.0,0,0.9024017046549321
2002-02-15,0.8943971581131376,0.8943971581131376,0.0,0,0.8881320200840994
2002-02-18,0.8943971581131376,0.8943971581131376,0.0,0,0.8958165682485351
2002-02-19,0.8943971581131376,0.8943971581131376,0.0,0,0.8866359133618198
2002-02-20,0.8943971581131376,0.8943971581131376,0.0,0,0.8805381450543472
2002-02-21,0.8943971581131376,0.8943971581131376,0.0,0,0.8926996792437861
2002-02-22,0.8943971581131376,0.8943971581131376,0.0,0,0.8976640333677136
2002-02-25,0.8943971581131376,0.8943971581131376,0.0,0,0.8970746579922702
2002-02-26,0.8943971581131376,0.8943971581131376,0.0,0,0.9080234390053157
2002-02-27,0.8943971581131376,0.8943971581131376,0.0,0,0.9317911344342563
2002-02-28,0.8943971581131376,0.8943971581131376,0.0,0,0.9293882963651408
2002-03-04,0.8943971581131376,0.8943971581131376,0.0,0,0.945505446055152
2002-03-05,0.8943971581131376,0.8943971581131376,0.0,0,0.954278071835791
2002-03-06,0.8943971581131376,0.8943971581131376,0.0,0,0.955536161579526
2002-03-07,0.8943971581131376,0.8943971581131376,0.0,0,0.940099060399642
2002-03-08,0.8943971581131376,0.8943971581131376,0.0,0,0.9353727232542588
2002-03-11,0.8943971581131376,0.8943971581131376,0.0,0,0.9373561980754628
2002-03-12,0.8943971581131376,0.8943971581131376,0.0,0,0.9589024017046549
2002-03-13,0.8943971581131376,0.8943971581131376,0.0,0,0.9624159856736447
2002-03-14,0.8943971581131376,0.8943971581131376,0.0,0,0.9711772773124483
2002-03-15,0.8943971581131376,0.8943971581131376,0.0,0,0.9751442269548561
2002-03-18,0.8943971581131376,0.8943971581131376,0.0,0,0.9857416495710029
2002-03-19,0.8943971581131376,0.8943971581131376,0.0,0,1.0087159550714617
2002-03-20,0.8943971581131376,0.8943971581131376,0.0,0,1.005882419612599
2002-03-21,0.8943971581131376,0.8943971581131376,0.0,0,1.003796937514876
2002-03-22,0.8943971581131376,0.8943971581131376,0.0,0,1.0155164401727323
2002-03-25,0.8943971581131376,0.8943971581131376,0.0,0,0.9967357671513901
2002-03-26,0.8943971581131376,0.8943971581131376,0.0,0,0.9985718981287331
2002-03-27,0.8943971581131376,0.8943971581131376,0.0,0,1.0228609640821047
2002-03-28,0.8943971581131376,0.8943971581131376,0.0,0,1.011764839225198
2002-03-29,0.8943971581131376,0.8943971581131376,0.0,0,1.0150630744993143
2002-04-01,0.8943971581131376,0.8943971581131376,0.0,0,0.9926781443742988
2002-04-02,0.8943971581131376,0.8943971581131376,0.0,0,1.0261251969307146
2002-04-03,0.8943971581131376,0.8943971581131376,0.0,0,1.041142934862687
2002-04-04,0.8943971581131376,0.8943971581131376,0.0,0,1.0404855546362308
2002-04-08,0.8943971581131376,0.8943971581131376,0.0,0,1.02085482097723
2002-04-09,0.8932829467920528,0.8049574423018239,0.09887741035180671,1,1.0072311824910176
2002-04-10,0.8886221566290665,0.8049574423018239,0.09415105588253571,1,0.9702365435401059
2002-04-11,0.8934594918739841,0.8049574423018239,0.09905546964029881,1,0.9779777624137189
2002-04-12,0.897255211135507,0.8049574423018239,0.10286679607787087,1,0.9925194663886024
2002-04-15,0.8955194135782691,0.714926498196532,0.201662758666653,2,1.0135896360607057
2002-04-16,0.8984213381643087,0.714926498196532,0.20424140898378587,2,1.0215348694873567
2002-04-17,0.9093058250465551,0.714926498196532,0.21376672346740022,2,1.0546532319305444
2002-04-18,0.9097312786956724,0.6240455810606992,0.314033060448988,3,1.0627004726337146
2002-04-19,0.9062278295485642,0.6240455810606992,0.31138113318417243,3,1.0472067007446533
2002-04-22,0.8994899096360148,0.6240455810606992,0.30622281097825343,3,1.0437497874848407
2002-04-23,0.8975365529286581,0.6240455810606992,0.3047129066504968,3,1.0492015097076925
2002-04-24,0.8920098069807099,0.6240455810606992,0.30040502225756976,3,1.0378560337304061
2002-04-25,0.8775588071680767,0.6240455810606992,0.28888460127871823,3,0.9889945482777772
2002-04-26,0.8754215460518583,0.6240455810606992,0.28714847849571673,3,0.9856736447199901
2002-04-29,0.8628746343085987,0.6240455810606992,0.2767830270491931,3,0.9503791270443959
2002-04-30,0.8553518130787342,0.6240455810606992,0.27042233205244115,3,0.9547201033673736
2002-05-02,0.8715507298401798,0.6240455810606992,0.28398249270569337,3,0.9745775198630836
2002-05-03,0.8705694414325608,0.6240455810606992,0.28317541213736563,3,0.971018599326752
2002-05-06,0.8622586868773595,0.6240455810606992,0.2762664029275727,3,0.937186185947931
2002-05-07,0.8660462125659066,0.7282983825894913,0.1590536717068463,2,0.9365854764306522
2002-05-08,0.873079990192049,0.7282983825894913,0.16582857152723257,2,0.9573609584150335
2002-05-09,0.8694963838038434,0.6403888763569808,0.2634944914256811,3,0.950560473313763
2002-05-10,0.8689279856823489,0.6403888763569808,0.26301271577287455,3,0.9270534631470378
2002-05-13,0.8702947027808927,0.7111537656773621,0.18285867602666112,2,0.9315417833138764
2002-05-14,0.8741725421264975,0.7111537656773621,0.186483524239481,2,0.9490870348751544
2002-05-15,0.8712587909771872,0.6235664015677647,0.2842925569010506,3,0.9777057430096681
2002-05-16,0.8664526762549097,0.6114023130926234,0.2943615619778532,3,0.9725147060490315
2002-05-17,0.8659804934202104,0.6114023130926234,0.2939768069395242,3,0.9917714130274626
2002-05-20,0.8601188507112764,0.6114023130926234,0.28916531408767115,3,0.9812873318296705
2002-05-21,0.8451154381529388,0.6114023130926234,0.2765458001466787,3,0.9493023835700279
2002-05-22,0.8543494470682489,0.6114023130926234,0.28436506257400074,3,0.9782044452504278
2002-05-23,0.8466204820480812,0.6114023130926234,0.2778318903724554,3,0.9583130263292116
2002-05-24,0.8468300382721613,0.6114023130926234,0.27801059780531095,3,0.9685817588321302
2002-05-27,0.8414036622952947,0.6114023130926234,0.2733543476329096,3,0.9527139602624988
2002-05-28,0.840871247555943,0.5270077506522268,0.37325987517825654,4,0.9620419589930749
2002-05-29,0.8315398558117053,0.5270077506522268,0.3662267094368079,4,0.9466161919550262
2002-05-30,0.8200362376037715,0.5270077506522268,0.35733602189069535,4,0.9244239422412133
2002-05-31,0.8137657108349821,0.5270077506522268,0.3523839311053312,4,0.902651055775312
2002-06-03,0.8091184898392585,0.5270077506522268,0.34866430903473294,4,0.9123190787609516
2002-06-04,0.8083794193284753,0.5270077506522268,0.34806881762277586,4,0.9139058586179148
2002-06-05,0.8111714412676518,0.5982039626041484,0.2625431170637493,3,0.9176007888562718
2002-06-07,0.8028416779499993,0.5982039626041484,0.25489174387206587,3,0.9012456221877161
2002-06-10,0.8108944004467078,0.5982039626041484,0.2622911660573706,3,0.9202189756202609
2002-06-11,0.8132990094748123,0.5982039626041484,0.2644722843195905,3,0.9241065862698207
2002-06-12,0.818108195497874,0.66884891252036,0.1824444294763232,2,0.9328678779086241
2002-06-14,0.817946739109877,0.7446545244518268,0.08960511871202011,1,0.9316777930159018
2002-06-17,0.8162939409435424,0.7446545244518268,0.08776178885869056,1,0.9171134207573474
2002-06-18,0.8146411427772077,0.7446545244518268,0.08591097926479416,1,0.9173854401613982
2002-06-19,0.8113355464445383,0.7446545244518268,0.08218673800861226,1,0.8799487696789038
2002-06-20,0.8098946454790158,0.7446545244518268,0.0805538367136659,1,0.8804474719196635
2002-06-21,0.8074184753323825,0.7446545244518268,0.07773410294422387,1,0.8823969443153612
2002-06-24,0.8049362509800116,0.7446545244518268,0.07489006297677832,1,0.8703714198279477
2002-06-25,0.8070067893422331,0.7446545244518268,0.07726361873761661,1,0.8567704496254066
2002-06-26,0.8025499010296998,0.8025499010296998,0.0,0,0.7955094130047944
2002-06-27,0.8025499010296998,0.8025499010296998,0.0,0,0.8052114384159403
2002-06-28,0.8025499010296998,0.8025499010296998,0.0,0,0.8418093824026115
2002-07-02,0.8025499010296998,0.8025499010296998,0.0,0,0.8457876661868547
2002-07-03,0.8025499010296998,0.8025499010296998,0.0,0,0.8538689093155313
2002-07-04,0.8025499010296998,0.8025499010296998,0.0,0,0.8713008194584547
2002-07-05,0.8025499010296998,0.8025499010296998,0.0,0,0.8929376962223307
2002-07-08,0.8025499010296998,0.8025499010296998,0.0,0,0.8878600006800486
2002-07-09,0.8025499010296998,0.8025499010296998,0.0,0,0.9089868410613291
2002-07-10,0.8025499010296998,0.8025499010296998,0.0,0,0.9007355858051208
2002-07-11,0.8025499010296998,0.8025499010296998,0.0,0,0.8669258407099707
2002-07-12,0.8025499010296998,0.8025499010296998,0.0,0,0.8987181085584105
2002-07-15,0.8025499010296998,0.8025499010296998,0.0,0,0.8880526810912512
2002-07-16,0.8025499010296998,0.8025499010296998,0.0,0,0.874372371895862
2002-07-18,0.8025499010296998,0.8025499010296998,0.0,0,0.8770925659363702
2002-07-19,0.8025499010296998,0.8025499010296998,0.0,0,0.855297011186798
2002-07-22,0.8025499010296998,0.8025499010296998,0.0,0,0.8170782849176574
2002-07-23,0.8025499010296998,0.8025499010296998,0.0,0,0.8427161137494474
2002-07-24,0.8025499010296998,0.8025499010296998,0.0,0,0.8176563261512655
2002-07-25,0.8025499010296998,0.8025499010296998,0.0,0,0.8200478300785456
2002-07-26,0.8025499010296998,0.8025499010296998,0.0,0,0.7909417538451077
2002-07-29,0.8025499010296998,0.8025499010296998,0.0,0,0.7937866234458059
2002-07-30,0.8025499010296998,0.8025499010296998,0.0,0,0.820682542021331
2002-07-31,0.8025499010296998,0.8025499010296998,0.0,0,0.8137800496435413
2002-08-01,0.8025499010296998,0.8025499010296998,0.0,0,0.8022305591132167
2002-08-02,0.8005796594399509,0.7222949109267298,0.09778508308340671,1,0.7941606501263757
2002-08-05,0.7985433509526128,0.7222949109267298,0.0954844091243428,1,0.765915968672432
2002-08-06,0.7983170944540197,0.7222949109267298,0.09522805418476282,1,0.7636718085890127
2002-08-07,0.7996746334455783,0.7222949109267298,0.09676400786334885,1,0.7700075938750298
2002-08-08,0.8028422244258822,0.7222949109267298,0.10032769957603092,1,0.7758106744947807
2002-08-09,0.8014846854343234,0.7222949109267298,0.09880385233397282,1,0.7848326513957996
2002-08-12,0.8014846854343234,0.7222949109267298,0.09880385233397282,1,0.7881648890954221
2002-08-13,0.8030684809244752,0.7222949109267298,0.10058117323289865,1,0.8031712928855592
2002-08-14,0.8019371984315096,0.7222949109267298,0.09931237466044761,1,0.8061295039046119
2002-08-16,0.8039735069188477,0.7222949109267298,0.10159364119489882,1,0.8141200738986047
2002-08-19,0.8037472504202546,0.7222949109267298,0.10134073796325384,1,0.8133153498282878
2002-08-20,0.8037472504202546,0.7222949109267298,0.10134073796325384,1,0.8349862290176701
2002-08-21,0.8075936108963377,0.7222949109267298,0.10562082069338809,1,0.8445295764431197
2002-08-22,0.8069148414005584,0.7222949109267298,0.10486847698445366,1,0.845243627378753
2002-08-23,0.8064623284033721,0.7222949109267298,0.10436621093421226,1,0.8393045370569767
2002-08-26,0.8041997634174408,0.7222949109267298,0.10184640212110607,1,0.8328214079270988
2002-08-27,0.8037472504202546,0.7222949109267298,0.10134073796325384,1,0.8207845492978499
2002-08-28,0.8037472504202546,0.7222949109267298,0.10134073796325384,1,0.8206485395958245
2002-08-29,0.802615967927289,0.7222949109267298,0.1000740830113109,1,0.8216572782191798
2002-08-30,0.8026811297988838,0.8026811297988838,0.0,0,0.8346462047626064
2002-09-02,0.8026811297988838,0.8026811297988838,0.0,0,0.852304797742239
2002-09-03,0.8026811297988838,0.8026811297988838,0.0,0,0.8393952101916604
2002-09-04,0.8026811297988838,0.8026811297988838,0.0,0,0.8195151254122794
2002-09-05,0.8026811297988838,0.8026811297988838,0.0,0,0.8171689580523411
2002-09-06,0.8026811297988838,0.8026811297988838,0.0,0,0.8032846343039137
2002-09-09,0.8026811297988838,0.8026811297988838,0.0,0,0.7909984245542849
2002-09-10,0.8026811297988838,0.8026811297988838,0.0,0,0.8084643371227147
2002-09-11,0.8026811297988838,0.8026811297988838,0.0,0,0.8213965929569643
2002-09-12,0.8026811297988838,0.8026811297988838,0.0,0,0.8378424327602036
2002-09-13,0.8026811297988838,0.8026811297988838,0.0,0,0.8139840641965793
2002-09-16,0.8026811297988838,0.8026811297988838,0.0,0,0.7983542826054926
2002-09-17,0.8026811297988838,0.8026811297988838,0.0,0,0.8237654286005734
2002-09-18,0.8026811297988838,0.8026811297988838,0.0,0,0.7977762413718845
2002-09-19,0.8026811297988838,0.8026811297988838,0.0,0,0.7980595949177708
2002-09-23,0.8026811297988838,0.8026811297988838,0.0,0,0.7700755987260425
2002-09-24,0.8026811297988838,0.8026811297988838,0.0,0,0.761971687313695
2002-09-25,0.8026811297988838,0.8026811297988838,0.0,0,0.7457411962053294
2002-09-26,0.8026811297988838,0.8026811297988838,0.0,0,0.750784889322105
2002-09-27,0.8026811297988838,0.8026811297988838,0.0,0,0.7522696619025491
2002-09-30,0.8026811297988838,0.8026811297988838,0.0,0,0.732661596527219
2002-10-01,0.8026811297988838,0.8026811297988838,0.0,0,0.7391333915152615
2002-10-02,0.8026811297988838,0.8026811297988838,0.0,0,0.7345657323555748
2002-10-04,0.8026811297988838,0.8026811297988838,0.0,0,0.7377619603531719
2002-10-07,0.8026811297988838,0.8026811297988838,0.0,0,0.7111040587561913
2002-10-08,0.8026811297988838,0.8026811297988838,0.0,0,0.7195366602817669
2002-10-09,0.8026811297988838,0.8026811297988838,0.0,0,0.7026487889469449
2002-10-10,0.8026811297988838,0.8026811297988838,0.0,0,0.661959219757676
2002-10-11,0.8026811297988838,0.8026811297988838,0.0,0,0.6658921669745775
2002-10-14,0.8026811297988838,0.8026811297988838,0.0,0,0.6962223305262442
2002-10-15,0.8026811297988838,0.8026811297988838,0.0,0,0.7135635675344842
2002-10-16,0.8026811297988838,0.8026811297988838,0.0,0,0.7211347742805654
2002-10-17,0.8026811297988838,0.8026811297988838,0.0,0,0.7306667875641796
2002-10-18,0.8026811297988838,0.8026811297988838,0.0,0,0.7602829001802128
2002-10-21,0.8026811297988838,0.8026811297988838,0.0,0,0.7397454351743757
2002-10-22,0.8026811297988838,0.8026811297988838,0.0,0,0.7245576851148715
2002-10-23,0.8026811297988838,0.8026811297988838,0.0,0,0.7451404866880504
2002-10-24,0.8026811297988838,0.8026811297988838,0.0,0,0.742363621938365
2002-10-25,0.8026811297988838,0.8026811297988838,0.0,0,0.7433836947035556
2002-10-28,0.8065345844730021,0.7224130168189955,0.10430001301056728,1,0.7686134944292693
2002-10-29,0.8046932614230251,0.7224130168189955,0.10225044566487933,1,0.7629917600788856
2002-10-30,0.8051277309067275,0.7224130168189955,0.10273489647981626,1,0.7458205351981775
2002-10-31,0.8044863711926906,0.7224130168189955,0.10201957088722,1,0.7468292738215326
2002-11-01,0.8027484932578808,0.7224130168189955,0.10007552441842794,1,0.7340556959729794
2002-11-04,0.8038243224556202,0.7224130168189955,0.10127997295219873,1,0.762425052987113
2002-11-05,0.8044863711926906,0.7224130168189955,0.10201957088722,1,0.7536070906391322
2002-11-06,0.8024174688893456,0.7224130168189955,0.0997042751089244,1,0.7736231851205385
2002-11-07,0.8016726640601414,0.7224130168189955,0.09886784319141992,1,0.7721610808237654
2002-11-08,0.8021071335438439,0.7224130168189955,0.09935595058573582,1,0.764884561765406
2002-11-11,0.7995210056646627,0.7224130168189955,0.09644273045905186,1,0.7455371816522912
2002-11-12,0.7985486215820905,0.7224130168189955,0.09534247847332648,1,0.7417402441374151
2002-11-13,0.8033898529719178,0.7224130168189955,0.10079394935518654,1,0.741082863910959
2002-11-14,0.804920840676393,0.7224130168189955,0.10250427083993048,1,0.7391560597989323
2002-11-15,0.8092241574673505,0.7224130168189955,0.10727700087457856,1,0.7627310748166704
2002-11-18,0.8107344561487924,0.7224130168189955,0.10894003413811666,1,0.7561346042684378
2002-11-19,0.8167963398975931,0.7224130168189955,0.11555306808846755,1,0.7610196193995172
2002-11-20,0.8152860412161513,0.7224130168189955,0.11391465044417831,1,0.7729884731777534
2002-11-21,0.8141895229953785,0.7224130168189955,0.11272130577011115,1,0.7824864840358613
2002-11-22,0.8181148513355149,0.8181148513355149,0.0,0,0.7853086853528886
2002-11-25,0.8181148513355149,0.8181148513355149,0.0,0,0.8000317355971394
2002-11-26,0.8181148513355149,0.8181148513355149,0.0,0,0.7959627786782124
2002-11-27,0.8181148513355149,0.8181148513355149,0.0,0,0.802536580942774
2002-11-28,0.8181148513355149,0.8181148513355149,0.0,0,0.8098697707103106
2002-11-29,0.8181148513355149,0.8181148513355149,0.0,0,0.8214986002334833
2002-12-02,0.8181148513355149,0.8181148513355149,0.0,0,0.827573700257285
2002-12-03,0.8181148513355149,0.8181148513355149,0.0,0,0.8348388851738091
2002-12-04,0.8181148513355149,0.8181148513355149,0.0,0,0.8098244341429689
2002-12-05,0.8181148513355149,0.8181148513355149,0.0,0,0.8191864352990513
2002-12-06,0.8181148513355149,0.8181148513355149,0.0,0,0.8138933910618958
2002-12-09,0.8181148513355149,0.8181148513355149,0.0,0,0.8037153316936608
2002-12-10,0.8181148513355149,0.8181148513355149,0.0,0,0.7961554590894151
2002-12-11,0.8181148513355149,0.8181148513355149,0.0,0,0.7918144827664374
2002-12-12,0.8181148513355149,0.8181148513355149,0.0,0,0.8108218386244885
2002-12-13,0.8181148513355149,0.8181148513355149,0.0,0,0.8026045857937867
2002-12-16,0.8181148513355149,0.8181148513355149,0.0,0,0.7847986489702932
2002-12-17,0.8181148513355149,0.8181148513355149,0.0,0,0.7984789581656825
2002-12-18,0.8181148513355149,0.8181148513355149,0.0,0,0.8038400072538509
2002-12-20,0.8181148513355149,0.8181148513355149,0.0,0,0.8040893583742308
2002-12-23,0.8181148513355149,0.8181148513355149,0.0,0,0.7836198982194064
2002-12-24,0.8172596211549855,0.7363033662019633,0.09905818525404614,1,0.768250801890535
2002-12-26,0.8169136542534768,0.7363033662019633,0.09867663201832252,1,0.7615296557821125
2002-12-27,0.8152991420464365,0.7363033662019633,0.09689176864112761,1,0.7445624454544424
2002-12-30,0.8118394730313501,0.7363033662019633,0.09304315611476782,1,0.711274070883723
2003-01-02,0.8118394730313501,0.7363033662019633,0.09304315611476782,1,0.7199106869623366
2003-01-03,0.8123007622333616,0.7363033662019633,0.09355819859438391,1,0.749300116741661
2003-01-06,0.8113781838293386,0.7363033662019633,0.09252752800556702,1,0.755658570311349
2003-01-07,0.8125314068343674,0.7363033662019633,0.09381550053479093,1,0.7392127305081096
2003-01-08,0.8102249608243097,0.7363033662019633,0.09123588903894023,1,0.738668691700008
2003-01-09,0.8089564155187781,0.7363033662019633,0.08981083272604104,1,0.7145043013068265
2003-01-10,0.8095330270212925,0.7363033662019633,0.09045913925066214,1,0.7121921363723946
2003-01-13,0.8147225305439221,0.7363033662019633,0.09625260306672118,1,0.7345203957882329
2003-01-14,0.8151838197459336,0.7363033662019633,0.09676400786334886,1,0.7367758900134876
2003-01-15,0.8131080183368817,0.7363033662019633,0.09445811676044401,1,0.7347810810504483
2003-01-16,0.8132233406373847,0.7363033662019633,0.09458653065114106,1,0.7352344467238664
2003-01-17,0.8112628615288356,0.7363033662019633,0.09239852935657646,1,0.7213727912591099
2003-01-20,0.8123007622333616,0.7363033662019633,0.09355819859438391,1,0.7191512994593615
2003-01-21,0.8103402831248127,0.7363033662019633,0.0913652183714107,1,0.7172925001983476
2003-01-22,0.8087257709177723,0.7363033662019633,0.08955125126484012,1,0.7055389951149849
2003-01-23,0.8108827592263782,0.8108827592263782,0.0,0,0.7085878792687211
2003-01-24,0.8108827592263782,0.8108827592263782,0.0,0,0.6907366058778859
2003-01-27,0.8108827592263782,0.8108827592263782,0.0,0,0.6722166181187592
2003-01-28,0.8108827592263782,0.8108827592263782,0.0,0,0.680683222069841
2003-01-29,0.8108827592263782,0.8108827592263782,0.0,0,0.66117716397103
2003-01-30,0.8108827592263782,0.8108827592263782,0.0,0,0.6708225186729987
2003-02-03,0.8108827592263782,0.8108827592263782,0.0,0,0.6805132099423092
2003-02-04,0.8092266935699002,0.5676179314584648,0.29856746450809635,3,0.6843328157408561
2003-02-05,0.8139322827323274,0.40588529572963516,0.5013279306638387,5,0.6808192317718663
2003-02-06,0.8016874694815648,0.3242789074198445,0.5955045828151099,6,0.6681476611998323
2003-02-07,0.7844032238726306,0.3242789074198445,0.5865915672568679,6,0.6545240227136203
2003-02-10,0.7725761763609941,0.3242789074198445,0.5802628694205012,6,0.6542633374514049
2003-02-11,0.771123589866924,0.3242789074198445,0.5794721991635522,6,0.6528239014383026
2003-02-12,0.7717570500299269,0.3242789074198445,0.5798173694593787,6,0.6611091591200172
2003-02-13,0.7664903647962518,0.3242789074198445,0.5769302233746353,6,0.6524725430414036
2003-02-14,0.7680230978420336,0.3242789074198445,0.5777745378609148,6,0.6519851749424793
2003-02-17,0.7791127835206282,0.3242789074198445,0.5837843836235055,6,0.6821679946502851
2003-02-18,0.7770775847436893,0.3242789074198445,0.5826942974724919,6,0.6839587890602864
2003-02-19,0.7718832361757553,0.3242789074198445,0.5798860601942037,6,0.6809892438993982
2003-02-20,0.7760325154567171,0.3242789074198445,0.5821323192508279,6,0.6862936222783892
2003-02-21,0.7747453115597424,0.3242789074198445,0.5814380512132488,6,0.6841288011878182
2003-02-24,0.7758479131131495,0.3242789074198445,0.5820328933815773,6,0.6985118271770053
2003-02-25,0.760137482868808,0.3242789074198445,0.5733943993973367,6,0.6712645502045813
2003-02-26,0.76357925622676,0.3242789074198445,0.5753172905426028,6,0.6690090559793266
2003-02-27,0.7588131159487876,0.3242789074198445,0.5726498388020351,6,0.6601684253476748
2003-02-28,0.7576884647165983,0.3242789074198445,0.5720155149238862,6,0.6522005236373528
2003-03-03,0.7732682962808285,0.5523556537630122,0.28568692597425105,3,0.6687597048589466
2003-03-04,0.7643466997782852,0.6962599326854858,0.08907838172461449,1,0.6535039499484298
2003-03-05,0.7598553704093607,0.6847788657277691,0.09880367712758967,1,0.6350066304729738
2003-03-06,0.7573422609699487,0.6847788657277691,0.09581321283886324,1,0.6294188985480965
2003-03-07,0.75723666813636,0.6847788657277691,0.09568712855244743,1,0.6188668124992917
2003-03-10,0.7556316570658113,0.6847788657277691,0.09376630885631514,1,0.6168493352525813
2003-03-11,0.7450512551402199,0.6847788657277691,0.08089697050588464,1,0.6035770551632683
2003-03-12,0.7366038284531209,0.6847788657277691,0.0703566296066978,1,0.6027609969511158
2003-03-13,0.732084455175523,0.6847788657277691,0.06461766687343741,1,0.6027269945256095
2003-03-14,0.7391169378925329,0.6847788657277691,0.07351755774898022,1,0.6093801357830192
2003-03-17,0.7394125978265813,0.6847788657277691,0.07388801902943197,1,0.5839803239297737
2003-03-18,0.744037563937768,0.6847788657277691,0.07964476671900302,1,0.6089947749606138
2003-03-19,0.7446500023725826,0.6847788657277691,0.08040171416645912,1,0.6140611363610604
2003-03-20,0.7492749684837693,0.6847788657277691,0.08607801604064565,1,0.6443006267780436
2003-03-21,0.7505843196202696,0.6847788657277691,0.0876723003296849,1,0.6525858844597582
2003-03-24,0.7506899124538584,0.6847788657277691,0.0878006293046338,1,0.6458760724931712
2003-03-25,0.7475643645796317,0.6847788657277691,0.08398674659561653,1,0.6290222035838557
2003-03-26,0.7485780557820836,0.6847788657277691,0.08522717111665759,1,0.628806854888982
2003-03-27,0.7503731339530921,0.6847788657277691,0.08741553402873227,1,0.6225390744539777
2003-03-28,0.7524005163579959,0.6847788657277691,0.08987454043432902,1,0.6305523127316416
2003-03-31,0.7521893306908184,0.6847788657277691,0.08961901241159431,1,0.6071699781251063
2003-04-01,0.7519491281129708,0.7519491281129708,0.0,0,0.6104115426900452
2003-04-02,0.7519491281129708,0.7519491281129708,0.0,0,0.6153532285303018
2003-04-03,0.7519491281129708,0.7519491281129708,0.0,0,0.6179827494361265
2003-04-04,0.7519491281129708,0.7519491281129708,0.0,0,0.6324564485599973
2003-04-07,0.7519491281129708,0.7519491281129708,0.0,0,0.6640673701390699
2003-04-08,0.7519491281129708,0.7519491281129708,0.0,0,0.665676818279704
2003-04-09,0.7519491281129708,0.7519491281129708,0.0,0,0.6454453751034241
2003-04-10,0.7519491281129708,0.7519491281129708,0.0,0,0.6548073762595066
2003-04-11,0.7519491281129708,0.7519491281129708,0.0,0,0.6607464665812829
2003-04-14,0.7519491281129708,0.7519491281129708,0.0,0,0.6737013906992032
2003-04-15,0.7519491281129708,0.7519491281129708,0.0,0,0.6857042469029457
2003-04-16,0.7519491281129708,0.7519491281129708,0.0,0,0.704235568803908
2003-04-17,0.7519491281129708,0.7519491281129708,0.0,0,0.6944655385417494
2003-04-18,0.7519491281129708,0.7519491281129708,0.0,0,0.7081231794534677
2003-04-21,0.7519491281129708,0.7519491281129708,0.0,0,0.7036575275703001
2003-04-22,0.7519491281129708,0.7519491281129708,0.0,0,0.6838114452164256
2003-04-23,0.7519491281129708,0.7519491281129708,0.0,0,0.6778836890364847
2003-04-24,0.7519491281129708,0.7519491281129708,0.0,0,0.6668442348887554
2003-04-25,0.7519491281129708,0.7519491281129708,0.0,0,0.642226478822156
2003-04-28,0.7519491281129708,0.7519491281129708,0.0,0,0.6449353387208288
2003-04-29,0.7519491281129708,0.7519491281129708,0.0,0,0.6770562966824968
2003-04-30,0.7519491281129708,0.7519491281129708,0.0,0,0.6793117909077515
2003-05-02,0.7519491281129708,0.7519491281129708,0.0,0,0.6771469698171804
2003-05-06,0.7519491281129708,0.7519491281129708,0.0,0,0.684956193541806
2003-05-07,0.7519491281129708,0.7519491281129708,0.0,0,0.700540638565551
2003-05-09,0.7519491281129708,0.7519491281129708,0.0,0,0.7017080551746026
2003-05-12,0.7519491281129708,0.7519491281129708,0.0,0,0.7152296863842954
2003-05-13,0.7519491281129708,0.7519491281129708,0.0,0,0.6959956476895353
2003-05-14,0.7519491281129708,0.7519491281129708,0.0,0,0.6913486495370004
2003-05-15,0.7519491281129708,0.7519491281129708,0.0,0,0.7019800745786533
2003-05-16,0.7519491281129708,0.7519491281129708,0.0,0,0.6923007174511782
2003-05-19,0.7519491281129708,0.7519491281129708,0.0,0,0.6759228824989516
2003-05-20,0.7519491281129708,0.7519491281129708,0.0,0,0.6824060116288296
2003-05-21,0.7519491281129708,0.7519491281129708,0.0,0,0.6806945562116765
2003-05-22,0.7531003937816403,0.6767542153016737,0.10137583131061668,1,0.6748121365990775
2003-05-23,0.75372697226664,0.6767542153016737,0.10212286384483565,1,0.6930941073796598
2003-05-26,0.7524738152966405,0.6767542153016737,0.1006275546812438,1,0.7000532704666266
2003-05-27,0.749003534456642,0.6767542153016737,0.09646058507238019,1,0.6962563329517505
2003-05-28,0.7489553361116421,0.6767542153016737,0.09640243860844301,1,0.7121921363723946
2003-05-29,0.7482323609366424,0.6767542153016737,0.0955293427104541,1,0.7168051320994231
2003-05-30,0.7493409228716419,0.6767542153016737,0.09686740087782704,1,0.7179272121411328
2003-06-02,0.7491963278366419,0.6767542153016737,0.09669309611293753,1,0.7352571150075373
2003-06-03,0.7479913692116424,0.6767542153016737,0.0952379356797263,1,0.7219168300672115
2003-06-04,0.7475093857616427,0.6767542153016737,0.09465455793290951,1,0.7256910992984166
2003-06-05,0.7453404602366437,0.6767542153016737,0.09202002117689144,1,0.7280826032256968
2003-06-09,0.749003534456642,0.6767542153016737,0.09646058507238019,1,0.7371159142685512
2003-06-10,0.7481359642466424,0.6767542153016737,0.09541280242669352,1,0.7364358657584241
2003-06-11,0.7526184103316405,0.6767542153016737,0.10080034448869953,1,0.7381813236010836
2003-06-12,0.7521846252266406,0.6767542153016737,0.10028177577046199,1,0.7457298620634939
2003-06-13,0.7517990384666409,0.6767542153016737,0.09982032341784786,1,0.7539924514615376
2003-06-16,0.7531003937816403,0.6767542153016737,0.10137583131061668,1,0.7455825182196331
2003-06-17,0.7519436335016407,0.6767542153016737,0.09999342350945378,1,0.7646692130705324
2003-06-18,0.7498229063216417,0.6767542153016737,0.09744793124341374,1,0.7659046345305965
2003-06-19,0.7484742202318523,0.7484742202318523,0.0,0,0.7826111595960512
2003-06-20,0.7484742202318523,0.7484742202318523,0.0,0,0.7777714810323137
2003-06-23,0.7484742202318523,0.7484742202318523,0.0,0,0.7645898740776843
2003-06-24,0.7484742202318523,0.7484742202318523,0.0,0,0.7525983520157772
2003-06-25,0.7484742202318523,0.7484742202318523,0.0,0,0.763955162134899
2003-06-26,0.7484742202318523,0.7484742202318523,0.0,0,0.7659046345305965
2003-06-27,0.7484742202318523,0.7484742202318523,0.0,0,0.7676387582314205
2003-06-30,0.7484742202318523,0.7484742202318523,0.0,0,0.759308163982364
2003-07-01,0.7484742202318523,0.7484742202318523,0.0,0,0.7647712203470515
2003-07-02,0.7484742202318523,0.7484742202318523,0.0,0,0.7772954470752247
2003-07-03,0.7445153904829285,0.673626798208667,0.09521440816459102,1,0.7784628636842762
2003-07-04,0.7465029211074404,0.673626798208667,0.09762335931741749,1,0.7857393827426357
2003-07-07,0.749152961940123,0.673626798208667,0.10081541096208414,1,0.7982522753289735
2003-07-08,0.7474966864196964,0.673626798208667,0.0988230309954227,1,0.8028426027723312
2003-07-09,0.7463372935553978,0.673626798208667,0.09742310343404235,1,0.7996237064910631
2003-07-10,0.7463372935553978,0.673626798208667,0.09742310343404235,1,0.793967969715173
2003-07-11,0.7446810180349711,0.673626798208667,0.09541564522995172,1,0.7980935973432771
2003-07-14,0.7479935690758244,0.673626798208667,0.09942167144436884,1,0.8161715535708215
2003-07-15,0.7455091557951844,0.673626798208667,0.09642048930954489,1,0.8086343492502466
2003-07-16,0.7446810180349711,0.673626798208667,0.09541564522995172,1,0.8120685942263882
2003-07-18,0.7410372118900324,0.673626798208667,0.09096764993681439,1,0.7926532092622608
2003-07-21,0.7388840537134778,0.673626798208667,0.08831866810068688,1,0.7860227362885219
2003-07-22,0.7398778190257338,0.673626798208667,0.08954319093428918,1,0.7930499042265016
2003-07-23,0.7395465639216484,0.673626798208667,0.08913538231240475,1,0.7885615840596629
2003-07-24,0.7492767152171316,0.4520609586258494,0.3966702161632669,4,0.7967221661811877
2003-07-25,0.7580855231231307,0.377144379469582,0.5025041793228849,5,0.7991590066758096
2003-07-28,0.7627747504646969,0.30066683182841836,0.6058248760263152,6,0.8135647009486676
2003-07-29,0.7635521034777198,0.22416032695921884,0.7064243213550917,7,0.818699067200127
2003-07-30,0.7508897208384476,0.22416032695921884,0.7014737041427066,7,0.8094277391787281
2003-07-31,0.7495971955257366,0.2909400309224058,0.6118715055779358,6,0.8087136882430946
2003-08-01,0.7637937150569363,0.2909400309224058,0.6190855918463298,6,0.8242867991250042
2003-08-04,0.762865670362784,0.21525939207539824,0.7178279211685712,7,0.814403427444491
2003-08-05,0.7801421194294368,0.21525939207539824,0.7240766948555093,7,0.81814369425019
2003-08-06,0.7746907285042336,0.21525939207539824,0.7221350609280954,7,0.8023212322479004
2003-08-07,0.7814952211735189,0.21525939207539824,0.7245544358516259,7,0.8045087216221424
2003-08-08,0.777751226393848,0.21525939207539824,0.7232284761883585,7,0.7980822632014417
2003-08-11,0.7792725825010993,0.21525939207539824,0.7237688109281137,7,0.7985809654422016
2003-08-12,0.7821869668766378,0.21525939207539824,0.7247980327069963,7,0.7948633669201737
2003-08-13,0.7974986277464233,0.21525939207539824,0.7300818025434356,7,0.8082149860023349
2003-08-14,0.8069686526811476,0.21525939207539824,0.7332493754742512,7,0.824003445579118
2003-08-18,0.815891477035761,0.21525939207539824,0.7361666371887308,7,0.8275056954062724
2003-08-19,0.8323203735664356,0.21525939207539824,0.7413743566638571,7,0.8388738396672296
2003-08-20,0.8082595211223353,0.21525939207539824,0.7336754019593945,7,0.8355529361094426
2003-08-21,0.8195226472873098,0.4802707452514518,0.41396281501043436,4,0.8549796552154054
2003-08-22,0.8234003746973851,0.5668510279157548,0.31157302651934904,3,0.8554103526051525
2003-08-25,0.8221681969499344,0.6527724666442006,0.20603537200071118,2,0.8576885151140782
2003-08-26,0.8181839619825149,0.7465673605196635,0.08753117243867685,1,0.853460880209455
2003-08-27,0.8168189695785215,0.7465673605196635,0.08600633882818343,1,0.8602386970270547
2003-08-28,0.8199129523609064,0.7465673605196635,0.08945533989925054,1,0.8532455315145814
2003-08-29,0.8190939569185104,0.7465673605196635,0.08854490475268197,1,0.8607940699769917
2003-09-01,0.8204928011341228,0.8204928011341228,0.0,0,0.866053111788641
2003-09-02,0.8204928011341228,0.8204928011341228,0.0,0,0.8687619716873137
2003-09-03,0.8204928011341228,0.8204928011341228,0.0,0,0.8685579571342756
2003-09-04,0.8204928011341228,0.8204928011341228,0.0,0,0.8660984483559827
2003-09-05,0.8204928011341228,0.8204928011341228,0.0,0,0.8631515714787654
2003-09-08,0.8204928011341228,0.8204928011341228,0.0,0,0.861678133040157
2003-09-09,0.8204928011341228,0.8204928011341228,0.0,0,0.8698500493035171
2003-09-15,0.8168761267834775,0.7384435210207105,0.09601529924935175,1,0.8541522628614175
2003-09-16,0.8205138216953602,0.7384435210207105,0.10002305689997343,1,0.8655090729805394
2003-09-17,0.8182527439746763,0.65629870490652,0.19792666784282545,2,0.8688639789638328
2003-09-18,0.8121019486475773,0.65629870490652,0.1918518284564174,2,0.8593319656802185
2003-09-19,0.8073391442590403,0.65629870490652,0.1870842513045026,2,0.8480771628376158
2003-09-22,0.7991732249433481,0.65629870490652,0.17877791144336233,2,0.8102664656745515
2003-09-23,0.8043879868929442,0.65629870490652,0.1841018070874465,2,0.8147434516995546
2003-09-24,0.8121641942110609,0.65629870490652,0.19191376622549736,2,0.8213852588151289
2003-09-25,0.8120955624325533,0.5755026749505706,0.29133626438407284,3,0.8087136882430946
2003-09-26,0.8117509177029961,0.4945981435607381,0.3907020826532629,4,0.7904430516043478
2003-09-29,0.8115530330398362,0.4945981435607381,0.3905535147738644,4,0.7889242765983974
2003-09-30,0.8071390508251163,0.4945981435607381,0.3872206492114043,4,0.7905790613063732
2003-10-01,0.8086611137780035,0.4945981435607381,0.38837402326666476,4,0.7982522753289735
2003-10-02,0.8204569706080056,0.4945981435607381,0.39716747949107845,4,0.8106631606387923
2003-10-06,0.8349241223120648,0.4945981435607381,0.4076130628600104,4,0.819605798546963
2003-10-07,0.8367867979249775,0.4945981435607381,0.40893170782902144,4,0.8240941187138017
2003-10-08,0.8423775825275353,0.4945981435607381,0.4128545751695963,4,0.8191864352990513
2003-10-09,0.8499240484872976,0.4099052699594812,0.5177154115252602,5,0.8343741853585556
2003-10-10,0.8608402307950345,0.4099052699594812,0.523831188069695,5,0.8590032755669905
2003-10-13,0.8628402910484124,0.49283922003446035,0.4288175631719451,4,0.8580172052273062
2003-10-14,0.8685730439050932,0.49283922003446035,0.43258747955305904,4,0.8687846399709847
2003-10-15,0.879884006027003,0.5946613327686778,0.3241594020400592,3,0.8661891214906664
2003-10-16,0.8980522119463585,0.5946613327686778,0.33783211615295544,3,0.8806288181890309
2003-10-17,0.8835634552101221,0.5946613327686778,0.32697382484287996,3,0.8701787394167451
2003-10-20,0.8843069932511611,0.5946613327686778,0.32753971493270556,3,0.880028108671752
2003-10-21,0.8761552176440301,0.5946613327686778,0.3212831233628737,3,0.8839383876049826
2003-10-22,0.8939841943454188,0.5946613327686778,0.3348189637691605,3,0.88324700495302
2003-10-23,0.8943929010537204,0.7320626671045918,0.1814976770923391,2,0.8547529723786964
2003-10-24,0.8924740403760898,0.8089013670057223,0.093641573412208,1,0.8479864897029321
2003-10-27,0.89494877699472,0.8089013670057223,0.09614786030318835,1,0.8632195763297782
2003-10-28,0.8945677359920389,0.8089013670057223,0.09576286461004105,1,0.8788040213535233
2003-10-29,0.8957102790289972,0.8089013670057223,0.09691628426702983,1,0.8836777023427671
2003-10-30,0.8979947851318292,0.8089013670057223,0.09921373665107375,1,0.8907955434154304
2003-10-31,0.899326978713501,0.8089013670057223,0.10054809190438567,1,0.8867379206383389
2003-11-03,0.8981850156476273,0.8089013670057223,0.09940451809645022,1,0.8976186968003719
2003-11-04,0.8978039746449463,0.8089013670057223,0.09902229233768116,1,0.9022656949529066
2003-11-05,0.9019961935561539,0.9019961935561539,0.0,0,0.9129764589874078
2003-11-06,0.9019961935561539,0.9019961935561539,0.0,0,0.8954425415679652
2003-11-07,0.9019961935561539,0.9019961935561539,0.0,0,0.9113216742794319
2003-11-10,0.9019961935561539,0.9019961935561539,0.0,0,0.9028324020446792
2003-11-11,0.9019961935561539,0.9019961935561539,0.0,0,0.8928696913713179
2003-11-12,0.9019961935561539,0.9019961935561539,0.0,0,0.9025490484987929
2003-11-13,0.9019961935561539,0.9019961935561539,0.0,0,0.9215904067823505
2003-11-14,0.9019961935561539,0.9019961935561539,0.0,0,0.9179408131113354
2003-11-17,0.9019961935561539,0.9019961935561539,0.0,0,0.9004635664010701
2003-11-18,0.9019961935561539,0.9019961935561539,0.0,0,0.9078307585941131
2003-11-19,0.9019961935561539,0.9019961935561539,0.0,0,0.8746557254417483
2003-11-20,0.9019961935561539,0.9019961935561539,0.0,0,0.8721055435287718
2003-11-21,0.9019961935561539,0.9019961935561539,0.0,0,0.8736129843928867
2003-11-24,0.9019961935561539,0.9019961935561539,0.0,0,0.8541975994287593
2003-11-25,0.9019961935561539,0.9019961935561539,0.0,0,0.8705867685228214
2003-11-26,0.9019961935561539,0.9019961935561539,0.0,0,0.887066610751567
2003-11-27,0.8996855597371842,0.8117965742005385,0.0976885586141004,1,0.8859671989935282
2003-11-28,0.9015814499658098,0.8117965742005385,0.0995859839049219,1,0.9024017046549321
2003-12-01,0.9045539070361519,0.7215914883179668,0.20226812055643761,2,0.9151072776524726
2003-12-02,0.9025941573707438,0.7215914883179668,0.20053605219430803,2,0.9155493091840551
2003-12-03,0.8978554560363909,0.7215914883179668,0.1963166415411079,2,0.9161840211268405
2003-12-04,0.8945978894540845,0.7215914883179668,0.1933901288786768,2,0.9125457615976607
2003-12-05,0.8941264032652716,0.7215914883179668,0.192964791462619,2,0.8947284906323317
2003-12-08,0.8940256139006728,0.7215914883179668,0.19287380909632826,2,0.8895034512461889
2003-12-09,0.8933604432181239,0.7215914883179668,0.19227284597625477,2,0.8923936574142289
2003-12-10,0.8960510495099636,0.7215914883179668,0.19469823877490686,2,0.9006562468122726
2003-12-11,0.8965352593625587,0.7215914883179668,0.19513317431483715,2,0.8966779630280294
2003-12-12,0.8957225332271006,0.7215914883179668,0.19440288532407035,2,0.9136225050720286
2003-12-15,0.9036931834527868,0.7215914883179668,0.20150831993559443,2,0.9318478051434336
2003-12-16,0.9058168005996767,0.7215914883179668,0.20338032167182976,2,0.9189608858765258
2003-12-17,0.9053805174405258,0.7215914883179668,0.20299644799307492,2,0.9068333541125935
2003-12-18,0.9106989027291275,0.7215914883179668,0.20765086445635866,2,0.9152319532126625
2003-12-19,0.9100087444626451,0.7215914883179668,0.20704994022440695,2,0.9194255856917795
2003-12-22,0.9064093078266537,0.7215914883179668,0.2039010609366253,2,0.911877047229369
2003-12-23,0.8985303921249712,0.7215914883179668,0.19692033275419255,2,0.9088621655011391
2003-12-24,0.8925339796669887,0.8042217959258049,0.09894545838370623,1,0.8982874111686634
2003-12-26,0.8909445763950435,0.8042217959258049,0.09733801940872454,1,0.8940937786895465
2003-12-29,0.893342970501309,0.893342970501309,0.0,0,0.8981627356084735
2003-12-30,0.8944398195826799,0.8040086734511781,0.10110366751526606,1,0.9188702127418423
2004-01-02,0.8947673838894952,0.8040086734511781,0.10143274338386692,1,0.930827732378243
2004-01-05,0.8953991150526389,0.8040086734511781,0.10206670976672583,1,0.9340466286595112
2004-01-06,0.8934863734753427,0.8040086734511781,0.10014444839950747,1,0.9332872411565358
2004-01-07,0.8931763572563924,0.8040086734511781,0.09983211387179403,1,0.93741286878464
2004-01-08,0.8925329273680053,0.8040086734511781,0.09918317991682034,1,0.9341032993686883
2004-01-09,0.8960366955784044,0.8040086734511781,0.10270563982630296,1,0.9580410069251607
2004-01-12,0.8963525611599763,0.8040086734511781,0.10302183728832688,1,0.9642974532183296
2004-01-13,0.8957149806342108,0.8040086734511781,0.10238335761460646,1,0.9616225957451632
2004-01-14,0.8963525611599763,0.8040086734511781,0.10302183728832688,1,0.9629713586235819
2004-01-15,0.8909477500975242,0.8040086734511781,0.09758044356341851,1,0.9584830384567432
2004-01-16,0.8899826052649435,0.8040086734511781,0.0966018114344734,1,0.9610785569370616
2004-01-19,0.8938080884195362,0.8040086734511781,0.1004683400517718,1,0.9711092724614355
2004-01-20,0.8934863734753427,0.8040086734511781,0.10014444839950747,1,0.9762889752802367
2004-01-26,0.8938080884195362,0.8040086734511781,0.1004683400517718,1,0.9849822620680275
2004-01-27,0.8931763572563924,0.8040086734511781,0.09983211387179403,1,0.9781704428249215
2004-01-28,0.8912577663164745,0.8040086734511781,0.09789434231343941,1,0.9742714980335264
2004-01-29,0.8887132935760343,0.8040086734511781,0.09531152592982939,1,0.9673350032302305
2004-01-30,0.8874381325245035,0.8040086734511781,0.09401157783922674,1,0.9617019347380114
2004-02-02,0.885998662876929,0.885998662876929,0.0,0,0.9689444513708645
2004-02-03,0.885998662876929,0.885998662876929,0.0,0,0.9519205703340172
2004-02-04,0.885998662876929,0.885998662876929,0.0,0,0.9469675503519251
2004-02-05,0.885998662876929,0.885998662876929,0.0,0,0.9531106552267395
2004-02-06,0.885998662876929,0.885998662876929,0.0,0,0.9636627412755444
2004-02-09,0.885998662876929,0.885998662876929,0.0,0,0.98014258350429
2004-02-10,0.885998662876929,0.885998662876929,0.0,0,0.9824434142968865
2004-02-11,0.885998662876929,0.885998662876929,0.0,0,0.9932561856079067
2004-02-12,0.885998662876929,0.885998662876929,0.0,0,0.9950809824434144
2004-02-13,0.885998662876929,0.885998662876929,0.0,0,0.99987532443981
2004-02-16,0.885998662876929,0.885998662876929,0.0,0,0.9988552516746194
2004-02-17,0.885998662876929,0.885998662876929,0.0,0,1.0028448696006982
2004-02-18,0.8865008225535865,0.7973987965892361,0.10050980630530035,1,0.9941175803874011
2004-02-19,0.8868378290676141,0.7973987965892361,0.10085162083400372,1,0.9992746149225311
2004-02-20,0.8879661768034695,0.7973987965892361,0.10199417790918672,1,0.9945596119189836
2004-02-23,0.8876291702894419,0.7973987965892361,0.10165323168771381,1,0.9945936143444899
2004-02-24,0.8860489841903346,0.7973987965892361,0.10005111363239869,1,0.979938568951252
2004-02-25,0.884019456072524,0.7973987965892361,0.09798501479607893,1,0.9825227532897347
2004-02-26,0.8848083009498035,0.7973987965892361,0.09878920017673548,1,0.980244590780809
2004-02-27,0.8867254935629383,0.7973987965892361,0.10073771152646115,1,1.001280758027406
2004-03-02,0.8892068600440007,0.7973987965892361,0.10324713807338566,1,1.0191773679855831
2004-03-03,0.8927042387562427,0.7973987965892361,0.10676037821864798,1,1.0153237597615297
2004-03-04,0.9069134319254659,0.7973987965892361,0.12075533505300455,1,1.0284940325743237
2004-03-05,0.9045468972936277,0.7973987965892361,0.1184549977728904,1,1.0261705334980562
2004-03-08,0.9011618540860615,0.7973987965892361,0.11514364154046403,1,1.0201861066089382
2004-03-09,0.9056727486849347,0.7973987965892361,0.1195508557068939,1,1.010529417765134
2004-03-10,0.9022902018219169,0.7973987965892361,0.1162501876013755,1,0.9928934930691723
2004-03-11,0.8966509594871883,0.7973987965892361,0.11069208352235123,1,0.9859910006913827
2004-03-12,0.8943942640154775,0.7973987965892361,0.10844822169450197,1,0.9620419589930749
2004-03-15,0.8966509594871883,0.7973987965892361,0.11069208352235123,1,0.9659635720681409
2004-03-16,0.8982311455862955,0.7973987965892361,0.11225657169930787,1,0.9635493998571898
2004-03-17,0.8964524551613924,0.8964524551613924,0.0,0,0.9887678654410682
2004-03-18,0.8964524551613924,0.8964524551613924,0.0,0,0.9892665676818281
2004-03-19,0.8964524551613924,0.8964524551613924,0.0,0,1.001178750750887
2004-03-22,0.8964524551613924,0.8964524551613924,0.0,0,0.9789184961860614
2004-03-23,0.8964524551613924,0.8964524551613924,0.0,0,0.981729363361253
2004-03-24,0.8964524551613924,0.8964524551613924,0.0,0,0.9766856702444775
2004-03-25,0.8988808265112735,0.8068072096452531,0.10243139485283662,1,0.9672329959537114
2004-03-26,0.8980117251860529,0.8068072096452531,0.10156272238194188,1,0.9792131838737831
2004-03-29,0.9024083554195219,0.8068072096452531,0.10594000509871682,1,0.9913633839213863
2004-03-30,0.9032774567447426,0.8068072096452531,0.10680023771118091,1,0.989991952759297
2004-03-31,0.9022987492716807,0.7163925538382567,0.2060361887717169,2,0.9979711886114543
2004-04-01,0.9047635065942169,0.7163925538382567,0.20819910549336937,2,1.0005213705244307
2004-04-02,0.9065017092446581,0.7163925538382567,0.20971737115069508,2,1.0015867798569633
2004-04-06,0.9103692745030973,0.7163925538382567,0.2130747665783405,2,1.0270885989867278
2004-04-07,0.9071062780823639,0.7163925538382567,0.21024407927952918,2,1.0313275680331864
2004-04-08,0.9105629447635891,0.7163925538382567,0.213242139977204,2,1.0391821283251539
2004-04-09,0.9071752305911004,0.7163925538382567,0.21030410698992835,2,1.026238538349069
2004-04-12,0.9053661657136359,0.7163925538382567,0.20872616962267937,2,1.041448956692244
2004-04-13,0.9015727383591896,0.7163925538382567,0.20539683227107125,2,1.0400548572464836
2004-04-14,0.8985053219172344,0.7163925538382567,0.20268412844832653,2,1.038558750524204
2004-04-16,0.8940345537797725,0.7163925538382567,0.1986970181303242,2,1.018803341305013
2004-04-19,0.898362231504505,0.7163925538382567,0.20255713261843172,2,1.0224529349760283
2004-04-20,0.9048357347799232,0.7163925538382567,0.20826231071377846,2,1.0414942932595859
2004-04-21,0.9041622134334809,0.7163925538382567,0.20767253575238945,2,1.0540185199877592
2004-04-22,0.894566894431772,0.7163925538382567,0.19917385910719562,2,1.0472860397375012
2004-04-23,0.8941889054219121,0.8074146603479749,0.0970424085422909,1,1.0609436806492196
2004-04-26,0.8923254412601119,0.8074146603479749,0.09515674101169734,1,1.0424463611737638
2004-04-27,0.8925918834659136,0.8074146603479749,0.0954268403015244,1,1.0376066826100263
2004-04-28,0.8915272021619145,0.8074146603479749,0.09434657922940587,1,1.022146913146471
2004-04-29,0.8884366879034191,0.8884366879034191,0.0,0,0.9922021104172097
2004-04-30,0.8884366879034191,0.8884366879034191,0.0,0,0.977955094130048
2004-05-03,0.8884366879034191,0.8884366879034191,0.0,0,0.9816613585102405
2004-05-04,0.8884366879034191,0.8884366879034191,0.0,0,0.9832141359416973
2004-05-06,0.8884366879034191,0.8884366879034191,0.0,0,0.9494383932720534
2004-05-07,0.8884366879034191,0.8884366879034191,0.0,0,0.9506398123066112
2004-05-10,0.8884366879034191,0.8884366879034191,0.0,0,0.896167926645434
2004-05-11,0.8884366879034191,0.8884366879034191,0.0,0,0.8965532874678394
2004-05-12,0.8884366879034191,0.8884366879034191,0.0,0,0.9261013952328601
2004-05-13,0.8884366879034191,0.8884366879034191,0.0,0,0.8955445488444843
2004-05-14,0.8884366879034191,0.8884366879034191,0.0,0,0.8709834634870621
2004-05-17,0.8884366879034191,0.8884366879034191,0.0,0,0.8262362715207019
2004-05-18,0.8884366879034191,0.8884366879034191,0.0,0,0.8409819900486235
2004-05-19,0.8884366879034191,0.8884366879034191,0.0,0,0.8817395640889051
2004-05-20,0.8884366879034191,0.8884366879034191,0.0,0,0.8702240759840869
2004-05-21,0.8884366879034191,0.8884366879034191,0.0,0,0.8912715773725193
2004-05-24,0.8884366879034191,0.8884366879034191,0.0,0,0.9063233177299981
2004-05-25,0.8884366879034191,0.8884366879034191,0.0,0,0.8886647247503655
2004-05-27,0.8884366879034191,0.8884366879034191,0.0,0,0.9095195457275953
2004-05-28,0.8884366879034191,0.8884366879034191,0.0,0,0.9254440150064038
2004-05-31,0.8884366879034191,0.8884366879034191,0.0,0,0.9110836573008876
2004-06-01,0.8884366879034191,0.8884366879034191,0.0,0,0.9246052885105804
2004-06-02,0.8884366879034191,0.8884366879034191,0.0,0,0.9117070351018373
2004-06-03,0.8884366879034191,0.8884366879034191,0.0,0,0.8727969261807342
2004-06-04,0.8884366879034191,0.8884366879034191,0.0,0,0.8849017896609959
2004-06-07,0.8884366879034191,0.8884366879034191,0.0,0,0.9174421108705755
2004-06-08,0.8884366879034191,0.8884366879034191,0.0,0,0.9172834328848791
2004-06-09,0.8884366879034191,0.8884366879034191,0.0,0,0.9005315712520826
2004-06-10,0.8884366879034191,0.8884366879034191,0.0,0,0.8866699157873261
2004-06-11,0.8884366879034191,0.8884366879034191,0.0,0,0.8517947613596436
2004-06-14,0.8884366879034191,0.8884366879034191,0.0,0,0.8373550646612792
2004-06-15,0.8884366879034191,0.8884366879034191,0.0,0,0.8524408074442644
2004-06-16,0.8884366879034191,0.8884366879034191,0.0,0,0.8527128268483153
2004-06-17,0.8884366879034191,0.8884366879034191,0.0,0,0.8614967867707897
2004-06-18,0.8884366879034191,0.8884366879034191,0.0,0,0.8406873023609018
2004-06-21,0.8884366879034191,0.8884366879034191,0.0,0,0.8492672477303381
2004-06-22,0.8884366879034191,0.8884366879034191,0.0,0,0.846071019732741
2004-06-23,0.8884366879034191,0.8884366879034191,0.0,0,0.8375137426469754
2004-06-24,0.8884366879034191,0.8884366879034191,0.0,0,0.8649423658887667
2004-06-25,0.8884366879034191,0.8884366879034191,0.0,0,0.8829636514071337
2004-06-28,0.8884366879034191,0.8884366879034191,0.0,0,0.8738056648040895
2004-06-29,0.8884366879034191,0.8884366879034191,0.0,0,0.8826122930102348
2004-06-30,0.8884366879034191,0.8884366879034191,0.0,0,0.8906255312878986
2004-07-01,0.8884366879034191,0.8884366879034191,0.0,0,0.8818302372235887
2004-07-02,0.8884366879034191,0.8884366879034191,0.0,0,0.8562037425336341
2004-07-05,0.8884366879034191,0.8884366879034191,0.0,0,0.8576771809722428
2004-07-06,0.8884366879034191,0.8884366879034191,0.0,0,0.8596606557934466
2004-07-07,0.8884366879034191,0.8884366879034191,0.0,0,0.8635255981593354
2004-07-08,0.8884366879034191,0.8884366879034191,0.0,0,0.8428521234514729
2004-07-09,0.8884366879034191,0.8884366879034191,0.0,0,0.8471817656326152
2004-07-12,0.8884366879034191,0.8884366879034191,0.0,0,0.8458330027541965
2004-07-13,0.8884366879034191,0.8884366879034191,0.0,0,0.8511373811331876
2004-07-14,0.8884366879034191,0.8884366879034191,0.0,0,0.8348388851738091
2004-07-15,0.8884366879034191,0.8884366879034191,0.0,0,0.8304979088508314
2004-07-16,0.8884366879034191,0.8884366879034191,0.0,0,0.8380351131714062
2004-07-19,0.8884366879034191,0.8884366879034191,0.0,0,0.8505140033322377
2004-07-20,0.8869594624903882,0.7107493503227353,0.19866760502548036,2,0.8353262532727335
2004-07-21,0.8913781109235155,0.7107493503227353,0.20263988804216773,2,0.8538235727481894
2004-07-22,0.8852291672373207,0.7107493503227353,0.1971012968981954,2,0.8417073751260924
2004-07-23,0.8819448517532896,0.7107493503227353,0.1941113450463721,2,0.8359042945063415
2004-07-26,0.8830165020681722,0.7107493503227353,0.19508939112911064,2,0.8344308560677329
2004-07-27,0.8810937043090169,0.7107493503227353,0.19333284661234898,2,0.8370377086898866
2004-07-28,0.884482698833826,0.6224398091040984,0.2962668349253483,3,0.843736186514638
2004-07-29,0.8794066169861012,0.6224398091040984,0.29220476957823954,3,0.8280837366398803
2004-07-30,0.8762327951735014,0.6224398091040984,0.2896410491222826,3,0.8334447857280487
2004-08-02,0.8690037764377839,0.6224398091040984,0.28373175585542265,3,0.8155935123372134
2004-08-03,0.8728870354208377,0.6224398091040984,0.2869182564912232,3,0.8233573994944974
2004-08-04,0.873996177995069,0.6224398091040984,0.2878231910213112,3,0.8267236396196262
2004-08-05,0.876417658756987,0.6224398091040984,0.2897908857896616,3,0.8425234333382449
2004-08-06,0.8699491313088002,0.6224398091040984,0.28451010903630075,3,0.831869340012921
2004-08-09,0.8713045817351498,0.6224398091040984,0.2856231653636579,3,0.8411406680343199
2004-08-10,0.8738884229396076,0.6224398091040984,0.28773537586146314,3,0.8484965260855275
2004-08-11,0.8790397780328316,0.6224398091040984,0.29190939402420246,3,0.8535288850604676
2004-08-12,0.8821761075860826,0.6224398091040984,0.2944268114364446,3,0.8689886545240229
2004-08-13,0.8859972540098727,0.6224398091040984,0.297469821393868,3,0.879552074714663
2004-08-16,0.883785541682629,0.802593946980563,0.0918679825283024,1,0.8770925659363702
2004-08-17,0.8829918683757952,0.802593946980563,0.0910517121104625,1,0.873896337938773
2004-08-18,0.8853788112314221,0.802593946980563,0.0935021972524037,1,0.8763445125752305
2004-08-19,0.8855742680905677,0.802593946980563,0.09370227218652467,1,0.8937310861508121
2004-08-20,0.8835841618883578,0.802593946980563,0.09166100797314657,1,0.8927223475274569
2004-08-23,0.8839809985417746,0.802593946980563,0.09206877941434113,1,0.8927336816692925
2004-08-24,0.8865964363886778,0.8865964363886778,0.0,0,0.898049394190119
2004-08-25,0.8865964363886778,0.8865964363886778,0.0,0,0.9112310011447484
2004-08-26,0.8865964363886778,0.8865964363886778,0.0,0,0.9183035056500698
2004-08-27,0.8865964363886778,0.8865964363886778,0.0,0,0.9184055129265888
2004-08-30,0.8865964363886778,0.8865964363886778,0.0,0,0.9126137664486734
2004-08-31,0.8865964363886778,0.8865964363886778,0.0,0,0.9107776354713304
2004-09-01,0.8865964363886778,0.8865964363886778,0.0,0,0.9264074170624171
2004-09-02,0.8865964363886778,0.8865964363886778,0.0,0,0.933740606829954
2004-09-03,0.8865964363886778,0.8865964363886778,0.0,0,0.9301816862936224
2004-09-06,0.8865964363886778,0.8865964363886778,0.0,0,0.9341713042197011
2004-09-07,0.8865964363886778,0.8865964363886778,0.0,0,0.9280395334867221
2004-09-08,0.8865964363886778,0.8865964363886778,0.0,0,0.9246959616452641
2004-09-09,0.8865964363886778,0.8865964363886778,0.0,0,0.931530449172041
2004-09-10,0.8865964363886778,0.8865964363886778,0.0,0,0.947919618266103
2004-09-13,0.8865964363886778,0.8865964363886778,0.0,0,0.9655668771039001
2004-09-14,0.8865964363886778,0.8865964363886778,0.0,0,0.965011504153963
2004-09-15,0.8865964363886778,0.8865964363886778,0.0,0,0.9641161069489624
2004-09-16,0.8865964363886778,0.8865964363886778,0.0,0,0.9694998243208016
2004-09-17,0.8865964363886778,0.8865964363886778,0.0,0,0.9612599032064287
2004-09-20,0.8865964363886778,0.8865964363886778,0.0,0,0.9711886114542838
2004-09-21,0.8865964363886778,0.8865964363886778,0.0,0,0.9715059674256764
2004-09-22,0.8865964363886778,0.8865964363886778,0.0,0,0.9465141846785071
2004-09-23,0.8865964363886778,0.8865964363886778,0.0,0,0.9403710798036926
2004-09-24,0.8865964363886778,0.8865964363886778,0.0,0,0.9431139421278718
2004-09-30,0.8865964363886778,0.8865964363886778,0.0,0,0.9465028505366717
2004-10-01,0.8865964363886778,0.8865964363886778,0.0,0,0.9588797334209841
2004-10-04,0.8865964363886778,0.8865964363886778,0.0,0,0.9983565494338597
2004-10-05,0.8865964363886778,0.8865964363886778,0.0,0,1.00289020616804
2004-10-06,0.8865964363886778,0.8865964363886778,0.0,0,1.0058484171870927
2004-10-07,0.8865964363886778,0.8865964363886778,0.0,0,1.0034455791179773
2004-10-08,0.8865964363886778,0.8865964363886778,0.0,0,0.998968593092974
2004-10-11,0.8865964363886778,0.8865964363886778,0.0,0,0.9986625712634168
2004-10-12,0.8865964363886778,0.8865964363886778,0.0,0,0.9725713767582088
2004-10-13,0.8865964363886778,0.8865964363886778,0.0,0,0.9704065556676376
2004-10-14,0.8865964363886778,0.8865964363886778,0.0,0,0.9595824502147821
2004-10-15,0.8853601259407963,0.79793679274981,0.09874324653833823,1,0.9542667376939556
2004-10-18,0.8865953770435865,0.79793679274981,0.09999892463844626,1,0.961441249475796
2004-10-19,0.8888919277489322,0.79793679274981,0.10232417705655267,1,0.9699418558523841
2004-10-20,0.8853601259407963,0.79793679274981,0.09874324653833823,1,0.9391583266272995
2004-10-21,0.880061445972973,0.79793679274981,0.09331695371834879,1,0.9301136814426096
2004-10-22,0.882533902689792,0.79793679274981,0.09585706530043377,1,0.9386596243865396
2004-10-25,0.8818283241326603,0.79793679274981,0.09513363212206126,1,0.9159573382901314
2004-10-26,0.8823579966783188,0.79793679274981,0.09567681626541229,1,0.9222591211506421
2004-10-27,0.8802373519844463,0.79793679274981,0.0934981446187148,1,0.9179634813950062
2004-10-28,0.8812986515870018,0.79793679274981,0.09458979505650855,1,0.9447460585521767
2004-10-29,0.8858441782184634,0.6214300122118517,0.29848834875043107,3,0.9462194969907854
2004-11-01,0.8802283965117981,0.5331001319581121,0.3943615837994988,4,0.9471488966212923
2004-11-02,0.8820981602725139,0.5331001319581121,0.39564534201792567,4,0.9596277867821238
2004-11-03,0.8874126771581251,0.5331001319581121,0.39926468746724836,4,0.9759262827415022
2004-11-04,0.8929166212248195,0.5331001319581121,0.40296762397943137,4,0.9647621530335831
2004-11-05,0.8985204405062002,0.5331001319581121,0.40669114699518794,4,0.9755069194935905
2004-11-08,0.897169597082672,0.5331001319581121,0.40579781828140987,4,0.9589930748393386
2004-11-09,0.9020496753137118,0.5331001319581121,0.4090124451597277,4,0.9567715830395902
2004-11-10,0.90219645654861,0.5331001319581121,0.4091085948203467,4,0.9753482415078942
2004-11-11,0.9006735317739647,0.6217589038849675,0.30967339224418816,3,0.9761642997200467
2004-11-12,0.9000558673172186,0.6217589038849675,0.3091996547522836,3,0.9936302122884766
2004-11-15,0.901899593407375,0.6217589038849675,0.31061183702726436,3,1.0000453365673418
2004-11-16,0.8982553136370026,0.6217589038849675,0.3078149447649927,3,0.9935622074374639
2004-11-17,0.896266531203742,0.6217589038849675,0.3062790116128666,3,1.003547586394496
2004-11-18,0.8886067296543675,0.6217589038849675,0.30029912768406913,3,0.9926894785161342
2004-11-19,0.886358056725354,0.6217589038849675,0.2985240003548305,3,0.9827040995591019
2004-11-22,0.8843033998260283,0.6217589038849675,0.2968941383610106,3,0.9633907218714935
2004-11-23,0.892155333184905,0.6217589038849675,0.303082231582531,3,0.9751895635221979
2004-11-24,0.894286854554259,0.6217589038849675,0.30474332623968653,3,0.9889718799941062
2004-11-25,0.8990456063159427,0.8119263310690186,0.0969019531766763,1,0.9888925410012581
2004-11-26,0.8947925385147166,0.8088003568196233,0.09610292664915761,1,0.9726053791837151
2004-11-29,0.893139089202052,0.8088003568196233,0.09442956131029781,1,0.9808566344399234
2004-11-30,0.8976202880118269,0.7194492773334744,0.19849262885199515,2,0.9952056580036043
2004-12-01,0.8993621617743955,0.7194492773334744,0.20004497863904147,2,0.9937775561323374
2004-12-02,0.8970751408608789,0.7194492773334744,0.1980055576581307,2,1.0020514796722166
2004-12-03,0.9015607582380083,0.7194492773334744,0.20199579367279558,2,1.0002946876877217
2004-12-06,0.9003425101650611,0.7194492773334744,0.2009160189475262,2,0.9869204003218897
2004-12-07,0.89731137192923,0.7194492773334744,0.1982166950735842,2,0.9759489510251732
2004-12-08,0.8959546128650102,0.7194492773334744,0.19700254119694915,2,0.9880424803635993
2004-12-09,0.8989857511008412,0.7194492773334744,0.19971003272022697,2,0.976220970429224
2004-12-10,0.893383719139581,0.7194492773334744,0.19469175235656092,2,0.9575649729680717
2004-12-13,0.8917302698269165,0.7194492773334744,0.19319854705266595,2,0.9568282537487675
2004-12-14,0.8890986293280553,0.7194492773334744,0.1908104977316127,2,0.9627220075032019
2004-12-15,0.8935051848815219,0.7194492773334744,0.1948012283455604,2,0.9847555792313186
2004-12-16,0.8998176930628278,0.7194492773334744,0.20044995460737128,2,0.9902639721633477
2004-12-17,0.9042896650022672,0.6295123690550546,0.3038598212294327,3,0.9918847544458171
2004-12-20,0.8992060340619096,0.6295123690550546,0.29992421624284477,3,1.0022894966507612
2004-12-21,0.8953897486189755,0.6295123690550546,0.29694038822088686,3,1.000600709517279
2004-12-22,0.8965827769434994,0.5396110949066802,0.3981469321257269,4,1.0012354214600643
2004-12-23,0.8929319410703698,0.621734461558869,0.30371573357137677,3,0.9938682292670211
2004-12-24,0.8963221248550157,0.621734461558869,0.30634930867132454,3,0.9973138083849982
2004-12-27,0.8931977994549705,0.7173654253019428,0.19685715108156399,2,0.9939815706853756
2004-12-28,0.8945046878633953,0.7173654253019428,0.19803055810089223,2,0.995625021251516
2004-12-29,0.8991327022845317,0.7173654253019428,0.20215845394206158,2,1.0022441600834193
2004-12-30,0.9074436569509339,0.4472084634055782,0.5071777074201763,5,1.0154484353217197
2005-01-03,0.9045762499732167,0.4472084634055782,0.5056155150891708,5,1.012943589976085
2005-01-04,0.9139795164608727,0.4472084634055782,0.5107018753141574,5,1.0052250393861428
2005-01-05,0.9133586738865649,0.4472084634055782,0.5103692818697427,5,1.003286901132281
2005-01-06,0.9020466678844117,0.4472084634055782,0.50422912768535,5,0.9875211098391685
2005-01-07,0.8990686241644406,0.4472084634055782,0.5025869534473006,5,0.9870224075984088
2005-01-10,0.8972424710673097,0.4472084634055782,0.5015745711707071,5,0.9908080109714493
2005-01-11,0.9019493980668255,0.4472084634055782,0.5041756617787061,5,1.0022668283670901
2005-01-12,0.8943838109872455,0.4472084634055782,0.49998148679375454,5,0.9974384839451881
2005-01-13,0.9093275252165693,0.4472084634055782,0.5081986951851379,5,1.0036835960965216
2005-01-14,0.911671735174014,0.5419982823109193,0.40548965005757676,4,1.0258531775266637
2005-01-17,0.9186698650558985,0.5419982823109193,0.4100184376049603,4,1.0462319645468043
2005-01-18,0.9154801998224498,0.5419982823109193,0.40796285663410786,4,1.0433870949461062
2005-01-19,0.9151740798863044,0.6300126420583948,0.31159256374845795,3,1.0385134139568624
2005-01-20,0.915476190443875,0.6300126420583948,0.31181974077017904,3,1.0306928560904012
2005-01-21,0.9226421711468339,0.6300126420583948,0.3171647018092657,3,1.042299017329903
2005-01-24,0.931319110592725,0.6300126420583948,0.32352656045312744,3,1.0462659669723107
2005-01-25,0.9348285764186366,0.6300126420583948,0.3260661281108918,3,1.0371873193621146
2005-01-26,0.9407388805598498,0.6300126420583948,0.33030019798537125,3,1.0506749481463011
2005-01-27,0.9489708276395858,0.9489708276395858,0.0,0,1.0482607759353502
2005-01-28,0.9489708276395858,0.9489708276395858,0.0,0,1.0445431774133223
2005-01-31,0.9489708276395858,0.9489708276395858,0.0,0,1.0571354089925082
2005-02-01,0.9489708276395858,0.9489708276395858,0.0,0,1.046923347198767
2005-02-02,0.9489708276395858,0.9489708276395858,0.0,0,1.0443731652857904
2005-02-03,0.9489708276395858,0.9489708276395858,0.0,0,1.0527037595348467
2005-02-04,0.9489708276395858,0.9489708276395858,0.0,0,1.0580988110485214
2005-02-07,0.9489708276395858,0.9489708276395858,0.0,0,1.0758254088791668
2005-02-11,0.9489708276395858,0.9489708276395858,0.0,0,1.0736039170794185
2005-02-14,0.9489708276395858,0.9489708276395858,0.0,0,1.0935066701424703
2005-02-15,0.9489708276395858,0.9489708276395858,0.0,0,1.0981423341531695
2005-02-16,0.9489708276395858,0.9489708276395858,0.0,0,1.1011798841650704
2005-02-17,0.9489708276395858,0.9489708276395858,0.0,0,1.1023132983486155
2005-02-18,0.9489708276395858,0.9489708276395858,0.0,0,1.115392898026726
2005-02-21,0.9489708276395858,0.9489708276395858,0.0,0,1.1206179374128689
2005-02-22,0.9489708276395858,0.9489708276395858,0.0,0,1.1082523886703919
2005-02-23,0.9489708276395858,0.9489708276395858,0.0,0,1.0976322977705744
2005-02-24,0.9484581779449014,0.8540737448756273,0.09951354236175626,1,1.1187931405773612
2005-02-25,0.949104646664554,0.8540737448756273,0.1001268955145194,1,1.1299572702852805
2005-02-28,0.9494278810243802,0.8540737448756273,0.10043325886519269,1,1.1462897686701652
2005-03-02,0.9523369902628167,0.8540737448756273,0.10318117052249723,1,1.1418921216380102
2005-03-03,0.9568622713003847,0.8540737448756273,0.10742248859396124,1,1.1457910664294053
2005-03-04,0.9565390369405584,0.8540737448756273,0.1071208681588795,1,1.1481032313638373
2005-03-07,0.949104646664554,0.8540737448756273,0.1001268955145194,1,1.141914789921681
2005-03-08,0.9465187717859437,0.8540737448756273,0.09766845588903225,1,1.1337315395164855
2005-03-09,0.9449025999868123,0.8540737448756273,0.09612509809207073,1,1.1433768942184543
2005-03-10,0.9478117092252488,0.8540737448756273,0.09889935251617005,1,1.1318954085391424
2005-03-11,0.9481349435850751,0.8540737448756273,0.09920655213253177,1,1.1592446927880855
2005-03-14,0.9523369902628167,0.8540737448756273,0.10318117052249723,1,1.1557311088190958
2005-03-15,0.9552460995012533,0.8540737448756273,0.10591234518355998,1,1.1256276281041382
2005-03-16,0.959448146178995,0.8540737448756273,0.10982813581225992,1,1.1256276281041382
2005-03-17,0.9536299277021218,0.8540737448756273,0.10439708311838154,1,1.1108025705833682
2005-03-18,0.9536299277021218,0.8540737448756273,0.10439708311838154,1,1.1104285439027985
2005-03-21,0.9539531620619481,0.8540737448756273,0.10470054627255891,1,1.1099185075202032
2005-03-22,0.9542763964217744,0.8540737448756273,0.10500380384747486,1,1.1112105996894446
2005-03-23,0.954922865141427,0.8540737448756273,0.1056097030945674,1,1.0957961667932312
2005-03-24,0.9527856395542557,0.9527856395542557,0.0,0,1.0839179861496788
2005-03-25,0.9527856395542557,0.9527856395542557,0.0,0,1.094084711376078
2005-03-28,0.9527856395542557,0.9527856395542557,0.0,0,1.1081390472520374
2005-03-29,0.9527856395542557,0.9527856395542557,0.0,0,1.0868988654524023
2005-03-30,0.9527856395542557,0.9527856395542557,0.0,0,1.082920581668159
2005-03-31,0.9527856395542557,0.9527856395542557,0.0,0,1.0945154087658253
2005-04-01,0.9550927335543458,0.8575070755988301,0.1021740136084523,1,1.1128993868229267
2005-04-04,0.9697748047014939,0.5707904698108504,0.41141957179786165,4,1.1135794353330537
2005-04-06,0.9709185543755773,0.5707904698108504,0.41211292415980205,4,1.1198132133425518
2005-04-07,0.9612108331063641,0.5707904698108504,0.40617557548096345,4,1.1208332861077424
2005-04-08,0.9588463745716889,0.5707904698108504,0.4047112395186151,4,1.1245395504879347
2005-04-11,0.9549253712028591,0.5707904698108504,0.40226693412505976,4,1.117478380124449
2005-04-12,0.9496425215992226,0.5707904698108504,0.39894175247163066,4,1.1127747112627366
2005-04-13,0.9521296329291495,0.5707904698108504,0.4005118105033032,4,1.1122306724546351
2005-04-14,0.9436879133404104,0.5707904698108504,0.3951491147212003,4,1.081186457967335
2005-04-15,0.9468166460184444,0.5707904698108504,0.39714782982413777,4,1.073592582937583
2005-04-18,0.9318467175181006,0.5707904698108504,0.3874631319933119,4,1.048408119779211
2005-04-19,0.9351689630516214,0.5707904698108504,0.38963920707092303,4,1.0568520554466219
2005-04-20,0.9384219557270355,0.5707904698108504,0.39175499216806514,4,1.0624171190878284
2005-04-21,0.9327416940016138,0.5707904698108504,0.3880508682290525,4,1.0644345963345385
2005-04-22,0.9335936282652315,0.5707904698108504,0.3886092915271159,4,1.066304729737388
2005-04-25,0.929925853481566,0.5707904698108504,0.38619786978299636,4,1.0724024980448605
2005-04-26,0.919809844082427,0.5707904698108504,0.3794473135039637,4,1.0704643597909984
2005-04-27,0.9127506141092001,0.5707904698108504,0.37464794765664017,4,1.0542565369663035
2005-04-28,0.9025689495547549,0.5707904698108504,0.36759350064897944,4,1.0401681986648381
2005-04-29,0.8932913935074971,0.6569425755593792,0.26458199381066155,3,1.0328803454646431
2005-05-02,0.8988754379221089,0.8105178898349561,0.09829787794781124,1,1.0409502544514841
2005-05-03,0.8965921599366837,0.8105178898349561,0.09600158683944555,1,1.0357365492071768
2005-05-04,0.8972541738428677,0.7208586738412878,0.1965947945899122,2,1.0533384714776322
2005-05-06,0.8935661668417754,0.7208586738412878,0.19327890805322878,2,1.0663727345884007
2005-05-09,0.8903326104760496,0.7208586738412878,0.1903490163570964,2,1.059968944451371
2005-05-10,0.8925909869265716,0.7208586738412878,0.19239754333236533,2,1.0589262034025093
2005-05-11,0.8939339033472538,0.7208586738412878,0.1936107679302704,2,1.0465719888018679
2005-05-12,0.8919145703084518,0.7208586738412878,0.19178506794435207,2,1.044112480023575
2005-05-13,0.8923369587955057,0.7208586738412878,0.1921676371957996,2,1.0463566401069944
2005-05-16,0.8882624280126307,0.7208586738412878,0.18846204555323426,2,1.0529871130807331
2005-05-17,0.8860112121755181,0.7208586738412878,0.18640005460959533,2,1.0508562944156683
2005-05-18,0.8910708396891543,0.7208586738412878,0.19101979131899802,2,1.0544832198030127
2005-05-19,0.896571642966149,0.7208586738412878,0.19598318829663836,2,1.0791123100114475
2005-05-20,0.8964750120207032,0.7208586738412878,0.1958965234106936,2,1.0792256514298022
2005-05-23,0.8960597841470588,0.7208586738412878,0.19552390745059645,2,1.0779335592605606
2005-05-24,0.8984496098934871,0.7208586738412878,0.19766376889323048,2,1.078568271203346
2005-05-25,0.8998990740751723,0.7208586738412878,0.19895608895684738,2,1.0668827709709958
2005-05-26,0.9060851644310337,0.7208586738412878,0.20442503404860057,2,1.0698409819900487
2005-05-27,0.9083298215090396,0.7208586738412878,0.20639105226810636,2,1.0891090231103153
2005-05-30,0.9118723032392978,0.8171739767025279,0.10385042532859856,1,1.098323680422537
2005-05-31,0.9094565296031557,0.8171739767025279,0.10146999872648733,1,1.0996497750172847
2005-06-01,0.912743721105327,0.912743721105327,0.0,0,1.0988563850888031
2005-06-02,0.912743721105327,0.912743721105327,0.0,0,1.1004091625202599
2005-06-03,0.9153706787142644,0.8214693489947943,0.10258284638455374,1,1.1063142504165298
2005-06-07,0.9179494650726874,0.8214693489947943,0.10510395152335908,1,1.1004091625202599
2005-06-08,0.9199688163394341,0.8214693489947943,0.10706826752733879,1,1.1064615942603906
2005-06-09,0.9199688163394341,0.8214693489947943,0.10706826752733879,1,1.119337179385463
2005-06-10,0.9203068706996449,0.8214693489947943,0.10739626623640373,1,1.1229754389146427
2005-06-13,0.9191021169589156,0.729494904597148,0.20629613278351652,2,1.1226354146595792
2005-06-14,0.9122437796954116,0.729494904597148,0.20032899008561222,2,1.1149962030624851
2005-06-15,0.9143250849604809,0.729494904597148,0.20214930488462052,2,1.1356130070611705
2005-06-16,0.918871002407389,0.729494904597148,0.20609650028577078,2,1.1369731040814246
2005-06-17,0.9185501017980845,0.729494904597148,0.20581914566321013,2,1.1375851477405388
2005-06-20,0.9173478212597652,0.729494904597148,0.2047782883537507,2,1.1273504176631266
2005-06-21,0.9197493907048975,0.729494904597148,0.2068547019769571,2,1.1220687075678066
2005-06-22,0.9242024692143711,0.729494904597148,0.21067630860447326,2,1.1358510240397148
2005-06-23,0.9230567114600506,0.729494904597148,0.20969654893330986,2,1.1456550567273798
2005-06-24,0.9223905420577366,0.729494904597148,0.209125775542172,2,1.1361683800111075
2005-06-27,0.9210154116573153,0.729494904597148,0.20794495361976278,2,1.123338131453377
2005-06-28,0.926988885180953,0.729494904597148,0.21304891972383583,2,1.1274524249396458
2005-06-29,0.9283783831988213,0.729494904597148,0.2142267443974731,2,1.1323714424962315
2005-06-30,0.9415567737532036,0.729494904597148,0.22522472894623372,2,1.1426628432828208
2005-07-01,0.9475943783122445,0.8548921308148525,0.09782903911112636,1,1.1538383071325755
2005-07-04,0.951407394311234,0.8548921308148525,0.10144472712055505,1,1.158020605469857
2005-07-05,0.9521376706133897,0.8548921308148525,0.10213390647162332,1,1.154733704337576
2005-07-06,0.9521376706133897,0.8548921308148525,0.10213390647162332,1,1.154960387174285
2005-07-07,0.9495924142749428,0.8548921308148525,0.09972729566547586,1,1.1638123519477723
2005-07-08,0.9503106322547974,0.9503106322547974,0.0,0,1.1582926248739078
2005-07-11,0.9503106322547974,0.9503106322547974,0.0,0,1.1792381189858212
2005-07-12,0.9503106322547974,0.9503106322547974,0.0,0,1.1831483979190518
2005-07-13,0.9503106322547974,0.9503106322547974,0.0,0,1.190266238991715
2005-07-14,0.9503106322547974,0.9503106322547974,0.0,0,1.2036065239320406
2005-07-15,0.9503106322547974,0.9503106322547974,0.0,0,1.2009656688843804
2005-07-18,0.9503106322547974,0.9503106322547974,0.0,0,1.2041732310238131
2005-07-19,0.9503106322547974,0.9503106322547974,0.0,0,1.2189642861190766
2005-07-20,0.9503106322547974,0.9503106322547974,0.0,0,1.217740198800848
2005-07-21,0.9503106322547974,0.9503106322547974,0.0,0,1.2180235523467342
2005-07-22,0.9570188106900257,0.8552795690293177,0.10630850775791166,1,1.2175361842478098
2005-07-25,0.9644912672556147,0.8552795690293177,0.1132324386275166,1,1.2350814358090878
2005-07-26,0.9662155967165054,0.8552795690293177,0.11481498338898898,1,1.2361015085742781
2005-07-27,0.9682273597002605,0.8552795690293177,0.11665420269254602,1,1.2388557050402929
2005-07-28,0.9662155967165054,0.8552795690293177,0.11481498338898898,1,1.252105316845935
2005-07-29,0.969089388592557,0.8552795690293177,0.11743996054742625,1,1.2595518480318262
2005-08-01,0.9670776256088017,0.8552795690293177,0.1156040152506932,1,1.264867560552653
2005-08-02,0.9659281631936406,0.8552795690293177,0.11455157679478604,1,1.2680977909757563
2005-08-03,0.9685147932231253,0.8552795690293177,0.11691635996283699,1,1.2661483185800586
2005-08-04,0.963341533164156,0.8552795690293177,0.11217409445630563,1,1.259665189450181
2005-08-05,0.9621920707489948,0.8552795690293177,0.11111347200819663,1,1.2346960749866822
2005-08-08,0.9601800360889421,0.8552795690293177,0.10925083121589435,1,1.23161318840744
2005-08-09,0.9689038286895458,0.7593477954772829,0.21628156170637697,2,1.2464949166373869
2005-08-10,0.9699499479215876,0.7593477954772829,0.21712682483831636,2,1.2522639948316312
2005-08-11,0.9859641964437056,0.4672662890172899,0.5260818894817051,5,1.2736968570424692
2005-08-12,1.0021530682656064,0.4672662890172899,0.5337376057472215,5,1.281007378526335
2005-08-16,1.001259222085762,0.4672662890172899,0.5333213630293367,5,1.2659443040270206
2005-08-17,0.9939456580939949,0.4672662890172899,0.5298874891074763,5,1.2617733398315747
2005-08-18,0.9744196197864545,0.4672662890172899,0.5204670764740021,5,1.2384930125015585
2005-08-19,0.9839258511362633,0.5848642389899231,0.40558098121468544,4,1.235285450362126
2005-08-22,0.9933935651180563,0.5848642389899231,0.41124619735138207,4,1.2656609504811345
2005-08-23,0.9995544121497979,0.5848642389899231,0.4148750364354626,4,1.2647088825669563
2005-08-24,0.9885748535696975,0.5848642389899231,0.4083763744566173,4,1.2401931337768761
2005-08-25,0.9830076695333668,0.5848642389899231,0.40502576214124775,4,1.243684049462195
2005-08-26,0.9811154105750384,0.5848642389899231,0.4038782464469391,4,1.2315111811309207
2005-08-29,0.9617040108464583,0.5848642389899231,0.3918458981208303,4,1.205000623377801
2005-08-30,0.9674032971310966,0.5848642389899231,0.3954287309911185,4,1.215711387412302
2005-08-31,0.9722813933158941,0.5848642389899231,0.3984619648070332,4,1.2278615874599055
2005-09-01,0.9793649329028298,0.48722741248958434,0.5025067815676775,5,1.2539754502487843
2005-09-02,0.9837616488772276,0.48722741248958434,0.5047302229705136,5,1.264697548425121
2005-09-05,0.9735367954049081,0.48722741248958434,0.4995285080242506,5,1.2631901075610061
2005-09-06,0.9804708850553749,0.5935010915654881,0.39467749566886073,4,1.2724274331568988
2005-09-07,0.9873544095209064,0.4945720683744411,0.4990936753759756,5,1.2954810776502057
2005-09-08,0.9810358172454663,0.7900004471080122,0.1947282319149565,2,1.298053927846853
2005-09-09,0.9806749954048837,0.7900004471080122,0.1944319465575332,2,1.3062598465357196
2005-09-12,0.9797135195659452,0.7900004471080122,0.19364137441114823,2,1.3129016536512936
2005-09-13,0.9737215379312586,0.7900004471080122,0.188679292453133,2,1.312629634247243
2005-09-14,0.9758265705799731,0.7900004471080122,0.1904294564981121,2,1.3269673236690884
2005-09-15,0.9782313337812419,0.7900004471080122,0.19241960482460183,2,1.3256298949325052
2005-09-16,0.9826511627497292,0.7900004471080122,0.19605198970367782,2,1.3307755953258
2005-09-20,0.9824131442948173,0.7900004471080122,0.19585720967212852,2,1.3498169536093576
2005-09-21,0.9833275125853392,0.7900004471080122,0.19660495918499882,2,1.3563227510229063
2005-09-22,0.9897256099061635,0.7900004471080122,0.2017985195079345,2,1.3600630178286053
2005-09-23,0.9812777966110848,0.7900004471080122,0.19492680886458763,2,1.332759070147004
2005-09-26,0.9924501493177967,0.7900004471080122,0.20398979470046635,2,1.3673622051706356
2005-09-27,0.9948360597545027,0.7900004471080122,0.2058988620668195,2,1.3710117988416508
2005-09-28,0.996949922338875,0.7900004471080122,0.2075826183378931,2,1.3924786634779946
2005-09-29,0.9956953369221924,0.901371435783024,0.09473168914372368,1,1.3954822110643894
2005-09-30,0.9943730392426713,0.901371435783024,0.09352788117674495,1,1.383910052250394
2005-10-04,1.005832952465187,0.901371435783024,0.10385573113919094,1,1.4085844790261706
2005-10-05,1.0023068253197975,0.901371435783024,0.10070308511025952,1,1.3911525688832471
2005-10-06,0.9999055327337873,0.9999055327337873,0.0,0,1.3629192215711388
2005-10-07,0.9999055327337873,0.9999055327337873,0.0,0,1.361241768579492
2005-10-10,0.9999055327337873,0.9999055327337873,0.0,0,1.3909032177628673
2005-10-11,0.9999055327337873,0.9999055327337873,0.0,0,1.4102732661596526
2005-10-12,0.9966098108691706,0.8999149794604087,0.09702376030638478,1,1.3794330662253906
2005-10-13,0.997086140087933,0.8999149794604087,0.09745513122763366,1,1.3526618232100558
2005-10-14,0.9942281647753587,0.8999149794604087,0.09486070567741321,1,1.3489555588298634
2005-10-17,0.9904175310252596,0.8999149794604087,0.09137818014102056,1,1.3333031089551055
2005-10-18,0.9913701894627844,0.8999149794604087,0.09225132142810809,1,1.3444785728048603
2005-10-19,0.9864878149704701,0.8999149794604087,0.0877586465805996,1,1.3069738974713532
2005-10-20,0.9856542388376359,0.8999149794604087,0.08698715634636545,1,1.3172879665416133
2005-10-21,0.9886312964549008,0.8999149794604087,0.0897365047137562,1,1.3413730179419465
2005-10-24,0.9842752839776288,0.8011113909672639,0.1860901070990704,2,1.342642441827517
2005-10-25,0.98113600949631,0.6028158112900123,0.38559404052504154,4,1.3388795067381474
2005-10-26,0.9791756884812005,0.4059402665868467,0.5854265262483175,6,1.3362953223996645
2005-10-27,0.9822685054959349,0.4059402665868467,0.5867318718705202,6,1.3219689671196544
2005-10-28,0.9701448743566649,0.4059402665868467,0.5815673748149841,6,1.2929082274535584
2005-10-31,0.9754249703563925,0.4059402665868467,0.5838324023645534,6,1.3126183001054075
2005-11-01,0.9968431483784091,0.4059402665868467,0.5927741819290223,6,1.3475727935259383
2005-11-02,1.0055448640282951,0.4059402665868467,0.596298204974548,6,1.3695950311122196
2005-11-03,0.9952040880114937,0.30492067098100206,0.6936099091089339,7,1.380464473132417
2005-11-04,1.0077477466405278,0.30492067098100206,0.6974236141956169,7,1.3850094640084327
2005-11-07,1.0136173723217763,0.30492067098100206,0.6991757646353718,7,1.3810311802241895
2005-11-08,1.0111156842801783,0.3976191002443476,0.6067521190442061,6,1.390370513096601
2005-11-09,1.0231498671889927,0.296596507548718,0.7101143077273822,7,1.3913679175781206
2005-11-10,1.0325611626417226,0.296596507548718,0.7127564755680909,7,1.3991204705935691
2005-11-11,1.0382139933206076,0.296596507548718,0.7143204489085258,7,1.423704224234662
2005-11-14,1.0350201895096462,0.296596507548718,0.7134389159217905,7,1.4254156796518154
2005-11-15,1.0262273093838288,0.296596507548718,0.7109836146079549,7,1.42114270817985
2005-11-16,1.0451772061250968,0.296596507548718,0.7162237122943738,7,1.436217116821
2005-11-17,1.0489062159184455,0.296596507548718,0.7172325770907827,7,1.4386992938829637
2005-11-18,1.0514257351169083,0.40569091169730614,0.6141516246487944,6,1.4419861950152444
2005-11-21,1.0478080852684493,0.6200580285514575,0.4082332086675986,4,1.4380759160820138
2005-11-22,1.0532220711002402,0.7089304447207174,0.3268936683218775,3,1.4105339514218682
2005-11-23,1.0556477401143227,0.7089304447207174,0.3284403330945008,3,1.45305965158848
2005-11-24,1.062199864592897,0.7089304447207174,0.33258281388274796,3,1.464042435027032
2005-11-25,1.071112081354645,0.7089304447207174,0.338136076456045,3,1.4657538904441851
2005-11-28,1.064803256166518,0.7089304447207174,0.3342146160662639,3,1.4663432658196285
2005-11-29,1.0636510576258351,0.7089304447207174,0.33349340496768376,3,1.4500674381439211
2005-11-30,1.070953486562121,0.8431839803922034,0.21267917703978237,2,1.4705368982987455
2005-12-01,1.0722266386106578,0.8431839803922034,0.2136140345433287,2,1.4802162554262206
2005-12-02,1.0757463012330877,0.8431839803922034,0.21618695836955873,2,1.484908590146097
2005-12-05,1.0740316862720993,0.8431839803922034,0.21493565676926593,2,1.490609663489329
2005-12-06,1.0672737842079174,0.9610580225082794,0.09952063216699977,1,1.4973081413140803
2005-12-07,1.0616756689350053,0.9610580225082794,0.09477248972622501,1,1.5014904396513618
2005-12-08,1.0652531327776829,0.9610580225082794,0.09781253587840777,1,1.500867061850412
2005-12-09,1.0658755204051924,0.9610580225082794,0.09833934253135554,1,1.4931825136859764
2005-12-12,1.0669634337378313,0.9610580225082794,0.09925870735657698,1,1.5111017919278242
2005-12-13,1.064630745150173,0.9610580225082794,0.097285113278674,1,1.5147853880243458
2005-12-14,1.063569376105395,0.8546108028542339,0.19646915184445318,2,1.5122805426787111
2005-12-15,1.0583637252871938,0.8546108028542339,0.19251691792221076,2,1.5161454850446
2005-12-16,1.0458305590499493,0.8546108028542339,0.18284009253795633,2,1.4972854730304095
2005-12-19,1.0461524713056551,0.9478882794720846,0.09392913034075381,1,1.5180949574402975
2005-12-20,1.047678832722931,0.8433497858660837,0.19503023300164743,2,1.5199084201339697
2005-12-21,1.0478627128561329,0.8433497858660837,0.1951714900061798,2,1.5348241507894231
2005-12-22,1.0463866835375832,0.8433497858660837,0.19403620178448794,2,1.5310952181255595
2005-12-23,1.048004276314356,0.7386370666337512,0.2951965146254882,3,1.5409105849550602
2005-12-26,1.041017165600512,0.7386370666337512,0.29046600666986366,3,1.5500232349907628
2005-12-27,1.0319162768245695,0.7386370666337512,0.2842083381931935,3,1.5568010518083624
2005-12-28,1.0324118486979912,0.6358277024850649,0.3841336640150651,4,1.5506919493590545
2005-12-29,1.0395591998794922,0.6358277024850649,0.3883679711951263,4,1.5633975223565948
2006-01-02,1.0442140378513467,0.6358277024850649,0.391094469680381,4,1.5746183227736912
2006-01-03,1.0438250775585245,0.6358277024850649,0.3908675733560196,4,1.5809654422015436
2006-01-04,1.0642740437378972,0.6358277024850649,0.40257144649329385,4,1.5891713608904101
2006-01-05,1.0660634622734118,0.6358277024850649,0.4035742477008418,4,1.5816908272790127
2006-01-06,1.0717759690633708,0.6358277024850649,0.4067531640584205,4,1.6012648902288364
2006-01-09,1.0777927475476563,0.6358277024850649,0.41006496477937127,4,1.5962211971120606
2006-01-10,1.0621971325870012,0.6358277024850649,0.40140329607509434,4,1.5825748903421777
2006-01-11,1.054621162452439,0.7338953659349684,0.3041146981837988,3,1.5800813791383785
2006-01-12,1.0546365753361198,0.7338953659349684,0.3041248681318766,3,1.5897040655566763
2006-01-13,1.0562720012064644,0.7338953659349684,0.3052022915530093,3,1.6052318398712442
2006-01-16,1.0547434779209148,0.628581969795133,0.404042800023586,4,1.6114769520225776
2006-01-17,1.0399341140640685,0.7359458413484483,0.29231493476796555,3,1.5749696811705902
2006-01-18,1.0282752011275031,0.7359458413484483,0.28429097527443614,3,1.5334073830599917
2006-01-19,1.0193151154137665,0.7359458413484483,0.2779996781959731,3,1.5421686746987953
2006-01-20,1.0089631712733111,0.8337696314374448,0.17363719987397772,2,1.501524442076868
2006-01-23,0.9925634273783539,0.8337696314374448,0.15998352504315955,2,1.47052556415691
2006-01-24,0.997594025956734,0.8337696314374448,0.16421950237941213,2,1.5038479411531356
2006-01-25,1.0007467798294867,0.8161512976769814,0.184457732838229,2,1.5217105486858062
2006-01-26,1.0009805749720158,0.7159917543821634,0.2847096414411635,3,1.5332260367906245
2006-01-27,1.0112476893001827,0.6153425643128898,0.39150163622254847,4,1.5692799419691938
2006-01-31,1.0169116255358668,0.5137318966083138,0.4948116594324506,5,1.5865871765519273
2006-02-01,0.9998363344789363,0.5137318966083138,0.48618400942985873,5,1.5595439141325416
2006-02-02,0.9883189829854138,0.5137318966083138,0.48019626714394936,5,1.5578097904317176
2006-02-03,0.9732545069792036,0.5137318966083138,0.47215050850076246,5,1.5114078137573814
2006-02-06,0.9787185357762362,0.5137318966083138,0.4750974076516643,5,1.5206338052114385
2006-02-07,0.9773188266515479,0.5137318966083138,0.47434564586416267,5,1.5100250484534563
2006-02-08,0.972525242846896,0.5137318966083138,0.47175469183251817,5,1.4858946604857814
2006-02-09,0.971968889196126,0.5137318966083138,0.47145232494714984,5,1.4979881898242076
2006-02-10,0.9767680751956471,0.4165668271407439,0.5735253457610135,6,1.5133686202949144
2006-02-13,0.9653667617238186,0.4945754744449479,0.48768126886634944,5,1.4970021194845233
2006-02-14,0.973393785769802,0.4945754744449479,0.49190606959359595,5,1.5054120527264279
2006-02-15,0.9580083770516388,0.4945754744449479,0.4837461902295148,5,1.4777907490734339
2006-02-16,0.9712786886980271,0.4945754744449479,0.49079962301251245,5,1.4896689297169865
2006-02-17,0.9881047249595549,0.4945754744449479,0.499470590563979,5,1.5105350848360517
2006-02-20,0.9935814614528005,0.4945754744449479,0.5022295668421722,5,1.5281256729646715
2006-02-21,0.9918892251873201,0.4945754744449479,0.5013803337247197,5,1.5261308640016322
2006-02-22,0.989145142247872,0.6049962567756244,0.3883645271706575,4,1.5194323861768806
2006-02-23,1.0023175190821876,0.7009476443264293,0.3006730592035543,3,1.5428373890670868
2006-02-24,1.0057664492011074,0.7892512415916725,0.2152738419355861,2,1.5480397601695588
2006-02-27,1.0076725024203284,0.898057104508042,0.10878077713642208,1,1.5583084926724775
2006-02-28,1.0095413576019296,0.898057104508042,0.11043059529399371,1,1.5545795600086139
2006-03-02,1.0080873806581991,0.898057104508042,0.10914755829828598,1,1.5501705788346236
2006-03-03,1.0033219902562345,0.898057104508042,0.10491635464035755,1,1.5062507792222513
2006-03-06,1.0024884275581272,0.898057104508042,0.10417209832981336,1,1.524170057464099
2006-03-07,1.0004216488135051,0.898057104508042,0.10232140060830044,1,1.4923324530483175
2006-03-08,1.0014569412969991,0.898057104508042,0.10324940846187822,1,1.4893629078874293
2006-03-09,1.0016662835271173,0.898057104508042,0.10343682394324137,1,1.4861440116061613
2006-03-10,1.005595751373108,1.005595751373108,0.0,0,1.4961860612723707
2006-03-13,1.0038831738919225,0.9050361762357971,0.09846464232776063,1,1.516825533554727
2006-03-14,1.0027414229829308,0.9050361762357971,0.09743812762464968,1,1.5032472316358567
2006-03-15,1.0047521573776845,0.8045724404379375,0.19923293069825154,2,1.5119518525654831
2006-03-16,1.0148773533645665,0.7039562693302401,0.3063632102968374,3,1.5142186809325733
2006-03-17,1.0150946313011628,0.7039562693302401,0.3065116811543975,3,1.520044429835995
2006-03-20,1.0131804158943793,0.7039562693302401,0.30520146433266115,3,1.5263575468383412
2006-03-21,1.0114174434150542,0.7039562693302401,0.3039903811097726,3,1.5149780684355485
2006-03-22,1.0063914579315367,0.7039562693302401,0.30051446305287577,3,1.484579900032869
2006-03-23,1.0044844253845886,0.7039562693302401,0.29918647662385073,3,1.4873340964988837
2006-03-24,1.0013825344967238,0.7039562693302401,0.2970156308108215,3,1.4975008217252832
2006-03-27,1.0008417253379982,0.5040356073099137,0.4963882954223417,5,1.5078262249373788
2006-03-28,1.0026422691696353,0.5040356073099137,0.49729268074111393,5,1.5089256366954176
2006-03-29,0.9931738465182212,0.5040356073099137,0.49250012062146414,5,1.5105237506942162
2006-03-30,1.0014977016770326,0.4039454911171397,0.5966585939830685,6,1.5166668555690308
2006-03-31,1.0083561615950958,0.3036389384884199,0.698877291523562,7,1.5409899239479083
2006-04-03,1.0130621247421776,0.3036389384884199,0.7002760925785322,7,1.563828219746342
2006-04-04,1.017204002328578,0.3036389384884199,0.7014965161429455,7,1.5705040292874226
2006-04-05,1.0294463231426385,0.3036389384884199,0.7050463616582872,7,1.5740516156819186
2006-04-06,1.0226687731192374,0.3036389384884199,0.7030916104318976,7,1.5833796144124948
2006-04-07,1.035649226270382,0.4163207658455273,0.5980098712140239,6,1.5894547144362965
2006-04-10,1.0349734738382093,0.4163207658455273,0.5977474047700975,6,1.584841718709268
2006-04-11,1.0309561469329473,0.5251371022566472,0.4906309993699452,5,1.5710027315281823
2006-04-12,1.0387153770852129,0.6293346498651023,0.39412213995415446,4,1.568180530211155
2006-04-13,1.0559128951678116,0.6293346498651023,0.4039899950600707,4,1.593262986093008
2006-04-14,1.0585555019130037,0.6293346498651023,0.40547789064647116,4,1.6238651690487256
2006-04-17,1.0551968751539054,0.6293346498651023,0.40358556333545714,4,1.6124290199367557
2006-04-18,1.0599661733016639,0.6293346498651023,0.4062691190372588,4,1.6173820399188477
2006-04-19,1.0590752680607858,0.6293346498651023,0.4057696663831625,4,1.6296682496684762
2006-04-20,1.0683742367116098,0.6293346498651023,0.41094175782246894,4,1.6254859513311952
2006-04-21,1.068062453366156,0.8365528294102478,0.21675663555653654,2,1.6449353387208288
2006-04-24,1.071339076761955,0.8365528294102478,0.21915213627914315,2,1.6218476918020153
2006-04-25,1.0698230771160482,0.8365528294102478,0.2180456308108753,2,1.6220857087805598
2006-04-26,1.0685211366795295,0.9371303109055139,0.12296511623749208,1,1.6448333314443098
2006-04-27,1.0682583550279814,1.0682583550279814,0.0,0,1.6463181040247539
2006-04-28,1.0682583550279814,1.0682583550279814,0.0,0,1.6091421188044748
2006-05-02,1.0682583550279814,1.0682583550279814,0.0,0,1.626336011968854
2006-05-03,1.0682583550279814,1.0682583550279814,0.0,0,1.626642033798411
2006-05-04,1.0682583550279814,1.0682583550279814,0.0,0,1.6332725067721499
2006-05-08,1.0682583550279814,1.0682583550279814,0.0,0,1.6459780797696903
2006-05-09,1.068193810580413,0.9614325195251833,0.0999456184802455,1,1.6439492683811447
2006-05-10,1.0708020961409694,0.9614325195251833,0.10213799264116116,1,1.6446859876004487
2006-05-11,1.071672940668517,0.9614325195251833,0.10286759790217803,1,1.6601117546384976
2006-05-12,1.070079932386418,0.9614325195251833,0.10153205342234278,1,1.6380101780593683
2006-05-15,1.0709465288918798,0.9614325195251833,0.1022590824212409,1,1.6026249872490905
2006-05-16,1.0660188232725871,0.9614325195251833,0.09810924672636899,1,1.5665030772195083
2006-05-17,1.0667494830713098,0.9614325195251833,0.09872698812368332,1,1.5884459758129414
2006-05-18,1.0605176346717387,0.9614325195251833,0.0934308981832491,1,1.5472803726665838
2006-05-19,1.0652966595180355,0.9614325195251833,0.09749785570513547,1,1.5553729499370956
2006-05-22,1.061388479199286,0.9614325195251833,0.09417471701738257,1,1.5171768919516258
2006-05-23,1.0626883739574788,0.9614325195251833,0.09528273472609487,1,1.5072821861292771
2006-05-24,1.0628370547304749,0.9614325195251833,0.09540929604774334,1,1.511271804055356
2006-05-25,1.0568940718327242,0.9614325195251833,0.09032272471923729,1,1.4686327624703897
2006-05-26,1.0592134918914602,0.9614325195251833,0.0923146968149617,1,1.4988609187455373
2006-05-29,1.061388479199286,0.9614325195251833,0.09417471701738257,1,1.5065568010518084
2006-05-30,1.0610953656753799,0.9614325195251833,0.09392449479483109,1,1.493499869657369
2006-06-01,1.0581982146130025,0.9614325195251833,0.09144382758499345,1,1.4678733749674142
2006-06-02,1.0584913281369088,0.9614325195251833,0.09169542161725824,1,1.4836845028278685
2006-06-05,1.0592245121571586,0.8557146505939374,0.19213099699587224,2,1.4752745695859637
2006-06-07,1.0503519026983215,0.945350949687808,0.09996740401075983,1,1.4358544242822655
2006-06-08,1.0437573054538007,0.945350949687808,0.09428087856420604,1,1.3863128903195097
2006-06-09,1.0451778520575314,0.945350949687808,0.09551188075140016,1,1.4005032358974943
2006-06-12,1.048830845721685,0.945350949687808,0.09866214028313988,1,1.405252241326548
2006-06-13,1.0466989090341676,0.945350949687808,0.09682627780693659,1,1.3644719990025955
2006-06-14,1.0478156909553398,0.945350949687808,0.0977888975628053,1,1.3847261104625463
2006-06-15,1.0513659406827456,0.945350949687808,0.10083548162697055,1,1.3820852554148864
2006-06-16,1.0549173071920726,0.945350949687808,0.10386250823384723,1,1.4305840483287808
2006-06-19,1.0569464999428422,0.945350949687808,0.10558296967828458,1,1.4186605311178866
2006-06-20,1.0539021524257273,0.945350949687808,0.10299931780960023,1,1.3893731086150811
2006-06-21,1.0544102881998605,0.945350949687808,0.10343159558718247,1,1.3909145519047026
2006-06-22,1.0544102881998605,0.945350949687808,0.10343159558718247,1,1.4041074930011674
2006-06-23,1.0503519026983215,0.945350949687808,0.09996740401075983,1,1.392535334187172
2006-06-26,1.0503519026983215,0.945350949687808,0.09996740401075983,1,1.4032234299380022
2006-06-27,1.0503519026983215,0.945350949687808,0.09996740401075983,1,1.4139795305398453
2006-06-28,1.0483227099475518,0.945350949687808,0.0982252499947231,1,1.4039714832991421
2006-06-29,1.0483227099475518,0.945350949687808,0.0982252499947231,1,1.4315247821011232
2006-06-30,1.0533951334335152,0.945350949687808,0.1025675744234168,1,1.4679413798184273
2006-07-03,1.0521670351575683,1.0521670351575683,0.0,0,1.4673293361593127
2006-07-04,1.0521670351575683,1.0521670351575683,0.0,0,1.457479966904306
2006-07-05,1.0521670351575683,1.0521670351575683,0.0,0,1.4506001428101871
2006-07-06,1.0521670351575683,1.0521670351575683,0.0,0,1.4325901914336556
2006-07-07,1.0521670351575683,1.0521670351575683,0.0,0,1.4438903308436004
2006-07-10,1.0521670351575683,1.0521670351575683,0.0,0,1.4726337145383037
2006-07-11,1.0521670351575683,1.0521670351575683,0.0,0,1.4739371408493807
2006-07-12,1.0521670351575683,1.0521670351575683,0.0,0,1.4696868376610865
2006-07-13,1.0521670351575683,1.0521670351575683,0.0,0,1.4564598941391154
2006-07-14,1.0521670351575683,1.0521670351575683,0.0,0,1.4225821441929527
2006-07-18,1.0521670351575683,1.0521670351575683,0.0,0,1.3979757222681886
2006-07-19,1.0521670351575683,1.0521670351575683,0.0,0,1.398236407530404
2006-07-20,1.0521670351575683,1.0521670351575683,0.0,0,1.4431762799079668
2006-07-21,1.0521670351575683,1.0521670351575683,0.0,0,1.440943453966383
2006-07-24,1.0521670351575683,1.0521670351575683,0.0,0,1.431898808781693
2006-07-25,1.0521670351575683,1.0521670351575683,0.0,0,1.4505094696755036
2006-07-26,1.0473629790838697,0.9469503316418114,0.09587187006541846,1,1.4497274138888574
2006-07-27,1.0480192708972165,0.9469503316418114,0.09643805420570112,1,1.4692108037039975
2006-07-28,1.047888012534547,0.9469503316418114,0.0963248741137861,1,1.4701175350508335
2006-07-31,1.0436877449291277,0.9469503316418114,0.09268808008652564,1,1.4709675956884924
2006-08-01,1.0401437691370552,0.9469503316418114,0.08959668870829335,1,1.4591120833286106
2006-08-02,1.0431627114784503,0.9469503316418114,0.09223142159700028,1,1.4678960432510852
2006-08-03,1.0461816538198456,0.9469503316418114,0.09485094850948508,1,1.4644277958494372
2006-08-04,1.04526284528116,0.9469503316418114,0.09405530301127658,1,1.478550136576409
2006-08-07,1.0455253620064988,0.9469503316418114,0.09428277299319557,1,1.4615829262487392
2006-08-08,1.0477567541718777,0.9469503316418114,0.09621166566446182,1,1.4860193360459713
2006-08-09,1.0479882742416473,0.8421484045520897,0.19641428701910693,2,1.490360312368949
2006-08-10,1.0450331428330664,0.8421484045520897,0.19414191757685273,2,1.4783234537397
2006-08-11,1.0447266439103595,0.8421484045520897,0.19390549723134246,2,1.4644844665586145
2006-08-14,1.046685949097394,0.8421484045520897,0.1954144361273661,2,1.4678960432510852
2006-08-16,1.0472109825480715,0.8421484045520897,0.19581782602873768,2,1.4911310340137596
2006-08-17,1.0458206930090825,0.8421484045520897,0.19474876507843575,2,1.5049246846275035
2006-08-18,1.0442756798749369,0.8421484045520897,0.19355739027366226,2,1.508687619716873
2006-08-21,1.041919651332288,0.8421484045520897,0.19173383141852982,2,1.497999523966043
2006-08-22,1.042205633290114,0.8421484045520897,0.19195562022291923,2,1.5130625984653574
2006-08-23,1.0403230033170305,0.9400023014722716,0.09643226336905962,1,1.501717122488071
2006-08-24,1.0390405069082238,0.9400023014722716,0.09531698213638554,1,1.4912670437157851
2006-08-25,1.0407505021199661,0.9400023014722716,0.09680341296254447,1,1.5067041448956693
2006-08-28,1.0418885334160568,0.9400023014722716,0.09778995418034712,1,1.5050493601876935
2006-08-29,1.0408920189650759,0.9400023014722716,0.09692620911159985,1,1.5240000453365672
2006-08-30,1.0404645201621403,0.9400023014722716,0.09655516045296116,1,1.5203051150982103
2006-08-31,1.0411780009229017,0.9400023014722716,0.09717425777431708,1,1.533214702648789
2006-09-01,1.0400370213592047,0.9400023014722716,0.09618380676122432,1,1.5376690203901213
2006-09-04,1.0404645201621403,0.9400023014722716,0.09655516045296116,1,1.540377880288794
2006-09-05,1.0428879961346442,0.9400023014722716,0.09865459670042014,1,1.5428487232089223
2006-09-06,1.0436767461673986,1.0436767461673986,0.0,0,1.5380543812125265
2006-09-07,1.0436767461673986,1.0436767461673986,0.0,0,1.5314352423806232
2006-09-08,1.0436767461673986,1.0436767461673986,0.0,0,1.535651543143411
2006-09-11,1.0436767461673986,1.0436767461673986,0.0,0,1.5120651939838374
2006-09-12,1.0436767461673986,1.0436767461673986,0.0,0,1.5052193723152252
2006-09-13,1.0436767461673986,1.0436767461673986,0.0,0,1.51098845050947
2006-09-14,1.0436767461673986,1.0436767461673986,0.0,0,1.540026521891895
2006-09-15,1.0424647641380052,0.9393090715506587,0.09895364921292472,1,1.542690045223226
2006-09-18,1.0437217178827392,0.9393090715506587,0.10003877905682426,1,1.557651112446021
2006-09-19,1.0469923305233189,0.9393090715506587,0.1028500933897355,1,1.5572544174817804
2006-09-20,1.0474957452472804,0.9393090715506587,0.10328125358741404,1,1.5487424769633569
2006-09-21,1.0512697726118214,0.9393090715506587,0.10650044734283824,1,1.5491391719275975
2006-09-22,1.0502629431638986,0.9393090715506587,0.10564389835462853,1,1.5282730168085326
2006-09-25,1.0512697726118214,0.9393090715506587,0.10650044734283824,1,1.5360142356821453
2006-09-26,1.0487558651223536,0.9393090715506587,0.10435869510863356,1,1.5232746602590985
2006-09-27,1.050516233591049,0.9393090715506587,0.10585953694427315,1,1.5414772920468327
2006-09-28,1.0527800167837058,0.9393090715506587,0.10778219896280558,1,1.554398213739247
2006-09-29,1.0537868462316287,0.9393090715506587,0.10863465898283492,1,1.5543755454555759
2006-10-02,1.054478605918855,0.8337670146019838,0.20930874280236988,2,1.5575604393113376
2006-10-04,1.051076236855166,0.8337670146019838,0.20674924865904531,2,1.5323759761529656
2006-10-09,1.0432236219843807,0.8337670146019838,0.20077824444195036,2,1.4954266737693958
2006-10-10,1.0455918121494134,0.8337670146019838,0.20258842416906783,2,1.505593398995795
2006-10-11,1.0447745300161984,0.8337670146019838,0.20196464342497225,2,1.5023291661471851
2006-10-12,1.048084872745076,0.8337670146019838,0.2044852127116049,2,1.5094583413616838
2006-10-13,1.0556042608162384,0.8337670146019838,0.21015190488405242,2,1.5285223679289122
2006-10-16,1.0566252014156925,0.7280831169700065,0.3109353098955969,3,1.5377256910992985
2006-10-17,1.0514962268196502,0.8443415676796687,0.19700941749124518,2,1.531582586224484
2006-10-18,1.049141353783666,0.7394012943826608,0.2952319611498928,3,1.5349374922077776
2006-10-19,1.064574636113489,0.7394012943826608,0.3054490786272717,3,1.5347108093710684
2006-10-20,1.0578229239946044,0.7394012943826608,0.3010160040864909,3,1.5462489657595575
2006-10-23,1.0637892479999564,0.6332520181061498,0.40472041873262504,4,1.5470536898298746
2006-10-24,1.0601272387959977,0.6332520181061498,0.40266413791485683,4,1.5488104818143695
2006-10-25,1.0566411920944345,0.6332520181061498,0.40069342096067506,4,1.554398213739247
2006-10-26,1.0566576592043688,0.6332520181061498,0.40070276064343346,4,1.556914393226717
2006-10-27,1.0530656764639774,0.6332520181061498,0.3986585715788338,4,1.5517460245497512
2006-10-30,1.0549873110219083,0.6332520181061498,0.39975390083815,4,1.537034308447336
2006-10-31,1.0586326002075905,0.6332520181061498,0.4018207846782976,4,1.5466003241564565
2006-11-01,1.0669095991698507,0.7374016440008753,0.3088433691339562,3,1.5577077831551984
2006-11-02,1.0680482220305358,0.6307693020754985,0.40941870501286715,4,1.5683392081968515
2006-11-03,1.0689463355748798,0.6307693020754985,0.4099149030374192,4,1.5685092203243833
2006-11-06,1.0701238378797413,0.6307693020754985,0.4105641985087866,4,1.5631935078035568
2006-11-07,1.0733957463784032,0.6307693020754985,0.4123609077046464,4,1.5725441748178037
2006-11-08,1.055321863506701,0.6307693020754985,0.40229675524817426,4,1.5641909122850763
2006-11-09,1.064139365253014,0.6307693020754985,0.40724934846713023,4,1.586145145020345
2006-11-10,1.0710670046575705,0.7403020814065906,0.3088181428544037,3,1.5819401783993925
2006-11-13,1.067252626192285,0.7403020814065906,0.30634784751214866,3,1.583028256015596
2006-11-14,1.0638936027228003,0.8506735070194213,0.2004148677628001,2,1.5951331194958573
2006-11-15,1.063896885093477,0.8506735070194213,0.20041733466991143,2,1.6009928708247856
2006-11-16,1.0656401587886117,0.8506735070194213,0.20172536666932486,2,1.5989640594362398
2006-11-17,1.0625777814766588,0.9637596716228025,0.09299847180742792,1,1.6006301782860513
2006-11-20,1.0601344765626899,0.9637596716228025,0.09090809427532882,1,1.5892847023087648
2006-11-21,1.0595915199151413,0.9637596716228025,0.0904422567481604,1,1.5934670006460463
2006-11-22,1.0647496080668535,0.9637596716228025,0.09484853122172744,1,1.6123270126602365
2006-11-23,1.0647496080668535,0.9637596716228025,0.09484853122172744,1,1.6085754117127022
2006-11-24,1.0680073479521455,0.9637596716228025,0.09760951226527893,1,1.611408947171565
2006-11-27,1.069364739571017,0.9637596716228025,0.09875495613459148,1,1.6152625553956184
2006-11-28,1.0650210863906278,0.9637596716228025,0.09507925811215792,1,1.5997801176483923
2006-11-29,1.0667151111309796,1.0667151111309796,0.0,0,1.612338346802072
2006-11-30,1.0667151111309796,1.0667151111309796,0.0,0,1.6232871278151175
2006-12-01,1.0667151111309796,1.0667151111309796,0.0,0,1.6257239683097393
2006-12-04,1.0667151111309796,1.0667151111309796,0.0,0,1.6167699962597333
2006-12-05,1.0667151111309796,1.0667151111309796,0.0,0,1.6101168550023235
2006-12-06,1.0667151111309796,1.0667151111309796,0.0,0,1.6023416337032041
2006-12-07,1.0667151111309796,1.0667151111309796,0.0,0,1.5984540230536446
2006-12-08,1.0667151111309796,1.0667151111309796,0.0,0,1.5759330832266036
2006-12-11,1.0667151111309796,1.0667151111309796,0.0,0,1.5762731074816672
2006-12-12,1.0662950027659923,0.9600436000178817,0.09964541001551365,1,1.5606886624579221
2006-12-13,1.0673686297747924,0.9600436000178817,0.10055104371912793,1,1.567829171814256
2006-12-14,1.0690826658765613,0.9600436000178817,0.10199310992408286,1,1.607612009656689
2006-12-15,1.0692092111603155,0.7461441903717146,0.30215323382596737,3,1.6115676251572613
2006-12-18,1.0716160872351796,0.7461441903717146,0.3037206148175676,3,1.6244432102823336
2006-12-19,1.072019584133706,0.7461441903717146,0.3039826870563466,3,1.6182434346983419
2006-12-20,1.073951107126463,0.7461441903717146,0.30523448840408657,3,1.6347006086434166
2006-12-21,1.0653517507399592,0.6389503658000666,0.40024469349557823,4,1.6281154722370197
2006-12-22,1.0613812511229495,0.6389503658000666,0.3980010810214969,4,1.6292715547042356
2006-12-26,1.0563103172479478,0.6389503658000666,0.3951111189893967,4,1.6252252660689797
2006-12-27,1.0623576967434072,0.6389503658000666,0.3985543967359299,4,1.6152285529701118
2006-12-28,1.0711850248112147,0.6389503658000666,0.40351073717383706,4,1.625837309728094
2007-01-02,1.063445090609228,0.6389503658000666,0.39916938688952547,4,1.62674404107493
2007-01-03,1.0422409788271951,0.6389503658000666,0.38694565001746556,4,1.5973772795792767
2007-01-04,1.037596903180261,0.6389503658000666,0.3842017416959637,4,1.5837083045257228
2007-01-05,1.033561877390439,0.6389503658000666,0.38179766516417635,4,1.570640038989448
2007-01-08,1.0287268591681935,0.6389503658000666,0.3788921129980915,4,1.5536954969454488
2007-01-09,1.0297749030676115,0.6389503658000666,0.3795242398152373,4,1.557696449013363
2007-01-10,1.026017026613468,0.6389503658000666,0.3772516934645581,4,1.5366716159086016
2007-01-11,1.030572227638447,0.7479969282122463,0.2741926202239324,3,1.5474617189359507
2007-01-12,1.0360957808942757,0.6446782899943746,0.3777811840542971,4,1.5735982500085006
2007-01-15,1.0329693135166484,0.5408862296300344,0.47637725288407917,5,1.5765337927438825
2007-01-16,1.0233554681546893,0.3217577284682303,0.6855855677906108,7,1.575117025014451
2007-01-17,1.0102210852609703,0.3217577284682303,0.6814977105876674,7,1.5635221979167848
2007-01-18,1.0118170352617628,0.3217577284682303,0.6820000877085552,7,1.5677498328214081
2007-01-19,0.9971456472915139,0.22166340571751184,0.7777020776056108,8,1.5420780015641116
2007-01-22,0.986849072433088,0.2938236208825019,0.7022608328970951,7,1.5453082319872153
2007-01-23,0.9918865845092133,0.2938236208825019,0.703772966111961,7,1.5449455394484806
2007-01-24,1.0055287768996255,0.2938236208825019,0.7077919323319057,7,1.5675798206938762
2007-01-25,1.0042984071973802,0.2938236208825019,0.7074339471448001,7,1.5667864307653945
2007-01-26,0.9956377642342279,0.2938236208825019,0.7048890355133429,7,1.5542848723208922
2007-01-29,0.9869589820505094,0.2938236208825019,0.7022939896934187,7,1.544956873590316
2007-01-30,0.9852310622759556,0.2938236208825019,0.7017718663845739,7,1.5535934896689299
2007-01-31,0.9801292356300347,0.2938236208825019,0.7002195116712034,7,1.5417039748835417
2007-02-01,0.9938838892514751,0.2938236208825019,0.7043682626712164,7,1.567398474424509
2007-02-02,1.0085593500690062,0.2938236208825019,0.7086699747888925,7,1.6016729193349126
2007-02-05,1.0033376733247024,0.2938236208825019,0.7071538040539477,7,1.6071246415577645
2007-02-06,1.0082238028766115,0.2938236208825019,0.7085730171771589,7,1.6191728343288487
2007-02-07,1.0137091960954945,0.2938236208825019,0.7101499897463464,7,1.6165773158485306
2007-02-08,1.0163556058413423,0.3925159784495639,0.6138005475705149,6,1.6135057634111234
2007-02-09,1.0049172195218594,0.4950357928548742,0.5073864958842951,5,1.6181527615636584
2007-02-12,1.0066944642688107,0.9060113922578296,0.10001353497469564,1,1.6029763456459893
2007-02-13,1.0086853283633208,0.9060113922578296,0.10178985776673137,1,1.6076800145077017
2007-02-14,1.012659249242166,0.9060113922578296,0.10531465254886824,1,1.6276961089891078
2007-02-15,1.0136380829479898,1.0136380829479898,0.0,0,1.6362307177912025
2007-02-16,1.0136380829479898,1.0136380829479898,0.0,0,1.642101803261966
2007-02-20,1.0136380829479898,1.0136380829479898,0.0,0,1.6468054721236782
2007-02-21,1.0136380829479898,1.0136380829479898,0.0,0,1.6450146777136772
2007-02-22,1.0136380829479898,1.0136380829479898,0.0,0,1.6609164787088146
2007-02-23,1.0136380829479898,1.0136380829479898,0.0,0,1.6659828401092613
2007-02-26,1.0136380829479898,1.0136380829479898,0.0,0,1.666152852236793
2007-02-27,1.0136380829479898,1.0136380829479898,0.0,0,1.6486642713846922
2007-02-28,1.0136380829479898,1.0136380829479898,0.0,0,1.606433258905802
2007-03-02,1.0136380829479898,1.0136380829479898,0.0,0,1.6031803601990275
2007-03-05,1.0136380829479898,1.0136380829479898,0.0,0,1.5597479286855798
2007-03-06,1.0136380829479898,1.0136380829479898,0.0,0,1.5901007605209172
2007-03-07,1.0136380829479898,1.0136380829479898,0.0,0,1.599190742272949
2007-03-08,1.014768180756687,0.9122742746531909,0.10100228608574327,1,1.6138571218080224
2007-03-09,1.0130947486008157,0.8107974565775222,0.19968249988728717,2,1.6135057634111234
2007-03-12,1.0156381511455999,0.8107974565775222,0.20168668766235828,2,1.6336238651690487
2007-03-13,1.0127017967999477,0.8107974565775222,0.1993719581227426,2,1.6276394382799306
2007-03-14,1.0047981550943765,0.8107974565775222,0.1930742980898811,2,1.5951331194958573
2007-03-15,1.011702000894374,0.8107974565775222,0.19858075217726798,2,1.6173027009259995
2007-03-16,1.008671271974534,0.8107974565775222,0.1961727481438646,2,1.6183794444003674
2007-03-19,1.0080284589384796,0.8107974565775222,0.19566015285784166,2,1.6359586983871517
2007-03-20,1.0081444850644428,0.8107974565775222,0.1957527233552298,2,1.636842761450317
2007-03-21,1.0111113954535003,0.8107974565775222,0.19811263108763,2,1.6353466547280373
2007-03-22,1.0142086493480948,0.8107974565775222,0.2005614849580701,2,1.6417844472905734
2007-03-23,1.0140728929546141,0.8107974565775222,0.20045446218843915,2,1.6404810209794967
2007-03-26,1.0131972425069193,0.8107974565775222,0.19976345911542973,2,1.6431898808781693
2007-03-27,1.0172196480004172,0.8107974565775222,0.20292784535637504,2,1.6471114939532354
2007-03-28,1.01325835459373,0.8107974565775222,0.19981172333623162,2,1.631821736617212
2007-03-29,1.0181591169788944,0.8107974565775222,0.20366331444996583,2,1.6445273096147526
2007-03-30,1.0195139744697292,0.8107974565775222,0.20472158608788563,2,1.6463407723084247
2007-04-02,1.0137797286158774,0.8107974565775222,0.20022324999089167,2,1.6542520033095696
2007-04-03,1.0120013632807687,0.8107974565775222,0.19881782179716767,2,1.6590350111641299
2007-04-04,1.019374198500577,0.9110405965029856,0.10627461648229083,1,1.6813179340126263
2007-04-05,1.0167188034440948,1.0167188034440948,0.0,0,1.6797651565811695
2007-04-06,1.0167188034440948,1.0167188034440948,0.0,0,1.6821566605084497
2007-04-09,1.0167188034440948,1.0167188034440948,0.0,0,1.701322694352197
2007-04-10,1.0167188034440948,1.0167188034440948,0.0,0,1.6991692074034617
2007-04-11,1.0167188034440948,1.0167188034440948,0.0,0,1.7153316936608147
2007-04-12,1.0167188034440948,1.0167188034440948,0.0,0,1.729148012558229
2007-04-13,1.0167188034440948,1.0167188034440948,0.0,0,1.7236736220517064
2007-04-16,1.0167188034440948,1.0167188034440948,0.0,0,1.7364358657584242
2007-04-17,1.0167188034440948,1.0167188034440948,0.0,0,1.7326049258180418
2007-04-18,1.0167188034440948,1.0167188034440948,0.0,0,1.7393147377846285
2007-04-19,1.0167188034440948,1.0167188034440948,0.0,0,1.7156037130648654
2007-04-20,1.0167188034440948,1.0167188034440948,0.0,0,1.737614616509311
2007-04-23,1.0155650779091958,0.9150469230996854,0.09897756135574613,1,1.750388194357864
2007-04-24,1.0189923357172632,0.9150469230996854,0.10200804164479926,1,1.7643971936664817
2007-04-25,1.0155650779091958,0.9150469230996854,0.09897756135574613,1,1.7517482913781184
2007-04-26,1.0168917583510284,0.9150469230996854,0.10015307373175353,1,1.7603395708893903
2007-04-27,1.0149901830510686,0.9150469230996854,0.0984672183241742,1,1.7483140464019766
2007-04-30,1.0121599314418257,0.9150469230996854,0.0959463078169895,1,1.7479966904305841
2007-05-02,1.0131107190918058,0.9150469230996854,0.09679474725134563,1,1.7605322513005928
2007-05-03,1.0170907604173034,0.9150469230996854,0.10032913608983157,1,1.7679674483446486
2007-05-04,1.0176656552754308,0.9150469230996854,0.10083737388972966,1,1.776898752110984
2007-05-07,1.019169226442841,0.9150469230996854,0.10216390040206451,1,1.795849437259858
2007-05-08,1.0239231646927407,0.9150469230996854,0.10633243327952935,1,1.7937979575876415
2007-05-09,1.0252498451345733,0.9150469230996854,0.1074888453364485,1,1.806004828344422
2007-05-10,1.0260016307182784,0.9150469230996854,0.10814281800011989,1,1.8131000011334144
2007-05-11,1.028080096743816,0.9150469230996854,0.1099458826234791,1,1.8174976481655691
2007-05-14,1.0301806741100508,0.9150469230996854,0.11176073663954803,1,1.8200024935112038
2007-05-15,1.026377523510131,0.9150469230996854,0.10846944507290417,1,1.8014145009010643
2007-05-16,1.028080096743816,0.9150469230996854,0.1099458826234791,1,1.8141427421822756
2007-05-17,1.0364381835273608,0.9150469230996854,0.11712349309105795,1,1.8311212866517812
2007-05-18,1.0370130783854883,0.9150469230996854,0.1176129383784536,1,1.8273470174205761
2007-05-21,1.037320824025312,1.037320824025312,0.0,0,1.8454249736481203
2007-05-22,1.037320824025312,1.037320824025312,0.0,0,1.8620634938625624
2007-05-23,1.037320824025312,1.037320824025312,0.0,0,1.8662684604835145
2007-05-25,1.037320824025312,1.037320824025312,0.0,0,1.863967629690918
2007-05-28,1.037320824025312,1.037320824025312,0.0,0,1.8790987090412452
2007-05-29,1.037320824025312,1.037320824025312,0.0,0,1.8835076902152355
2007-05-30,1.037320824025312,1.037320824025312,0.0,0,1.884550431264097
2007-05-31,1.037320824025312,1.037320824025312,0.0,0,1.9278355189336842
2007-06-01,1.037320824025312,1.037320824025312,0.0,0,1.9452107583674303
2007-06-04,1.037320824025312,1.037320824025312,0.0,0,1.969409151186118
2007-06-05,1.037320824025312,1.037320824025312,0.0,0,1.9746228564304256
2007-06-07,1.037320824025312,1.037320824025312,0.0,0,1.9869204003218897
2007-06-08,1.037320824025312,1.037320824025312,0.0,0,1.957723650953768
2007-06-11,1.037320824025312,1.037320824025312,0.0,0,1.9455734509061646
2007-06-12,1.037320824025312,1.037320824025312,0.0,0,1.9606705278309855
2007-06-13,1.037320824025312,1.037320824025312,0.0,0,1.9517278899228145
2007-06-14,1.037320824025312,1.037320824025312,0.0,0,2.0052137052443078
2007-06-15,1.037320824025312,1.037320824025312,0.0,0,2.008704620929626
2007-06-18,1.037320824025312,1.037320824025312,0.0,0,2.0479434199639575
2007-06-19,1.037320824025312,1.037320824025312,0.0,0,2.049042831721996
2007-06-20,1.037320824025312,1.037320824025312,0.0,0,2.0217728864659015
2007-06-21,1.037320824025312,1.037320824025312,0.0,0,2.0336170646839475
2007-06-22,1.037320824025312,1.037320824025312,0.0,0,2.007253850774689
2007-06-25,1.037320824025312,1.037320824025312,0.0,0,1.9922361128427162
2007-06-26,1.037320824025312,1.037320824025312,0.0,0,1.9829647848213172
2007-06-27,1.037320824025312,1.037320824025312,0.0,0,1.9643201215020005
2007-06-28,1.037320824025312,1.037320824025312,0.0,0,1.9854582960251166
2007-06-29,1.037320824025312,1.037320824025312,0.0,0,1.976220970429224
2007-07-02,1.037018869702585,0.9335887416227808,0.09973794219334488,1,2.0076732140226
2007-07-03,1.0377936169630224,0.9335887416227808,0.10041001759596924,1,2.0463793083906654
2007-07-04,1.036466782432191,0.9335887416227808,0.09925840610925779,1,2.0836799691711345
2007-07-05,1.0475254246929717,0.8300410740718556,0.20761725252144655,2,2.094311394212787
2007-07-06,1.0380655811657173,0.8300410740718556,0.2003963052702859,2,2.1092951297192535
2007-07-09,1.0491798512203887,0.8300410740718556,0.20886674185901927,2,2.1348876219837014
2007-07-10,1.0533342264225305,0.8300410740718556,0.2119869902158708,2,2.147287173151685
2007-07-11,1.0544069814664754,0.8300410740718556,0.21278871568411886,2,2.142107470332884
2007-07-12,1.062085832250565,0.8300410740718556,0.21848023119469112,2,2.1645377370252414
2007-07-13,1.0696857258849386,0.8300410740718556,0.2240327658993745,2,2.2248127033061693
2007-07-16,1.0629676849878904,0.8300410740718556,0.21912859083640768,2,2.209602284962994
2007-07-18,1.0661032611911991,0.8300410740718556,0.22142525561321522,2,2.188282764170511
2007-07-19,1.0705318223866085,0.8300410740718556,0.2246460528175714,2,2.196443346292036
2007-07-20,1.0777971108740354,0.8300410740718556,0.22987261173975787,2,2.2481723696290334
2007-07-23,1.0731891620158025,0.8300410740718556,0.22656591824616906,2,2.2589511385145475
2007-07-24,1.0666623616119546,0.8300410740718556,0.22183335238576687,2,2.258055741309547
2007-07-25,1.0694673312205483,0.8300410740718556,0.22387430654421508,2,2.271611374944746
2007-07-26,1.067509708841148,0.8300410740718556,0.2224510304707957,2,2.2255040859581317
2007-07-27,1.0570600659718963,0.8300410740718556,0.21476451453239967,2,2.13446825873579
2007-07-30,1.0631457616954885,0.9420891785877628,0.11386640239685142,1,2.161092157907264
2007-07-31,1.0658031013246823,0.9420891785877628,0.11607577664500698,1,2.1911956386222218
2007-08-01,1.0653602113864833,0.9420891785877628,0.11570831300175265,1,2.104126761042288
2007-08-02,1.061872305493187,1.061872305493187,0.0,0,2.100295821101905
2007-08-03,1.061872305493187,1.061872305493187,0.0,0,2.1271917396774302
2007-08-06,1.061872305493187,1.061872305493187,0.0,0,2.1025399811853247
2007-08-07,1.061872305493187,1.061872305493187,0.0,0,2.1079463668408347
2007-08-08,1.073235753775846,0.9556850749438682,0.10952922358243498,1,2.1573518911015652
2007-08-09,1.0798923444588895,0.9556850749438682,0.11501819616774754,1,2.163324983848848
2007-08-10,1.0764504967025588,0.8481494311905406,0.21208691547949704,2,2.072436500470367
2007-08-13,1.0830369409920508,0.8481494311905406,0.2168785762620023,2,2.0959775130625986
2007-08-14,1.0721150165172824,0.8481494311905406,0.20890070736466673,2,2.060422310124789
2007-08-16,1.0412130443700849,0.8481494311905406,0.18542181566342567,2,1.9177141302746263
2007-08-17,1.0240476235427098,0.8481494311905406,0.17176759001075204,2,1.8566117716397104
2007-08-20,1.0425250047976327,0.8481494311905406,0.18644691754402834,2,1.962245973546113
2007-08-21,1.048315453522707,0.8481494311905406,0.1909406387738905,2,1.9678110371873194
2007-08-22,1.0499990766728344,0.8481494311905406,0.19223792664837502,2,1.994242255947591
2007-08-23,1.0662377346733045,0.8481494311905406,0.20454003491968537,2,2.0398281744097746
2007-08-24,1.0618429839468666,0.7415146740724436,0.3016720124511853,3,2.0303188294098313
2007-08-27,1.0621023445463729,0.7415146740724436,0.30184254099434576,3,2.043579775357309
2007-08-28,1.0602212756939755,0.7415146740724436,0.3006038540519952,3,2.0733659001008737
2007-08-29,1.0797606376596391,0.6369492603729459,0.4101014260405701,4,2.069829647848213
2007-08-30,1.085427884664861,0.6369492603729459,0.4131814104171354,4,2.0874089018349977
2007-08-31,1.093585577197853,0.6369492603729459,0.4175588324737862,4,2.12315678518401
2007-09-03,1.0974071505623164,0.6369492603729459,0.41958710580064096,4,2.1328701447369913
2007-09-04,1.0866607437032307,0.6369492603729459,0.41384717901717255,4,2.1248569064593275
2007-09-05,1.07619794687075,0.7470924497481034,0.3058038700776036,3,2.1144861666798898
2007-09-06,1.0808004700347214,0.7470924497481034,0.30876006213792384,3,2.140804044021807
2007-09-07,1.0815548322809039,0.8614135575933293,0.20354148316578285,2,2.136372394564146
2007-09-10,1.07178051848366,0.8614135575933293,0.19627802265705935,2,2.0808010971449296
2007-09-11,1.0750306015945321,0.8614135575933293,0.19870787276600005,2,2.0938240261138628
2007-09-12,1.0654506872526301,0.8614135575933293,0.19150311891527413,2,2.055469290142697
2007-09-13,1.0742534880432544,0.8614135575933293,0.1981282191018171,2,2.0945720794750025
2007-09-14,1.079171447482628,0.8614135575933293,0.2017824789538865,2,2.119507191512995
2007-09-17,1.078045634683855,0.7534369261054893,0.3011085042550723,3,2.1213886590576796
2007-09-18,1.0718311694814195,0.7534369261054893,0.2970563391340615,3,2.083906652007843
2007-09-19,1.0828713136638717,0.7534369261054893,0.3042230257663289,3,2.1564904963220712
2007-09-20,1.0881476610184255,0.8562878179346377,0.21307755499541678,2,2.163653673962076
2007-09-21,1.0949699674981728,0.8562878179346377,0.21798054435126174,2,2.175316505910755
2007-09-27,1.1083399564142502,0.8562878179346377,0.22741410432865974,2,2.2048079429665983
2007-09-28,1.1145140690351063,0.9927575938703439,0.1092462433158636,1,2.2061680399868524
2007-10-01,1.108216385896378,0.9927575938703439,0.10418433935412866,1,2.2245180156184476
2007-10-02,1.1041928339585478,0.9927575938703439,0.10092008991645675,1,2.282798172936336
2007-10-04,1.1052424202537847,0.9927575938703439,0.10177389532118401,1,2.270908658150948
2007-10-05,1.0989447371150565,0.9927575938703439,0.0966264632409765,1,2.2623287127815117
2007-10-08,1.102968289052887,0.9927575938703439,0.09992190734439005,1,2.281358736923234
2007-10-09,1.1019185373903433,0.9927575938703439,0.09906444062418952,1,2.282843509503678
2007-10-10,1.0984198612837848,0.9927575938703439,0.09619478956794117,1,2.31343435831756
2007-10-11,1.1048925030329368,0.9927575938703439,0.10148942893067144,1,2.3335297917918143
2007-10-12,1.1045427511793955,0.9927575938703439,0.10120491686690358,1,2.2967958381031184
2007-10-15,1.108391344506802,0.9927575938703439,0.10432574307760532,1,2.3069398950458466
2007-10-16,1.1057672960850564,0.9927575938703439,0.10220025733698292,1,2.2733568327874054
2007-10-17,1.1024434132216152,0.9927575938703439,0.0994933781052234,1,2.248625735302452
2007-10-18,1.101001945767063,1.101001945767063,0.0,0,2.2725974452844304
2007-10-19,1.101001945767063,1.101001945767063,0.0,0,2.2329392830021875
2007-10-22,1.101001945767063,1.101001945767063,0.0,0,2.1578052567749832
2007-10-23,1.101001945767063,1.101001945767063,0.0,0,2.2078681612621702
2007-10-24,1.101001945767063,1.101001945767063,0.0,0,2.1912976458987408
2007-10-25,1.101001945767063,1.101001945767063,0.0,0,2.2404764873227623
2007-10-26,1.0983055089836333,0.9909017511903567,0.0977904207115082,1,2.298631969080461
2007-10-29,1.101232557211433,0.9909017511903567,0.10018847090796029,1,2.338142787518843
2007-10-30,1.100106998230788,0.9909017511903567,0.09926784141547783,1,2.326185267882442
2007-10-31,1.1034844187703763,0.9909017511903567,0.10202470072524591,1,2.340330276893085
2007-11-01,1.1091495221468257,0.8803506789528969,0.20628313732766607,2,2.338392138639223
2007-11-02,1.116820029153145,0.8803506789528969,0.21173451767296528,2,2.2887485973999477
2007-11-05,1.0969357467906524,0.8803506789528969,0.19744553723536398,2,2.2846909746228565
2007-11-06,1.10102351975033,0.8803506789528969,0.20042518333075496,2,2.3283047524056713
2007-11-07,1.0890760436348852,0.7698850992209137,0.2930841664174745,3,2.3157805256774986
2007-11-08,1.0782953111150515,0.7698850992209137,0.28601646387130686,3,2.243661381178524
2007-11-09,1.0752710030273327,0.7698850992209137,0.28400831320349135,3,2.256026929921001
2007-11-12,1.0547669468435559,0.7698850992209137,0.2700898511042326,3,2.1800315089143028
2007-11-13,1.0548306108934375,0.7698850992209137,0.270133904657143,3,2.190764941232475
2007-11-14,1.0605613081497376,0.7698850992209137,0.2740777046033667,3,2.2357501501773793
2007-11-15,1.052975414731434,0.7698850992209137,0.2688479821560921,3,2.207596141858119
2007-11-16,1.0532997868984104,0.7698850992209137,0.26907314631862894,3,2.183182400344558
2007-11-19,1.0477232102730494,0.7698850992209137,0.2651827394181023,3,2.146085754117127
2007-11-20,1.044623217025561,0.7698850992209137,0.26300211724848593,3,2.122023371000465
2007-11-21,1.0370620600094376,0.7698850992209137,0.2576287100755499,3,2.0480680955241475
2007-11-22,1.0243884172277204,0.8617935004359069,0.1587238922828125,2,2.0390347844812933
2007-11-23,1.0186153157846645,0.8617935004359069,0.1539558780617332,2,2.0094073377234243
2007-11-26,1.02913001644388,0.8617935004359069,0.16259997603237542,2,2.102857337156717
2007-11-27,1.030595164147826,0.7595569689843901,0.2629919143736239,3,2.1079123644153284
2007-11-28,1.0188492548510117,0.7253294113913347,0.28808956973973454,3,2.0794636684083465
2007-11-29,1.0224835430497505,0.7253294113913347,0.29061996516061034,3,2.1280531344569247
2007-11-30,1.031036097780341,0.7253294113913347,0.2965043484385705,3,2.160287433836947
2007-12-03,1.0264354664264275,0.7253294113913347,0.29335117977110087,3,2.156241145201691
2007-12-04,1.031795084602368,0.8219334277645692,0.2033947049851232,2,2.1736957236282857
2007-12-05,1.0339927404617826,0.8219334277645692,0.20508781580275637,2,2.196783370547099
2007-12-06,1.0267467454005283,0.8219334277645692,0.19947793217115348,2,2.2137505808747693
2007-12-07,1.0203656766080689,0.8219334277645692,0.19447170107008516,2,2.192385723514944
2007-12-10,1.0186536846761989,0.8219334277645692,0.19311789656379783,2,2.160763467794036
2007-12-11,1.023132678172761,0.8219334277645692,0.196650204514549,2,2.181901642317152
2007-12-12,1.0204539008380358,0.8219334277645692,0.19454134372011697,2,2.1845991680739894
2007-12-13,1.0153000322787853,0.8219334277645692,0.19045267247772593,2,2.1715082342540435
2007-12-14,1.0102090514542885,0.8219334277645692,0.18637293282878348,2,2.1478765485271283
2007-12-17,1.0033423187342843,0.8219334277645692,0.18080458441996364,2,2.085278083169933
2007-12-18,1.007769578156329,0.8219334277645692,0.1844034136570574,2,2.109816500243684
2007-12-20,1.0069878814718647,0.8219334277645692,0.1837702887117276,2,2.090435117705063
2007-12-21,1.0095834292222596,0.8219334277645692,0.1858687415286204,2,2.1289145292364187
2007-12-24,1.0133734927165583,0.8219334277645692,0.18891362989848307,2,2.1755545228892994
2007-12-26,1.0137914407920008,0.9232961482363639,0.08926421048193073,1,2.1611034920490995
2007-12-27,1.0141802630177004,1.0141802630177004,0.0,0,2.1632569789978353
2007-12-28,1.0141802630177004,1.0141802630177004,0.0,0,2.150234050028902
2008-01-02,1.0141802630177004,1.0141802630177004,0.0,0,2.1007265184916526
2008-01-03,1.0141802630177004,1.0141802630177004,0.0,0,2.0999104602795002
2008-01-04,1.0141802630177004,1.0141802630177004,0.0,0,2.1125706967096987
2008-01-07,1.0127591396176425,0.9127622367159304,0.09873710242641204,1,2.0754400480567616
2008-01-08,1.0145624034427099,0.8114133615758142,0.2002331657249973,2,2.0698749844155553
2008-01-09,1.0137636038810314,0.8114133615758142,0.19960298587417388,2,2.0905484591234176
2008-01-10,1.0071194347930519,0.71004504941956,0.2949743348310384,3,2.068231533849415
2008-01-11,0.9943549043804645,0.6090036453628664,0.38753895346620953,4,2.0200500969069126
2008-01-14,0.9889648322107805,0.6090036453628664,0.3842009083361742,4,2.001473438438609
2008-01-15,0.992084342720124,0.6090036453628664,0.3861372273116583,4,1.9800179079441
2008-01-16,0.9851290974016541,0.6090036453628664,0.38180321039226683,4,1.9324371805188771
2008-01-17,0.9825410784933108,0.6090036453628664,0.3801748764573281,4,1.9534960160491448
2008-01-18,0.9854576404370645,0.6090036453628664,0.3820093118434146,4,1.9661562524793437
2008-01-21,0.9795103442406135,0.6090036453628664,0.3782570557383857,4,1.9081707828491765
2008-01-22,0.9724888380570811,0.6090036453628664,0.37376798423765506,4,1.8236860896077254
2008-01-23,0.9720175438212113,0.6090036453628664,0.3734643482166573,4,1.8456743247685004
2008-01-24,0.966197745029385,0.6090036453628664,0.3696904712354252,4,1.8848677872354895
2008-01-25,0.9716780863946881,0.6090036453628664,0.3732454668989068,4,1.918201498373551
2008-01-28,0.9549783954291347,0.6090036453628664,0.3622854210338433,4,1.8442802253227397
2008-01-29,0.9637321199864379,0.6090036453628664,0.36807787897384125,4,1.8564304253703432
2008-01-30,0.9600644703044315,0.6090036453628664,0.36566380258842984,4,1.8010631425041652
2008-01-31,0.9582379614264054,0.6090036453628664,0.3644546867499162,4,1.8414353557220418
2008-02-01,0.9599208416586456,0.7004428033722873,0.27031191221768514,3,1.8525994854299608
2008-02-04,0.9682749618484048,0.7875789970742658,0.18661637643629275,2,1.915617314035068
2008-02-05,0.9678799084151963,0.7875789970742658,0.18628438277653125,2,1.9229165013770981
2008-02-11,0.9669462764044209,0.8815461268564605,0.08831943576588343,1,1.8595586485169278
2008-02-12,0.9653309108638188,0.9653309108638188,0.0,0,1.8625281936778157
2008-02-13,0.9653309108638188,0.9653309108638188,0.0,0,1.8494825964252117
2008-02-14,0.9653309108638188,0.9653309108638188,0.0,0,1.923913905858618
2008-02-15,0.9653309108638188,0.9653309108638188,0.0,0,1.9208763558467172
2008-02-18,0.9653309108638188,0.9653309108638188,0.0,0,1.9225424746965285
2008-02-19,0.9653309108638188,0.9653309108638188,0.0,0,1.9500617710730033
2008-02-20,0.9653309108638188,0.9653309108638188,0.0,0,1.913101134547598
2008-02-21,0.9653309108638188,0.9653309108638188,0.0,0,1.9317457978669146
2008-02-22,0.9639085187750613,0.868797819777437,0.09867191454899829,1,1.911446349839622
2008-02-25,0.9644556774778361,0.868797819777437,0.09918325946357175,1,1.9371521835224248
2008-02-26,0.961722675589997,0.868797819777437,0.09662333869330118,1,1.9371521835224248
2008-02-27,0.9599458056189966,0.868797819777437,0.094951178814501,1,1.9504811343209152
2008-02-28,0.9595354365919155,0.868797819777437,0.0945641123341531,1,1.9677997030454841
2008-02-29,0.9595354365919155,0.868797819777437,0.0945641123341531,1,1.9399743848394517
2008-03-03,0.9577599624339322,0.868797819777437,0.09288563538448397,1,1.8947624930578382
2008-03-04,0.9610387272115287,0.868797819777437,0.0959804270341221,1,1.8998061861746138
2008-03-05,0.9630891765339166,0.868797819777437,0.09790511517928889,1,1.9008489272234752
2008-03-06,0.9644556774778361,0.868797819777437,0.09918325946357175,1,1.9239025717167826
2008-03-07,0.9643188878021424,0.868797819777437,0.09905547763604967,1,1.8859671989935283
2008-03-10,0.9637717290993677,0.868797819777437,0.09854398760034454,1,1.8419907286719788
2008-03-11,0.9675990483927561,0.868797819777437,0.1021096793960621,1,1.860476714005599
2008-03-12,0.9659589680974492,0.868797819777437,0.10058517134675053,1,1.8801414500901064
2008-03-13,0.9651382300432871,0.868797819777437,0.09982032341784788,1,1.8311666232191228
2008-03-14,0.9675990483927561,0.868797819777437,0.1021096793960621,1,1.8137573813598704
2008-03-17,0.9678712319311261,0.868797819777437,0.10236218298999845,1,1.7844926271407362
2008-03-18,0.9700584709292077,0.868797819777437,0.10438613154398242,1,1.8007117841072664
2008-03-19,0.9723811037899657,0.868797819777437,0.10652539792145392,1,1.8386584909723562
2008-03-20,0.972934650007355,0.8742410944131042,0.10143903867901584,1,1.8399732514252685
2008-03-21,0.9685890710977676,0.8742410944131042,0.09740764117618267,1,1.8652483877183241
2008-03-24,0.9665474288041931,0.8742410944131042,0.0955010914521699,1,1.8761404980221923
2008-03-25,0.9645199645821018,0.8742410944131042,0.09359979418167125,1,1.8983894184451826
2008-03-26,0.9668522573410809,0.8742410944131042,0.09578626126670552,1,1.9037618016751863
2008-03-27,0.9659661278733837,0.8742410944131042,0.09495678038133298,1,1.8998741910256265
2008-03-28,0.9651012655129111,0.8742410944131042,0.09414573822107526,1,1.9288782599825454
2008-03-31,0.9648035260117649,0.8742410944131042,0.09386619053209841,1,1.9313264346190029
2008-04-01,0.9651012655129111,0.8742410944131042,0.09414573822107526,1,1.9293542939396344
2008-04-02,0.9645199645821018,0.8742410944131042,0.09359979418167125,1,1.9746228564304256
2008-04-03,0.9651012655129111,0.8742410944131042,0.09414573822107526,1,1.9989232565256323
2008-04-04,0.9639386636512923,0.8742410944131042,0.09305319168174432,1,2.002164821090571
2008-04-07,0.9653990050140574,0.8742410944131042,0.09442511347898673,1,2.010178059368235
2008-04-08,0.9651012655129111,0.8742410944131042,0.09414573822107526,1,1.9888132020084102
2008-04-10,0.9656825664437205,0.8742410944131042,0.09469102498905425,1,2.000068004851013
2008-04-11,0.9636551022216292,0.8742410944131042,0.09278631701569187,1,2.0171485565970375
2008-04-14,0.9636551022216292,0.8742410944131042,0.09278631701569187,1,1.9797458885400494
2008-04-15,0.9659661278733837,0.8742410944131042,0.09495678038133298,1,1.9746001881467545
2008-04-16,0.9688726325274307,0.8742410944131042,0.09767180425714764,1,1.9931768466150586
2008-04-17,0.9692635077801498,0.9692635077801498,0.0,0,2.0046356640106997
2008-04-18,0.9717240414203175,0.8723371570021348,0.10227891889235782,1,2.0082965918235502
2008-04-21,0.974643540960248,0.8723371570021348,0.10496800077012558,1,2.040689569189269
2008-04-22,0.9758377906004666,0.8723371570021348,0.10606335868038513,1,2.025966518945018
2008-04-23,0.9806144551989138,0.8723371570021348,0.11041780755191434,1,2.041040927586168
2008-04-24,0.9780933728348169,0.8723371570021348,0.10812486698091812,1,2.0393974770200276
2008-04-25,0.9784914560482231,0.8723371570021348,0.10848771176276548,1,2.06811819243106
2008-04-28,0.97557229047072,0.8723371570021348,0.10582007553614878,1,2.066406737013907
2008-04-29,0.9766339570272791,0.8723371570021348,0.10679210903397975,1,2.053191127633771
2008-04-30,0.9800837889018479,0.8723371570021348,0.10993614333774439,1,2.069013589636061
2008-05-02,0.979022122345289,0.8723371570021348,0.10897094448446763,1,2.094855433020889
2008-05-06,0.9780933728348169,0.8723371570021348,0.10812486698091812,1,2.1070849720613403
2008-05-07,0.9747761240439077,0.8723371570021348,0.10508973754588864,1,2.1013612304344376
2008-05-08,0.9747761240439077,0.8723371570021348,0.10508973754588864,1,2.094549411191332
2008-05-09,0.9716538873690583,0.7748064779680375,0.20259004976970088,2,2.067007446531186
2008-05-13,0.9844085458775357,0.7748064779680375,0.21292182883545743,2,2.088655657436897
2008-05-14,0.9816056337417862,0.7748064779680375,0.2106743774334813,2,2.089732400911265
2008-05-15,0.9751999666954112,0.7748064779680375,0.20548963860861524,2,2.1372904600528173
2008-05-16,0.9764810820922097,0.7748064779680375,0.20653201359729773,2,2.140883383014655
2008-05-19,0.9861795131043272,0.7748064779680375,0.2143352526873357,2,2.136905099230412
2008-05-20,0.9886022929600075,0.890018388414052,0.09972048947082857,1,2.123054777907491
2008-05-21,0.986960322531194,0.890018388414052,0.09822272679465092,1,2.093994038241395
2008-05-22,0.9890127855672107,0.890018388414052,0.10009415307647845,1,2.0802910607623346
2008-05-23,0.9890127855672107,0.890018388414052,0.10009415307647845,1,2.0718131226694174
2008-05-26,0.986960322531194,0.890018388414052,0.09822272679465092,1,2.0408029106076233
2008-05-27,0.986960322531194,0.890018388414052,0.09822272679465092,1,2.0687415702320098
2008-05-28,0.9881918003528041,0.890018388414052,0.0993465154271693,1,2.0465379863763618
2008-05-29,0.9898337707816174,0.890018388414052,0.10084055051864588,1,2.086864863026896
2008-05-30,0.9960634691090702,0.6918907211557048,0.30537486554489635,3,2.099105736209183
2008-06-02,0.9943865344556757,0.49282383317248873,0.5043941001853378,5,2.0940167065250654
2008-06-03,0.9868265970780508,0.49282383317248873,0.5005973342918422,5,2.0621224314001068
2008-06-04,0.9970695492913535,0.49282383317248873,0.5057277262927615,5,2.0784662639268268
2008-06-05,0.9983691401815213,0.3928057008433909,0.606552641669221,6,2.0767661426515094
2008-06-09,0.996048665240486,0.4948794821781548,0.5031573260944322,5,2.0503009214657313
2008-06-10,0.9834903101323144,0.4948794821781548,0.4968130574549576,5,2.011107458998742
2008-06-11,0.9881908468788692,0.4948794821781548,0.499206571543142,5,2.019370048396786
2008-06-12,0.9770296527728133,0.4948794821781548,0.49348570867456754,5,1.9714152942909928
2008-06-13,0.9744096051334721,0.4948794821781548,0.49212376440976535,5,1.980471273617518
2008-06-16,0.975433065113924,0.39692996905338657,0.593073083895277,6,1.9957383626698704
2008-06-17,0.9742459915403174,0.39692996905338657,0.5925772623135701,6,1.9842795452742297
2008-06-18,0.9750355148393057,0.39692996905338657,0.5929071679826923,6,2.0108241054528557
2008-06-19,0.9666536564278323,0.39692996905338657,0.5893772641173264,6,1.9729567375806143
2008-06-20,0.9646335954033058,0.39692996905338657,0.5885173697610716,6,1.9619399517165559
2008-06-23,0.9603915609925704,0.30157138191095034,0.6859912204983616,7,1.9444740391481259
2008-06-24,0.9551562332624409,0.30157138191095034,0.6842701001061363,7,1.9390903217762867
2008-06-25,0.9529226327360533,0.30157138191095034,0.6835300458285142,7,1.946967550351925
2008-06-26,0.9535748535303123,0.30157138191095034,0.6837465031775148,7,1.9468202065080644
2008-06-27,0.9421702305645807,0.3792649502580716,0.5974560244481477,6,1.9091795214725318
2008-06-30,0.9429438265755122,0.5702699480589448,0.39522383838070885,4,1.898378084303347
2008-07-01,0.941141081282419,0.5702699480589448,0.39406539635706617,4,1.8887894003105556
2008-07-02,0.923466423236132,0.5702699480589448,0.3824681290950133,4,1.8402112684038128
2008-07-03,0.918867192900401,0.6531598999384026,0.28916833141391657,3,1.8208752224325335
2008-07-04,0.9123517022462853,0.6531598999384026,0.28409198083341225,3,1.788459576783144
2008-07-07,0.9045611086955209,0.6531598999384026,0.27792617473867204,3,1.7904770540298542
2008-07-08,0.8907546389750376,0.6531598999384026,0.2667342146093424,3,1.7380566480408937
2008-07-09,0.8912410231280923,0.6531598999384026,0.26713438566154496,3,1.7220868421947435
2008-07-10,0.9031173305810016,0.6531598999384026,0.27677182374719145,3,1.7425449682077323
2008-07-11,0.9070995271888349,0.6410209459615762,0.2933289823795355,3,1.7766380668487687
2008-07-14,0.9041731017260024,0.6410209459615762,0.2910417875317097,3,1.7665620147570527
2008-07-15,0.8980814370002108,0.6410209459615762,0.28623294107633834,3,1.710696029650115
2008-07-16,0.8973266271869501,0.6410209459615762,0.28563253720540144,3,1.7085085402758733
2008-07-17,0.8975771155966852,0.6410209459615762,0.28583189697807443,3,1.7290913418490519
2008-07-18,0.8903465834079587,0.721045680563262,0.19015168474805344,2,1.711444083011255
2008-07-21,0.8937597549952265,0.721045680563262,0.19324440764608708,2,1.7714356957462967
2008-07-22,0.892022527611483,0.721045680563262,0.1916732389102726,2,1.7695202257761053
2008-07-23,0.8942032880558876,0.721045680563262,0.19364456584485656,2,1.8041233607997371
2008-07-24,0.8992730185132631,0.8124909151965336,0.09650250983867316,1,1.8430901404300175
2008-07-25,0.8967756917991127,0.8124909151965336,0.09398646436712259,1,1.8111165263122104
2008-07-28,0.8977121893169191,0.8124909151965336,0.09493162188789195,1,1.8115245554182866
2008-07-29,0.8974000234776502,0.8124909151965336,0.0946167885666779,1,1.7762867084518696
2008-07-30,0.8992730185132631,0.8124909151965336,0.09650250983867316,1,1.788187557379093
2008-07-31,0.8998973501918007,0.8124909151965336,0.09712933922589907,1,1.8074215960738533
2008-08-01,0.9017703452274136,0.8124909151965336,0.09900461963890038,1,1.783733239637761
2008-08-04,0.9017703452274136,0.8124909151965336,0.09900461963890038,1,1.7489147559192555
2008-08-05,0.8967756917991127,0.8124909151965336,0.09398646436712259,1,1.740402815400832
2008-08-06,0.8995851843525319,0.8124909151965336,0.09681603329059225,1,1.7893323057044737
2008-08-07,0.8987879127990394,0.8987879127990394,0.0,0,1.7726597830645254
2008-08-08,0.8983370715608324,0.8089091215191354,0.09954832420120298,1,1.7780094980108583
2008-08-11,0.8949933940689312,0.8089091215191354,0.09618425467748842,1,1.7920298314613108
2008-08-12,0.8916373782837019,0.8089091215191354,0.09278240098436523,1,1.7875301771526368
2008-08-13,0.8891203664447801,0.8089091215191354,0.09021415766953558,1,1.7712090129095877
2008-08-14,0.8913535975371569,0.8089091215191354,0.09249356960674036,1,1.7819424452277597
2008-08-18,0.8891203664447801,0.8089091215191354,0.09021415766953558,1,1.7768647496854777
2008-08-19,0.8877261392987106,0.8089091215191354,0.08878528443675132,1,1.7470559566582418
2008-08-20,0.8871585778056204,0.8089091215191354,0.0882023329809134,1,1.7462625667297602
2008-08-21,0.8871585778056204,0.8089091215191354,0.0882023329809134,1,1.7143909598884721
2008-08-22,0.8836953274469368,0.7202783979625369,0.1849245146022486,2,1.6966190254904852
2008-08-25,0.8813877529611385,0.7202783979625369,0.1827905532580109,2,1.7025127792449195
2008-08-26,0.8842586367829385,0.7202783979625369,0.1854437514085082,2,1.6890704870280748
2008-08-27,0.886639236330468,0.6318953140040793,0.2873140640388269,3,1.6932301170816852
2008-08-28,0.8847562396174155,0.6318953140040793,0.28579727872015664,3,1.6708225186729988
2008-08-29,0.8872203709564721,0.6318953140040793,0.28778087757062937,3,1.6709245259495178
2008-09-01,0.8691158902073326,0.6318953140040793,0.27294470032835666,3,1.603135023631686
2008-09-02,0.8555645974406125,0.6318953140040793,0.2614288670962204,3,1.5948724342336422
2008-09-03,0.8574952382169578,0.5465747176979427,0.3625915418090614,4,1.6172573643586579
2008-09-04,0.853199259047206,0.5465747176979427,0.359382099899712,4,1.616735993834227
2008-09-05,0.8538718102715139,0.6090540090437688,0.28671493575821183,3,1.5917442110870577
2008-09-08,0.8577145129748474,0.6090540090437688,0.28991057067303055,3,1.6736560541318615
2008-09-09,0.8530629418535118,0.6090540090437688,0.2860386037630084,3,1.6485509299663377
2008-09-10,0.8581822316094494,0.6090540090437688,0.29029757712235704,3,1.6604291106098903
2008-09-11,0.8573499239851221,0.6090540090437688,0.2896086043691794,3,1.63578868625962
2008-09-12,0.8631885339975607,0.6090540090437688,0.29441369404764367,3,1.6750954901449637
2008-09-16,0.8517788206359769,0.6090540090437688,0.2849622527723554,3,1.5728955332147028
2008-09-17,0.8610059215329965,0.6090540090437688,0.29262506353107826,3,1.6154098992394792
2008-09-18,0.8559092621982881,0.6090540090437688,0.28841287745911837,3,1.5781885774518585
2008-09-19,0.8601509546036836,0.6938417114752888,0.19334890258306123,2,1.6500017001212754
2008-09-22,0.8561292882994966,0.6938417114752888,0.18955966002115718,2,1.655170068798241
2008-09-23,0.8563725123153632,0.6938417114752888,0.18978983853725281,2,1.679005769078194
2008-09-24,0.8600820307585213,0.779919043489157,0.09320388567898251,1,1.695564950299788
2008-09-25,0.8600820307585213,0.779919043489157,0.09320388567898251,1,1.701968740436818
2008-09-26,0.858987522687122,0.779919043489157,0.09204846066985885,1,1.673293361593127
2008-09-29,0.8602036427664546,0.779919043489157,0.09333208473646848,1,1.6506590803477315
2008-09-30,0.8628617004809263,0.6939717680292794,0.19573233156311606,2,1.6412517426243072
2008-10-01,0.8640416297239996,0.7728821102688485,0.10550361963956542,1,1.6317423976243641
2008-10-02,0.8668704036009862,0.7728821102688485,0.108422542679632,1,1.6090514456697913
2008-10-06,0.8664141497498593,0.7728821102688485,0.1079530378260954,1,1.540026521891895
2008-10-07,0.8641328804942249,0.7728821102688485,0.10559807673697968,1,1.5483571161409513
2008-10-08,0.8632203727919712,0.7728821102688485,0.10465260710997312,1,1.4583526958256356
2008-10-09,0.8604828496852098,0.7728821102688485,0.10180416663552137,1,1.4676466921307054
2008-10-10,0.8586578342807023,0.7728821102688485,0.09989511606064619,1,1.4070997064457265
2008-10-13,0.8598440942936322,0.7728821102688485,0.10113692075331822,1,1.4604381779233586
2008-10-14,0.8582015804295754,0.7728821102688485,0.09941658475858325,1,1.5501592446927883
2008-10-15,0.8623078650897174,0.7728821102688485,0.10370513646140149,1,1.519092361921817
2008-10-16,0.8640416297239996,0.7728821102688485,0.10550361963956542,1,1.375715467703363
2008-10-17,0.8650453881964787,0.7728821102688485,0.10654155167485509,1,1.338188124086185
2008-10-20,0.8705204344100013,0.7728821102688485,0.11216086410117135,1,1.3687449704745607
2008-10-21,0.871432942112255,0.7728821102688485,0.11309055129879585,1,1.3556767049382856
2008-10-22,0.8700641805588744,0.7728821102688485,0.11169528922291949,1,1.285960398508427
2008-10-23,0.8604828496852098,0.7728821102688485,0.10180416663552137,1,1.1897562026091195
2008-10-24,0.8602090973745338,0.7728821102688485,0.1015183254539137,1,1.063992564802956
2008-10-27,0.8550078034716873,0.7728821102688485,0.09605256568346433,1,1.0727198540162532
2008-10-28,0.8512008213378846,0.8512008213378846,0.0,0,1.132462115630915
2008-10-29,0.8512008213378846,0.8512008213378846,0.0,0,1.0982443414296887
2008-10-30,0.8512008213378846,0.8512008213378846,0.0,0,1.2294370331750333
2008-10-31,0.8512008213378846,0.8512008213378846,0.0,0,1.261557991136701
2008-11-03,0.8512008213378846,0.8512008213378846,0.0,0,1.2797152863570935
2008-11-04,0.8512008213378846,0.8512008213378846,0.0,0,1.3072232485917328
2008-11-05,0.8512008213378846,0.8512008213378846,0.0,0,1.3391288578585272
2008-11-06,0.8512008213378846,0.8512008213378846,0.0,0,1.2379376395516215
2008-11-07,0.8512008213378846,0.8512008213378846,0.0,0,1.2858470570900724
2008-11-10,0.8512008213378846,0.8512008213378846,0.0,0,1.3062145099683777
2008-11-11,0.8512008213378846,0.8512008213378846,0.0,0,1.2793185913928529
2008-11-12,0.8512008213378846,0.8512008213378846,0.0,0,1.273798864318988
2008-11-13,0.8512008213378846,0.8512008213378846,0.0,0,1.233653333937821
2008-11-14,0.8512008213378846,0.8512008213378846,0.0,0,1.2334493193847829
2008-11-17,0.8512008213378846,0.8512008213378846,0.0,0,1.2221831824003446
2008-11-18,0.8512008213378846,0.8512008213378846,0.0,0,1.1743984404220835
2008-11-19,0.8512008213378846,0.8512008213378846,0.0,0,1.1524782101123214
2008-11-20,0.8512008213378846,0.8512008213378846,0.0,0,1.0752587017873942
2008-11-21,0.8512008213378846,0.8512008213378846,0.0,0,1.1376418184497161
2008-11-24,0.8512008213378846,0.8512008213378846,0.0,0,1.0995704360244365
2008-11-25,0.8512008213378846,0.8512008213378846,0.0,0,1.1145088349635608
2008-11-26,0.8512008213378846,0.8512008213378846,0.0,0,1.1671672579310657
2008-11-27,0.8512008213378846,0.8512008213378846,0.0,0,1.2053633159165356
2008-11-28,0.8512008213378846,0.8512008213378846,0.0,0,1.2196330004873681
2008-12-01,0.8512008213378846,0.8512008213378846,0.0,0,1.1998549229845061
2008-12-02,0.8512008213378846,0.8512008213378846,0.0,0,1.159709392603339
2008-12-03,0.8512008213378846,0.8512008213378846,0.0,0,1.1591086830860602
2008-12-04,0.8512008213378846,0.8512008213378846,0.0,0,1.1408267123054778
2008-12-05,0.8512008213378846,0.8512008213378846,0.0,0,1.1652971245282164
2008-12-08,0.8512008213378846,0.8512008213378846,0.0,0,1.252479343526505
2008-12-09,0.8512008213378846,0.8512008213378846,0.0,0,1.2533747407315055
2008-12-10,0.8512008213378846,0.8512008213378846,0.0,0,1.2987453104988156
2008-12-11,0.8512008213378846,0.8512008213378846,0.0,0,1.3084473359099618
2008-12-12,0.8512008213378846,0.8512008213378846,0.0,0,1.2510852440807445
2008-12-15,0.8512008213378846,0.8512008213378846,0.0,0,1.3127089732400912
2008-12-16,0.8512008213378846,0.8512008213378846,0.0,0,1.316528579038638
2008-12-17,0.8512008213378846,0.8512008213378846,0.0,0,1.3258112412018725
2008-12-18,0.8512008213378846,0.8512008213378846,0.0,0,1.3327930725725103
2008-12-19,0.8512008213378846,0.8512008213378846,0.0,0,1.3385281483412483
2008-12-22,0.8512008213378846,0.8512008213378846,0.0,0,1.3369867050516269
2008-12-23,0.8512008213378846,0.8512008213378846,0.0,0,1.2969771843724853
2008-12-24,0.8512008213378846,0.8512008213378846,0.0,0,1.2790692402724728
2008-12-26,0.8512008213378846,0.8512008213378846,0.0,0,1.2669983792177175
2008-12-29,0.8512008213378846,0.8512008213378846,0.0,0,1.2666923573881603
2008-12-30,0.8512008213378846,0.8512008213378846,0.0,0,1.2744902469709507
2009-01-02,0.8512008213378846,0.8512008213378846,0.0,0,1.3118135760350906
2009-01-05,0.8512008213378846,0.8512008213378846,0.0,0,1.3301408833830146
2009-01-06,0.8512008213378846,0.8512008213378846,0.0,0,1.3536138911242335
2009-01-07,0.8512008213378846,0.8512008213378846,0.0,0,1.3920252978045768
2009-01-08,0.8512008213378846,0.8512008213378846,0.0,0,1.3665574811003185
2009-01-09,0.8512008213378846,0.8512008213378846,0.0,0,1.338516814199413
2009-01-12,0.8512008213378846,0.8512008213378846,0.0,0,1.3110768568157862
2009-01-13,0.8512008213378846,0.8512008213378846,0.0,0,1.3234990762674406
2009-01-14,0.8512008213378846,0.8512008213378846,0.0,0,1.3404662865951105
2009-01-15,0.8512008213378846,0.8512008213378846,0.0,0,1.2596085187410035
2009-01-16,0.8512008213378846,0.8512008213378846,0.0,0,1.2866517811603895
2009-01-19,0.8512008213378846,0.8512008213378846,0.0,0,1.3041630302961613
2009-01-20,0.8512008213378846,0.8512008213378846,0.0,0,1.2771424361604462
2009-01-21,0.8512008213378846,0.8512008213378846,0.0,0,1.2508472271022
2009-01-22,0.8512008213378846,0.8512008213378846,0.0,0,1.265150914098539
2009-01-23,0.8512008213378846,0.8512008213378846,0.0,0,1.2392750682882048
2009-01-28,0.8512008213378846,0.8512008213378846,0.0,0,1.3124709562615466
2009-01-29,0.8512008213378846,0.8512008213378846,0.0,0,1.3221956499563636
2009-01-30,0.8512008213378846,0.8512008213378846,0.0,0,1.3171519568395877
2009-02-02,0.8512008213378846,0.8512008213378846,0.0,0,1.2999693978170443
2009-02-03,0.8512008213378846,0.8512008213378846,0.0,0,1.3183873782996522
2009-02-04,0.8512008213378846,0.8512008213378846,0.0,0,1.3548493125842975
2009-02-05,0.8512008213378846,0.8512008213378846,0.0,0,1.3350258985140941
2009-02-06,0.8512008213378846,0.8512008213378846,0.0,0,1.3717258497772842
2009-02-09,0.8512008213378846,0.8512008213378846,0.0,0,1.3631459044078478
2009-02-10,0.8512008213378846,0.8512008213378846,0.0,0,1.3588162622267055
2009-02-11,0.8560226098585518,0.7660807392040961,0.10506950356056322,1,1.3489668929716987
2009-02-12,0.855356180190765,0.7660807392040961,0.10437224054049421,1,1.3372473903138424
2009-02-13,0.8591848839684426,0.7660807392040961,0.10836334123374333,1,1.3515284090265107
2009-02-16,0.861419383442787,0.7660807392040961,0.11067622353429774,1,1.3322943703317505
2009-02-17,0.8560226098585518,0.7660807392040961,0.10506950356056322,1,1.2775731335501934
2009-02-18,0.865025943997869,0.7660807392040961,0.11438408926382056,1,1.261705334980562
2009-02-19,0.8593939599426503,0.7660807392040961,0.10858026130970388,1,1.2548028426027722
2009-02-20,0.8528734029970491,0.7660807392040961,0.10176500227109699,1,1.208162848949892
2009-02-23,0.8546766832745901,0.7660807392040961,0.10366018613149632,1,1.2462455655170068
2009-02-24,0.8499594066065299,0.7660807392040961,0.0986854980961032,1,1.2058166815899536
2009-02-25,0.8479339831063932,0.7660807392040961,0.0965325668425612,1,1.2094436069772976
2009-02-26,0.8479339831063932,0.7660807392040961,0.0965325668425612,1,1.1955139466615285
2009-02-27,0.8465749892740434,0.7660807392040961,0.09508224444354645,1,1.2048532795339402
2009-03-02,0.8366830822443437,0.7660807392040961,0.08438361494158789,1,1.154733704337576
2009-03-03,0.8373625791605186,0.7660807392040961,0.08512661268895572,1,1.1623955842183409
2009-03-04,0.8429945632157374,0.7660807392040961,0.09123881382845596,1,1.200580308061975
2009-03-05,0.8385438242530938,0.6817198668150989,0.18701939350359037,2,1.1993562207437465
2009-03-06,0.8441627410599245,0.6817198668150989,0.19243075575790464,2,1.1957859660655794
2009-03-09,0.8573055657876563,0.6817198668150989,0.2048111035080434,2,1.2147139829307825
2009-03-10,0.8513404558404399,0.6828363121406561,0.1979280351870947,2,1.2379149712679505
2009-03-11,0.8554612227046426,0.6828363121406561,0.20179162536229556,2,1.2779358260889278
2009-03-12,0.8579393816703798,0.6828363121406561,0.20409725124029596,2,1.2789332305704475
2009-03-13,0.8555975487647554,0.6828363121406561,0.20191880735693823,2,1.276258373097281
2009-03-16,0.8545411754226758,0.6828363121406561,0.2009322291545408,2,1.2756123270126603
2009-03-17,0.8578794152173927,0.6828363121406561,0.2040416170055549,2,1.319158099944463
2009-03-18,0.8644392019599495,0.6828363121406561,0.2100817378568022,2,1.3260379240385816
2009-03-19,0.8622614649352429,0.6828363121406561,0.20808671161949913,2,1.3168119325845244
2009-03-20,0.8722913907212526,0.6828363121406561,0.21719242055564245,2,1.3271600040802911
2009-03-23,0.8753166451559928,0.6828363121406561,0.21989794673793067,2,1.359530313162339
2009-03-24,0.8792739132154619,0.6828363121406561,0.22340888103508386,2,1.38469210803704
2009-03-25,0.8846479430110279,0.6828363121406561,0.22812649084276002,2,1.39298869986059
2009-03-26,0.8827762488910966,0.6828363121406561,0.22648993672133338,2,1.4097405614933864
2009-03-27,0.8744419550013383,0.6828363121406561,0.21911762326224257,2,1.402611386278888
2009-03-30,0.8687366281240163,0.6828363121406561,0.2139892689741891,2,1.357218148227907
2009-03-31,0.8760725965570417,0.6828363121406561,0.22057108643256587,2,1.3671921930431037
2009-04-01,0.8816171192475356,0.7895365762629445,0.10444504873406071,1,1.3979077174171757
2009-04-02,0.8819692436948954,0.7895365762629445,0.10480259724785441,1,1.4473359099615775
2009-04-03,0.8800325592344164,0.7895365762629445,0.1028325395712618,1,1.455020458126013
2009-04-06,0.8789730167723108,0.8789730167723108,0.0,0,1.4710015981139988
2009-04-07,0.8789730167723108,0.8789730167723108,0.0,0,1.4735517800269753
2009-04-08,0.8789730167723108,0.8789730167723108,0.0,0,1.4304480386267553
2009-04-09,0.8789730167723108,0.8789730167723108,0.0,0,1.491969760509583
2009-04-10,0.8789730167723108,0.8789730167723108,0.0,0,1.514286685783586
2009-04-13,0.8789730167723108,0.8789730167723108,0.0,0,1.5168028652710561
2009-04-14,0.8789730167723108,0.8789730167723108,0.0,0,1.5217558852531483
2009-04-15,0.8789730167723108,0.8789730167723108,0.0,0,1.5109431139421279
2009-04-16,0.8789730167723108,0.8789730167723108,0.0,0,1.5150574074283967
2009-04-17,0.8789730167723108,0.8789730167723108,0.0,0,1.5063074499314284
2009-04-20,0.8789730167723108,0.8789730167723108,0.0,0,1.5146833807478268
2009-04-21,0.8789730167723108,0.8789730167723108,0.0,0,1.5151594147049157
2009-04-22,0.8789730167723108,0.8789730167723108,0.0,0,1.536932301170817
2009-04-23,0.8789730167723108,0.8789730167723108,0.0,0,1.5514173344365232
2009-04-24,0.8789730167723108,0.8789730167723108,0.0,0,1.5347561459384103
2009-04-27,0.8789730167723108,0.8789730167723108,0.0,0,1.5185823255392217
2009-04-28,0.8789730167723108,0.8789730167723108,0.0,0,1.4737104580126716
2009-04-29,0.8789730167723108,0.8789730167723108,0.0,0,1.5169842115404233
2009-04-30,0.8789730167723108,0.8789730167723108,0.0,0,1.5520520463793084
2009-05-04,0.8789730167723108,0.8789730167723108,0.0,0,1.5844223554613563
2009-05-06,0.8789730167723108,0.8789730167723108,0.0,0,1.5793559940609099
2009-05-07,0.8789730167723108,0.8789730167723108,0.0,0,1.5880039442813587
2009-05-08,0.8789730167723108,0.8789730167723108,0.0,0,1.6005281710095323
2009-05-11,0.8789730167723108,0.8789730167723108,0.0,0,1.6039624159856738
2009-05-12,0.8789730167723108,0.8789730167723108,0.0,0,1.5907581407473734
2009-05-13,0.8789730167723108,0.8789730167723108,0.0,0,1.603237030908205
2009-05-14,0.8789730167723108,0.8789730167723108,0.0,0,1.565188316766596
2009-05-15,0.8789730167723108,0.8789730167723108,0.0,0,1.5774065216652122
2009-05-18,0.8789730167723108,0.8789730167723108,0.0,0,1.5716827800383095
2009-05-19,0.8789730167723108,0.8789730167723108,0.0,0,1.6187534710809373
2009-05-20,0.8789730167723108,0.8789730167723108,0.0,0,1.62724274331569
2009-05-21,0.8789730167723108,0.8789730167723108,0.0,0,1.6113182740368814
2009-05-22,0.8789730167723108,0.8789730167723108,0.0,0,1.5910301601514243
2009-05-25,0.874335732634888,0.7910757150950797,0.09522659824149797,1,1.5877999297283207
2009-05-26,0.873653197872736,0.7910757150950797,0.09451975106223472,1,1.5550895963912093
2009-05-27,0.8680245919456652,0.7910757150950797,0.0886482682225692,1,1.5437327862720875
2009-05-28,0.8666618282820442,0.7910757150950797,0.0872152328859302,1,1.577905223905972
2009-05-29,0.8681860021934714,0.7910757150950797,0.08881770369894543,1,1.5821215246687599
2009-06-01,0.8665004180342379,0.7910757150950797,0.08704520086703302,1,1.603894411134661
2009-06-02,0.8571746098931203,0.7046306643063698,0.17796134396207916,2,1.6013442292216844
2009-06-03,0.8685887927223875,0.36104132546515555,0.584335731142056,6,1.6036563941561166
2009-06-04,0.8617378047642688,0.27348547496666736,0.6826349343679076,7,1.5620034229108344
2009-06-05,0.8721748942627336,0.27348547496666736,0.6864327593402583,7,1.5807840959321766
2009-06-08,0.8713579781272007,0.27348547496666736,0.6861387835634828,7,1.579185981933378
2009-06-09,0.8610430930192772,0.27348547496666736,0.6823788760587103,7,1.5548629135545002
2009-06-10,0.8727623239667618,0.1865441477625457,0.7862600817658004,8,1.6036450600142813
2009-06-11,0.8756007192155578,0.09869379708125961,0.8872844723452507,9,1.6087567579820696
2009-06-12,0.861451149086855,0.010705900095685755,0.9875722493294784,10,1.6191841684706842
2009-06-15,0.8690240802258502,0.010705900095685755,0.9876805483998747,10,1.6008568611227603
2009-06-16,0.8618134843370554,0.010705900095685755,0.9875774743720549,10,1.585816454907117
2009-06-17,0.8450769942129712,0.010705900095685755,0.9873314500702315,10,1.576771809722427
2009-06-18,0.8413521367606871,0.010705900095685755,0.987275363515561,10,1.559305897153997
2009-06-19,0.849782307987208,0.09014961674734862,0.8939144579735052,9,1.5678971766652687
2009-06-22,0.8635746420273231,0.005148096726810214,0.9940386198525648,10,1.5864511668499022
2009-06-23,0.8335094367879277,0.005148096726810214,0.9938235891525725,10,1.5420553332804408
2009-06-24,0.8298998395491255,0.005148096726810214,0.9937967252414374,10,1.5457389293769623
2009-06-25,0.8575152108886892,0.005148096726810214,0.9939964951508267,10,1.5785399358487573
2009-06-26,0.8592934280959086,0.005148096726810214,0.9940089187715332,10,1.5805800813791384
2009-06-29,0.841387157676571,0.09085749456055467,0.8920146406661934,9,1.5736889231431843
2009-06-30,0.8481734210666407,0.41421151117229166,0.5116429012224998,5,1.5755250541205272
2009-07-01,0.8347659026214371,0.5039299537085065,0.3963218285198256,4,1.599995466343266
2009-07-02,0.8300904407720724,0.5039299537085065,0.3929216276243369,4,1.5997914517902279
2009-07-03,0.8376532800339629,0.5039299537085065,0.398402697488304,4,1.6094934772013738
2009-07-06,0.8396224206205141,0.5039299537085065,0.39981360510110925,4,1.6195808634349251
2009-07-07,0.8451700944092159,0.5906348553105562,0.301164512069707,3,1.6255426220403724
2009-07-08,0.8458890170659277,0.6718164644423448,0.20578651467467385,2,1.621938364936699
2009-07-09,0.8409890958952858,0.6678828767662178,0.2058364608696686,2,1.6217910210928381
2009-07-10,0.8404111604466379,0.6678828767662178,0.20529032906789293,2,1.6192181708961906
2009-07-13,0.8350966752644348,0.6678828767662178,0.20023286339305374,2,1.5619807546271633
2009-07-14,0.8344293891123274,0.6678828767662178,0.19959329635223313,2,1.570413356152739
2009-07-15,0.8367132662412585,0.6678828767662178,0.20177807175625684,2,1.6104228768318807
2009-07-16,0.8371958043368107,0.6678828767662178,0.20223814631359158,2,1.623298461956953
2009-07-17,0.8405495894841984,0.5910973365859962,0.2967727972495688,3,1.6322297657232883
2009-07-20,0.8518285532759312,0.5069224736327931,0.40490081990878435,4,1.6757642045132553
2009-07-21,0.8487959318473333,0.5069224736327931,0.40277461918376684,4,1.6876423851568079
2009-07-22,0.8486355592778536,0.5069224736327931,0.4026617573459228,4,1.6933661267837106
2009-07-23,0.8461571447715216,0.5069224736327931,0.40091213935247016,4,1.696142991533396
2009-07-24,0.8461450855599151,0.5069224736327931,0.40090360118637336,4,1.703056818053021
2009-07-27,0.8500855936164003,0.5069224736327931,0.40368066764163874,4,1.7273798864318988
2009-07-28,0.8462167655156789,0.5069224736327931,0.40095434847136613,4,1.729624046515318
2009-07-29,0.8436387077848795,0.5069224736327931,0.3991237375015586,4,1.727685908261456
2009-07-30,0.841742092580055,0.5069224736327931,0.3977698417350067,4,1.739496084053996
2009-07-31,0.8433413553302139,0.5069224736327931,0.3989118754477475,4,1.7650545738929377
2009-08-03,0.8449656374186492,0.5069224736327931,0.40006735045293706,4,1.7737705289643995
2009-08-04,0.8464315462965109,0.5069224736327931,0.40110635543915024,4,1.775345974679527
2009-08-05,0.8436152597960035,0.5877225850785137,0.3033286462591582,3,1.767525416813066
2009-08-06,0.8497569657273095,0.5877225850785137,0.30836391017344567,3,1.7738385338154121
2009-08-07,0.8509840448262088,0.5877225850785137,0.3093612169913942,3,1.7862607532670665
2009-08-10,0.8493235581864588,0.5877225850785137,0.3080109701260797,3,1.7863854288272563
2009-08-11,0.8506926693663853,0.5877225850785137,0.3091246624750364,3,1.7898990127962462
2009-08-12,0.858012785041013,0.5877225850785137,0.31501884899020405,3,1.7741898922123112
2009-08-13,0.8654507600698866,0.7687697900965677,0.11171169341339743,1,1.7733851681419943
2009-08-14,0.8649288160760944,0.7794941206401472,0.09877656270435885,1,1.8037266658354965
2009-08-17,0.8622589818437211,0.7794941206401472,0.09598608184585365,1,1.7534597467952715
2009-08-18,0.8627929486901957,0.7794941206401472,0.09654555959979079,1,1.757064003898945
2009-08-19,0.8593221641881104,0.7794941206401472,0.09289652574408445,1,1.752212991193372
2009-08-20,0.8619919984204838,0.7794941206401472,0.09570608303964054,1,1.7867027847986492
2009-08-21,0.859856131034585,0.7794941206401472,0.09345983298129851,1,1.791905155901121
2009-08-24,0.864558848245695,0.6932949207980988,0.19809400805406535,2,1.8273130149950698
2009-08-25,0.8628108365799283,0.6932949207980988,0.19646938656191296,2,1.815026805245441
2009-08-26,0.8639305726858325,0.6932949207980988,0.19751083858191595,2,1.8294665019438052
2009-08-27,0.8589057043780465,0.6932949207980988,0.1928160247810558,2,1.8127033061691733
2009-08-28,0.858655988425794,0.6932949207980988,0.19258127801665692,2,1.8224620022894968
2009-08-31,0.8605979279516267,0.6932949207980988,0.19440321864559712,2,1.804225368076256
2009-09-01,0.8633793383683729,0.6932949207980988,0.19699848028758957,2,1.8395992247446984
2009-09-02,0.8633487891056345,0.6932949207980988,0.19697006638962092,2,1.8283784243276022
2009-09-03,0.8602485928526962,0.6932949207980988,0.19407607689418854,2,1.8287977875755137
2009-09-04,0.8573162178447498,0.6069742544322465,0.29200656444112355,3,1.8235500799057
2009-09-07,0.8616517120671966,0.6069742544322465,0.29556891034772165,3,1.82317605322513
2009-09-08,0.8589845725503866,0.6069742544322465,0.2933816580313002,3,1.8357796189461517
2009-09-09,0.8475814077826764,0.6069742544322465,0.28387497783826177,3,1.822269321878294
2009-09-10,0.8516669340656315,0.6895735859134132,0.19032481087228292,2,1.8641036393929435
2009-09-11,0.8508241150775371,0.6895735859134132,0.1895227536532962,2,1.87206020696143
2009-09-14,0.8473593417890616,0.6895735859134132,0.18620878781192093,2,1.853030182819708
2009-09-15,0.8471719995263869,0.6895735859134132,0.18602882732323459,2,1.8739870110734567
2009-09-16,0.8521975054162233,0.6895735859134132,0.1908289081688671,2,1.9079100975869612
2009-09-17,0.8492633666766087,0.6895735859134132,0.18803328511402026,2,1.9216697457751988
2009-09-18,0.8527025583409835,0.764587758538125,0.1033359158371642,1,1.92647542191343
2009-09-21,0.8535453141308089,0.764587758538125,0.10422124533982366,1,1.921703748200705
2009-09-22,0.8528898374053892,0.764587758538125,0.10353280692837362,1,1.9482029718119895
2009-09-23,0.8507840412813559,0.6792519550314846,0.20161648306370306,2,1.9398043727119203
2009-09-24,0.8466447065247367,0.6792519550314846,0.19771310232406367,2,1.9198676172233622
2009-09-25,0.8443599449040513,0.5947456642351826,0.2956254405190118,3,1.9171474231828538
2009-09-28,0.8399765733053214,0.5947456642351826,0.2919497005793283,3,1.8990921352389805
2009-09-29,0.8388005234925264,0.5947456642351826,0.29095697060508363,3,1.9155266409003842
2009-09-30,0.8379008929840659,0.4271017756148715,0.4902717264164635,5,1.896360607056637
2009-10-01,0.8307196066915228,0.4255694343316071,0.4877098952479197,5,1.8640469686837664
2009-10-05,0.8197575385819843,0.4255694343316071,0.4808593830466547,5,1.82128325153861
2009-10-06,0.8163840524225622,0.34347418278298236,0.5792737722353262,6,1.8116945675458185
2009-10-07,0.8143988660460332,0.26148475056021003,0.678922992820781,7,1.8111958653050586
2009-10-08,0.824742775160413,0.18014850916699035,0.7815700669436585,8,1.8309852769497559
2009-10-09,0.8271030178047093,0.0977667927489444,0.8817961116761049,9,1.8664951433202235
2009-10-12,0.8326518083250939,0.014487741982500663,0.9826004797711985,10,1.8585839123190788
2009-10-13,0.8237273847312705,0.014487741982500663,0.9824119699659771,10,1.8462523660021084
2009-10-14,0.8300856967646362,0.014487741982500663,0.9825466912163786,10,1.8691019959423771
2009-10-15,0.8274504447859073,0.014487741982500663,0.9824911061758518,10,1.8803227963594737
2009-10-16,0.8262517451975147,0.014487741982500663,0.9824657048330501,10,1.8592072901200285
2009-10-19,0.8236732000830937,0.014487741982500663,0.9824108129522253,10,1.8690793276587063
2009-10-20,0.8301533659499123,0.014487741982500663,0.9825481139067322,10,1.8805041426288411
2009-10-21,0.8235652882358422,0.09811951703856442,0.8808600624138179,9,1.8745083815978874
2009-10-22,0.8277137198000886,0.09811951703856442,0.8814571817629621,9,1.8478391458590713
2009-10-23,0.838930567762641,0.1814245422457995,0.7837430781314312,8,1.8589919414251552
2009-10-26,0.8374089692339624,0.1814245422457995,0.7833501324785649,8,1.878191977694409
2009-10-27,0.8364008901906038,0.1814245422457995,0.7830890134461054,8,1.869600698183137
2009-10-28,0.8260731429978405,0.34324701147768233,0.5844835116754551,6,1.8244681453943716
2009-10-29,0.8242505965896196,0.43176990362795725,0.47616670777743075,5,1.7974248829749855
2009-10-30,0.8257403714985425,0.43176990362795725,0.4771117913922665,5,1.791576465787893
2009-11-02,0.8185215309225004,0.5078393441864077,0.37956507556489527,4,1.7670947194233189
2009-11-03,0.8146096315174978,0.5748278094638553,0.29435181315860975,3,1.7567013113602106
2009-11-04,0.817896195061555,0.6512178912594311,0.20378906859883322,2,1.7907150710083988
2009-11-05,0.814806418612825,0.7291182665211817,0.10516381576561933,1,1.759330832266035
2009-11-06,0.8148686947015036,0.8148686947015036,0.0,0,1.7822484670573169
2009-11-09,0.8168611190145865,0.5704080862910524,0.301707385731421,3,1.787156150472067
2009-11-10,0.8151542892454762,0.40623199493203666,0.5016501780196071,5,1.7934012626234004
2009-11-11,0.8208019912934652,0.3246104068251058,0.6045204443113414,6,1.807591608201385
2009-11-12,0.8108026037766978,0.16036758232507337,0.8022113131135922,8,1.782554488886874
2009-11-13,0.8162501928483141,0.07916050447482584,0.9030193129895696,9,1.7817157623910507
2009-11-16,0.8321169345347976,0.07916050447482584,0.9048685332680061,9,1.8049280848700542
2009-11-17,0.8344907393128737,0.07916050447482584,0.9051391456542619,9,1.7975722268188465
2009-11-18,0.8447781529089824,0.07916050447482584,0.9062943280407553,9,1.8179623479808227
2009-11-19,0.8543394897440683,0.07916050447482584,0.9073430346775382,9,1.836743021002165
2009-11-20,0.8489887634745111,0.07916050447482584,0.9067590669270355,9,1.8368110258531776
2009-11-23,0.8409120854583862,0.07916050447482584,0.9058635190958458,9,1.8350542338686826
2009-11-24,0.8500844479618981,0.07916050447482584,0.9068792463329786,9,1.8207392127305082
2009-11-25,0.8566576885587197,0.07916050447482584,0.9075937734148991,9,1.8269276541726645
2009-11-26,0.8501858127054798,0.07916050447482584,0.9068903488016113,9,1.812918654864047
2009-11-27,0.812524989863475,0.07916050447482584,0.9025746832868158,9,1.7278899228144942
2009-11-30,0.8397961064280268,0.07916050447482584,0.9057384240425624,9,1.7631391039227464
2009-12-01,0.8409284958746154,0.07916050447482584,0.9058653561353106,9,1.7791429121944033
2009-12-02,0.8569628583548904,0.07916050447482584,0.9076266798460904,9,1.8039760169558763
2009-12-03,0.8667819004843971,0.07916050447482584,0.9086730993914532,9,1.830463906425325
2009-12-04,0.8663191182305192,0.33397996450253653,0.6144839038243785,6,1.8415260288567252
2009-12-07,0.865143841169374,0.5002270697615222,0.42179895878887735,4,1.8504686667648962
2009-12-08,0.8647318587667188,0.6074579137684432,0.2975187538079143,3,1.8449489396910312
2009-12-09,0.865658212063213,0.7695491000484731,0.11102431730610292,1,1.8521914563238846
2009-12-10,0.8662176936337815,0.8662176936337815,0.0,0,1.8732276235704814
2009-12-11,0.8662176936337815,0.8662176936337815,0.0,0,1.8779539607158646
2009-12-14,0.8662176936337815,0.8662176936337815,0.0,0,1.8868739303403643
2009-12-15,0.8662176936337815,0.8662176936337815,0.0,0,1.8880980176585929
2009-12-16,0.8662176936337815,0.8662176936337815,0.0,0,1.8862732208230855
2009-12-17,0.8662176936337815,0.8662176936337815,0.0,0,1.867685228212946
2009-12-18,0.8662176936337815,0.8662176936337815,0.0,0,1.8667784968661099
2009-12-21,0.8662176936337815,0.8662176936337815,0.0,0,1.8635936030103482
2009-12-22,0.8662176936337815,0.8662176936337815,0.0,0,1.8764125174262432
2009-12-23,0.8662176936337815,0.8662176936337815,0.0,0,1.88299765383264
2009-12-24,0.8662176936337815,0.8662176936337815,0.0,0,1.9067880175452516
2009-12-28,0.8662176936337815,0.8662176936337815,0.0,0,1.9104716136417732
2009-12-29,0.8662176936337815,0.8662176936337815,0.0,0,1.895612553695497
2009-12-30,0.8662176936337815,0.8662176936337815,0.0,0,1.907275385644176
2010-01-04,0.8662176936337815,0.8662176936337815,0.0,0,1.922429133278174
2010-01-05,0.8662176936337815,0.8662176936337815,0.0,0,1.9161726869850049
2010-01-06,0.8662176936337815,0.8662176936337815,0.0,0,1.9328338754831178
2010-01-07,0.8662176936337815,0.8662176936337815,0.0,0,1.9080461072889867
2010-01-08,0.8662176936337815,0.8662176936337815,0.0,0,1.9214317287966542
2010-01-11,0.8662176936337815,0.8662176936337815,0.0,0,1.9201396366274126
2010-01-12,0.8662176936337815,0.8662176936337815,0.0,0,1.9252626687370367
2010-01-13,0.8662176936337815,0.8662176936337815,0.0,0,1.8943998005191038
2010-01-14,0.8662176936337815,0.8662176936337815,0.0,0,1.9106756281948112
2010-01-15,0.8662176936337815,0.8662176936337815,0.0,0,1.928844257557039
2010-01-18,0.8662176936337815,0.8662176936337815,0.0,0,1.9401557311088191
2010-01-19,0.8662176936337815,0.8662176936337815,0.0,0,1.9383876049824889
2010-01-20,0.8662176936337815,0.8662176936337815,0.0,0,1.9431026079860365
2010-01-21,0.8662176936337815,0.8662176936337815,0.0,0,1.9517505582064856
2010-01-22,0.8662176936337815,0.8662176936337815,0.0,0,1.9090661800541773
2010-01-25,0.8662176936337815,0.8662176936337815,0.0,0,1.8930283693570142
2010-01-26,0.8658960026519523,0.7795959242704034,0.09966563896500326,1,1.8557843792857223
2010-01-27,0.8670863485606634,0.7795959242704034,0.1009016281198423,1,1.8423420870688776
2010-01-28,0.8647056567432413,0.7795959242704034,0.09842624690740258,1,1.861553457479967
2010-01-29,0.8641104837888858,0.7795959242704034,0.09780527039541223,1,1.8162168901381632
2010-02-01,0.8655984161747746,0.7795959242704034,0.0993561105211245,1,1.8207618810141792
2010-02-02,0.86085509034843,0.6064167237400129,0.2955646884836721,3,1.8087136882430948
2010-02-03,0.8603372278934279,0.6064167237400129,0.2951406680089273,3,1.830486574708996
2010-02-04,0.855372278109121,0.520263966359799,0.39176896460814664,4,1.832073354565959
2010-02-05,0.8490986422117911,0.35178023306128403,0.5857015715571722,6,1.776196035317186
2010-02-08,0.8419506396609999,0.35178023306128403,0.5821842558336631,6,1.7599542100669847
2010-02-09,0.8467256797386116,0.35178023306128403,0.5845404934808635,6,1.780015641115733
2010-02-10,0.8492394452653694,0.35178023306128403,0.585770261823672,6,1.7795962778678212
2010-02-11,0.8572743931477159,0.35178023306128403,0.5896526994471079,6,1.8109805166101849
2010-02-12,0.8612097615523382,0.35178023306128403,0.5915278149806418,6,1.806276847748473
2010-02-16,0.8625515549905695,0.35178023306128403,0.5921632382134768,6,1.814652778564871
2010-02-17,0.8687288514526812,0.35178023306128403,0.5950632553839554,6,1.8445522447267906
2010-02-18,0.8662032593167283,0.35178023306128403,0.5938825797783622,6,1.8374797402214693
2010-02-19,0.848910256540035,0.35178023306128403,0.5856096326423712,6,1.8065488671525238
2010-02-22,0.8598661362911354,0.35178023306128403,0.5908895370869943,6,1.8441782180462205
2010-02-23,0.8720541389155212,0.34904200085520526,0.5997473261358854,6,1.846218363576602
2010-02-24,0.866516834754129,0.34904200085520526,0.5971895907201333,6,1.8280043976470322
2010-02-25,0.8615102522357303,0.34904200085520526,0.5948486974480035,6,1.7993063505196705
2010-02-26,0.8669109116537213,0.34904200085520526,0.5973726986670731,6,1.8073195887973341
2010-03-02,0.8679547827540208,0.34904200085520526,0.5978569301183009,6,1.8305999161273503
2010-03-03,0.8633449406238551,0.5253956067860938,0.39144184199835397,4,1.8388965079509005
2010-03-04,0.8623785552718772,0.5253956067860938,0.39075988894406677,4,1.8340908318126694
2010-03-05,0.8682640329847389,0.6153581840430323,0.2912775830093054,3,1.8526448219973024
2010-03-08,0.8726315398089459,0.6988014191748481,0.19920219783960172,2,1.881512881252196
2010-03-09,0.8729627531753492,0.6988014191748481,0.19950603088963406,2,1.8824082784571967
2010-03-10,0.8733546456007923,0.6988014191748481,0.19986522921151553,2,1.8840063924559953
2010-03-11,0.8721927737505307,0.6988014191748481,0.19879934779794106,2,1.8776366047444717
2010-03-12,0.8735656920383439,0.6988014191748481,0.20005853532973322,2,1.8845730995477679
2010-03-15,0.8744105875478574,0.6988014191748481,0.2008314753661397,2,1.8695666957576307
2010-03-16,0.8728229243773203,0.5239978527902002,0.39965159237307507,4,1.8678779086241486
2010-03-17,0.881348185633757,0.4364741825073067,0.504765324735481,5,1.907377392920695
2010-03-18,0.8805737331001724,0.4364741825073067,0.5043297726237602,5,1.8986614378492335
2010-03-19,0.8793447647254242,0.4364741825073067,0.5036370260945422,5,1.9110609890172165
2010-03-22,0.8796630233211924,0.4364741825073067,0.5038166082514345,5,1.8958279023903706
2010-03-23,0.8754683739158513,0.5202061823334101,0.4057967165545931,4,1.906198642169808
2010-03-24,0.8755150159888874,0.5202061823334101,0.40582837206299516,4,1.9052805766811367
2010-03-25,0.8893393069470856,0.5202061823334101,0.4150644436045808,4,1.9136451733556996
2010-03-26,0.8967678302775013,0.4310587366278915,0.5193195807497889,5,1.9242199276881753
2010-03-29,0.8960732817721945,0.4310587366278915,0.518947004227855,5,1.9177254644164619
2010-03-30,0.888164442808255,0.34147508991915443,0.6155271777831404,6,1.9270194607215316
2010-03-31,0.8894036829987908,0.25247885389389624,0.7161256932930427,7,1.9187002006143106
2010-04-01,0.8961083197411808,0.25247885389389624,0.718249626376844,7,1.9485316619252175
2010-04-02,0.8871657106303934,0.3444315965991133,0.6117618247955385,6,1.9534280111981321
2010-04-05,0.8843776256741476,0.3444315965991133,0.6105378668568663,6,1.95512813247345
2010-04-06,0.8873192356358779,0.3444315965991133,0.6118289982158632,6,1.9563748880753493
2010-04-07,0.8860016914539104,0.3444315965991133,0.6112517617952758,6,1.9569529293089574
2010-04-08,0.8906858096770518,0.3444315965991133,0.6132961894565282,6,1.9650908431468113
2010-04-09,0.8912345341111996,0.3444315965991133,0.6135342792314435,6,1.9545387570980064
2010-04-12,0.890275555004363,0.51049091304415,0.4265922385775849,4,1.9384782781171723
2010-04-13,0.8915428667124128,0.6184886177187747,0.3062715873668897,3,1.9388069682304003
2010-04-14,0.8875596680727111,0.6184886177187747,0.3031582664613524,3,1.966847635131306
2010-04-15,0.8844531978295909,0.6184886177187747,0.3007107450834951,3,1.9765723288261232
2010-04-16,0.8844974240465595,0.5301303086010493,0.4006423374579059,4,1.9658955672171283
2010-04-19,0.8770141212094708,0.5301303086010493,0.395528195292958,4,1.932811207199447
2010-04-20,0.8815507150745585,0.5301303086010493,0.3986388990039981,4,1.947239569755976
2010-04-21,0.8867352736813967,0.5301303086010493,0.40215493356868015,4,1.9807319588797334
2010-04-22,0.8795145857051796,0.6201498447689735,0.29489532652633826,3,1.97159664056036
2010-04-23,0.8782233056865925,0.6201498447689735,0.29385858840976425,3,1.9687744392433328
2010-04-26,0.8767885681438699,0.7104969794875724,0.18965985038825367,2,1.985968332407712
2010-04-27,0.8780297060587638,0.7961046002252405,0.0933056196939655,1,1.9829647848213172
2010-04-28,0.8803053559148359,0.7961046002252405,0.09564948699203561,1,1.965238186990672
2010-04-29,0.8813008244007478,0.7961046002252405,0.09667099112659688,1,1.9590157431230095
2010-04-30,0.8802767269773596,0.7078039295967068,0.19593020250902163,2,1.973908805494792
2010-05-03,0.8758880777226088,0.7078039295967068,0.1919013997346973,2,1.9508438268596495
2010-05-04,0.873988880508904,0.7078039295967068,0.1901453835607513,2,1.9480556279681285
2010-05-06,0.8704330492826717,0.7078039295967068,0.18683702304271238,2,1.9094742091602535
2010-05-07,0.8654597943457282,0.7078039295967068,0.1821642851337841,2,1.8672998673905405
2010-05-10,0.8699709414908459,0.7078039295967068,0.18640509028524316,2,1.9014496367407543
2010-05-11,0.8695974564716107,0.7078039295967068,0.18605565790334838,2,1.893073705924356
2010-05-12,0.8760954530959365,0.7078039295967068,0.19209267997513624,2,1.8849017896609959
2010-05-13,0.8907541124123295,0.619896621616775,0.3040766099434799,3,1.9206610071518435
2010-05-14,0.901812307286364,0.6110502648563247,0.3224196876453914,3,1.921851092044566
2010-05-17,0.9008389455583183,0.5209830721275815,0.4216690178679067,4,1.8718448582665563
2010-05-18,0.8892502666820388,0.5209830721275815,0.4141322284091429,4,1.8624715229686386
2010-05-19,0.8839773244201998,0.5209830721275815,0.410637515538881,4,1.847555792313185
2010-05-20,0.8665846352643913,0.5209830721275815,0.39880878228514655,4,1.813666708225187
2010-05-24,0.864922108925327,0.5209830721275815,0.397653191251051,4,1.8190504255970261
2010-05-25,0.840793409708749,0.5209830721275815,0.3803673219702684,4,1.7690668601026873
2010-05-26,0.8505599533708955,0.5209830721275815,0.38748224618047417,4,1.7931972480703624
2010-05-27,0.8624111927474756,0.5209830721275815,0.39589945433357593,4,1.821963300048737
2010-05-28,0.8627839417767189,0.5209830721275815,0.39616044423041946,4,1.839281868773306
2010-05-31,0.8695002699504689,0.6101719045660603,0.2982498963446915,3,1.8602160287433838
2010-06-01,0.8693403151441018,0.6101719045660603,0.29812077740243964,3,1.8479184848519197
2010-06-03,0.870999504894574,0.6101719045660603,0.2994578055013756,3,1.883553026782577
2010-06-04,0.8691806075342439,0.6101719045660603,0.29799181058923846,3,1.8861485452628957
2010-06-07,0.8705889143661805,0.6101719045660603,0.29912741306809887,3,1.8564984302213559
2010-06-08,0.8753218421493622,0.6101719045660603,0.3029170812557623,3,1.87181085584105
2010-06-09,0.8691538559923007,0.5225868268188976,0.3987407140680892,4,1.866982511419148
2010-06-10,0.8796487492989342,0.5225868268188976,0.4059142046920537,4,1.87206020696143
2010-06-11,0.8836990237467968,0.6370113149031786,0.27915353781617475,3,1.898854118260436
2010-06-14,0.8845261096205768,0.6978563736795143,0.21103926035731801,2,1.916150018701334
2010-06-15,0.8749256138077195,0.7839915884733469,0.1039334360536357,1,1.9155039726167133
2010-06-16,0.8772708128105285,0.7839915884733469,0.10632888154382024,1,1.9328452096249533
2010-06-17,0.8792663639620096,0.7839915884733469,0.10835712520532541,1,1.9357807523603352
2010-06-18,0.8771548320598441,0.7839915884733469,0.10621071694688118,1,1.9403484115200218
2010-06-21,0.8773884991604877,0.7839915884733469,0.10644875192290047,1,1.9717779868297274
2010-06-22,0.8791486776120505,0.7839915884733469,0.10823776633227712,1,1.9624839905246576
2010-06-23,0.8802044435631332,0.7839915884733469,0.10930739533682594,1,1.9560688662457921
2010-06-24,0.8824336618152578,0.7839915884733469,0.11155747746454431,1,1.9719933355246007
2010-06-25,0.8824336618152578,0.7839915884733469,0.11155747746454431,1,1.9606251912636434
2010-06-28,0.8818469356647369,0.7839915884733469,0.11096636302038806,1,1.9631073683256073
2010-06-29,0.8813778958641751,0.7839915884733469,0.11049324909078038,1,1.9355994060909678
2010-06-30,0.8802044435631332,0.7839915884733469,0.10930739533682594,1,1.9248659737727958
2010-07-01,0.8844243420629934,0.6960066205819488,0.2130399543747795,2,1.9112083328610776
2010-07-02,0.8703147399106121,0.6075415493831108,0.30192892120210457,3,1.8948645003343572
2010-07-05,0.8675999054063976,0.6075415493831108,0.2997445647501211,3,1.8988881206859423
2010-07-06,0.8708423061088407,0.7026257753207962,0.1931653177711147,2,1.909734894422469
2010-07-07,0.8693364122621071,0.7026257753207962,0.19176769152865905,2,1.899205476657335
2010-07-08,0.8706089840456408,0.7026257753207962,0.1929490871369623,2,1.9252626687370367
2010-07-09,0.8725348096851528,0.6154453971399854,0.29464659712308333,3,1.9528839723900306
2010-07-12,0.8798004891565443,0.6154453971399854,0.3004716356432053,3,1.9653968649763685
2010-07-13,0.8738934191086428,0.4394549314883829,0.49712983084754225,5,1.9665642815854198
2010-07-14,0.8766101910097909,0.4394549314883829,0.498688315518939,5,1.9925534688141089
2010-07-15,0.8829703097254472,0.3518851540722998,0.6014756666260774,6,1.9849369255006857
2010-07-16,0.8855776566984677,0.3518851540722998,0.6026490151251479,6,1.9703838873839667
2010-07-19,0.8872649952470478,0.3518851540722998,0.6034046694535472,6,1.9630166951909238
2010-07-20,0.8787739095940941,0.3518851540722998,0.5995725974217467,6,1.968479751555611
2010-07-21,0.8840675123017788,0.3518851540722998,0.6019702690396083,6,1.9820920558999875
2010-07-22,0.8709563654277644,0.3518851540722998,0.5959784346952057,6,1.967074317968015
2010-07-23,0.8606417241952447,0.3518851540722998,0.5911363065724764,6,1.992610139523286
2010-07-26,0.8660671028583967,0.3518851540722998,0.593697586583157,6,2.0050890296841173
2010-07-27,0.8631431927501592,0.3518851540722998,0.5923212312535092,6,2.0042276349046233
2010-07-28,0.865502680421459,0.4362650111732242,0.49594031186502663,5,2.010076052091716
2010-07-29,0.8529158254891596,0.5191165154267432,0.39136254726071895,4,2.007140509356334
2010-07-30,0.8540229493572702,0.5191165154267432,0.39215156241711596,4,1.9940495755363883
2010-08-02,0.8678051443088052,0.5191165154267432,0.40180521073055825,4,2.0200500969069126
2010-08-03,0.8674382557918359,0.43212157861793327,0.5018416864454824,5,2.0294914370558432
2010-08-04,0.8677820496015596,0.43212157861793327,0.5020390444624419,5,2.027972662049893
2010-08-05,0.8582822543589533,0.5329238795074135,0.37908085970453664,4,2.0218522254587494
2010-08-06,0.855673228184151,0.5329238795074135,0.3771876202807622,4,2.021818223033243
2010-08-09,0.8545962134028504,0.6962317402632835,0.18530912102803235,2,2.029004068956919
2010-08-10,0.858770908522783,0.6962317402632835,0.18926953235885885,2,2.0187580047376716
2010-08-11,0.8560647596198717,0.769558035306098,0.10105161244131372,1,1.992757483367147
2010-08-12,0.8546491950401918,0.769558035306098,0.09956267463645377,1,1.9514558705187637
2010-08-13,0.8560647596198717,0.769558035306098,0.10105161244131372,1,1.979213183873783
2010-08-16,0.8547066340902474,0.6839515593441108,0.19978208654936783,2,1.975892280315996
2010-08-17,0.8599357779525171,0.5129608324922379,0.4034893702020595,4,1.9891758945471445
2010-08-18,0.8631949382580038,0.5129608324922379,0.4057416120541279,4,1.9970644572646183
2010-08-19,0.8642642973458746,0.5129608324922379,0.40647689130799153,4,2.017069217604189
2010-08-20,0.875455019830371,0.5129608324922379,0.41406374871020823,4,2.012422219451654
2010-08-23,0.8715185575410481,0.5129608324922379,0.41141720040989754,4,2.0035475863944963
2010-08-24,0.8622114426252702,0.5129608324922379,0.4050637614708875,4,1.9954096725566424
2010-08-25,0.8543206154767522,0.5129608324922379,0.3995687061748113,4,1.9662355914721916
2010-08-26,0.8558058765461503,0.5129608324922379,0.40061076168062987,4,1.96053451812896
2010-08-27,0.8533535222499324,0.5129608324922379,0.39888824605800294,4,1.960307835292251
2010-08-30,0.8599160855990482,0.608241855210681,0.2926730114753487,3,1.9949563068832246
2010-08-31,0.866543203973734,0.5224540269258612,0.3970825406857644,4,1.9752575683732108
2010-09-01,0.8740739667848874,0.5224540269258612,0.4022770992166628,4,2.00012467556019
2010-09-02,0.8840948738833349,0.5224540269258612,0.40905207986218434,4,2.012637568146528
2010-09-03,0.8829629034732113,0.5224540269258612,0.4082944766187312,4,2.017499914993936
2010-09-06,0.8863193100063597,0.5224540269258612,0.41053520889428397,4,2.0315542508698954
2010-09-07,0.8888170313326851,0.5224540269258612,0.4121917014320733,4,2.0262498724909044
2010-09-08,0.8945951281315422,0.5224540269258612,0.41598829403747994,4,2.0165931836471005
2010-09-09,0.8990690739179543,0.5224540269258612,0.41889445195894,4,2.0224189325505217
2010-09-10,0.9035750029887579,0.6224882719994057,0.31108289855252835,3,2.0430697389747134
2010-09-13,0.9120135630997745,0.8148455226352336,0.10654231953994614,1,2.0615217218828277
2010-09-14,0.9099750727403786,0.8148455226352336,0.10454083079293985,1,2.05743009668023
2010-09-15,0.9108244437234603,0.8148455226352336,0.10537587319886127,1,2.067211461084224
2010-09-16,0.9074269597911336,0.8148455226352336,0.10202632416520879,1,2.0535764884561765
2010-09-17,0.9079365823809826,0.8148455226352336,0.1025303545999062,1,2.0711444083011257
2010-09-20,0.9104846953302276,0.8148455226352336,0.10504204319470331,1,2.0771288351902437
2010-09-24,0.9115039405099256,0.8148455226352336,0.10604278662867667,1,2.0929626313343683
2010-09-27,0.9167700406050319,0.8148455226352336,0.1111778455396864,1,2.109091115166215
2010-09-28,0.9208470213238238,0.8148455226352336,0.11511303857637593,1,2.103582722234186
2010-09-29,0.9191482793576604,0.8148455226352336,0.11347761733864971,1,2.115460902877739
2010-09-30,0.9209740872228928,0.9209740872228928,0.0,0,2.1226694170850853
2010-10-01,0.9209740872228928,0.9209740872228928,0.0,0,2.1271124006845823
2010-10-04,0.9209740872228928,0.9209740872228928,0.0,0,2.130013940994458
2010-10-05,0.9209740872228928,0.9209740872228928,0.0,0,2.129617246030217
2010-10-06,0.9209740872228928,0.9209740872228928,0.0,0,2.1579639347606796
2010-10-07,0.9209740872228928,0.9209740872228928,0.0,0,2.1544503507916897
2010-10-08,0.9209740872228928,0.9209740872228928,0.0,0,2.1501660451778895
2010-10-11,0.9209740872228928,0.9209740872228928,0.0,0,2.1420507996237066
2010-10-12,0.9198711242441826,0.8288766785006034,0.09892086330935253,1,2.1172630314295753
2010-10-13,0.9210966386649716,0.8288766785006034,0.10011974454497073,1,2.1264550204581263
2010-10-14,0.9214030172701688,0.8288766785006034,0.10041896654917869,1,2.1532149293316256
2010-10-15,0.9204838814545772,0.8288766785006034,0.09952070296897883,1,2.156082467215995
2010-10-18,0.916500959587013,0.8288766785006034,0.09560740790265428,1,2.125627628104138
2010-10-19,0.9128244163246462,0.8288766785006034,0.09196482513257703,1,2.105112831381972
2010-10-20,0.9158882023766186,0.8288766785006034,0.09500234160701143,1,2.119983225470084
2010-10-21,0.9155818237714213,0.8288766785006034,0.0946995047517066,1,2.1248002357501505
2010-10-22,0.9133396558290339,0.7372265825419021,0.19282319798900527,2,2.15043806458194
2010-10-25,0.9285590126202115,0.6456278823373325,0.30469913752116073,3,2.17129288555917
2010-10-26,0.9371972209827948,0.6456278823373325,0.31110777125406663,3,2.1754865180382867
2010-10-27,0.9359926524590456,0.6456278823373325,0.31022120671445985,3,2.1642997200466967
2010-10-28,0.9287050443054269,0.6456278823373325,0.3048084682040315,3,2.162406918360176
2010-10-29,0.9242194264575814,0.6456278823373325,0.3014344171362593,3,2.1341622369062327
2010-11-01,0.9312698330929268,0.6456278823373325,0.30672307918202646,3,2.170193473801131
2010-11-02,0.9268153624881215,0.5521699597627644,0.4042287362604638,4,2.17393374060683
2010-11-03,0.9220468021918159,0.5521699597627644,0.40114757900554493,4,2.1942558569177937
2010-11-04,0.9153553167618087,0.5521699597627644,0.3967698120592787,4,2.201657051536343
2010-11-05,0.9051258161786181,0.5521699597627644,0.38995225868820116,4,2.1976447653265936
2010-11-08,0.9038429276328024,0.6435939483108302,0.287936068718902,3,2.201555044259824
2010-11-09,0.905693047999301,0.6435939483108302,0.2893906498095071,3,2.207278785886727
2010-11-10,0.911655585427384,0.6435939483108302,0.2940382765174269,3,2.230389101089211
2010-11-11,0.9145306708140981,0.6435939483108302,0.296257666527559,3,2.1701821396592957
2010-11-12,0.9067756092011842,0.6435939483108302,0.2902390163782653,3,2.168357342823788
2010-11-15,0.9014037622300254,0.6435939483108302,0.2860092499296734,3,2.1691393986104344
2010-11-16,0.8980253192813497,0.6435939483108302,0.2833231597235252,3,2.1525008783959922
2010-11-17,0.8949308923622805,0.6435939483108302,0.2808450866949239,3,2.150211381745231
2010-11-18,0.8977665230057548,0.7358323661523851,0.1803744656363531,2,2.1850638678892427
2010-11-19,0.9004724532943085,0.456758824006272,0.4927564720772353,5,2.1999115936936837
2010-11-22,0.8852917407327934,0.18676514767293456,0.7890354794021447,8,2.203742533634066
2010-11-23,0.8746577683764725,0.18676514767293456,0.7864706009304584,8,2.1862879552074714
2010-11-24,0.8637972077624982,0.18676514767293456,0.7837858863231173,8,2.1829330492241783
2010-11-25,0.8666000270789131,0.18676514767293456,0.7844851813558418,8,2.1848598533362047
2010-11-26,0.8528355703264223,0.18676514767293456,0.7810068503575075,8,2.155527094266058
2010-11-29,0.8513936608101597,0.25469827370572273,0.7008454661697154,7,2.1484319214770653
2010-11-30,0.859622510200499,0.25469827370572273,0.7037091622387637,7,2.1587346564054903
2010-12-01,0.8792078180144468,0.25469827370572273,0.7103093620335191,7,2.1867186525972184
2010-12-02,0.8886062139478446,0.07759034922340441,0.9126830895333369,9,2.210452345600653
2010-12-03,0.881440769322152,0.07759034922340441,0.9119732693064865,9,2.2183862448854685
2010-12-06,0.8769537658187945,0.07759034922340441,0.9115228735565555,9,2.2142832855410353
2010-12-07,0.881127226896693,0.07759034922340441,0.9119419456635387,9,2.2243480034909155
2010-12-08,0.8785485505812431,0.07759034922340441,0.9116834816105827,9,2.216640787042809
2010-12-09,0.8897258736416196,0.07759034922340441,0.9127929719455841,9,2.2543154745038483
2010-12-10,0.8858007938551722,0.07759034922340441,0.9124065481069208,9,2.251119246506251
2010-12-13,0.8866854195756546,0.07759034922340441,0.9124939380862525,9,2.262963424724297
2010-12-14,0.9023773421078614,0.07759034922340441,0.9140156278279756,9,2.277085765451269
2010-12-15,0.912581179783962,0.07759034922340441,0.9149770442978317,9,2.286640447018554
2010-12-16,0.8980200954612305,0.4591344643224796,0.4887258462889248,5,2.2773011141461423
2010-12-17,0.8961843632324424,0.7187430379029184,0.1979964531957597,2,2.2966371601174216
2010-12-20,0.89306369911431,0.7187430379029184,0.19519398379339908,2,2.28981400673248
2010-12-21,0.8974093602385038,0.7187430379029184,0.19909121773379032,2,2.3088666991578735
2010-12-22,0.9005215409978684,0.7187430379029184,0.20185913919784887,2,2.310022781625089
2010-12-23,0.8992732753506155,0.7187430379029184,0.20075125370239724,2,2.309365401398633
2010-12-24,0.8977598441464509,0.7187430379029184,0.19940389115279888,2,2.3003774269231205
2010-12-27,0.8939219726399261,0.7187430379029184,0.19596669519115872,2,2.2919788278230517
2010-12-28,0.8956613658452134,0.6293867373655972,0.29729386421433884,3,2.304593727685908
2010-12-29,0.8969341802878527,0.8081858102077604,0.09894635752604534,1,2.316120549932562
2010-12-30,0.9034255293143925,0.8081858102077604,0.10542066392446234,1,2.3246324904509854
2011-01-03,0.9003624416650918,0.7174536027692467,0.20315023198611137,2,2.346258033073026
2011-01-04,0.9019886754768082,0.6272548826715244,0.3045867429101084,3,2.363327250677215
2011-01-05,0.9014317705416011,0.6272548826715244,0.30415711630104275,3,2.3603917079418335
2011-01-06,0.9067593829758415,0.6272548826715244,0.308245501013761,3,2.354792641875121
2011-01-07,0.906364155544648,0.5365427429879687,0.4080274029972512,4,2.3645286697117727
2011-01-10,0.9089278132990719,0.5365427429879687,0.4096970791987134,4,2.3584195672624646
2011-01-11,0.9088856469171973,0.5365427429879687,0.40966969298300554,4,2.3669315077808886
2011-01-12,0.9043313225210599,0.5365427429879687,0.40669671653944756,4,2.3744460438177923
2011-01-13,0.8973821375731825,0.5365427429879687,0.4021022700106809,4,2.3682462682338006
2011-01-14,0.9194019276045906,0.4463127778497262,0.5145618423788285,5,2.3894297793242587
2011-01-17,0.9140783153351287,0.4463127778497262,0.5117346398419982,5,2.3799997733171634
2011-01-18,0.9148599790131506,0.4463127778497262,0.5121518176681432,5,2.3761801675186165
2011-01-19,0.9268553693210024,0.4463127778497262,0.5184655636437786,5,2.3979530539845175
2011-01-20,0.9261617309140054,0.4463127778497262,0.5181049238459988,5,2.387718323907105
2011-01-21,0.918530431647896,0.4463127778497262,0.5141012616762021,5,2.346076686803659
2011-01-24,0.9209521920125467,0.4463127778497262,0.5153789939145442,5,2.3599496764102503
2011-01-25,0.9166836525230373,0.5288340002799685,0.42310087146811165,4,2.365061374378039
2011-01-26,0.9194430772781841,0.5288340002799685,0.4248322562333394,4,2.392025297804577
2011-01-27,0.9257600703424355,0.4366983291123082,0.5282813084055623,5,2.3971823323397072
2011-01-28,0.9239016155999459,0.5445745630809633,0.41057082931136807,4,2.389089755069195
2011-01-31,0.9185540004178248,0.6595811802175825,0.2819353245235911,3,2.345861338108785
2011-02-01,0.920818079376239,0.6595811802175825,0.28370087969560503,3,2.348468190730939
2011-02-07,0.9233097763302492,0.6595811802175825,0.2856339257674408,3,2.3594736424531617
2011-02-08,0.9140001313245554,0.6451221703481291,0.29417715792531923,3,2.345827335683279
2011-02-09,0.9089711662889535,0.6451221703481291,0.2902721293328123,3,2.318489385576171
2011-02-10,0.9020924601617234,0.5544953359457957,0.385323167598155,4,2.276462387650319
2011-02-11,0.8857142426652226,0.4644784976299613,0.4755887675100621,5,2.2409751895635224
2011-02-14,0.8843982241694539,0.4644784976299613,0.47480842347217833,5,2.283364880028109
2011-02-15,0.8902797508176683,0.5530002168214249,0.3788466868829404,4,2.27875188430108
2011-02-16,0.8768872882388195,0.4642091976498333,0.47061702926248106,5,2.2544854866313795
2011-02-17,0.8687056752001356,0.4642091976498333,0.46563121330721463,5,2.2410091919890287
2011-02-18,0.8838743060268617,0.4642091976498333,0.474801796494664,5,2.2817214294619683
2011-02-21,0.8829285964243597,0.3759350562030669,0.574218053729928,6,2.2728354622629747
2011-02-22,0.8759410983728817,0.2882743380699557,0.670897576782909,7,2.2327352684491495
2011-02-23,0.872912422595086,0.2882743380699557,0.6697557159136956,7,2.223339264867561
2011-02-24,0.8573936714879777,0.2882743380699557,0.66377832300807,7,2.210021648210906
2011-02-25,0.8624859928645182,0.2882743380699557,0.6657634553431656,7,2.225379410397942
2011-02-28,0.8517004990516112,0.35752462804339685,0.5802225918130739,6,2.1980301261489985
2011-03-02,0.844596735948202,0.35752462804339685,0.5766919136361387,6,2.18549456527899
2011-03-03,0.8661620393718308,0.35752462804339685,0.5872312433563985,6,2.233573994944973
2011-03-04,0.8790267381465235,0.26979283783737984,0.6930777800840815,7,2.272132745469177
2011-03-07,0.8704412550321534,0.26979283783737984,0.6900504930371046,7,2.2444661052488413
2011-03-08,0.882047239452584,0.3632850691317841,0.5881342258298478,6,2.2626574028947397
2011-03-09,0.8828318700060285,0.3632850691317841,0.5885002779415933,6,2.268494485939997
2011-03-10,0.8819488710884441,0.4414736786790568,0.4994339318851686,5,2.2459508778292854
2011-03-11,0.8768943449154724,0.5271106531075549,0.3988892092144061,4,2.216436772489771
2011-03-14,0.875799477506354,0.5271106531075549,0.3981377396931244,4,2.2342200410295936
2011-03-15,0.8706205466636939,0.5271106531075549,0.394557531260322,4,2.180598216006075
2011-03-16,0.8659078137455537,0.6183744729953131,0.2858656970417154,3,2.2191909689557856
2011-03-17,0.8636721323428186,0.6183744729953131,0.2840171057529724,3,2.2203923879903433
2011-03-18,0.866870371825528,0.6183744729953131,0.28665865959510345,3,2.24544084144669
2011-03-21,0.8748506067563097,0.715998881597505,0.18157583012690637,2,2.2707046435979104
2011-03-22,0.878197984804612,0.7073243829326596,0.194572983346084,2,2.282310804837412
2011-03-23,0.8769893483710536,0.7073243829326596,0.19346297164673065,2,2.2806333518457653
2011-03-24,0.876112856056772,0.7073243829326596,0.19265608529453532,2,2.3085153407609744
2011-03-25,0.8781210998879538,0.7073243829326596,0.1945024632446338,2,2.3280780695689627
2011-03-28,0.8773000706588938,0.7073243829326596,0.19374863106824367,2,2.3307415929002935
2011-03-29,0.8787137000696953,0.7073243829326596,0.19504568680725232,2,2.3485815321492933
2011-03-30,0.8795081106074726,0.7073243829326596,0.19577275706518085,2,2.3703997551825364
2011-03-31,0.8858117586252667,0.7978108750835022,0.09934490334417913,1,2.387763660474447
2011-04-01,0.8845264487390676,0.7978108750835022,0.09803615683757373,1,2.4039828174409776
2011-04-04,0.8874826614773255,0.7978108750835022,0.10104060652244565,1,2.3981570685375555
2011-04-05,0.8908244671814431,0.7978108750835022,0.10441292928587233,1,2.4146595790499723
2011-04-06,0.895622957423253,0.7978108750835022,0.1092112272570151,1,2.4104432782871847
2011-04-07,0.893416508785278,0.7978108750835022,0.10701126827370214,1,2.4052635754683833
2011-04-08,0.8938021017511377,0.7978108750835022,0.10739651034560044,1,2.411871380158451
2011-04-11,0.888975695178601,0.7083406932163545,0.20319453382350997,2,2.4055469290142697
2011-04-12,0.8855263714498502,0.7083406932163545,0.20009079790971557,2,2.3681555950991173
2011-04-13,0.8932391163548797,0.7083406932163545,0.2069976781727346,2,2.4050142243480037
2011-04-14,0.8915646032985458,0.7083406932163545,0.20550828218652117,2,2.426707771821057
2011-04-15,0.8897423853182105,0.7083406932163545,0.2038811403111686,2,2.4260730598782714
2011-04-18,0.8935510214912332,0.8024509973965263,0.10195279497601772,1,2.422922168448016
2011-04-19,0.892420874263757,0.8024509973965263,0.10081552265510987,1,2.4058756191274977
2011-04-20,0.8949073405599073,0.8024509973965263,0.10331387281451379,1,2.4594067710163325
2011-04-21,0.9030452549719521,0.8024509973965263,0.11139448108672048,1,2.4918564190912287
2011-04-22,0.899315436864641,0.8024509973965263,0.10770908126054347,1,2.4910403608790763
2011-04-25,0.9007847231908285,0.8024509973965263,0.10916451318798683,1,2.511645830735926
2011-04-26,0.8971678723410308,0.8024509973965263,0.10557319077571793,1,2.5006517131555386
2011-04-27,0.8919687679075323,0.8024509973965263,0.10035975891959267,1,2.501105078828956
2011-04-28,0.892420874263757,0.8024509973965263,0.10081552265510987,1,2.502975212231806
2011-04-29,0.8878998107015099,0.8024509973965263,0.09623699912434092,1,2.4848519194369203
2011-05-02,0.8904992442551736,0.8024509973965263,0.09887515057050064,1,2.52633487855467
2011-05-03,0.8871085652465739,0.8024509973965263,0.0954308989526179,1,2.4943385961531925
2011-05-04,0.8876736388603119,0.8024509973965263,0.09600672784786471,1,2.4715683052057713
2011-05-06,0.8867694261478626,0.8024509973965263,0.09508495248603302,1,2.4339502884539095
2011-05-09,0.8869392501108738,0.8869392501108738,0.0,0,2.4245656190141567
2011-05-11,0.8852306703024742,0.709551400088699,0.1984559235320523,2,2.4556891724943046
2011-05-12,0.8821235583635118,0.709551400088699,0.19563263744476259,2,2.405841616701992
2011-05-13,0.8749710213246787,0.6212360561779051,0.28999242142057097,3,2.4029287422502805
2011-05-16,0.8741368615222762,0.6212360561779051,0.28931488474694217,3,2.3849074567319133
2011-05-17,0.8710166454559496,0.6212360561779051,0.28676901937653815,3,2.3829013136270385
2011-05-18,0.873123970912925,0.6212360561779051,0.28849043563842347,3,2.4207233449319387
2011-05-19,0.8598915135795427,0.533841576057014,0.37917566620148774,4,2.3750807557605778
2011-05-20,0.8648300368875947,0.533841576057014,0.3827208199448796,4,2.3932040485554635
2011-05-23,0.8497097285189735,0.533841576057014,0.37173653762033676,4,2.329970871255483
2011-05-24,0.8519326406386049,0.533841576057014,0.3733758391310741,4,2.336828027065931
2011-05-25,0.8401077629389551,0.533841576057014,0.3645558348497196,4,2.3074839338539483
2011-05-26,0.8547187256116213,0.533841576057014,0.3754184153681592,4,2.371000464699815
2011-05-27,0.8531960148763376,0.4486744445457305,0.474125011459692,5,2.3804418048487457
2011-05-30,0.8580258889787181,0.4486744445457305,0.4770851901919021,5,2.37313128336488
2011-05-31,0.8781089675869969,0.4486744445457305,0.48904468453537453,5,2.428305885819855
2011-06-01,0.8777453672611675,0.4486744445457305,0.48883302460970973,5,2.4270251277924495
2011-06-02,0.865502485059541,0.4486744445457305,0.481602361297825,5,2.3962642668510354
2011-06-03,0.8554986888801515,0.4486744445457305,0.47554046502041303,5,2.3954368744970473
2011-06-07,0.8452466268635275,0.4486744445457305,0.4691792545678233,5,2.379841095331467
2011-06-08,0.8465170202031597,0.6136810576102001,0.2750517202088626,3,2.361298439288669
2011-06-09,0.8527959883749681,0.6136810576102001,0.28038937099177685,3,2.3477768080789763
2011-06-10,0.841888855686701,0.6962779235713086,0.17295742915687182,2,2.3197248070362355
2011-06-13,0.839750776868678,0.6962779235713086,0.17085170654126824,2,2.3220709743961736
2011-06-14,0.8473023298680966,0.6962779235713086,0.17824146231286617,2,2.3539085788119554
2011-06-15,0.8483862151034992,0.5265683001894077,0.3793294954407424,4,2.364902696392343
2011-06-16,0.8448744467628984,0.5087941693882231,0.39778724361040035,4,2.3196794704688934
2011-06-17,0.8459785553613111,0.5087941693882231,0.3985732071294397,4,2.3030182819707807
2011-06-20,0.8483731536033834,0.5087941693882231,0.40027078034333263,4,2.289099955796847
2011-06-21,0.8437401607736617,0.5087941693882231,0.3969776561048275,4,2.321424928311553
2011-06-22,0.8438880055763085,0.5087941693882231,0.39708330249254226,4,2.3392535334187174
2011-06-23,0.850105011345627,0.42438343150432056,0.5007870488463935,5,2.330140883383015
2011-06-24,0.8537642927594133,0.512046022142278,0.40024896041585784,4,2.3697537090979157
2011-06-27,0.849495759697386,0.512046022142278,0.3972353407335628,4,2.3464960500515706
2011-06-28,0.8500950696777663,0.512046022142278,0.3976602848239407,4,2.3381314533770077
2011-06-29,0.8612432067082649,0.512046022142278,0.4054571134449284,4,2.3738453343005137
2011-06-30,0.8659659152477411,0.512046022142278,0.40869956527585893,4,2.3809518412313415
2011-07-01,0.8723495300539306,0.512046022142278,0.41302653981985615,4,2.4093438665291456
2011-07-04,0.8782804912428199,0.512046022142278,0.416990326840003,4,2.431513447959288
2011-07-05,0.8760123712966703,0.512046022142278,0.41548083232620414,4,2.4501581112786046
2011-07-06,0.8779490694021728,0.512046022142278,0.4167702433001625,4,2.4608575411712703
2011-07-07,0.8818174807062659,0.512046022142278,0.4193287915633406,4,2.4715116344965944
2011-07-08,0.8796553767606599,0.512046022142278,0.4179015604634933,4,2.4712396150925433
2011-07-11,0.8804320973731756,0.512046022142278,0.41841508996548465,4,2.4449557401761326
2011-07-12,0.8752797782467563,0.6769884353117993,0.22654624025719838,2,2.3911979054505887
2011-07-13,0.8766087596449567,0.7766678441332818,0.11400857499091475,1,2.4137641818449715
2011-07-14,0.8772192811659714,0.7766678441332818,0.11462520169305879,1,2.4142515499438963
2011-07-15,0.8772192811659714,0.7766678441332818,0.11462520169305879,1,2.431400106540933
2011-07-18,0.880875932610139,0.7766678441332818,0.11830052862050203,1,2.4147162497591497
2011-07-19,0.8825520328070892,0.7766678441332818,0.11997500967396425,1,2.4144102279295923
2011-07-20,0.8812735845478795,0.8812735845478795,0.0,0,2.4424508948304977
2011-07-21,0.8812735845478795,0.8812735845478795,0.0,0,2.431218760271566
2011-07-22,0.8812735845478795,0.8812735845478795,0.0,0,2.460902877738612
2011-07-25,0.8812735845478795,0.8812735845478795,0.0,0,2.4373845334300515
2011-07-26,0.8812735845478795,0.8812735845478795,0.0,0,2.4580353398542427
2011-07-27,0.8812735845478795,0.8812735845478795,0.0,0,2.464393793423931
2011-07-28,0.8831273306108776,0.7931462260930916,0.1018891629766957,1,2.4434709675956885
2011-07-29,0.8809043817344983,0.7931462260930916,0.0996227938707844,1,2.417810470480228
2011-08-01,0.8820641811482614,0.7931462260930916,0.10080667252514139,1,2.4621269650568407
2011-08-02,0.8791646826138537,0.7931462260930916,0.09784111921445672,1,2.4042775051286993
2011-08-03,0.8774320559424029,0.7055003776949176,0.19594870860151406,2,2.341928390891884
2011-08-04,0.873463765125414,0.7055003776949176,0.1922957701701339,2,2.2877625270602637
2011-08-05,0.8695076692100275,0.7055003776949176,0.18862086824848281,2,2.203073819265774
2011-08-08,0.8575137954011542,0.7055003776949176,0.17727227074536234,2,2.118861145428374
2011-08-09,0.8553800351326121,0.7055003776949176,0.1752199622176805,2,2.041675639528953
2011-08-10,0.8613188189390191,0.7055003776949176,0.18090681152890659,2,2.047218034886489
2011-08-11,0.8662122910043775,0.7055003776949176,0.18553409479229804,2,2.0599122737421935
2011-08-12,0.8680561014194788,0.7055003776949176,0.18726407597244446,2,2.0325629894932504
2011-08-16,0.8740558597338979,0.7055003776949176,0.19284291748847296,2,2.130671321220914
2011-08-17,0.8723762258595931,0.7055003776949176,0.19128885361386924,2,2.145179022770291
2011-08-18,0.8728752947818852,0.6181316679298298,0.2918442398071434,3,2.108807761620329
2011-08-19,0.8556265753117808,0.6181316679298298,0.2775684092039924,3,1.977671740584162
2011-08-22,0.8527952919273476,0.6181316679298298,0.2751699337682431,3,1.9389316437905906
2011-08-23,0.8568265920617495,0.6181316679298298,0.2785802008753686,3,2.013714311620896
2011-08-24,0.8537888501256795,0.6181316679298298,0.27601342200845147,3,1.9888925410012581
2011-08-25,0.8568678636265747,0.6880627400821864,0.19700251428492613,2,2.0
2011-08-26,0.8546475644346508,0.6880627400821864,0.19491639745403158,2,2.016287161817543
2011-08-29,0.8552685316608188,0.6880627400821864,0.1955009279412406,2,2.0735812487957475
2011-08-30,0.8580561821928121,0.6880627400821864,0.19811458228317602,2,2.089811739904113
2011-08-31,0.863245153193959,0.7785248797421179,0.09814161497273494,1,2.1309433406249645
2011-09-01,0.8631499975143051,0.7785248797421179,0.09804219198967756,1,2.1316120549932562
2011-09-02,0.8618178179991508,0.7785248797421179,0.09664796493812446,1,2.1169343413163473
2011-09-05,0.8601367343252655,0.7785248797421179,0.09488241965060126,1,2.0240850514003332
2011-09-06,0.8584239320914956,0.7785248797421179,0.09307645018086655,1,2.002414172210951
2011-09-07,0.8605490756037657,0.7785248797421179,0.09531611640405184,1,2.078069568962586
2011-09-08,0.8620901368791795,0.6924826596056952,0.19673984194677596,2,2.0930079679017104
2011-09-09,0.8619056452299658,0.606320029570569,0.29653549326876005,3,2.0548005757744052
2011-09-14,0.8537951503727466,0.606320029570569,0.2898530410885279,3,1.982522753289735
2011-09-15,0.8543738127547791,0.606320029570569,0.29033401946672976,3,2.0107674347436784
2011-09-16,0.8543272335923897,0.6818808076102866,0.20185055468380345,2,2.0855954391413256
2011-09-19,0.8543463757625136,0.42564543631125745,0.501788210980161,5,2.0638792233846015
2011-09-20,0.8673314243701737,0.42564543631125745,0.5092470717057825,5,2.0831812669303744
2011-09-21,0.865794546529882,0.42564543631125745,0.508375932815411,5,2.101667252263995
2011-09-22,0.859510753396276,0.42564543631125745,0.50478172072966,5,2.040768908182117
2011-09-23,0.8529216638588786,0.42564543631125745,0.5009560029399333,5,1.9239025717167826
2011-09-26,0.8423088217994992,0.42564543631125745,0.49466819615884666,5,1.8732049552868106
2011-09-27,0.8568262427009532,0.42564543631125745,0.5032301590465934,5,1.9672783325210532
2011-09-28,0.8543471753616778,0.42564543631125745,0.5017886772656965,5,1.9529746455247141
2011-09-29,0.8635701477226128,0.42564543631125745,0.5071095991058054,5,2.0053383808044973
2011-09-30,0.8579580259347486,0.42564543631125745,0.5038854775587475,5,2.0057464099105737
2011-10-04,0.8531941161490667,0.42564543631125745,0.5011153637200068,5,1.9338199458228023
2011-10-05,0.8445547619552328,0.42564543631125745,0.49601203440515373,5,1.8888574051615683
2011-10-06,0.8522092511618615,0.42564543631125745,0.5005388222071602,5,1.9385009464008434
2011-10-07,0.8503243598850108,0.42564543631125745,0.4994316799664337,5,1.9945482777771482
2011-10-10,0.8577268806830454,0.5181891216731173,0.3958576636184462,4,2.0021081503813942
2011-10-11,0.8620113012691487,0.6040077891132929,0.29930409470965685,3,2.0345011277471126
2011-10-12,0.8658580495225969,0.6040077891132929,0.3024170769720036,3,2.0509129651248457
2011-10-13,0.8683984674322608,0.6040077891132929,0.3044577900980596,3,2.066327398021059
2011-10-14,0.868464872197191,0.6040077891132929,0.30451097280979184,3,2.0802683924786636
2011-10-17,0.8731260984320935,0.8731260984320935,0.0,0,2.1140214668646364
2011-10-18,0.8731260984320935,0.8731260984320935,0.0,0,2.0842353421210715
2011-10-19,0.8731260984320935,0.8731260984320935,0.0,0,2.103526051525009
2011-10-20,0.8731260984320935,0.8731260984320935,0.0,0,2.0459146085754116
2011-10-21,0.8731260984320935,0.8731260984320935,0.0,0,2.083645966745628
2011-10-24,0.8731260984320935,0.8731260984320935,0.0,0,2.151582812907321
2011-10-25,0.8731260984320935,0.8731260984320935,0.0,0,2.14062269775244
2011-10-26,0.8731260984320935,0.8731260984320935,0.0,0,2.147037822031305
2011-10-27,0.8731260984320935,0.8731260984320935,0.0,0,2.1784673973410102
2011-10-28,0.8731260984320935,0.8731260984320935,0.0,0,2.186899998866586
2011-10-31,0.8731260984320935,0.8731260984320935,0.0,0,2.1637216788130886
2011-11-01,0.8731260984320935,0.8731260984320935,0.0,0,2.164401727323216
2011-11-02,0.8731260984320935,0.8731260984320935,0.0,0,2.151231454510422
2011-11-03,0.8731260984320935,0.8731260984320935,0.0,0,2.119439186661982
2011-11-04,0.8731260984320935,0.8731260984320935,0.0,0,2.185687245690193
2011-11-07,0.8716512496287718,0.7858134885888842,0.09847718462681623,1,2.1751351596413877
2011-11-08,0.8702324436611704,0.7858134885888842,0.09700736359256582,1,2.1570458692720083
2011-11-09,0.8687830741215554,0.6987311273074505,0.195735796287293,2,2.1620215575377713
2011-11-10,0.8592834456833687,0.6987311273074505,0.1868444215729475,2,2.0551632683131396
2011-11-11,0.8646016887158822,0.6987311273074505,0.19184621493717516,2,2.1120606603271033
2011-11-14,0.8622688432668419,0.6987311273074505,0.1896597763405238,2,2.156671842591438
2011-11-15,0.8632238047357912,0.6987311273074505,0.19055623411438163,2,2.1377551598680706
2011-11-16,0.8641810455507324,0.6987311273074505,0.19145284323823905,2,2.1036960636525404
2011-11-17,0.8647813055277813,0.6987311273074505,0.1920140700994795,2,2.1270443958335696
2011-11-18,0.8582693540190597,0.6987311273074505,0.18588363427463858,2,2.0845413639506285
2011-11-21,0.8580874578611687,0.6987311273074505,0.1857110590462688,2,2.0628478164775754
2011-11-22,0.8599996601450591,0.6987311273074505,0.18752162391599891,2,2.069931655124732
2011-11-23,0.8585808541774577,0.6987311273074505,0.18617900235283877,2,2.020990830679255
2011-11-24,0.8573348535438656,0.6987311273074505,0.18499624222765856,2,2.0345464643144546
2011-11-25,0.846063996992169,0.6987311273074505,0.17413915520397946,2,2.0133969556495033
2011-11-28,0.8479239071186755,0.6987311273074505,0.17595067028855926,2,2.0574640991057365
2011-11-29,0.8510821100361581,0.6987311273074505,0.17900855972901952,2,2.1042061000351358
2011-11-30,0.8498696596720885,0.6137411501344681,0.27784085106500633,3,2.093994038241395
2011-12-01,0.8519294058500296,0.5280172457210209,0.38021009476227535,4,2.171825590225436
2011-12-02,0.8593165712877908,0.604361539564026,0.2966951182399329,3,2.17166691223974
2011-12-05,0.8601435392570433,0.604361539564026,0.297371296788384,3,2.1794421335388594
2011-12-06,0.8573357592340201,0.6942050382494999,0.19027635232463425,2,2.1566831767332735
2011-12-07,0.8638289800114787,0.6942050382494999,0.19636287469740235,2,2.1754978521801225
2011-12-08,0.8619089748231205,0.6942050382494999,0.1945726770138767,2,2.1675299504698002
2011-12-09,0.8605547196998362,0.6942050382494999,0.1933051758851076,2,2.1248682406011627
2011-12-12,0.8577624818796127,0.6942050382494999,0.19067917644487065,2,2.1532149293316256
2011-12-13,0.8507796475627512,0.6085623899486097,0.28470034315939163,3,2.112752042979066
2011-12-14,0.8542928204820286,0.5234358768469632,0.38728751512670057,4,2.1056001994808966
2011-12-15,0.8537615421053515,0.5234358768469632,0.3869062366569179,4,2.061805075428714
2011-12-16,0.8498016532892236,0.5234358768469632,0.38404935455118994,4,2.0854367611556293
2011-12-19,0.8344110687510418,0.5234358768469632,0.37268823910683563,4,2.013997665166782
2011-12-20,0.8392162631534353,0.5234358768469632,0.3762801082046445,4,2.032279635947364
2011-12-21,0.8446371556676362,0.5234358768469632,0.3802831507770721,4,2.095014111006585
2011-12-22,0.8407797178864871,0.43902546082486804,0.4778353336965956,5,2.093971369957724
2011-12-23,0.8480384248607613,0.43902546082486804,0.4823047541779121,5,2.1163336317990686
2011-12-26,0.847546499508471,0.43902546082486804,0.48200427813756774,5,2.104410114588174
2011-12-27,0.8420944553761525,0.43521127717487396,0.483179975362181,5,2.087771594373732
2011-12-28,0.8398925750104882,0.5072151935754622,0.39609515708704973,4,2.0686168946718198
2011-12-29,0.8433919085002102,0.5072151935754622,0.3986008302149418,4,2.069319611465618
2012-01-02,0.8441184006490478,0.42251380077754364,0.49946144942146714,5,2.070033662401251
2012-01-03,0.8460384908995855,0.42251380077754364,0.5005974251499027,5,2.125616293962303
2012-01-04,0.8523802230026005,0.42251380077754364,0.5043129939251833,5,2.1152002176155236
2012-01-05,0.8507428964431882,0.33725115630325453,0.6035804028299919,6,2.1123893504403317
2012-01-06,0.8437077912894579,0.33725115630325453,0.6002749295608307,6,2.089041018259303
2012-01-09,0.8489057871714337,0.33725115630325453,0.6027225147952163,6,2.070169672103277
2012-01-10,0.8519425674176473,0.4231718361092992,0.5032859581227522,5,2.1004658332294373
2012-01-11,0.8515483453866786,0.4973069290045494,0.41599683482594524,4,2.0917725464416463
2012-01-12,0.8514026593797814,0.4973069290045494,0.4158969043310001,4,2.1133300842126737
2012-01-13,0.8540830126270469,0.4973069290045494,0.41772998449541954,4,2.12592231579186
2012-01-16,0.8531366810349499,0.4973069290045494,0.4170841084909622,4,2.107322989039885
2012-01-17,0.8536310277311885,0.4973069290045494,0.4174216812077347,4,2.145258361763139
2012-01-18,0.8496311371186244,0.4973069290045494,0.4146790209559892,4,2.1448616667988984
2012-01-19,0.8531041412605262,0.583552609933347,0.3159655642145828,3,2.170454159063347
2012-01-20,0.8507335803938223,0.583552609933347,0.3140595088967708,3,2.2100329823527414
2012-01-25,0.8534810592275478,0.583552609933347,0.31626765043679167,3,2.212685171542237
2012-01-26,0.8531586800780828,0.6806946392597121,0.20214767175853682,2,2.218295571750785
2012-01-27,0.8571530030333979,0.6806946392597121,0.2058656542638402,2,2.2269661902549047
2012-01-30,0.8577123298185153,0.5949793389563722,0.3063183094473355,3,2.19944689387843
2012-01-31,0.8532311898491907,0.6817854727772961,0.20093700173126328,2,2.216720126035657
2012-02-01,0.8532632090992542,0.5966714602838225,0.30071816771087834,3,2.220630404968888
2012-02-02,0.8502891150647536,0.511111235779017,0.3988971201400204,4,2.249033764408528
2012-02-03,0.8490094032269611,0.5932073403650799,0.3012947346514829,3,2.2354781307733287
2012-02-06,0.8488189603362101,0.5932073403650799,0.30113797159983857,3,2.2363735279783294
2012-02-07,0.8498758792007094,0.5932073403650799,0.30200708729022985,3,2.2459622119711207
2012-02-08,0.8416546057828893,0.5932073403650799,0.2951890997931497,3,2.271056001994809
2012-02-09,0.8452222015687958,0.5932073403650799,0.2981640339498387,3,2.283398882453615
2012-02-10,0.8393363484416339,0.5932073403650799,0.2932424033982716,3,2.2596991918756872
2012-02-13,0.8404180907889702,0.5932073403650799,0.2941521049265051,3,2.273334164503735
2012-02-14,0.8492869969178984,0.5932073403650799,0.3015231099523992,3,2.269820580534745
2012-02-15,0.8504165077133736,0.5932073403650799,0.30245081676493524,3,2.2955264142175476
2012-02-16,0.845569673589178,0.5932073403650799,0.2984524411251638,3,2.263938160922146
2012-02-17,0.8486030787564556,0.5932073403650799,0.30096018360625443,3,2.293429597977989
2012-02-20,0.8451210286558221,0.5932073403650799,0.29808001428081216,3,2.295050380260459
2012-02-21,0.8472558976271687,0.5932073403650799,0.2998486737874343,3,2.294302326899319
2012-02-22,0.8482374700532941,0.5932073403650799,0.30065888232005455,3,2.299300683448753
2012-02-23,0.8509405095049012,0.5932073403650799,0.3028803615070305,3,2.2756689977218376
2012-02-24,0.8548380679189781,0.6612924417691641,0.22641203452834333,2,2.289371975200898
2012-02-27,0.8537311329294922,0.6612924417691641,0.22540901196843333,2,2.2568089857076474
2012-02-28,0.8569563242189965,0.7541626603911856,0.11995204530580234,1,2.2710106654274673
2012-02-29,0.8559365458080064,0.8559365458080064,0.0,0,2.301114146142425
2012-03-02,0.8559365458080064,0.8559365458080064,0.0,0,2.3060785002663526
2012-03-05,0.8559365458080064,0.8559365458080064,0.0,0,2.28503099887792
2012-03-06,0.8559365458080064,0.8559365458080064,0.0,0,2.267236396196262
2012-03-07,0.8559365458080064,0.8559365458080064,0.0,0,2.246596923913906
2012-03-08,0.8559365458080064,0.8559365458080064,0.0,0,2.26768976186968
2012-03-09,0.8534396249974024,0.6847492366464052,0.19765942828294467,2,2.287569846649061
2012-03-12,0.8430717629447944,0.6847492366464052,0.18779246709126982,2,2.2696619025490485
2012-03-13,0.841944871915021,0.6847492366464052,0.186705377646723,2,2.295209058246155
2012-03-14,0.8412870029117568,0.6847492366464052,0.18606939810500198,2,2.3179226784843987
2012-03-15,0.839963976560586,0.6847492366464052,0.1847873768941153,2,2.3164265717621193
2012-03-16,0.8401221464258994,0.6847492366464052,0.18494085704143323,2,2.305863151571479
2012-03-19,0.8388195679305315,0.6847492366464052,0.18367517541851847,2,2.320098833716805
2012-03-20,0.8416737859851207,0.6847492366464052,0.18644343206560277,2,2.3146017749266115
2012-03-21,0.8426466414737346,0.6847492366464052,0.18738270237590574,2,2.2976912353081187
2012-03-22,0.83994630978366,0.6847492366464052,0.1847702303463039,2,2.2964331455643836
2012-03-23,0.8439258418577783,0.6847492366464052,0.1886144460998721,2,2.2972378696347007
2012-03-26,0.8392297291152195,0.6847492366464052,0.1840741421680564,2,2.288578585272416
2012-03-27,0.8353454463287621,0.6847492366464052,0.18028015875852108,2,2.3118929150279386
2012-03-28,0.8338495135908732,0.6847492366464052,0.17880957476653733,2,2.302802933275907
2012-03-29,0.8322392369547981,0.6847492366464052,0.17722067617007053,2,2.283160865475071
2012-03-30,0.8320202262156287,0.6015256059764775,0.277030068472657,3,2.282741502227159
2012-04-02,0.8332899015712891,0.6015256059764775,0.278131650410963,3,2.3000260685262215
2012-04-03,0.8291757468485875,0.6015256059764775,0.27454992712622145,3,2.3226830180552884
2012-04-04,0.8233963389171475,0.6015256059764775,0.269458002731046,3,2.28792120504596
2012-04-05,0.8237597610923141,0.743795774940019,0.09707197405013075,1,2.299436693150778
2012-04-06,0.8240209548971018,0.6614197988307876,0.1973264819298421,2,2.2997313808385
2012-04-09,0.8180101512044619,0.6614197988307876,0.1914283730380437,2,2.263518797674234
2012-04-10,0.8176615223465131,0.6614197988307876,0.19108361986674544,2,2.260492581804169
2012-04-12,0.820069225166761,0.6614197988307876,0.19345857821175044,2,2.251674619456188
2012-04-13,0.8220430163505036,0.6614197988307876,0.19539514882421835,2,2.2769270874655727
2012-04-16,0.8222980677041848,0.6614197988307876,0.19564471229095948,2,2.2584751045574585
2012-04-17,0.8204113673197636,0.6614197988307876,0.1937949360799232,2,2.250167178592073
2012-04-18,0.821782009613202,0.6614197988307876,0.19513959773577175,2,2.271962733341645
2012-04-19,0.8204818686676629,0.6614197988307876,0.1938642106682599,2,2.2666696891044893
2012-04-20,0.8213408865445856,0.5793120999814957,0.2946751958024576,3,2.238096317537318
2012-04-23,0.8191358416486523,0.5793120999814957,0.2927765206616646,3,2.2358068208865567
2012-04-24,0.8110700684677962,0.5793120999814957,0.28574346101085657,3,2.2253680762561063
2012-04-25,0.8135606023488651,0.5793120999814957,0.287929997705224,3,2.2237359598318016
2012-04-26,0.8152170953262365,0.497734043671211,0.38944601809162754,4,2.2260707930499044
2012-04-27,0.818093014481737,0.5682892871614674,0.3053488086296894,3,2.238889707465799
2012-04-30,0.8218088241214998,0.5682892871614674,0.3084896748718177,3,2.2464155776445387
2012-05-02,0.8237679889785579,0.5682892871614674,0.3101342917365297,3,2.265774291899489
2012-05-03,0.8262639538779006,0.5682892871614674,0.3122182270032257,3,2.2612859717326503
2012-05-04,0.8206227623704564,0.5682892871614674,0.30749022179216284,3,2.2545308231987216
2012-05-07,0.8165467649597864,0.6595847491774003,0.19222660907868055,2,2.217456845254962
2012-05-08,0.8148122501094577,0.6595847491774003,0.19050707805534942,2,2.2294370331750333
2012-05-09,0.8190609333458286,0.6595847491774003,0.1947061295146565,2,2.2104863480261594
2012-05-10,0.8159257440566519,0.6595847491774003,0.191611793129543,2,2.2044112480023577
2012-05-11,0.812772630573939,0.6595847491774003,0.188475688813937,2,2.1729023336998043
2012-05-14,0.8131469386714415,0.6595847491774003,0.18884924998295938,2,2.1690487254757507
2012-05-15,0.8109858839376296,0.6595847491774003,0.1866877559263079,2,2.1523081979847896
2012-05-16,0.8001166923228067,0.578581550051367,0.27687854083921726,3,2.08608280724025
2012-05-17,0.7972683148030211,0.578581550051367,0.2742950656526272,3,2.0914211880447473
2012-05-18,0.7889077933315987,0.646554096930319,0.18044402350256,2,2.0202654456017863
2012-05-21,0.7959014448194051,0.646554096930319,0.18764552930667674,2,2.0391594600414833
2012-05-22,0.7990859744089749,0.646554096930319,0.1908829367096231,2,2.072663183307076
2012-05-23,0.7983632081160774,0.646554096930319,0.19015043484279187,2,2.049915560643326
2012-05-24,0.7979722294751127,0.6421268918578095,0.1953017058247937,2,2.0565460336170647
2012-05-25,0.8012459447334239,0.6421268918578095,0.19858952662600207,2,2.067540151197452
2012-05-29,0.8022938903124183,0.6421268918578095,0.1996363182975739,2,2.096714232281903
2012-05-30,0.8016950642672787,0.6421268918578095,0.1990384867285031,2,2.090990490655
2012-05-31,0.8065276780571002,0.5621716158769083,0.30297294045610185,3,2.0894150449398725
2012-06-01,0.8071612653159097,0.5621716158769083,0.30352007704819245,3,2.0792596538553085
2012-06-04,0.7996706425061275,0.5621716158769083,0.2969960556322402,3,2.0210248331047618
2012-06-05,0.8027997534525355,0.5621716158769083,0.2997361876866271,3,2.042242346620726
2012-06-07,0.8038068036238946,0.4814859769662574,0.40099290675878974,4,2.0944927404821545
2012-06-08,0.8025263990536449,0.4814859769662574,0.40003721057147124,4,2.0805404118827147
2012-06-11,0.8033918416132115,0.4814859769662574,0.40068351204633446,4,2.11612961724603
2012-06-12,0.8015229191416783,0.4814859769662574,0.39928607720679626,4,2.1021886227884257
2012-06-13,0.8065390595251889,0.4814859769662574,0.4030221211484673,4,2.107379659749062
2012-06-14,0.8100463960691628,0.4831650985794074,0.40353404332885384,4,2.1211619762209706
2012-06-15,0.8085837461960286,0.4831650985794074,0.402455094042576,4,2.10606489929615
2012-06-18,0.8082827164588378,0.4831650985794074,0.4022325496502029,4,2.1440909451540877
2012-06-19,0.8080352897326226,0.4831650985794074,0.40204950858113414,4,2.1441589500051004
2012-06-20,0.8103467488268501,0.4831650985794074,0.40375512176868483,4,2.1581566151718823
2012-06-21,0.8075168876457868,0.4831650985794074,0.40166564195578125,4,2.1411894048442126
2012-06-22,0.8026760200328311,0.5670416254735748,0.2935610242219747,3,2.0938580285393695
2012-06-25,0.805092010431778,0.5670416254735748,0.29568096798095733,3,2.068911582359542
2012-06-26,0.8113463187512358,0.5670416254735748,0.3011102504953453,3,2.0603316369901052
2012-06-27,0.8082811772666945,0.5670416254735748,0.29845994015214095,3,2.0601502907207383
2012-06-28,0.8069411063516936,0.6459708894860667,0.19948198895629235,2,2.0618844144215625
2012-06-29,0.8080939202747056,0.6459708894860667,0.20062399520779262,2,2.1013612304344376
2012-07-02,0.8084372896957821,0.6459708894860667,0.20096351600858506,2,2.0986863729612715
2012-07-03,0.8153578774170397,0.6459708894860667,0.20774557114425818,2,2.1170136803091952
2012-07-04,0.8213358932044755,0.7336265592976376,0.10678862890630081,1,2.1245282163460995
2012-07-05,0.8196894375737793,0.7336265592976376,0.10499449465993062,1,2.125706967096986
2012-07-06,0.8204491447243629,0.7336265592976376,0.1058232383871813,1,2.1061102358634916
2012-07-09,0.8190542309261343,0.7336265592976376,0.10430038500857315,1,2.0810957848326517
2012-07-10,0.8195623962442503,0.7336265592976376,0.10485575880546089,1,2.07352457808657
2012-07-11,0.8196440990640971,0.8196440990640971,0.0,0,2.0700563306849222
2012-07-12,0.8196440990640971,0.8196440990640971,0.0,0,2.0235863491595736
2012-07-13,0.8196440990640971,0.8196440990640971,0.0,0,2.0547552392070636
2012-07-16,0.8196440990640971,0.8196440990640971,0.0,0,2.0603089687064347
2012-07-17,0.8160196940198707,0.7376796891576873,0.09600259091329696,1,2.0650353058518176
2012-07-18,0.8149185292928922,0.7376796891576873,0.09478105768711056,1,2.034376452186923
2012-07-19,0.8179074049804053,0.7376796891576873,0.0980889955686854,1,2.0661687200353627
2012-07-20,0.8171208587468493,0.7376796891576873,0.09722083182528744,1,2.0661347176098563
2012-07-23,0.8159410393965152,0.7376796891576873,0.09591544788176277,1,2.028176676602931
2012-07-24,0.814804241733754,0.6561249125297136,0.19474534014010508,2,2.0332657062870485
2012-07-25,0.8122844043555081,0.6561249125297136,0.19224731016434612,2,2.0053610490881684
2012-07-26,0.8123470071116079,0.6561249125297136,0.19230955886371717,2,2.0202767797436216
2012-07-27,0.8134263411095977,0.6561249125297136,0.1933812819060034,2,2.073195887973342
2012-07-30,0.8091666056777498,0.5748017976030494,0.28963727176852394,3,2.089777737478607
2012-07-31,0.8096738929654066,0.5748017976030494,0.2900823373496027,3,2.1330741592900293
2012-08-01,0.8076007629755781,0.5748017976030494,0.2882599621560395,3,2.1307393260719265
2012-08-02,0.8072687871085442,0.5748017976030494,0.2879672708988779,3,2.1188044747191968
2012-08-03,0.8071719340953365,0.5748017976030494,0.28788183369225206,3,2.0953201328361426
2012-08-06,0.8104990647034774,0.5748017976030494,0.29080510683458755,3,2.13748314046402
2012-08-07,0.814016047225191,0.5748017976030494,0.29386920618773127,3,2.1385258815128814
2012-08-08,0.8140015792824459,0.5748017976030494,0.29385665552424917,3,2.1571478765485272
2012-08-09,0.816487651682112,0.5748017976030494,0.29600674741515826,3,2.1994922304457716
2012-08-10,0.8151904540959373,0.5748017976030494,0.29488649589191246,3,2.206077366852169
2012-08-13,0.8147644848567865,0.6511796842310038,0.20077556602695623,2,2.1902549048498794
2012-08-14,0.8211379757528632,0.6511796842310038,0.20697896887064876,2,2.2180462206304052
2012-08-16,0.8239390330280967,0.6511796842310038,0.2096749175265759,2,2.219122964104773
2012-08-17,0.8236849688761481,0.6511796842310038,0.20943114317178066,2,2.206236044837865
2012-08-20,0.8272437703091634,0.6511796842310038,0.21283216918316558,2,2.2059753595756497
2012-08-21,0.8291142879507332,0.740033044673751,0.10744145236859734,1,2.2024731097484955
2012-08-22,0.8303846087104763,0.740033044673751,0.10880688669920595,1,2.1933717938546287
2012-08-23,0.8278312639833927,0.740033044673751,0.10605811006360234,1,2.201702388103685
2012-08-24,0.8257860475602063,0.740033044673751,0.10384409271604132,1,2.1759398837117048
2012-08-27,0.8189967293373064,0.8189967293373064,0.0,0,2.1737410601956273
2012-08-28,0.8189967293373064,0.8189967293373064,0.0,0,2.171995602352968
2012-08-29,0.8189967293373064,0.8189967293373064,0.0,0,2.1858345895340534
2012-08-30,0.8189967293373064,0.8189967293373064,0.0,0,2.1607181312266945
2012-08-31,0.8189967293373064,0.8189967293373064,0.0,0,2.1592900293554274
2012-09-03,0.8189967293373064,0.8189967293373064,0.0,0,2.1678926430085346
2012-09-04,0.8189967293373064,0.8189967293373064,0.0,0,2.1615681918643532
2012-09-05,0.8189967293373064,0.8189967293373064,0.0,0,2.1240521823890104
2012-09-06,0.8189967293373064,0.8189967293373064,0.0,0,2.1322240986523706
2012-09-07,0.8167877211564871,0.7370970564035757,0.09756594362128469,1,2.1870133402849405
2012-09-10,0.8165547573593485,0.7370970564035757,0.0973084783838999,1,2.1814822790692405
2012-09-11,0.8149581030423739,0.7370970564035757,0.09553993800188013,1,2.1761552324065785
2012-09-12,0.8163274756060425,0.7370970564035757,0.09705715116797466,1,2.2101916603384377
2012-09-13,0.8220322476140227,0.7370970564035757,0.10332342977659868,1,2.2109397136995774
2012-09-14,0.8231743384243854,0.7370970564035757,0.1045674992560722,1,2.2754196466014576
2012-09-17,0.8197537480371302,0.7370970564035757,0.10083112377524704,1,2.269491890421517
2012-09-18,0.8213504023541048,0.7370970564035757,0.1025790523862255,1,2.2724501014405694
2012-09-19,0.8199810297904362,0.7370970564035757,0.10108035475899158,1,2.2757596708565213
2012-09-20,0.8224924931644674,0.7370970564035757,0.10382518682005264,1,2.2558682519353046
2012-09-21,0.8206628750503542,0.7370970564035757,0.10182721941899842,1,2.2695145587051875
2012-09-24,0.8204355932970482,0.7370970564035757,0.10157840246613829,1,2.270727311881581
2012-09-25,0.8163274756060425,0.7370970564035757,0.09705715116797466,1,2.257092339253534
2012-09-26,0.8188389389800736,0.7370970564035757,0.09982656989702236,1,2.244658785660044
2012-09-27,0.8204577868950811,0.6552591870606128,0.20134929849302974,2,2.254020786816126
2012-09-28,0.823274335258366,0.6552591870606128,0.20408160561087516,2,2.26253272733455
2012-10-02,0.8189568145374967,0.6552591870606128,0.19988554288950097,2,2.2623287127815117
2012-10-04,0.8200992464030894,0.5733294060295295,0.3009024108434179,3,2.258531775266636
2012-10-05,0.8184891346228924,0.5733294060295295,0.29952716318747086,3,2.261353976583663
2012-10-08,0.8168654390856696,0.6508079033852507,0.2032862791774978,2,2.2463022362261844
2012-10-09,0.8149580177356085,0.6508079033852507,0.20142155887545593,2,2.243072005803081
2012-10-10,0.8160276065579964,0.6508079033852507,0.20246827661829023,2,2.208140180666221
2012-10-11,0.8144331628711319,0.6508079033852507,0.20090692145817204,2,2.190991624069184
2012-10-12,0.8132331371091113,0.6508079033852507,0.19972776109597698,2,2.1911843044803865
2012-10-15,0.8124379876572236,0.6508079033852507,0.19894451850787465,2,2.1824910176925956
2012-10-16,0.8128520657823364,0.6508079033852507,0.1993525872892072,2,2.2005689739201397
2012-10-17,0.8162302819442971,0.6508079033852507,0.20266630902862717,2,2.2159947409581884
2012-10-18,0.8163221805912338,0.6508079033852507,0.20275607001895607,2,2.2204943952668623
2012-10-19,0.8131313432915607,0.6508079033852507,0.19962757707656878,2,2.203175826542293
2012-10-22,0.8112177414127597,0.5696857280730118,0.2977400530209224,3,2.200625644629317
2012-10-23,0.8091998939200883,0.5696857280730118,0.29598887450018563,3,2.1838737829965202
2012-10-24,0.8079875192260326,0.4889984541645276,0.3947945450531998,4,2.169309410737966
2012-10-25,0.8086669733142845,0.4889984541645276,0.3953030477300317,4,2.1812555962325315
2012-10-26,0.8005702641245175,0.566183435719258,0.2927748367741072,3,2.143773589182695
2012-10-29,0.8010651258322378,0.566183435719258,0.2932117284084211,3,2.143875596459214
2012-10-30,0.8042732628955382,0.566183435719258,0.2960310110510341,3,2.1530109147785876
2012-10-31,0.812954139158575,0.6434195548069795,0.20854138774306177,2,2.16715592378923
2012-11-01,0.8116340082756077,0.5620663895314797,0.3074878777866366,3,2.151718822609346
2012-11-02,0.8126985345556081,0.5620663895314797,0.3083949759564617,3,2.1747044622516407
2012-11-05,0.8115745000252927,0.5620663895314797,0.30743709971917205,3,2.1628036133244173
2012-11-06,0.8091649813809567,0.5620663895314797,0.3053747969020702,3,2.1854152262861417
2012-11-07,0.8129281880214263,0.4810886001811536,0.4082028311109891,4,2.1960466513277948
2012-11-08,0.8062038900384436,0.4810886001811536,0.40326683345795683,4,2.1698194471205614
2012-11-09,0.8034952342011541,0.4810886001811536,0.40125519143936367,4,2.1584853052851107
2012-11-12,0.8004981068036855,0.4810886001811536,0.39901344413905526,4,2.1544730190753607
2012-11-13,0.802147113773894,0.4810886001811536,0.4002489170374788,4,2.1418127826451623
2012-11-14,0.8059925238025551,0.4810886001811536,0.403110344111571,4,2.146731800201748
2012-11-15,0.800896254225926,0.4810886001811536,0.39931221098526626,4,2.120300581441476
2012-11-16,0.7995150481583171,0.5578028656642885,0.30232349353625376,3,2.109091115166215
2012-11-19,0.8010037802292489,0.5578028656642885,0.3036201832847228,3,2.128665178116039
2012-11-20,0.8018267980406922,0.6463467908263808,0.1939072223505567,2,2.142356821453264
2012-11-21,0.801920697417714,0.6463467908263808,0.19400161024936866,2,2.135397658366297
2012-11-22,0.8044140430182001,0.6463467908263808,0.19649986665914404,2,2.152920241643904
2012-11-23,0.8025033602683971,0.6463467908263808,0.19458681068922842,2,2.1663285314352425
2012-11-26,0.8005579396680282,0.6463467908263808,0.19262959143918432,2,2.1631323034376453
2012-11-27,0.7971145802357393,0.5662756907692302,0.28959310893327356,3,2.182048986161013
2012-11-28,0.7997048169220234,0.6405784152618582,0.19898142201096822,2,2.167971982001383
2012-11-29,0.7990803600915488,0.6405784152618582,0.19835545052256245,2,2.192986433032223
2012-11-30,0.7972877551080177,0.6405784152618582,0.1965530498144028,2,2.19077627537431
2012-12-03,0.7992597189802817,0.6405784152618582,0.19853534458220107,2,2.1988461843611513
2012-12-04,0.7976446361546417,0.7178723347872817,0.10000982611997943,1,2.193360459712793
2012-12-05,0.7982887925761443,0.6381078711718176,0.20065535542270307,2,2.206802751929638
2012-12-06,0.79499301894428,0.6381078711718176,0.1973415414147911,2,2.209726960523184
2012-12-07,0.794363930311886,0.6381078711718176,0.19670588401303496,2,2.2186015935803423
2012-12-10,0.7975451364714734,0.6381078711718176,0.19991002140022274,2,2.218567591154836
2012-12-11,0.797858223324468,0.6381078711718176,0.2002239840143682,2,2.2267281732763604
2012-12-12,0.799973522804379,0.6381078711718176,0.20233876124440567,2,2.2389917147423186
2012-12-13,0.8014289086166613,0.6381078711718176,0.2037873050109342,2,2.269967924378606
2012-12-14,0.8006850849348716,0.6381078711718176,0.20304763610811882,2,2.261206632739802
2012-12-17,0.8007582690281202,0.6381078711718176,0.20312047236641256,2,2.2476396649627675
2012-12-18,0.8010973686368056,0.6381078711718176,0.2034577865888394,2,2.258996475081889
2012-12-20,0.7999135187213708,0.6381078711718176,0.202278926112154,2,2.2662616599984133
2012-12-21,0.7983451276357132,0.6381078711718176,0.20071176101297916,2,2.244636117376373
2012-12-24,0.7992698220677108,0.5583321582595786,0.3014472173925277,3,2.246222897233336
2012-12-26,0.7959567648214643,0.640857576857056,0.19485880994955487,2,2.2467102653322604
2012-12-27,0.7969325059554542,0.640857576857056,0.1958446015591717,2,2.2524906776683404
2012-12-28,0.7959901629164425,0.640857576857056,0.19489259200263667,2,2.263484795248728
2013-01-02,0.7938068957090042,0.640857576857056,0.19267824414064644,2,2.3020775481984384
2013-01-03,0.7985987830333319,0.640857576857056,0.1975224725200866,2,2.288827936392796
2013-01-04,0.7994973926942874,0.640857576857056,0.19842443175783098,2,2.2803613324417142
2013-01-07,0.7999952465751416,0.7230929648030006,0.09612842338922303,1,2.279579276655068
2013-01-08,0.799478256445581,0.7230929648030006,0.09554392633788895,1,2.264493533872083
2013-01-09,0.8008999793018727,0.7230929648030006,0.09714947747494619,1,2.2575457049269514
2013-01-10,0.7998659990427515,0.7230929648030006,0.09598236996150594,1,2.2745355835382925
2013-01-11,0.8006414842370924,0.7230929648030006,0.09685798320578598,1,2.263054097858981
2013-01-14,0.8006414842370924,0.7230929648030006,0.09685798320578598,1,2.274807602942343
2013-01-15,0.8007707317694825,0.7230929648030006,0.09700375386452444,1,2.2483990524657425
2013-01-16,0.7996075039779712,0.7230929648030006,0.0956901214587383,1,2.241269877251244
2013-01-17,0.80355223233512,0.6430934401454864,0.19968682275119926,2,2.2376656201475704
2013-01-18,0.8044267112834296,0.5626494358553201,0.3005584872267155,3,2.2530573847601127
2013-01-21,0.8051780401949872,0.5626494358553201,0.3012111511150189,3,2.2519353047184034
2013-01-22,0.805715181830601,0.5626494358553201,0.30167700877006015,3,2.2628840857314487
2013-01-23,0.7994430954740945,0.6392689240265915,0.200357189091132,2,2.2446247832345376
2013-01-24,0.798651547324996,0.6392689240265915,0.19956465849498545,2,2.226569495290664
2013-01-25,0.7996018985726283,0.6392689240265915,0.20051600031496633,2,2.206406056965397
2013-01-28,0.7987913421004109,0.6392689240265915,0.19970474098324265,2,2.1984948259642523
2013-01-29,0.7963094371138202,0.5594444605254689,0.2974534339902531,3,2.21691280644686
2013-01-30,0.7952671495775337,0.5594444605254689,0.29653266726450334,3,2.226512824581487
2013-01-31,0.7930830768465724,0.5594444605254689,0.29459538747200187,3,2.2236906232644595
2013-02-01,0.7940503489245873,0.5594444605254689,0.2954546757858038,3,2.2189869544027476
2013-02-04,0.7953060273348646,0.5594444605254689,0.2965670555770676,3,2.213795917442111
2013-02-05,0.7893733643750918,0.401012871834204,0.4919858080698401,5,2.196760702263428
2013-02-06,0.7872002676494589,0.401012871834204,0.49058341528311644,5,2.1945052080381737
2013-02-07,0.7874327172174324,0.401012871834204,0.49073379469007633,5,2.189495517346904
2013-02-08,0.7906082484458072,0.401012871834204,0.49277929667123666,5,2.2111777306781217
2013-02-12,0.783780993010845,0.401012871834204,0.48836106589707107,5,2.2053859842002064
2013-02-13,0.7918975647417983,0.401012871834204,0.49360512054995903,5,2.2397057656779515
2013-02-14,0.7908952336390782,0.479125953679761,0.3941979502453188,4,2.243718051887701
2013-02-15,0.79060999639022,0.5591568347018497,0.2927526375142521,3,2.2454975121558673
2013-02-18,0.7949440381372018,0.5591568347018497,0.2966085562297869,3,2.246324904509855
2013-02-19,0.800764754527159,0.5591568347018497,0.30172147120533,3,2.250767888109352
2013-02-20,0.8016374230911478,0.5591568347018497,0.3024816224949711,3,2.2947556925727373
2013-02-21,0.8000959687547259,0.5591568347018497,0.30113779279237624,3,2.284078930963742
2013-02-22,0.7977210497123525,0.5591568347018497,0.2990571893477373,3,2.288238561017353
2013-02-25,0.7974316494894169,0.5591568347018497,0.29880280640996726,3,2.277618470117535
2013-02-26,0.8000826070226452,0.6446672717403581,0.19424911117695162,2,2.2668397012320214
2013-02-27,0.8036762822378533,0.6446672717403581,0.19785206309029213,2,2.271407360391708
2013-02-28,0.8100618080214982,0.6446672717403581,0.20417520569831718,2,2.2968525088122953
2013-03-04,0.8065021108413725,0.5636390077876531,0.3011313917087653,3,2.281732763603804
2013-03-05,0.8075647500640681,0.5636390077876531,0.30205100242062727,3,2.28565437667887
2013-03-06,0.8076348193022145,0.7260920071229235,0.10096495375192321,1,2.2903353772569113
2013-03-07,0.809211938600184,0.7260920071229235,0.10271713442716329,1,2.2718153894977844
2013-03-08,0.8087602140330504,0.7260920071229235,0.10221596645795014,1,2.273640186333292
2013-03-11,0.8094364953214181,0.7260920071229235,0.10296606179759592,1,2.270625304605062
2013-03-12,0.8087602140330504,0.7260920071229235,0.10221596645795014,1,2.2592798286277755
2013-03-13,0.8085356573118163,0.7260920071229235,0.10196662255193269,1,2.2665223452606287
2013-03-14,0.8095687290878862,0.5642950529720667,0.30296831794894186,3,2.269242539301137
2013-03-15,0.8071840672998102,0.32076742913829,0.6026093153556409,6,2.251527275612327
2013-03-18,0.7927372423132879,0.32076742913829,0.5953672768012538,6,2.230763127769781
2013-03-19,0.8007593196827067,0.32076742913829,0.5994209230491491,6,2.242527966994979
2013-03-20,0.7984452589713729,0.32076742913829,0.5982599614261211,6,2.2208230853800908
2013-03-21,0.801044088606633,0.32076742913829,0.5995633277860583,6,2.211087057543438
2013-03-22,0.7998852013525567,0.32076742913829,0.5989831683397918,6,2.208695553616158
2013-03-25,0.8009100151414469,0.32076742913829,0.5994962941228298,6,2.241519228371624
2013-03-26,0.8010603873150881,0.32076742913829,0.5995714752374595,6,2.248353715898401
2013-03-27,0.8045197402828012,0.2403506000492169,0.7012495927511612,7,2.2593931700461303
2013-03-28,0.8065029714013838,0.2403506000492169,0.7019842349352012,7,2.2594838431808135
2013-03-29,0.8147915886076584,0.24047475614535024,0.7048634773509616,7,2.2723707624477214
2013-04-01,0.8208711570245733,0.24047475614535024,0.7070493291334494,7,2.26228337621417
2013-04-02,0.820726696958753,0.24047475614535024,0.7069977654724254,7,2.2511305806480864
2013-04-03,0.8273284723216661,0.07601780093233562,0.9081165420077797,9,2.247809677090299
2013-04-04,0.825839966493046,0.07601780093233562,0.9079509299420958,9,2.2208684219474324
2013-04-05,0.812622553110695,0.07601780093233562,0.9064537396342968,9,2.1843498169536093
2013-04-08,0.7840088925975286,0.07601780093233562,0.9030396190016693,9,2.1746704598261344
2013-04-09,0.7802164352393883,0.07601780093233562,0.9025683163044218,9,2.176993958902402
2013-04-10,0.7904939246639837,0.22402246047985436,0.7166044500910239,7,2.193813825386211
2013-04-11,0.8029699698036233,0.474088210193524,0.4095816431223843,4,2.209930975076222
2013-04-12,0.8115557075209471,0.31337754868785106,0.6138557762779797,6,2.180949574402974
2013-04-15,0.8173839062832331,0.23186171049288884,0.7163368293520743,7,2.176665268789174
2013-04-16,0.8141615701689839,0.23186171049288884,0.715214130722524,7,2.178660077752213
2013-04-17,0.8133338866270577,0.23186171049288884,0.714924320374216,7,2.1805075428713914
2013-04-18,0.8115142775318002,0.23186171049288884,0.7142851125206444,7,2.1535549535866894
2013-04-19,0.8104951910496485,0.1508182902356045,0.8139183404157104,8,2.161137494474606
2013-04-22,0.8264891019535952,0.1508182902356045,0.8175193237525926,8,2.183307075904748
2013-04-23,0.8448478132437084,0.2440644403242022,0.7111143137281243,7,2.1746024549751217
2013-04-24,0.839662487759134,0.2440644403242022,0.7093303036848126,7,2.1935078035566535
2013-04-25,0.8353910478445901,0.24020052943387832,0.7124693518638668,7,2.211971120606603
2013-04-26,0.8402979804673014,0.24020052943387832,0.7141483913833764,7,2.203991884754446
2013-04-29,0.85385282445958,0.24020052943387832,0.7186862623709117,7,2.199616906005962
2013-04-30,0.8551578746278226,0.40685312349136327,0.5242362427306985,5,2.2259687857733854
2013-05-02,0.8471155905909534,0.40685312349136327,0.5197194715687621,5,2.218329574176291
2013-05-03,0.8464586423064375,0.40685312349136327,0.5193467191937854,5,2.2279635947364245
2013-05-06,0.8353649520354622,0.40685312349136327,0.5129636184759497,5,2.223169252740029
2013-05-07,0.8421048243687843,0.40685312349136327,0.5168616641089454,5,2.2150880096113523
2013-05-08,0.8404009583973393,0.3221700087192614,0.616647261643245,6,2.217468179396797
2013-05-09,0.8407357236654674,0.3221700087192614,0.6167999055462352,6,2.243536705618334
2013-05-10,0.8340437752620934,0.4172192972842949,0.49976331020133063,5,2.2042072334493197
2013-05-13,0.833355699131884,0.4941291818997442,0.4070608955881815,4,2.2086842194743226
2013-05-14,0.8206382167323646,0.4941291818997442,0.3978720807479833,4,2.2314998469890854
2013-05-15,0.8228183811691521,0.4941291818997442,0.3994674970707019,4,2.2342540434551
2013-05-16,0.8226856722775047,0.4941291818997442,0.3993706241026321,4,2.251878634009226
2013-05-20,0.8199848515816599,0.5841424843352842,0.2876179563457325,3,2.246914279885299
2013-05-21,0.8252520538699789,0.5021823282515878,0.39148006248923767,4,2.245395504879348
2013-05-22,0.8303380006576623,0.3369156291788804,0.5942427915956765,6,2.2598352015777126
2013-05-23,0.8159595787041178,0.17115153572209849,0.7902450805297044,8,2.2319078760951614
2013-05-24,0.810012670908053,0.17377862423080748,0.7854618446449788,8,2.2367362205170638
2013-05-27,0.8235113859301615,0.09249999219181587,0.8876761223072386,9,2.2441260809937775
2013-05-28,0.833304474555703,0.09249999219181587,0.8889961652478412,9,2.2512099196409343
2013-05-29,0.8185631588146621,0.00915538961007499,0.9888152923675032,10,2.26818846411044
2013-05-30,0.8053797772201722,0.00915538961007499,0.9886322082214735,10,2.2669417085085404
2013-05-31,0.7962276854886493,0.00915538961007499,0.9885015432433044,10,2.268018451982908
2013-06-03,0.7761962426023346,0.00915538961007499,0.9882048004002442,10,2.2550068571558106
2013-06-04,0.7468874650348165,0.00915538961007499,0.987741942342481,10,2.254938852304798
2013-06-05,0.7336628111499941,0.07365247078040321,0.8996099166251112,9,2.2205737342597107
2013-06-07,0.7289545584737365,0.07365247078040321,0.8989615060030427,9,2.180518877013227
2013-06-10,0.7432172930401655,0.15366717656659262,0.7932405798336448,8,2.190549592537601
2013-06-11,0.7525847788691704,0.07957450966261638,0.8942650557161353,9,2.1769259540513892
2013-06-12,0.7541834976081272,0.004871717954029853,0.9935404076468388,10,2.1647190832946084
2013-06-13,0.7548370302973663,0.004871717954029853,0.9935460003172994,10,2.1339128857858527
2013-06-14,0.7470156853882257,0.004871717954029853,0.9934784261571455,10,2.1412914121207316
2013-06-17,0.7248841454942502,0.004871717954029853,0.9932793150680539,10,2.1343322490337644
2013-06-18,0.7364245484782098,0.07820442273252083,0.8938052474022941,9,2.1541896655294743
2013-06-19,0.737463131309428,0.21713488753350146,0.7055650942875473,7,2.1402373369300345
2013-06-20,0.7267953763612282,0.3600485982980323,0.5046080230990865,5,2.097371612508359
2013-06-21,0.7182620059612574,0.4298774350681622,0.40150330728846945,4,2.0660213761915016
2013-06-24,0.7098318195252036,0.5023034651616268,0.29236270994781494,3,2.0390234503394575
2013-06-25,0.7051594074835805,0.5023034651616268,0.28767387936560596,3,2.018191297645899
2013-06-26,0.7080291858274179,0.5731514334097885,0.19049744716386022,2,2.021387525643496
2013-06-27,0.710323696400257,0.5731514334097885,0.193112328485764,2,2.0794750025501822
2013-06-28,0.7131723961949946,0.5731514334097885,0.19633536509862587,2,2.1119133164832427
2013-07-01,0.7141729145245292,0.5731514334097885,0.19746125657625616,2,2.1033107028301354
2013-07-02,0.7135208447304505,0.5016092682384343,0.2969942336752206,3,2.1025059787598184
2013-07-03,0.7086967882270365,0.5016092682384343,0.2922089156163357,3,2.0680955241473895
2013-07-04,0.7100494949091728,0.5016092682384343,0.29355731982796707,3,2.084507361525122
2013-07-05,0.711080427104257,0.5016092682384343,0.2945815281667294,3,2.0778995568350545
2013-07-08,0.707579809425547,0.496612435878513,0.2981534672651403,3,2.059243559373902
2013-07-09,0.7082968800345957,0.5700253317172667,0.19521693828522202,2,2.074544650851761
2013-07-10,0.7087183563629242,0.5700253317172667,0.19569554450009896,2,2.0675288170556168
2013-07-11,0.7105845127303176,0.5700253317172667,0.19780783072934258,2,2.1280984710242663
2013-07-12,0.711932844977143,0.5700253317172667,0.199327105444099,2,2.1194618549456528
2013-07-15,0.7165542840371468,0.5700253317172667,0.20449107008937228,2,2.1253329404164165
2013-07-16,0.7173460187706502,0.5700253317172667,0.20536907322055534,2,2.1153588956012195
2013-07-17,0.7188313063239432,0.5700253317172667,0.2070109819891689,2,2.1393079372995274
2013-07-18,0.7191208716003985,0.5700253317172667,0.20733029143114803,2,2.125695632955151
2013-07-19,0.7171528012864343,0.5700253317172667,0.20515498134463012,2,2.1210826372281226
2013-07-22,0.7165399415953642,0.5700253317172667,0.2044751469846679,2,2.1312153600290156
2013-07-23,0.7159852419934248,0.5700253317172667,0.20385882517603426,2,2.1581906175973886
2013-07-24,0.7159676894185222,0.5700253317172667,0.20383930707792636,2,2.167178592072901
2013-07-25,0.7155900307375418,0.5700253317172667,0.20341912654966002,2,2.1643790590395446
2013-07-26,0.7138114458749364,0.5700253317172667,0.2014343073210707,2,2.165739156059799
2013-07-29,0.7180588288505105,0.6443800110622409,0.10260833072161632,1,2.1533622731754867
2013-07-30,0.71642093132723,0.6443800110622409,0.10055669385807477,1,2.17281166056512
2013-07-31,0.7165841517061432,0.6443800110622409,0.100761565089025,1,2.169388749730814
2013-08-01,0.7170757107542656,0.6443800110622409,0.10137799761138029,1,2.176993958902402
2013-08-02,0.7180743651530894,0.7180743651530894,0.0,0,2.179986172346961
2013-08-05,0.7180743651530894,0.7180743651530894,0.0,0,2.171870926792778
2013-08-06,0.7180743651530894,0.7180743651530894,0.0,0,2.160990150630745
2013-08-07,0.7180743651530894,0.7180743651530894,0.0,0,2.1289258633782544
2013-08-08,0.7180743651530894,0.7180743651530894,0.0,0,2.135318319373449
2013-08-09,0.7180743651530894,0.7180743651530894,0.0,0,2.131623389135092
2013-08-12,0.7180743651530894,0.7180743651530894,0.0,0,2.1362930555712976
2013-08-13,0.7180743651530894,0.7180743651530894,0.0,0,2.168255335547269
2013-08-14,0.7180743651530894,0.7180743651530894,0.0,0,2.1805868818642398
2013-08-16,0.7180743651530894,0.7180743651530894,0.0,0,2.176279907966768
2013-08-19,0.7180743651530894,0.7180743651530894,0.0,0,2.173480374933412
2013-08-20,0.7180743651530894,0.7180743651530894,0.0,0,2.139715966405604
2013-08-21,0.7180743651530894,0.7180743651530894,0.0,0,2.1166056512031193
2013-08-22,0.7180743651530894,0.7180743651530894,0.0,0,2.0958188350769023
2013-08-23,0.7180743651530894,0.7180743651530894,0.0,0,2.119665869498691
2013-08-26,0.7180743651530894,0.7180743651530894,0.0,0,2.139727300547439
2013-08-27,0.7180743651530894,0.7180743651530894,0.0,0,2.137437803896678
2013-08-28,0.7174859296755447,0.6462669286377805,0.09926187830606002,1,2.1359416971743985
2013-08-29,0.7183761441974392,0.6462669286377805,0.10037807650227344,1,2.1620328916796065
2013-08-30,0.7201602518136327,0.6462669286377805,0.10260677812995278,1,2.1833637466139253
2013-09-02,0.7197133052664832,0.6462669286377805,0.10204949122277007,1,2.18160695462943
2013-09-03,0.719268198005536,0.6462669286377805,0.10149380936093283,1,2.191728343288488
2013-09-04,0.7182878584597306,0.6462669286377805,0.10026750274797794,1,2.190923619218171
2013-09-05,0.7169506973906866,0.6462669286377805,0.09858944138021893,1,2.212027791315781
2013-09-06,0.7175742154132533,0.6462669286377805,0.09937269935822136,1,2.2161760872275558
2013-09-09,0.7176643404371641,0.6462669286377805,0.09948580105832204,1,2.238118985820989
2013-09-10,0.7160586435825899,0.6462669286377805,0.09746647927553387,1,2.260095886839928
2013-09-11,0.7163271793681201,0.6462669286377805,0.09780481984802036,1,2.2711920116968343
2013-09-12,0.7188230907445887,0.6462669286377805,0.10093743932411994,1,2.271430028675379
2013-09-13,0.71846626922135,0.6462669286377805,0.10049092584654926,1,2.2603905745276496
2013-09-16,0.7169506973906866,0.6462669286377805,0.09858944138021893,1,2.2819821147241837
2013-09-17,0.7154351255600232,0.6462669286377805,0.09667990073607273,1,2.2731528182343674
2013-09-23,0.7159703578448813,0.6462669286377805,0.09735518858198661,1,2.2774937945573455
2013-09-24,0.7152567147984039,0.6462669286377805,0.09645458019931806,1,2.274875607793356
2013-09-25,0.7159703578448813,0.6462669286377805,0.09735518858198661,1,2.264629543574108
2013-09-26,0.7163271793681201,0.6462669286377805,0.09780481984802036,1,2.275124958913736
2013-09-27,0.716987383793277,0.716987383793277,0.0,0,2.280202654456018
2013-09-30,0.7157377422226596,0.6452886454139493,0.09842864593103191,1,2.263382787972209
2013-10-01,0.7139857358884116,0.6452886454139493,0.09621633461484018,1,2.26554760906278
2013-10-02,0.7129714164317417,0.6452886454139493,0.09493055325629904,1,2.266227657572907
2013-10-04,0.7114038318168882,0.6452886454139493,0.0929362247516775,1,2.26340545625588
2013-10-07,0.7110797048755554,0.5741759254901696,0.1925294428271512,2,2.2605039159460043
2013-10-08,0.7118773747697345,0.5741759254901696,0.19343422639904248,2,2.26995659023677
2013-10-10,0.712608352642925,0.5741759254901696,0.19426158371472435,2,2.268415146947149
2013-10-11,0.713395442077189,0.5027769975698108,0.29523379613152817,3,2.295050380260459
2013-10-14,0.713319418435153,0.4312827210512098,0.39538626048154163,4,2.289802672590645
2013-10-15,0.7115961391306371,0.4312827210512098,0.39392206149669184,4,2.313253012048193
2013-10-16,0.7125974194666713,0.360209961542575,0.4945112742449073,5,2.3060558319826816
2013-10-17,0.7183671252750731,0.360209961542575,0.49857120562881346,5,2.312856317083952
2013-10-18,0.7169194299077937,0.360209961542575,0.4975586565021634,5,2.326219270307949
2013-10-21,0.7237929130650179,0.360209961542575,0.5023300794460562,5,2.3269106529599113
2013-10-22,0.7255153439630252,0.360209961542575,0.5035115872601964,5,2.3304355710707365
2013-10-23,0.7203357861743541,0.360209961542575,0.49994159882626216,5,2.307347924151923
2013-10-24,0.7242585357178097,0.360209961542575,0.5026500292667282,5,2.319747475319906
2013-10-25,0.7214604244048445,0.28739396996164435,0.6016497090623859,6,2.3058064808623016
2013-10-28,0.721681546088643,0.28739396996164435,0.6017717627404259,6,2.3213909258860466
2013-10-29,0.7276190047289985,0.3510762650423306,0.5174998690790261,5,2.3254938852304803
2013-10-30,0.7186251754753287,0.3510762650423306,0.5114612220339844,5,2.3343571841458024
2013-10-31,0.7117513419425162,0.3510762650423306,0.5067430936144482,5,2.3009327998730575
2013-11-01,0.7114026694494728,0.3510762650423306,0.5065013386665881,5,2.3115075542055337
2013-11-04,0.718458393019876,0.4212631486489232,0.4136568620512042,4,2.295356402090016
2013-11-05,0.7198818740035227,0.4212631486489232,0.4148162860301968,4,2.282616826666969
2013-11-06,0.7297817664914663,0.4212631486489232,0.42275462612034265,4,2.2823221389792474
2013-11-07,0.7323856696245308,0.45248119605212656,0.3821818000834202,4,2.271407360391708
2013-11-08,0.7338340150344453,0.5199908640526302,0.2914053404457923,3,2.2496798104931486
2013-11-11,0.7298678679781915,0.5199908640526302,0.2875547933175111,3,2.2410998651237124
2013-11-12,0.7299743645733885,0.5814404169707648,0.20347830665180944,2,2.261705334980562
2013-11-13,0.7288997506249801,0.5814404169707648,0.20230399794728893,2,2.2255267542418027
2013-11-14,0.7305467465325383,0.5814404169707648,0.2041023798538433,2,2.230060410975983
2013-11-15,0.7302813506238937,0.5083147679381278,0.3039466672620565,3,2.27322082308538
2013-11-18,0.7265594032175455,0.5083147679381278,0.3003809933680966,3,2.279080574414308
2013-11-19,0.7332713983318941,0.3630277578808687,0.5049203354900873,5,2.3026895918575527
2013-11-20,0.7293026717451432,0.3630277578808687,0.502226206011035,5,2.2863684276145033
2013-11-21,0.72711071047513,0.4404205372620074,0.3942868246649607,4,2.259778530868535
2013-11-22,0.7263004787257568,0.4404205372620074,0.3936111152856537,4,2.273889537453672
2013-11-25,0.7235522265721224,0.4404205372620074,0.39130788201906375,4,2.2849403257432366
2013-11-26,0.7282554467755518,0.4404205372620074,0.3952389381884775,4,2.2924888642056467
2013-11-27,0.7317938700618394,0.4404205372620074,0.39816312314178,4,2.2994820297181198
2013-11-28,0.733397274412414,0.4404205372620074,0.3994789009614671,4,2.3187047342710447
2013-11-29,0.732701445189675,0.4404205372620074,0.39890860028535163,4,2.317684661505854
2013-12-02,0.7306413990205759,0.36707078298221063,0.4976047299341802,5,2.3017148556597036
2013-12-03,0.7244543096235085,0.36707078298221063,0.49331410123990627,5,2.2774371238481677
2013-12-04,0.7231854190934561,0.43289862648742217,0.4014002286853639,4,2.2518672998673908
2013-12-05,0.7215984123403711,0.43289862648742217,0.40008373205340697,4,2.2495664690747943
2013-12-06,0.7218519908625887,0.43289862648742217,0.4002944759214101,4,2.2446247832345376
2013-12-09,0.7196551668955622,0.43289862648742217,0.3984638110015192,4,2.267259064479933
2013-12-10,0.7164869268706018,0.21710053357043116,0.6969930288628424,7,2.2594045041879656
2013-12-11,0.7125155309364986,0.14541429317518334,0.7959142125869773,8,2.2418592526266874
2013-12-12,0.7067448924999424,0.2219737632505385,0.6859209516670732,7,2.2304797742238947
2013-12-13,0.7101190935933099,0.2219737632505385,0.6874133293229482,7,2.2247900350224983
2013-12-16,0.7071693184385749,0.2913058797271345,0.5880677058072373,6,2.2227952260594592
2013-12-17,0.7132749771809871,0.2205951915701395,0.690729103603244,7,2.227997597161931
2013-12-18,0.7170055406504693,0.2205951915701395,0.6923382330211634,7,2.238073649253647
2013-12-19,0.717576642784398,0.2205951915701395,0.692583093682971,7,2.239229731720863
2013-12-20,0.7213235264112267,0.2205951915701395,0.6941799574073809,7,2.24795702093416
2013-12-23,0.7179606176969986,0.14815758507741283,0.7936410696833793,8,2.263303448979361
2013-12-24,0.7211580343232933,0.14815758507741283,0.7945560084948119,8,2.2686304956420225
2013-12-26,0.719597893029343,0.14815758507741283,0.7941105907721558,8,2.2660349771617043
2013-12-27,0.7230708661771199,0.14815758507741283,0.7950994957648856,8,2.2694125514286685
2013-12-30,0.7271736634885978,0.15210710480149114,0.7908242385020368,8,2.279681283931587
2014-01-02,0.7135145862741106,0.0058490247983503385,0.9918025154483621,10,2.2296410477280713
2014-01-03,0.7085754893538793,0.0058490247983503385,0.9917453752123379,10,2.2057826791644475
2014-01-06,0.7096776640960423,0.0058490247983503385,0.9917581951718875,10,2.2138752564349593
2014-01-07,0.7192686680983386,0.0058490247983503385,0.9918680945552453,10,2.220857087805597
2014-01-08,0.7226757906610294,0.0058490247983503385,0.9919064331835438,10,2.2203130489974954
2014-01-09,0.723018577014719,0.22993384642443299,0.6819807211955606,7,2.2057486767389407
2014-01-10,0.7186057323436602,0.301683914535582,0.5801815919952791,6,2.1971687313695045
2014-01-13,0.7137282778703165,0.301683914535582,0.577312649800324,6,2.2089335705947026
2014-01-14,0.7052673205023039,0.301683914535582,0.5722417503752798,6,2.205703340171599
2014-01-15,0.7132875491176259,0.36341899454412047,0.49050141840595873,5,2.2138752564349593
2014-01-16,0.7155461106767471,0.35444148298420286,0.5046559855534954,5,2.218454249736481
2014-01-17,0.709525760664598,0.35444148298420286,0.50045297488254,5,2.2039012116197623
2014-01-20,0.7134188478684356,0.2835950146410857,0.6024845495904466,6,2.2144419635267316
2014-01-21,0.7132045449478233,0.2835950146410857,0.6023651045832399,6,2.2259007809223728
2014-01-22,0.7147524792351965,0.36571518388928664,0.4883331019983152,5,2.2333019755409222
2014-01-23,0.711191221894155,0.36571518388928664,0.4857709535344697,5,2.2074261297305875
2014-01-24,0.7073126453199564,0.29473379974219893,0.5833047780322453,6,2.1994582280202657
2014-01-27,0.7023594822127881,0.29473379974219893,0.5803661697374141,6,2.1652064513935327
2014-01-28,0.704100378299445,0.36988500836650123,0.4746700615900055,5,2.172675650863095
2014-01-29,0.716508236770067,0.43260776388761574,0.3962277868042949,4,2.2001269423885574
2014-02-03,0.7110862037580739,0.28951287460756,0.5928582595506829,6,2.176109895839237
2014-02-04,0.7057841566221129,0.21894238581954464,0.6897884661120701,7,2.1385825522220583
2014-02-05,0.7054938315595819,0.21894238581954464,0.6896608077556889,7,2.143648913622505
2014-02-06,0.7127250100563677,0.21894238581954464,0.6928094528319849,7,2.1624295866438477
2014-02-07,0.72074766927439,0.21894238581954464,0.6962287980203058,7,2.1789887678654414
2014-02-10,0.7167304685655047,0.21894238581954464,0.6945261916132219,7,2.179895499212277
2014-02-11,0.7120900281839025,0.1476028819358103,0.7927187910322896,8,2.1898242074601324
2014-02-12,0.7139578973167975,0.1476028819358103,0.7932610837550328,8,2.1941085130739326
2014-02-13,0.7118916546534221,0.1476028819358103,0.792661030690591,8,2.1840437951240523
2014-02-14,0.7166860672955422,0.21460344677432744,0.7005614360773799,7,2.199140872048873
2014-02-17,0.7185444301499317,0.21460344677432744,0.7013358704491688,7,2.206032030284827
2014-02-18,0.7167098098117299,0.28591549721297954,0.601072158774992,6,2.2066554080857768
2014-02-19,0.7152391514024534,0.28591549721297954,0.600251892458136,6,2.2021444196352675
2014-02-20,0.7138273732367271,0.28591549721297954,0.599461287234552,6,2.18813542032665
2014-02-21,0.713634040346584,0.28591549721297954,0.5993527760053016,6,2.2190322909700892
2014-02-24,0.7176251819176701,0.3563047975396839,0.5034945727691017,5,2.2090809144385632
2014-02-25,0.7198122544906653,0.3563047975396839,0.5050031514234181,5,2.227000192680411
2014-02-26,0.7239376203615926,0.14083573105180341,0.805458747976851,8,2.233698670505163
2014-02-27,0.7252021234514321,0.21594160478060065,0.7022325255297428,7,2.242380623151118
2014-02-28,0.7350250507094573,0.3671653384576298,0.5004723470264909,5,2.2441487492774486
2014-03-03,0.7330865125768322,0.36898734172329284,0.49666603409973303,5,2.226807512269209
2014-03-04,0.7322559491509306,0.36898734172329284,0.49609512609471723,5,2.2148159902073012
2014-03-05,0.73318590662164,0.2955312316628384,0.596921832520511,6,2.234231375171429
2014-03-06,0.7424979402094887,0.2955312316628384,0.601977035007724,6,2.239195729295356
2014-03-07,0.7406733775679839,0.2955312316628384,0.6009965517685795,6,2.238130319962824
2014-03-10,0.7367425070868027,0.372543679105776,0.4943366569429079,5,2.2151673486042007
2014-03-11,0.7415123053252407,0.372543679105776,0.49758935026388856,5,2.2258781126387017
2014-03-12,0.730030395215645,0.29856233702411006,0.5910275257293675,6,2.1903682462682337
2014-03-13,0.7364719228001827,0.29856233702411006,0.5946045900990646,6,2.192453728365957
2014-03-14,0.7298478464835967,0.29856233702411006,0.5909252339887253,6,2.176041890988224
2014-03-17,0.7260886799880549,0.29856233702411006,0.5888073382041684,6,2.184689841208673
2014-03-18,0.7281868703514434,0.29856233702411006,0.5899921446262613,6,2.1990615330560246
2014-03-19,0.735335661692376,0.29856233702411006,0.5939781618411265,6,2.196193995171656
2014-03-20,0.7366392157816928,0.29856233702411006,0.5946966566159698,6,2.1756111935984768
2014-03-21,0.7388365830063157,0.29856233702411006,0.5959020656377569,6,2.1930884403087423
2014-03-24,0.740990682397943,0.29856233702411006,0.5970767998621478,6,2.2051139647961553
2014-03-25,0.7320910351331873,0.5127809626112467,0.29956666862071607,3,2.2002402838069117
2014-03-26,0.7321163766849603,0.5127809626112467,0.2995909134922912,3,2.2263768148794614
2014-03-27,0.7336575847064986,0.5127809626112467,0.301062275780348,3,2.2418592526266874
2014-03-28,0.7337968767533565,0.5903883662174194,0.1954335253789033,2,2.245293497602829
2014-03-31,0.7321039411746799,0.5903883662174194,0.19357302561419648,2,2.250518536988972
2014-04-01,0.7323620270617892,0.590854192436901,0.19322115210234578,2,2.257738385338154
2014-04-02,0.7319097037480622,0.5176393563597436,0.29275516677952773,3,2.263711478085437
2014-04-03,0.7249574475399085,0.2981748760849237,0.5887001684074576,6,2.259687857733852
2014-04-04,0.7228857095260824,0.2257365903075193,0.6877285201065736,7,2.253329404164164
2014-04-07,0.71755651122581,0.2257365903075193,0.6854093206932358,7,2.2551542009996717
2014-04-08,0.7130962016567806,0.29251825451061386,0.5897913159108293,6,2.2589284702308765
2014-04-09,0.7115481249389967,0.29251825451061386,0.5888988470938737,6,2.2656382821974637
2014-04-10,0.7198509532461572,0.2210336165988847,0.6929453026322507,7,2.276587063210509
2014-04-11,0.7231743932219026,0.07817048581650826,0.8919064522345137,9,2.2639268267803105
2014-04-14,0.7170947685265068,0.07817048581650826,0.8909900207790753,9,2.2634507928232215
2014-04-15,0.7182383704937552,0.07817048581650826,0.8911635899335624,9,2.258067075451382
2014-04-16,0.7137343895281629,0.006238285927845935,0.9912596534237759,10,2.2579990706003694
2014-04-17,0.7020701708822173,0.006238285927845935,0.9911144409966786,10,2.2578177243310025
2014-04-18,0.7090162679856193,0.006238285927845935,0.9912014911229478,10,2.2716793797957586
2014-04-21,0.7042504453186168,0.006238285927845935,0.991141949615632,10,2.2659443040270206
2014-04-22,0.7089718356245779,0.006238285927845935,0.9912009397067936,10,2.271611374944746
2014-04-23,0.7069915248212927,0.006238285927845935,0.9911762931961273,10,2.2672477303380973
2014-04-24,0.700248909037865,0.006238285927845935,0.9910913307434962,10,2.264946899545501
2014-04-25,0.6933820386265921,0.006238285927845935,0.9910031042335589,10,2.234707409128518
2014-04-28,0.6920301602512902,0.07895277048114441,0.8859113734978328,9,2.23198721508801
2014-04-29,0.6952691996460308,0.07791981614616232,0.8879285661067222,9,2.226898185403892
2014-04-30,0.6941534418775552,0.2839523181271532,0.5909372467287416,6,2.223520611136928
2014-05-02,0.6974724935390932,0.280979819621916,0.597145662051593,6,2.220857087805597
2014-05-07,0.6957523581253403,0.280979819621916,0.5961496697201316,6,2.198687506375455
2014-05-08,0.7018790034561825,0.280979819621916,0.5996748467494836,6,2.210837706423058
2014-05-09,0.7008840681278019,0.21086648812513387,0.6991421296129624,7,2.2175815208151515
2014-05-12,0.6971650190796017,0.2853317797848717,0.590725621659034,6,2.2270908658150947
2014-05-13,0.7030277357033767,0.4304078443333522,0.3877797098535085,4,2.247480986977071
2014-05-14,0.7065912728128324,0.36014577143348386,0.4903053783840291,5,2.279103242697979
2014-05-15,0.6976516070197238,0.36014577143348386,0.4837741821136493,5,2.2783891917623458
2014-05-16,0.6920584187735038,0.4272799722978152,0.38259551403903236,4,2.282061453717032
2014-05-19,0.6910180476482648,0.4272799722978152,0.38166597276008474,4,2.283988257829059
2014-05-20,0.6966207668535737,0.4272799722978152,0.38663905437716095,4,2.2795906107969035
2014-05-21,0.6988802584171223,0.4272799722978152,0.38862206057221915,4,2.2762697072391163
2014-05-22,0.7022706350764858,0.4272799722978152,0.39157363136609113,4,2.284498294211654
2014-05-23,0.703464764599426,0.4272799722978152,0.39260643347059276,4,2.2862890886216554
2014-05-26,0.7033252988217205,0.4272799722978152,0.3924859904604078,4,2.2785592038898774
2014-05-27,0.7003812373248901,0.4272799722978152,0.3899322975443868,4,2.2641421754751843
2014-05-28,0.6983344008617808,0.4272799722978152,0.3881441730916741,4,2.286164413061465
2014-05-29,0.7028838778909245,0.43175643183255863,0.38573575890218414,4,2.2807240249804486
2014-05-30,0.7002093500387339,0.3614337340178809,0.4838204688385163,5,2.2611159596051187
2014-06-02,0.6971776112705085,0.4314999749444559,0.38107597265192195,4,2.2690951954572762
2014-06-03,0.7006706638763552,0.4314999749444559,0.38416149385041026,4,2.2765303925013316
2014-06-05,0.6975127158472914,0.4314999749444559,0.381373321029282,4,2.261705334980562
2014-06-09,0.6971126070497726,0.4249988142811071,0.39034409938484593,4,2.2555395618220766
2014-06-10,0.6990194199702239,0.4249988142811071,0.39200714295003314,4,2.280202654456018
2014-06-11,0.7055241374266189,0.2849894880917102,0.5960599035899721,6,2.2834555531627925
2014-06-12,0.7043294104876701,0.2852970377725259,0.5949380594869816,6,2.2800326423284862
2014-06-13,0.7023022196143606,0.2852970377725259,0.5937688507816696,6,2.256457627310748
2014-06-16,0.6984952806890401,0.2852970377725259,0.5915548098033092,6,2.259563182173662
2014-06-17,0.6933168908796237,0.2852970377725259,0.588504129171634,6,2.268585159074681
2014-06-18,0.6956361299698444,0.2852970377725259,0.5898760494442785,6,2.254916184021127
2014-06-19,0.6986440554793948,0.21549670771209337,0.6915500732855673,7,2.2577950560473314
2014-06-20,0.7066969429776203,0.14543536424144798,0.7942040563686807,8,2.230638452209591
2014-06-23,0.7028594970019549,0.14543536424144798,0.7930804593780093,8,2.238402339366875
2014-06-24,0.6970475045749046,0.14543536424144798,0.7913551611806688,8,2.260424576953156
2014-06-25,0.6872574325580594,0.14543536424144798,0.788382988161919,8,2.2461662265241586
2014-06-26,0.689425298049891,0.14543536424144798,0.7890484079234885,8,2.2612179668816377
2014-06-27,0.6728860031852534,0.0680443642390589,0.8988768321573699,9,2.253805438121253
2014-06-30,0.6819469875830567,0.1394965736972924,0.795443669028155,8,2.2693332124358205
2014-07-01,0.69063185230093,0.1394965736972924,0.7980160149976556,8,2.2656949529066406
2014-07-02,0.6922709171346044,0.07038686254280266,0.8983246864765854,9,2.284146935814755
2014-07-03,0.7003375526607872,0.07038686254280266,0.8994958041656022,9,2.2792619206836755
2014-07-04,0.7222775124667964,0.147582188935307,0.7956710732537289,8,2.2777771481032314
2014-07-07,0.7287097839989096,0.147582188935307,0.7974746707455656,8,2.2726314477099367
2014-07-08,0.7337792521737471,0.28332257966219493,0.6138858126297788,6,2.274376905552596
2014-07-09,0.7390121684615408,0.3663495310453341,0.504271314222075,5,2.2673950741819584
2014-07-10,0.7362089202810251,0.3663495310453341,0.5023837378858552,5,2.270047263371454
2014-07-11,0.7434189851870371,0.3663495310453341,0.5072098798322132,5,2.2540661233834682
2014-07-14,0.7517169844474825,0.3663495310453341,0.5126496558879754,5,2.25989187228689
2014-07-15,0.7461403113406382,0.3663495310453341,0.5090071860785937,5,2.2812453955048793
2014-07-16,0.7405099451744189,0.44303268808148855,0.40171946242107914,4,2.2821067902843737
2014-07-17,0.7389392612963902,0.5147460957005009,0.3033986382081882,3,2.290516723526278
2014-07-18,0.7389776968444157,0.5147460957005009,0.3034348696874467,3,2.2888392705346314
2014-07-21,0.7350832094223683,0.5147460957005009,0.29974445191723165,3,2.28779652948577
2014-07-22,0.7339818260708895,0.5147460957005009,0.2986936768502689,3,2.2996180394201455
2014-07-23,0.7307805772856693,0.5147460957005009,0.2956215426353872,3,2.2989266567681828
2014-07-24,0.7211850887745266,0.5850209884805688,0.18880603941123425,2,2.296999852656156
2014-07-25,0.7232446102225418,0.5850209884805688,0.19111600665705844,2,2.305194437203187
2014-07-28,0.7119300252614169,0.5126798233720055,0.279873294873675,3,2.322150313389022
2014-07-29,0.7110752445967817,0.5699143437665843,0.19851752947783083,2,2.337066044044475
2014-07-30,0.7097529500596642,0.5699143437665843,0.19702433964004593,2,2.360459712792846
2014-07-31,0.7146192632864569,0.5699143437665843,0.20249232976786857,2,2.3531038547416383
2014-08-01,0.7146441024447087,0.49863767333823517,0.3022573451142217,3,2.349680943907332
2014-08-04,0.7160371266139735,0.49863767333823517,0.3036147780545766,3,2.3579775357308823
2014-08-05,0.7126289439515379,0.4269920347033849,0.4008213694833838,4,2.341928390891884
2014-08-06,0.7193153926362187,0.2844211856437233,0.6045946068228177,6,2.3356606104568796
2014-08-07,0.7100379321841168,0.2844211856437233,0.5994281815778099,6,2.328610774235229
2014-08-08,0.7015191948212953,0.2844211856437233,0.5945639296210895,6,2.3020775481984384
2014-08-11,0.6990141337992357,0.2844211856437233,0.593110966014584,6,2.311450883496356
2014-08-12,0.7010174982266949,0.21471337284123138,0.6937118211965125,7,2.3138310532818007
2014-08-13,0.7189279750521376,0.14464966347723057,0.7987981153929358,8,2.337508075576058
2014-08-14,0.723804235645154,0.14464966347723057,0.8001536101148968,8,2.3384828117739063
2014-08-18,0.718175110186471,0.07224824607285184,0.8994002367276513,9,2.3270466626619366
2014-08-19,0.7249632223003942,0.07224824607285184,0.9003421913685502,9,2.3474594521075836
2014-08-20,0.7353211598111714,0.07224824607285184,0.9017459988620414,9,2.3493182513685977
2014-08-21,0.735519960250899,0.15369795009685827,0.7910349706289016,8,2.3169366081447142
2014-08-22,0.7493544646797495,0.15369795009685827,0.7948928613342633,8,2.3310929512971925
2014-08-25,0.7578702822286267,0.2407318402169238,0.6823574616106899,7,2.3358419567262465
2014-08-26,0.7626630637225211,0.2407318402169238,0.6843536134529401,7,2.34395720228043
2014-08-27,0.7612225807863893,0.2407318402169238,0.6837563069027287,7,2.3517550918632195
2014-08-28,0.7529035876695386,0.164636454601079,0.7813312922167392,8,2.3526958256355623
2014-08-29,0.7494594790575557,0.24176543191047467,0.6774136045160247,7,2.3445125752303664
2014-09-01,0.7505840488236595,0.24176543191047467,0.6778969226839052,7,2.343741853585556
2014-09-02,0.7598067038811482,0.33163855620405774,0.5635224662930404,6,2.325289870677442
2014-09-03,0.755540858974467,0.4672529204375657,0.3815649876675217,4,2.3248591732876944
2014-09-04,0.7570741602567758,0.3914754429836143,0.48291004562771217,5,2.330594249056433
2014-09-05,0.7632475477188716,0.3914754429836143,0.4870924326535705,5,2.3228303618991486
2014-09-11,0.7589951551831381,0.3914754429836143,0.48421878544250374,5,2.305545795600086
2014-09-12,0.7472796819400935,0.39036699084939125,0.47761594449361,5,2.3142730848133835
2014-09-15,0.7393903306350709,0.45648688256896897,0.3826171865449105,4,2.307427263144771
2014-09-16,0.7436520282724881,0.45648688256896897,0.38615526454033483,4,2.315474503847941
2014-09-17,0.7492135647682923,0.4565873417142486,0.3905778496476416,4,2.3377914291219444
2014-09-18,0.7519405915808677,0.3068783546245641,0.5918848402911884,6,2.3209375602126285
2014-09-19,0.7570193785261429,0.23143211807951317,0.6942850808785196,7,2.327828718448583
2014-09-22,0.7559399183298884,0.07975297777252464,0.8944982586066835,9,2.3113375420780016
2014-09-23,0.7575549760516326,0.07975297777252464,0.8947231814274441,9,2.2995953711364745
2014-09-24,0.7639962781123822,0.004085054159512699,0.9946530444237167,10,2.307223248591733
2014-09-25,0.7729544592918512,0.004085054159512699,0.9947150131415825,10,2.305489124890909
2014-09-26,0.7707732426458576,0.004085054159512699,0.9947000571199257,10,2.3026895918575527
2014-09-29,0.7691469969029298,0.07338999631779278,0.9045826134493054,9,2.2969771843724853
2014-09-30,0.7705189729990554,0.07338999631779278,0.9047525124110309,9,2.289598658037607
2014-10-01,0.7662621444556056,0.07338999631779278,0.9042233824953821,9,2.2572396830973944
2014-10-02,0.7770992655588527,0.07338999631779278,0.9055590455808574,9,2.239807772954471
2014-10-06,0.7655734566146467,0.07338999631779278,0.9041372246076528,9,2.231001144748326
2014-10-07,0.763601427400343,0.1554076909507074,0.7964806175391945,8,2.2361241768579494
2014-10-08,0.7641314855741048,0.1554076909507074,0.7966217936511973,8,2.227442224211994
2014-10-10,0.7547766978614819,0.1554076909507074,0.7941011011720077,8,2.1998662571263417
2014-10-13,0.7417964932414389,0.16209330449997045,0.7814854802134895,8,2.1843271486699387
2014-10-14,0.7384529173561809,0.16209330449997045,0.7804960875768505,8,2.1866393136043705
2014-10-15,0.7408952907667303,0.16209330449997045,0.7812196858044205,8,2.18285371023133
2014-10-16,0.746875842835893,0.23487236455580124,0.685526896058133,7,2.1748291378118307
2014-10-17,0.7434348456703728,0.3042099572348107,0.5908048176562165,6,2.1542350020968164
2014-10-20,0.7434388972833652,0.376469605732228,0.49361056152980004,5,2.187557379093042
2014-10-21,0.7451995331036495,0.43602377167651274,0.4148899022245276,4,2.1708055174602454
2014-10-22,0.7553591756481353,0.3611012107512941,0.5219476741757304,5,2.1953892711013387
2014-10-23,0.7576520331245273,0.3679476967021299,0.5143579366048449,5,2.189359507644879
2014-10-24,0.7468501312415022,0.21608850428359458,0.7106668456703799,7,2.18260435911095
2014-10-27,0.7483913704443498,0.21608850428359458,0.7112626991472466,7,2.1897222001836134
2014-10-28,0.7423593379024069,0.14101553333331968,0.8100441038004994,8,2.1825930249691146
2014-10-29,0.7263546404789512,0.06652127847266197,0.9084176313256587,9,2.22281789434313
2014-10-30,0.7168357731238267,0.06652127847266197,0.9072015083974178,9,2.220279046571989
2014-10-31,0.7090701731620765,0.06652127847266197,0.9061851971913973,9,2.226512824581487
2014-11-03,0.7019116460815548,0.06652127847266197,0.905228416077694,9,2.2135238980380603
2014-11-04,0.6944927202404885,0.06652127847266197,0.9042160176284828,9,2.1933717938546287
2014-11-05,0.7014602339594447,0.06652127847266197,0.9051674275287458,9,2.189110156524499
2014-11-06,0.6775467584657907,0.06652127847266197,0.9018203870928553,9,2.1948338981514017
2014-11-07,0.6747139526289259,0.13657994815037205,0.7975735530320546,8,2.198676172233619
2014-11-10,0.6606142519871132,0.13657994815037205,0.7932531008231468,8,2.2194856566435073
2014-11-11,0.6698693261469613,0.13657994815037205,0.7961095652252511,8,2.2248920422990173
2014-11-12,0.670615805498519,0.13657994815037205,0.7963365208059152,8,2.229731720862755
2014-11-13,0.6632028225004468,0.1366267207059566,0.7939895367289928,8,2.22206984098199
2014-11-14,0.651642025220507,0.004074725780706473,0.9937469874210038,10,2.204649264980902
2014-11-17,0.6402363836259984,0.06826026492408348,0.8933827150879972,9,2.2029378095637493
2014-11-18,0.6482148186582528,0.1429748491363207,0.7794329209685982,8,2.2294370331750333
2014-11-19,0.6549756014356207,0.2049717753243569,0.6870543347338655,7,2.229278355189337
2014-11-20,0.6418155201543662,0.19165735154065638,0.7013824915069677,7,2.2192703079486336
2014-11-21,0.6403925969480087,0.19165735154065638,0.7007189769930829,7,2.2269775243967405
2014-11-24,0.639630184015156,0.25105950025512724,0.6074927254383943,6,2.242505298711308
2014-11-25,0.6392361599407002,0.18675167593801717,0.7078518274758714,7,2.2443981003978286
2014-11-26,0.640229858481226,0.12270533871652053,0.808341743061459,8,2.245112151333462
2014-11-27,0.6291890904993106,0.12270533871652053,0.8049785977389654,8,2.246528919062893
2014-11-28,0.6389678618308942,0.12270533871652053,0.8079632074688052,8,2.2450441464824493
2014-12-01,0.6376358918249276,0.12270533871652053,0.8075620580809288,8,2.2274082217864875
2014-12-02,0.645516942030543,0.12270533871652053,0.8099115131966363,8,2.22809960443845
2014-12-03,0.6429064221984692,0.058063100413814614,0.9096865447147607,9,2.232723934307314
2014-12-04,0.6496671768295477,0.058063100413814614,0.9106263907356851,9,2.251651951172517
2014-12-05,0.6460102629737468,0.058063100413814614,0.9101204675192998,9,2.2516632853143523
2014-12-08,0.6440047116177414,0.058063100413814614,0.9098405658120732,9,2.242969998526562
2014-12-09,0.6348447422989223,0.058063100413814614,0.9085396845163206,9,2.233902685058201
2014-12-10,0.6273906532382066,0.12253438000768647,0.8046920537065081,8,2.205125298937991
2014-12-11,0.6218482122657032,0.26367909097683406,0.5759751563550861,6,2.1722902900406895
2014-12-12,0.6258907076054967,0.26367909097683406,0.5787138428918284,6,2.1780933706604406
2014-12-15,0.6240537731114849,0.26367909097683406,0.5774737653421274,6,2.1765632615126544
2014-12-16,0.6188132600987919,0.26367909097683406,0.5738955384783797,6,2.158167949313718
2014-12-17,0.6249131386923508,0.389232302562165,0.37714175224952845,4,2.153668295005044
2014-12-18,0.6202101758190901,0.2636262758106589,0.5749404216683532,6,2.150653413276814
2014-12-19,0.6192141653628258,0.2636262758106589,0.5742567102672977,6,2.1874667059583586
2014-12-22,0.6151104507463989,0.3731943049060373,0.3932889541167951,4,2.202359768330141
2014-12-23,0.6140176933612481,0.43386052747910947,0.2934071246317423,3,2.1977127701776062
2014-12-24,0.6167336377229787,0.3724304405214144,0.39612432703289524,4,2.206315383830713
2014-12-26,0.6163228222574584,0.3724304405214144,0.395721808325576,4,2.208072175815208
2014-12-29,0.6132825919643992,0.31094855470324606,0.49297671452364256,5,2.1850638678892427
2014-12-30,0.6127475411309583,0.249737559589157,0.592429927783615,6,2.1711568758571445
2015-01-02,0.6185046294489004,0.24797015676459436,0.5990811629242928,6,2.183454419748609
2015-01-05,0.6256819134789432,0.24797015676459436,0.6036801585236496,6,2.171338222126512
2015-01-06,0.6247413274396986,0.24797015676459436,0.6030834749146174,6,2.1335955298144604
2015-01-07,0.620025391384504,0.24797015676459436,0.6000645131469825,6,2.1351596413877525
2015-01-08,0.6208318582753715,0.24797015676459436,0.6005840334073085,6,2.1587573246891614
2015-01-09,0.6209971933021706,0.1858422600974998,0.7007357487249207,7,2.1814822790692405
2015-01-12,0.6227100002336285,0.1858422600974998,0.7015588957495857,7,2.177231975880946
2015-01-13,0.6171100177380779,0.1858422600974998,0.6988506834183699,7,2.1729136678416396
2015-01-14,0.6269638195331205,0.1858422600974998,0.7035837566577757,7,2.1689693864829027
2015-01-15,0.6280400311731497,0.1858422600974998,0.7040916965908127,7,2.1695134252910044
2015-01-16,0.6315359584782565,0.1858422600974998,0.7057297251207932,7,2.1400333223769965
2015-01-19,0.6281175997977335,0.31210336833921376,0.5031131615485422,5,2.1564564938965645
2015-01-20,0.6324665440846198,0.31210336833921376,0.5065298374146785,5,2.174239762436387
2015-01-21,0.6322294123643557,0.31210336833921376,0.5063447504410826,5,2.177549331852339
2015-01-22,0.6303310820818537,0.31210336833921376,0.5048580385590368,5,2.177084632037085
2015-01-23,0.6302407429110373,0.3708229014976232,0.4116170595623214,4,2.194391866619819
2015-01-26,0.6310048213770203,0.3708229014976232,0.4123295275487927,4,2.1939271668045657
2015-01-27,0.6304694602726657,0.4311530391143111,0.3161396922733643,3,2.2128778519534396
2015-01-28,0.6321162985315956,0.43801827128118265,0.3070606274530527,3,2.223282594158383
2015-01-29,0.6351058965900388,0.502405987248612,0.2089413908041302,2,2.211313740380147
2015-01-30,0.6378512600294859,0.31165775412285424,0.5113943114129033,5,2.209318931417108
2015-02-02,0.6338907455015881,0.31165775412285424,0.5083415299331365,5,2.2131952079248323
2015-02-03,0.6376400681376337,0.31165775412285424,0.5112324809933628,5,2.2123791497126795
2015-02-04,0.6380268959981769,0.31165775412285424,0.5115288147292386,5,2.224654025320473
2015-02-05,0.6410629960739395,0.37912037030114165,0.4086066851105311,4,2.213376554194199
2015-02-06,0.6430107169159194,0.37912037030114165,0.4103980535199761,4,2.2164141042061
2015-02-09,0.63708642644905,0.37912037030114165,0.40491532300529837,4,2.2067574153622957
2015-02-10,0.6374865204728333,0.37912037030114165,0.4052888051343542,4,2.1941311813576037
2015-02-11,0.6426201704330788,0.37912037030114165,0.41003972837385055,4,2.2052839769236874
2015-02-12,0.642617831011554,0.37912037030114165,0.4100375806498197,4,2.2006709811966587
2015-02-13,0.6407202998433084,0.37912037030114165,0.4082903719550363,4,2.2186582642895196
2015-02-16,0.6377419624726914,0.3151462861051167,0.5058404422954816,5,2.2194856566435073
2015-02-17,0.6370658459387649,0.3151462861051167,0.505315991880361,5,2.2231352503145225
2015-02-23,0.6452038934406212,0.3151462861051167,0.5115555108873194,5,2.231001144748326
2015-02-24,0.6469752142725911,0.3151462861051167,0.5128927984367332,5,2.239762436387129
2015-02-25,0.6531274547815868,0.3151462861051167,0.517481184112058,5,2.256026929921001
2015-02-26,0.6535981006950997,0.3151462861051167,0.5178286384707061,5,2.258985140940054
2015-02-27,0.6558837982709934,0.38711358698321097,0.40978327562946426,4,2.2507338856838457
2015-03-02,0.6521098750527708,0.38711358698321097,0.40636754358016053,4,2.263212775844677
2015-03-03,0.6479592438598664,0.5799187714099224,0.105007333554854,1,2.268392478663478
2015-03-04,0.6481649554821914,0.5799187714099224,0.10529138222460427,1,2.2648902288363235
2015-03-05,0.6483720204704528,0.5799187714099224,0.10557711761044432,1,2.264992236112843
2015-03-06,0.64754646724928,0.5799187714099224,0.10443682308488841,1,2.2814947466252593
2015-03-09,0.64754646724928,0.5799187714099224,0.10443682308488841,1,2.258690453252332
2015-03-10,0.6447260526379287,0.5799187714099224,0.10051909793755674,1,2.2495664690747943
2015-03-11,0.6447964276666189,0.5799187714099224,0.10061726999864887,1,2.2451008171916262
2015-03-12,0.6462728740026409,0.5154530683124049,0.20242193499475494,2,2.2334946559521245
2015-03-13,0.6482592235206344,0.4508076126842851,0.304587429954345,3,2.25072255154201
2015-03-16,0.6551328970676987,0.3858124075448258,0.411092910657244,4,2.2524680093846694
2015-03-17,0.6520686583901514,0.3858124075448258,0.4083254844707117,4,2.3007287853200196
2015-03-18,0.6445121161497334,0.38612280732181503,0.4009068291400269,4,2.299074000612044
2015-03-19,0.6456055045182763,0.38612280732181503,0.40192144487689324,4,2.3097734305047095
2015-03-20,0.6454413728478297,0.38612280732181503,0.4017693572722862,4,2.309036711285405
2015-03-23,0.6501136371805738,0.25747893619009476,0.6039478001004029,6,2.3082999920661007
2015-03-24,0.6507312101812871,0.25747893619009476,0.6043236713383338,6,2.3137177118634464
2015-03-25,0.6500468348056951,0.19226865174565538,0.7042233859916783,7,2.315349828287751
2015-03-26,0.6482223525099885,0.19226865174565538,0.7033908951131198,7,2.292398191070963
2015-03-27,0.6470759842222372,0.19226865174565538,0.7028654185385113,7,2.289269967924379
2015-03-30,0.6585558588787277,0.19226865174565538,0.708045036493918,7,2.3008761291638806
2015-03-31,0.6714215744555441,0.19226865174565538,0.713639449400228,7,2.313332351041041
2015-04-01,0.67702578738014,0.19226865174565538,0.7160098546767771,7,2.299074000612044
2015-04-02,0.680470936416838,0.19226865174565538,0.7174476653505788,7,2.2997767174058414
2015-04-03,0.6905507557635094,0.19226865174565538,0.7215720203896193,7,2.318308039306804
2015-04-06,0.6977052410290321,0.19226865174565538,0.7244271069799018,7,2.3194527876321844
2015-04-07,0.6898812706502429,0.19226865174565538,0.7213018240596185,7,2.3201328361423115
2015-04-08,0.6873326567107005,0.26022173297770607,0.6214035075489891,6,2.3339944916070685
2015-04-09,0.6868347324105173,0.3255520059409654,0.5260111485649436,5,2.3335524600754853
2015-04-10,0.6831879901923718,0.3844973158684846,0.43720129541472463,4,2.3662967958381036
2015-04-13,0.6884078077155822,0.3844973158684846,0.44146868824105373,4,2.3789456981264667
2015-04-14,0.6787228282561195,0.4665089460193635,0.31266648682203446,3,2.3934533996758436
2015-04-15,0.6770330484825064,0.4665089460193635,0.31095099852955355,3,2.402792732548255
2015-04-16,0.6755144152772032,0.4665089460193635,0.3094019380357303,3,2.4253930113681443
2015-04-17,0.6721543166055163,0.608437667751724,0.09479467330593246,1,2.4294733024289066
2015-04-20,0.6705506836745685,0.608437667751724,0.09262985995699785,1,2.4331115619580865
2015-04-21,0.6720268833078087,0.6720268833078087,0.0,0,2.4309354067256796
2015-04-22,0.6720268833078087,0.6720268833078087,0.0,0,2.4299153339604893
2015-04-23,0.6720268833078087,0.6720268833078087,0.0,0,2.46337372065874
2015-04-24,0.6720268833078087,0.6720268833078087,0.0,0,2.447947953620692
2015-04-27,0.6720268833078087,0.6720268833078087,0.0,0,2.4453864375658796
2015-04-28,0.6748762226834804,0.6048241949770278,0.10379981595426159,1,2.43419963957429
2015-04-29,0.6707520018406419,0.5373007709909422,0.19895763334807795,2,2.4284872320892226
2015-04-30,0.6714632276632562,0.5373007709909422,0.19980611170504403,2,2.4109646488116154
2015-05-04,0.6650966199955737,0.5373007709909422,0.19214629147488665,2,2.4166997245803534
2015-05-06,0.662719455877344,0.5373007709909422,0.18924853310721926,2,2.3853608224053318
2015-05-07,0.6621299733799232,0.5373007709909422,0.18852673554676153,2,2.3699690577927894
2015-05-08,0.6633137469069015,0.5373007709909422,0.18997491986796658,2,2.3637579480669624
2015-05-11,0.6695706325797319,0.5373007709909422,0.19754429951501665,2,2.3772002402838073
2015-05-12,0.6730963380052113,0.3364646616549397,0.500124064480745,5,2.3765088576318445
2015-05-13,0.6722766716427231,0.3364646616549397,0.4995145959285174,5,2.3962189302836934
2015-05-14,0.6761548513420514,0.3364646616549397,0.5023851992082656,5,2.403212095796167
2015-05-15,0.6710583462347084,0.3364646616549397,0.4986059505215387,5,2.387536977637738
2015-05-18,0.6773683514116142,0.3364646616549397,0.5032766722068457,5,2.3957202280429337
2015-05-19,0.6841516293062342,0.3364646616549397,0.5082016219180351,5,2.4038014711716102
2015-05-20,0.6906510301000988,0.26802942832320004,0.6119177172813982,6,2.424984982262068
2015-05-21,0.7026584387959434,0.26802942832320004,0.6185494779191891,6,2.4060229629713588
2015-05-22,0.7062013690524468,0.26802942832320004,0.6204631708901508,6,2.4324201793061238
2015-05-26,0.694726499465069,0.26802942832320004,0.614194321751683,6,2.4294733024289066
2015-05-27,0.6898760971179003,0.26802942832320004,0.6114817871746127,6,2.3886703918212833
2015-05-28,0.7014650140114245,0.3518760965520448,0.49836971263927654,5,2.392512665903501
2015-05-29,0.6936556154698441,0.41646820331022577,0.39960378893763704,4,2.396944315361163
2015-06-01,0.7019847200202426,0.34706447686197717,0.5055953969311908,5,2.382855977059697
2015-06-02,0.6968060935208669,0.34706447686197717,0.5019210077393161,5,2.355960058484172
2015-06-03,0.6927211837631049,0.2771566152416721,0.5999016317993049,6,2.3384148069228936
2015-06-04,0.6929604794699897,0.20815663898849807,0.6996125390185216,7,2.3494089245032814
2015-06-05,0.6912712354372907,0.20815663898849807,0.6988784889091755,7,2.3440138729896067
2015-06-08,0.689630926773666,0.20815663898849807,0.6981622620053781,7,2.3407156377154905
2015-06-09,0.6915410773907973,0.35340914680073215,0.4889542236100361,5,2.3394008772625785
2015-06-10,0.6787661817472022,0.21490347014834785,0.6833910175147974,7,2.32499518298972
2015-06-11,0.6834296604018886,0.21490347014834785,0.6855514435502045,7,2.3309909440206735
2015-06-12,0.6907430091046097,0.21490347014834785,0.6888807163941897,7,2.3259585850457336
2015-06-15,0.6873241301026338,0.14610886055423256,0.7874236416922901,8,2.314794455337814
2015-06-16,0.7067463518542589,0.14610886055423256,0.7932654902697506,8,2.299380022441601
2015-06-17,0.7139456411034,0.22691634545163214,0.682165794722223,7,2.3063391855285675
2015-06-18,0.7182279321107812,0.22691634545163214,0.6840608178732988,7,2.3142957530970545
2015-06-19,0.7239878282536174,0.15499854146631534,0.7859100175203244,8,2.3200534971494635
2015-06-22,0.7213571414632165,0.15499854146631534,0.7851292618356659,8,2.329347493454533
2015-06-23,0.7218910993219809,0.15499854146631534,0.7852881942831903,8,2.3588615987940473
2015-06-24,0.7341073334311967,0.15499854146631534,0.7888611999803128,8,2.3637692822087977
2015-06-25,0.7651747759805818,0.15499854146631534,0.7974338068480072,8,2.3632365775425312
2015-06-26,0.7679301259014831,0.22066290435960245,0.7126523665150349,7,2.369130331296966
2015-06-29,0.7691055102647082,0.22066290435960245,0.713091505112666,7,2.3353885910528285
2015-06-30,0.7894541918514608,0.3141987446583397,0.6020050968106614,6,2.3509276995092314
2015-07-01,0.7940485014200662,0.4010021673274144,0.49499033546405885,5,2.377778281517415
2015-07-02,0.7933002307601629,0.3215021587034503,0.5947282677639237,6,2.3884777114100806
2015-07-03,0.8009066765362313,0.2420723544408353,0.6977521082883812,7,2.3851681419941286
2015-07-06,0.7953184683854668,0.3192250866462524,0.5986197990670403,6,2.3279533940087727
2015-07-07,0.7778435145473561,0.4599074415084054,0.40874040484089463,4,2.3124936245452177
2015-07-08,0.7684892235725378,0.4599074415084054,0.40154340828567947,4,2.285201011005452
2015-07-09,0.777212432244671,0.4599074415084054,0.40826031284632897,4,2.2983486155345747
2015-07-10,0.7848098671258861,0.5368206073699523,0.315986419314674,3,2.3021568871912863
2015-07-13,0.7962377118583004,0.5368206073699523,0.3258035893362889,3,2.33655600766188
2015-07-14,0.7977371272004616,0.45682054964490215,0.42735453313042465,4,2.3339604891815617
2015-07-15,0.8126476021711615,0.45682054964490215,0.43786144397102933,4,2.3494655952124583
2015-07-16,0.8083232314210007,0.45183965439450097,0.4410161222260253,4,2.3664441396819638
2015-07-17,0.8088602010809696,0.45183965439450097,0.441387209074377,4,2.3538632422446133
2015-07-20,0.8123288864623632,0.45183965439450097,0.4437725139109212,4,2.3499189608858764
2015-07-21,0.8154577700242504,0.45183965439450097,0.44590673974317024,4,2.3616044611182265
2015-07-22,0.8034341124648103,0.45183965439450097,0.43761455060910026,4,2.34019426719106
2015-07-23,0.8046135928631148,0.45183965439450097,0.43843894957492935,4,2.340579628013465
2015-07-24,0.8040100170808218,0.45183965439450097,0.438017381879111,4,2.3189200829659184
2015-07-27,0.7928170226959124,0.45183965439450097,0.430083308683187,4,2.310816171553571
2015-07-28,0.7808253581106541,0.45183965439450097,0.4213307115334888,4,2.311144861666799
2015-07-29,0.7825948298355975,0.5554888448078589,0.2901961223989271,3,2.309467408675152
2015-07-30,0.7847354350439576,0.6346015640235173,0.19131781784778257,2,2.288397239003049
2015-07-31,0.7873522922752917,0.5560679748395726,0.2937494685731509,3,2.301012138865906
2015-08-03,0.784752896743372,0.5560679748395726,0.29141010227909153,3,2.2764510535084836
2015-08-04,0.7907527203448974,0.4778095590551305,0.39575350579037216,4,2.298552630087613
2015-08-05,0.7918830146894216,0.39886858807746817,0.49630364501010876,5,2.300558773192488
2015-08-06,0.7910721665284542,0.08122143694127712,0.8973273989682765,9,2.2818914415895
2015-08-07,0.7861700066732049,0.08122143694127712,0.8966871843852481,9,2.278423194187852
2015-08-10,0.7652924948587492,0.08672825345668536,0.8866730641691543,9,2.270421290052024
2015-08-11,0.7257337232464797,0.009450476048299433,0.9869780392648368,10,2.251697287739859
2015-08-12,0.7057087918293401,0.08494300791294437,0.8796344768601296,9,2.239025717167825
2015-08-13,0.7287577041055063,0.08494300791294437,0.8834413585826782,9,2.24808169649435
2015-08-17,0.7170649178483212,0.08494300791294437,0.8815407004322137,9,2.2311484885921864
2015-08-18,0.6764237716274553,0.08494300791294437,0.8744233844582752,9,2.2172528307019235
2015-08-19,0.6661531264404307,0.08494300791294437,0.8724872637514518,9,2.1981207992836826
2015-08-20,0.6646047621129311,0.08494300791294437,0.8721901906888373,9,2.1699781251062578
2015-08-21,0.6524213214228897,0.08494300791294437,0.8698034458351406,9,2.1263643473234426
2015-08-24,0.6469008860987295,0.08494300791294437,0.8686923920831042,9,2.0739326071926465
2015-08-25,0.6565519795330993,0.08494300791294437,0.8706225697874663,9,2.092996633759875
2015-08-26,0.6843603264672053,0.08494300791294437,0.8758797016311043,9,2.146788470910925
2015-08-27,0.6948517661463369,0.015270943602906747,0.9780227318301288,10,2.1625542622040372
2015-08-28,0.6963567181601705,0.07961734446395925,0.8856658629296855,9,2.1961826610298205
2015-08-31,0.7046393100658893,0.07961734446395925,0.8870097888002949,9,2.2005123032109624
2015-09-01,0.6859316112922703,0.1619439676777424,0.7639065396437323,8,2.1696154325675234
2015-09-02,0.685343573646862,0.2309480403300369,0.6630185950367753,7,2.1707375126092328
2015-09-03,0.6845522469411036,0.4887996720596257,0.2859570993392995,3,2.171088871006132
2015-09-04,0.675748620356583,0.4887996720596257,0.27665457636940044,3,2.137664486733387
2015-09-07,0.6755232107253175,0.5585920420931794,0.1730971886318869,2,2.13446825873579
2015-09-08,0.671898738382251,0.606913565232997,0.09671870095443347,1,2.129322558342495
2015-09-09,0.6737747162624657,0.606913565232997,0.09923368956371358,1,2.192249713812919
2015-09-10,0.6749766414844214,0.606913565232997,0.10083767654794516,1,2.2238833036756622
2015-09-11,0.6737747162624657,0.606913565232997,0.09923368956371358,1,2.200376293508937
2015-09-14,0.6694107471654172,0.5395096999785656,0.19405282591728687,2,2.1891441589500054
2015-09-15,0.6743394757461467,0.5395096999785656,0.1999434715258128,2,2.19605798546963
2015-09-16,0.6728301316811802,0.5395096999785656,0.19814872346678486,2,2.239003048884154
2015-09-17,0.6700699273237278,0.5395096999785656,0.19484567508740822,2,2.2401817996350406
2015-09-18,0.6731920089626533,0.5395096999785656,0.19857976209504305,2,2.2622380396468285
2015-09-21,0.6717255445602257,0.5395096999785656,0.19683015727535125,2,2.226796178127373
2015-09-22,0.6741367492863444,0.5395096999785656,0.1997028784594489,2,2.2464949166373867
2015-09-23,0.6713237025925863,0.6055684765900988,0.0979486136844971,1,2.2040825578891297
2015-09-24,0.674243753747302,0.6055684765900988,0.1018552664010912,1,2.2068707567806505
2015-09-25,0.673811153576233,0.6055684765900988,0.10127863960686637,1,2.202053746500584
2015-09-30,0.6727296531485605,0.6055684765900988,0.09983382811227193,1,2.224676693604144
2015-10-01,0.6830039072114492,0.6055684765900988,0.11337479889024611,1,2.243389361774473
2015-10-02,0.6844230941386854,0.5372680858689539,0.21500590720849244,2,2.232463249045099
2015-10-05,0.6833709949205029,0.5372680858689539,0.21379735185943224,2,2.24217660859808
2015-10-06,0.6814960485712336,0.5372680858689539,0.2116343344978386,2,2.2562309444740394
2015-10-07,0.684663549624158,0.5372680858689539,0.2152815990220538,2,2.273447505922089
2015-10-08,0.6819257344036627,0.5372680858689539,0.21213108882187942,2,2.2889639460948215
2015-10-12,0.6788402524122921,0.5372680858689539,0.20855004699596771,2,2.2913441158802663
2015-10-13,0.6778918672731443,0.5372680858689539,0.20744279167982496,2,2.2884199072867197
2015-10-14,0.6742862987387993,0.6142248444010164,0.08907411354809254,1,2.2776524725430414
2015-10-15,0.6753542642971827,0.6142248444010164,0.09051459823057688,1,2.304537056976731
2015-10-16,0.6738683991724753,0.6142248444010164,0.08850920275338989,1,2.3011254802842602
2015-10-19,0.6725914838309299,0.6142248444010164,0.08677873691987623,1,2.301136814426096
2015-10-20,0.6753415090482694,0.5469030110829749,0.19018303516734447,2,2.3114395493545206
2015-10-21,0.676209364917267,0.5469030110829749,0.19122236476289042,2,2.315542508698954
2015-10-22,0.6762624054799237,0.5469030110829749,0.19128579875018517,2,2.292896893311723
2015-10-23,0.6776785295056205,0.5469030110829749,0.1929757439977459,2,2.3126183001054077
2015-10-26,0.6754685739998898,0.5469030110829749,0.19033537290357475,2,2.321322921035034
2015-10-27,0.6759914838690388,0.5469030110829749,0.19096168497157065,2,2.3174353103854743
2015-10-28,0.6753381142382247,0.5469030110829749,0.19017896435494885,2,2.315009804032688
2015-10-29,0.6741917498296344,0.5469030110829749,0.18880198219397504,2,2.305545795600086
2015-10-30,0.6683360117100223,0.5376313604112354,0.19556727306128932,2,2.30023008307926
2015-11-02,0.6654049679390476,0.5376313604112354,0.19202382561639747,2,2.306769882918315
2015-11-03,0.6685797031312822,0.5376313604112354,0.19586048171482384,2,2.3216856135737687
2015-11-04,0.6680519508253714,0.5376313604112354,0.1952252220100588,2,2.32663863355586
2015-11-05,0.6707393031750863,0.5376313604112354,0.19844959455000818,2,2.3228303618991486
2015-11-06,0.6696053085417678,0.5376313604112354,0.1970921473396598,2,2.3133776876083827
2015-11-09,0.6672887284549702,0.5376313604112354,0.19430474772733153,2,2.295957111607295
2015-11-10,0.6632670457398101,0.5376313604112354,0.18941945953072384,2,2.262963424724297
2015-11-11,0.6642709733057292,0.5376313604112354,0.1906445080149666,2,2.263734146369108
2015-11-12,0.6635972842416622,0.47121211208281216,0.28991253690662966,3,2.259302496911446
2015-11-13,0.6641950481613066,0.4050704974855433,0.39013321673068574,4,2.2365548742476964
2015-11-16,0.6656213561807673,0.40069091336713875,0.3980197455408562,4,2.2022464269117865
2015-11-17,0.6695703079339723,0.33367958396254416,0.5016511634272633,5,2.2255494225254733
2015-11-18,0.6638373843946149,0.19966226132799078,0.6992301638599755,7,2.224756032596992
2015-11-19,0.674725009388175,0.13334281142633797,0.8023745828730283,8,2.254258803794671
2015-11-20,0.6761270789575169,0.13334281142633797,0.8027843942710712,8,2.2553355472690386
2015-11-23,0.6752032305731639,0.06565745781333372,0.902758969684433,9,2.2710219995693026
2015-11-24,0.6880764002891366,0.06565745781333372,0.9045782448202789,9,2.285291684140135
2015-11-25,0.6861037537043198,0.06565745781333372,0.904303893603781,9,2.2775051286991808
2015-11-26,0.6922887419466859,0.1365399933091911,0.8027701664983796,8,2.3016015142413493
2015-11-27,0.6949261480988596,0.1365399933091911,0.8035186995298282,8,2.299686044271158
2015-11-30,0.6860307468338419,0.1365399933091911,0.8009710294482452,8,2.257727051196319
2015-12-01,0.6934440081000423,0.1365399933091911,0.803098748111913,8,2.29395096850242
2015-12-02,0.7091941906686468,0.1365399933091911,0.8074716416099551,8,2.2773577848553197
2015-12-03,0.6999909106848902,0.1365399933091911,0.8049403339029122,8,2.260107220981763
2015-12-04,0.6950647471089817,0.1365399933091911,0.8035578787773242,8,2.2378129639914315
2015-12-07,0.6853006441493973,0.1365399933091911,0.8007589888104278,8,2.2256514298019927
2015-12-08,0.6784803349703168,0.1365399933091911,0.798756152136429,8,2.209069580296728
2015-12-09,0.678512592928134,0.20827444092541145,0.6930426301646089,7,2.208162848949892
2015-12-10,0.6740849573750379,0.20242143370187884,0.6997093148464097,7,2.2125038252728695
2015-12-11,0.6783785944183908,0.28428291105680564,0.5809376749268804,6,2.208593546339639
2015-12-14,0.6635331123660599,0.35370211531847684,0.4669412743288306,5,2.185018531321901
2015-12-15,0.6645130672137394,0.48961957796258726,0.26319044407127956,3,2.1908556143671585
2015-12-16,0.6650697632660147,0.53973750111877,0.18844979740435797,2,2.232145893073706
2015-12-17,0.6705626875065247,0.4731049305196753,0.2944657683252442,3,2.241847918484852
2015-12-18,0.6756953674162944,0.47621313466709414,0.2952251004945839,3,2.238855705040293
2015-12-21,0.6751934451422973,0.40861497273747927,0.3948179211790726,4,2.2455088462977026
2015-12-22,0.6728507950659572,0.40861497273747927,0.3927108718101103,4,2.2583957655646105
2015-12-23,0.6739468984022217,0.40861497273747927,0.3936985633345675,4,2.2659443040270206
2015-12-24,0.6688353539851735,0.40861497273747927,0.3890649315966972,4,2.2562309444740394
2015-12-28,0.6709459283046095,0.40861497273747927,0.39098673156867575,4,2.226093461333575
2015-12-29,0.6754238998034459,0.40861497273747927,0.3950244093281424,4,2.2286436432465515
2015-12-30,0.6748328097400508,0.40861497273747927,0.3944945076175535,4,2.222976572328826
2016-01-04,0.666567627436118,0.40861497273747927,0.3869864723116338,4,2.1747497988189823
2016-01-05,0.6667388789319022,0.40861497273747927,0.3871439244819958,4,2.1880900837593082
2016-01-06,0.6677680229584373,0.40861497273747927,0.38808843986392566,4,2.182309671423228
2016-01-07,0.6649818893159527,0.34190130616835446,0.48584869503730665,5,2.1583946321504266
2016-01-08,0.6670732531728283,0.34190130616835446,0.48746062813618296,5,2.173457706649741
2016-01-11,0.6617267794459971,0.394813016355345,0.4033594700733049,4,2.147638531548584
2016-01-12,0.663201522106498,0.394813016355345,0.40468620291865776,4,2.1431275430980743
2016-01-13,0.665771926431461,0.3282566133868918,0.5069533569155612,5,2.1719389316437905
2016-01-14,0.6652450286874847,0.3282566133868918,0.5065628464228651,5,2.153498282877512
2016-01-15,0.6600790950809697,0.26145228144773125,0.6039076477408215,6,2.129537907037369
2016-01-18,0.6471851958150469,0.19149795654378854,0.7041064014101537,7,2.1290618730802797
2016-01-19,0.6447858479539423,0.25135784230568115,0.6101684875632757,6,2.1417447777941496
2016-01-20,0.6394424938091197,0.3308481716891287,0.4825990219725836,5,2.0916592050232916
2016-01-21,0.6427251699148646,0.3308481716891287,0.48524161309420505,5,2.08608280724025
2016-01-22,0.6492303546527491,0.3308481716891287,0.49039941013527016,5,2.130172618980154
2016-01-25,0.6491441474502406,0.26569902733890804,0.5906933330870476,6,2.1460404175497856
2016-01-26,0.6462480298648718,0.13593549246105696,0.789654302714887,8,2.121399993199515
2016-01-27,0.6452762394855803,0.13593549246105696,0.7893375206726566,8,2.1510727765247255
2016-01-28,0.6430241496080018,0.13593549246105696,0.7885997088228716,8,2.1613528431694795
2016-01-29,0.6465235983767126,0.13593549246105696,0.7897439586082194,8,2.16715592378923
2016-02-01,0.6561336846717736,0.07131697440971686,0.8913072502208256,9,2.181618288771266
2016-02-02,0.6536663630868763,0.0059020777780565414,0.9909708100166199,10,2.160967482347074
2016-02-03,0.6510242513497342,0.07110558040732272,0.8907789068381042,9,2.142912194403201
2016-02-04,0.6604299655785407,0.07110558040732272,0.8923344122566671,9,2.17191626336012
2016-02-05,0.6650334351718047,0.07110558040732272,0.8930796909647809,9,2.1736503870609436
2016-02-11,0.6457479677797654,0.07110558040732272,0.8898864821026065,9,2.109895839236532
2016-02-12,0.6204307194675764,0.13589528685727775,0.7809662181558378,8,2.0801323827766383
2016-02-15,0.631163396593494,0.13589528685727775,0.7846907986256335,8,2.1106438925976723
2016-02-16,0.6390758135155841,0.19981995567331795,0.6873298105680143,7,2.1402260027881987
2016-02-17,0.6247692094517582,0.3105646082747519,0.5029130700162453,5,2.1352843169479425
2016-02-18,0.6298911213495482,0.3105646082747519,0.5069550947005508,5,2.163506330118215
2016-02-19,0.6397185677806894,0.3105646082747519,0.5145293197410821,5,2.171893595076449
2016-02-22,0.6486706401755653,0.3105646082747519,0.5212291276344859,5,2.172029604778474
2016-02-23,0.6466941168740636,0.3105646082747519,0.5197658364731484,5,2.1696040984256877
2016-02-24,0.6442068440301355,0.3846609088114954,0.4028922350388732,4,2.1676886284554966
2016-02-25,0.6404660170255838,0.5124984793117477,0.19980379022783393,2,2.174534450124109
2016-02-26,0.641872474742196,0.5124984793117477,0.2015571636443992,2,2.176336578675946
2016-02-29,0.6395306577162547,0.5124984793117477,0.19863344606204678,2,2.172369629033538
2016-03-02,0.6397317220749965,0.5124984793117477,0.19888531140923024,2,2.207233449319385
2016-03-03,0.6412380298417257,0.5780561626676678,0.0985310668327842,1,2.2194176517924946
2016-03-04,0.6408173274353154,0.6408173274353154,0.0,0,2.21653877976629
2016-03-07,0.6408173274353154,0.6408173274353154,0.0,0,2.219077627537431
2016-03-08,0.6408173274353154,0.6408173274353154,0.0,0,2.205760010880776
2016-03-09,0.6396409964229427,0.5767355946917838,0.09834485607230317,1,2.2135012297543892
2016-03-10,0.6396409964229427,0.5767355946917838,0.09834485607230317,1,2.2320665540808577
2016-03-11,0.6399031022634892,0.5767355946917838,0.09871417617490351,1,2.2344240555826316
2016-03-14,0.6375441496985708,0.5767355946917838,0.09537936319474824,1,2.2353987917804803
2016-03-15,0.6370199380174777,0.5767355946917838,0.09463493954884647,1,2.232791939158327
2016-03-16,0.6362336204958382,0.5767355946917838,0.09351600400759336,1,2.2383796710832042
2016-03-17,0.6359715146552918,0.5767355946917838,0.09314241062449928,1,2.253216062745809
2016-03-18,0.6378062555391172,0.5767355946917838,0.09575111613747397,1,2.2578970633238504
2016-03-21,0.6375441496985708,0.5767355946917838,0.09537936319474824,1,2.255222205850684
2016-03-22,0.6364957263363847,0.5767355946917838,0.09388928970281571,1,2.263212775844677
2016-03-23,0.636746719478933,0.513033600890036,0.19428936939028882,2,2.2612973058744856
2016-03-24,0.6375533441301315,0.513033600890036,0.19530874457256336,2,2.2509265660950484
2016-03-25,0.6392501640818299,0.513033600890036,0.19744470988612364,2,2.248478391458591
2016-03-28,0.6395600586851266,0.44910128103933716,0.297796547891615,3,2.2470389554454884
2016-03-29,0.6402414228106781,0.3851088395344906,0.3984943400821336,4,2.2610592888959413
2016-03-30,0.6432998729553518,0.3851088395344906,0.4013540873787504,4,2.2692538734429726
2016-03-31,0.6389501605967977,0.3851088395344906,0.39727874991879186,4,2.2621246982284737
2016-04-01,0.6335765906641035,0.32097150288465603,0.49339747141191015,5,2.236872230219089
2016-04-04,0.632004140632507,0.32097150288465603,0.4921370252995033,5,2.2429926668102325
2016-04-05,0.6273120606323987,0.37956578775050615,0.39493306191520927,4,2.2245973546112956
2016-04-06,0.6363080113000756,0.37956578775050615,0.4034873347343301,4,2.2343220483061126
2016-04-07,0.6330248437641977,0.37956578775050615,0.40039353669996747,4,2.2372349227578234
2016-04-08,0.6332466841182188,0.37956578775050615,0.40060359213875296,4,2.2351494406601002
2016-04-11,0.6301238464717148,0.37956578775050615,0.39763303694054974,4,2.2332453048317444
2016-04-12,0.6366248870021411,0.37956578775050615,0.4037842448511921,4,2.2456561901415633
2016-04-14,0.6374067836637095,0.37956578775050615,0.40451561313981577,4,2.284883655034059
2016-04-15,0.6349679925709427,0.37956578775050615,0.40222847105462783,4,2.283500889730134
2016-04-18,0.6322185666241162,0.37956578775050615,0.3996288502292976,4,2.277142436160446
2016-04-19,0.6399353825651529,0.37956578775050615,0.40686857127819165,4,2.279703952215258
2016-04-20,0.6412460882645431,0.3825956370306042,0.40335599073040096,4,2.273436171780254
2016-04-21,0.6409225604088258,0.3825956370306042,0.4030548140066133,4,2.2918768205465323
2016-04-22,0.6403239678022743,0.3825956370306042,0.40249677308854714,4,2.2843849527932996
2016-04-25,0.6383055347450652,0.44643189019206725,0.3005984346189807,3,2.2833195434607667
2016-04-26,0.6338359954417594,0.5125607684449728,0.19133534205841757,2,2.289077287513176
2016-04-27,0.63206847975696,0.5125607684449728,0.18907399299192987,2,2.2842829455167806
2016-04-28,0.631610454524818,0.5125607684449728,0.18848593342143188,2,2.2678824422808828
2016-04-29,0.6329775293208133,0.5702681355357478,0.09907048967812931,1,2.2601978941164473
2016-05-02,0.6338739465364354,0.5069184134927949,0.20028514145019058,2,2.242063267179726
2016-05-03,0.6330599470186737,0.5069184134927949,0.19925685414142627,2,2.251425268335808
2016-05-04,0.6344376582140623,0.5069184134927949,0.20099570552011867,2,2.2404311507554207
2016-05-09,0.6310802073888904,0.5069184134927949,0.19674487084584366,2,2.2303437645218693
2016-05-10,0.6307378125303401,0.5069184134927949,0.19630882528005916,2,2.2469936188781467
2016-05-11,0.6315572172816656,0.4437693116828034,0.2973410808400459,3,2.2442734248376386
2016-05-12,0.6337760924260606,0.3806446776658675,0.3994019619629698,4,2.2413152138185857
2016-05-13,0.6326174996143092,0.3806446776658675,0.3983020104598168,4,2.2294143648913622
2016-05-16,0.6365158672201181,0.3806446776658675,0.4019871345418729,4,2.230457105940224
2016-05-17,0.6519861837593612,0.3169921365357835,0.5138054387778549,5,2.2306271180677557
2016-05-18,0.6621514633813379,0.25137265945073756,0.620369849872294,6,2.21778553536819
2016-05-19,0.668188510541559,0.25684107454056404,0.6156158471919887,6,2.206508064241916
2016-05-20,0.6673761273709126,0.19032841285439994,0.7148108764330737,7,2.207516802865271
2016-05-23,0.6694429196244716,0.12345565139037011,0.8155844990344758,8,2.216108082376543
2016-05-24,0.6582790843306784,0.12345565139037011,0.8124569740569888,8,2.196193995171656
2016-05-25,0.675173453686906,0.12345565139037011,0.8171497254280092,8,2.22206984098199
2016-05-26,0.6747775909639862,0.12345565139037011,0.8170424551087988,8,2.2181595620487595
2016-05-27,0.6812633811169982,0.12345565139037011,0.818784254647663,8,2.231885207811491
2016-05-30,0.6838362261300412,0.12345565139037011,0.8194660553609028,8,2.2295730428770586
2016-05-31,0.6789312173521349,0.17675558353924492,0.7396561256549664,7,2.2480136916433375
2016-06-01,0.6735412024687104,0.17675558353924492,0.7375727232552545,7,2.247242969998527
2016-06-02,0.6650822559737098,0.17675558353924492,0.7342350033373437,7,2.249951829897199
2016-06-03,0.6706565533297062,0.17675558353924492,0.7364439627680057,7,2.2507792222511873
2016-06-07,0.6767186780513678,0.10942714642973565,0.8382974344009029,8,2.280009974044815
2016-06-08,0.6751474718269652,0.17423426042955908,0.7419315516977691,7,2.297521223180587
2016-06-09,0.6826625482127382,0.2729296828533368,0.600198247922217,6,2.294222987906471
2016-06-10,0.6825821664475267,0.2729296828533368,0.6001511667470172,6,2.286810459146086
2016-06-13,0.6775671751493291,0.2729296828533368,0.597191698678163,6,2.2430946740867514
2016-06-14,0.6740735985746578,0.337856878712015,0.4987833977974806,5,2.2351267723764296
2016-06-15,0.6775422693636985,0.40604157200649243,0.4007140360588588,4,2.2314998469890854
2016-06-16,0.6760186524498056,0.47357636987212987,0.29946256933007787,3,2.212413152138186
2016-06-17,0.6731738887852663,0.538091560523872,0.20066483639932714,2,2.2140112661369846
2016-06-20,0.6718444571166542,0.602249907479264,0.10358729449978372,1,2.2454295073048542
2016-06-21,0.6710409288952714,0.5349276790222258,0.2028389685516317,2,2.2472203017148558
2016-06-22,0.6718730088916107,0.5349276790222258,0.2038262112885047,2,2.258418433848281
2016-06-23,0.6709303291969355,0.5349276790222258,0.20270756031777082,2,2.2517652925908718
2016-06-24,0.6641324833070517,0.5349276790222258,0.19454673206383413,2,2.182094322728355
2016-06-27,0.6660339366095765,0.4688843828995327,0.2960052677099714,3,2.1839191195638623
2016-06-28,0.6690666617203043,0.4688843828995327,0.29919631372165945,3,2.19453921046368
2016-06-29,0.670838931211784,0.20084642341752723,0.7006041032014584,7,2.2173661721202778
2016-06-30,0.6759030685918793,0.20084642341752723,0.7028472975630158,7,2.233222636548074
2016-07-01,0.6768061415165632,0.06525487377378758,0.9035840992406381,9,2.252456675242834
2016-07-04,0.6798806567580635,0.13623192349713947,0.7996237690497823,8,2.261501320427524
2016-07-05,0.6793276994268433,0.13623192349713947,0.7994606673449648,8,2.255324213127203
2016-07-06,0.6697137634442732,0.06895039047043686,0.8970449851353933,9,2.213693910165592
2016-07-07,0.6758109393198838,0.06895039047043686,0.8979738467391095,9,2.237450271452697
2016-07-08,0.68126538920586,0.06895039047043686,0.8987907039416589,9,2.225005383717372
2016-07-11,0.685836382352833,0.06895039047043686,0.8994652482070208,9,2.253839440546759
2016-07-12,0.6814959588290064,0.06895039047043686,0.8988249459484512,9,2.2568883247004954
2016-07-13,0.6819594830076482,0.00034828078645272875,0.9994892940194676,10,2.273118815808861
2016-07-14,0.6772213053404313,0.00034828078645272875,0.9994857208659764,10,2.2767684094798764
2016-07-15,0.6788261584533072,0.00034828078645272875,0.9994869367037265,10,2.2863910958981744
2016-07-18,0.6824666244516869,0.06650171116072591,0.902556830212532,9,2.2907547405048225
2016-07-19,0.6812037977266205,0.06650171116072591,0.902376188473021,9,2.2859717326502627
2016-07-20,0.6910976944064783,0.06650171116072591,0.90377379102988,9,2.2843509503677932
2016-07-21,0.6944296412579822,0.06650171116072591,0.9042354945559987,9,2.280678688413107
2016-07-22,0.6923644457936419,0.1409763726280109,0.7963841536282055,8,2.278547869748042
2016-07-25,0.6899916263880046,0.1409763726280109,0.7956839369689171,8,2.2807920298314612
2016-07-26,0.6907629997015055,0.3545919400870319,0.4866662802723087,5,2.2978159108683087
2016-07-27,0.6971368874334631,0.3545919400870319,0.4913596648249729,5,2.2952203923879906
2016-07-28,0.7034251252924729,0.4822888671842612,0.31437071289750523,3,2.2907434063629872
2016-07-29,0.7026724124530809,0.4822888671842612,0.3136362569002027,3,2.285178342721781
2016-08-01,0.70160269941661,0.341415133465241,0.5133782498996494,5,2.300388761064956
2016-08-02,0.7026826587830834,0.4143252166161256,0.4103665268562906,4,2.288397239003049
2016-08-03,0.7014614660030902,0.4143252166161256,0.40934001838056727,4,2.260923279193916
2016-08-04,0.6985237141743139,0.4143252166161256,0.4068559045187514,4,2.266862369515692
2016-08-05,0.6953657797861026,0.4143252166161256,0.4041621997223191,4,2.287161817542985
2016-08-08,0.6943793691827072,0.4143252166161256,0.4033157737624155,4,2.302100216482109
2016-08-09,0.7025345245014654,0.47988211003031356,0.3169273632910084,3,2.31644924004579
2016-08-10,0.7024270043353373,0.47988211003031356,0.31682280568869076,3,2.317423976243639
2016-08-11,0.7051403777449785,0.47988211003031356,0.3194516649791568,3,2.3221389792471867
2016-08-12,0.7046692202475788,0.47988211003031356,0.31899663524155125,3,2.3240317809337063
2016-08-16,0.6999612338497775,0.47988211003031356,0.3144161607479769,3,2.3209602284962996
2016-08-17,0.7021602448282138,0.47988211003031356,0.3165632580811827,3,2.3164152376202836
2016-08-18,0.706136243468442,0.47988211003031356,0.3204114440108611,3,2.329698851851432
2016-08-19,0.7074243561361321,0.47988211003031356,0.3216488719000676,3,2.330571580772762
2016-08-22,0.7041237908219009,0.47988211003031356,0.3184691153949467,3,2.314613109068447
2016-08-23,0.7043086924133707,0.5600298113887294,0.2048517682356837,2,2.323419737274592
2016-08-24,0.7043086924133707,0.5600298113887294,0.2048517682356837,2,2.3164265717621193
2016-08-25,0.7064900582828777,0.5600298113887294,0.20730687598084477,2,2.315474503847941
2016-08-26,0.7044683367300302,0.5600298113887294,0.20503196213437935,2,2.309331398973127
2016-08-29,0.7032853960923247,0.7032853960923247,0.0,0,2.3034943159278694
2016-08-30,0.7032853960923247,0.7032853960923247,0.0,0,2.311870246744268
2016-08-31,0.7036043766997085,0.6329568564830922,0.10040801699954179,1,2.3061011685500232
2016-09-01,0.7035782147442352,0.562596643988089,0.20037796481148282,2,2.3039136791757815
2016-09-02,0.7037908830785989,0.49221872837672614,0.3006179247113727,3,2.310249464461798
2016-09-05,0.7100113419469519,0.49221872837672614,0.3067452598334662,3,2.334923891237575
2016-09-06,0.7084676246576387,0.4213428014573214,0.40527585623841045,4,2.342234412721441
2016-09-07,0.7039857951279536,0.4213428014573214,0.4014896261071009,4,2.3369640367679563
2016-09-08,0.7005338845123168,0.4213428014573214,0.3985404406945382,4,2.3390608530075148
2016-09-09,0.697915546930286,0.4213428014573214,0.39628397259445364,4,2.3097507622210385
2016-09-12,0.690431754098449,0.4213428014573214,0.3897401170264804,4,2.2571716782463818
2016-09-13,0.6935579921011761,0.4213428014573214,0.39249088575731383,4,2.266102982012717
2016-09-19,0.7005844700241526,0.4213428014573214,0.3985838689190533,4,2.2847136429065276
2016-09-20,0.6975048966259966,0.4213428014573214,0.39592853971999253,4,2.2959684457491303
2016-09-21,0.7006035828748176,0.3516921281223631,0.49801551587953746,5,2.3076199435559737
2016-09-22,0.7085571592342654,0.21091916242390524,0.7023258326091226,7,2.3231590520123766
2016-09-23,0.7172598488557215,0.13965299681586127,0.8052965085963527,8,2.328112071994469
2016-09-26,0.7231017119695209,0.13965299681586127,0.8068694977425973,8,2.320223509276995
2016-09-27,0.737801123091512,0.13965299681586127,0.8107172889210421,8,2.3380294461004887
2016-09-28,0.7325112293715316,0.13965299681586127,0.8093503673169917,8,2.3269673236690886
2016-09-29,0.7358579062581159,0.13965299681586127,0.8102174405844117,8,2.3447165897834044
2016-09-30,0.7167187507651814,0.21244804222318567,0.7035824136087239,7,2.3162792279182582
2016-10-04,0.7149090394636818,0.2118629667768492,0.7036504574962615,7,2.3290074691994698
2016-10-05,0.7134168903044016,0.2814328877692891,0.6055141228164546,6,2.326899318818076
2016-10-06,0.7238535878866069,0.2814328877692891,0.6112019164110628,6,2.3408403132756805
2016-10-07,0.7120213898273047,0.35054134902760886,0.5076814348054489,5,2.327806050164912
2016-10-10,0.7099644935468603,0.35054134902760886,0.5062550983692654,5,2.3312289609992183
2016-10-11,0.7073730756068826,0.35054134902760886,0.5044462941611596,5,2.3030182819707807
2016-10-12,0.7156627252594271,0.2800302777969913,0.6087119422134489,6,2.305058427501162
2016-10-13,0.7006327101880241,0.2800302777969913,0.6003180072454205,6,2.284328282084122
2016-10-14,0.7006514356953766,0.20975256150455074,0.7006320820617783,7,2.2925115324893177
2016-10-17,0.7014593370602525,0.20975256150455074,0.7009768771720921,7,2.2981219326978657
2016-10-18,0.6981770342030778,0.20975256150455074,0.6995710955403035,7,2.312652302530914
2016-10-19,0.696312356246076,0.28323436822017756,0.5932366190553671,6,2.313230343764522
2016-10-20,0.6886094291222236,0.40826632846788447,0.4071148154501673,4,2.3128449829421167
2016-10-21,0.6849058630716245,0.4095210454847785,0.402076887401455,4,2.3042310351471738
2016-10-24,0.6818418132561435,0.4095210454847785,0.3993899500983871,4,2.3209375602126285
2016-10-25,0.676641852671241,0.4095210454847785,0.39477429031610334,4,2.308957372292557
2016-10-26,0.6754379007237106,0.4095210454847785,0.3936954899244039,4,2.2825714900996275
2016-10-27,0.6801535015398524,0.4095210454847785,0.3978990851952802,4,2.2941663171972935
2016-10-28,0.6795248414447942,0.4095210454847785,0.3973420535825271,4,2.2888392705346314
2016-10-31,0.6759276153118723,0.4813206699549555,0.28791092559093817,3,2.2761110292534203
2016-11-01,0.6798207394361917,0.4813206699549555,0.29198884053737756,3,2.2752042979065843
2016-11-02,0.6764504472966704,0.4813206699549555,0.2884613028515554,3,2.242958664384726
2016-11-03,0.6740769298208795,0.4813206699549555,0.2859558773464397,3,2.248467057316755
2016-11-04,0.6757466856900989,0.41384352319025985,0.3875759482747197,4,2.246449580070045
2016-11-07,0.6778470549337331,0.41384352319025985,0.3894735985380691,4,2.2640855047660065
2016-11-08,0.6722116890027521,0.4118944938175094,0.38725478810318165,4,2.2706593070305683
2016-11-09,0.6573763416303993,0.4118944938175094,0.3734266542115819,4,2.2196556687710394
2016-11-10,0.6666876610911796,0.4706992200113457,0.29397340391609494,3,2.269775243967403
2016-11-11,0.6586924612024039,0.40407157038839214,0.3865550401916191,4,2.249181108252389
2016-11-14,0.6565181622989149,0.33831178061390643,0.48468785779018264,5,2.2378129639914315
2016-11-15,0.6593513466251766,0.27261701278131356,0.5865375657808599,6,2.2300264085504766
2016-11-16,0.6650026446659019,0.27261701278131356,0.5900512351822651,6,2.243763388455043
2016-11-17,0.6614777892108432,0.3328036978581871,0.4968784994954573,5,2.2447834612202335
2016-11-18,0.6595860627516121,0.3328036978581871,0.4954355213786336,5,2.2380169785444695
2016-11-21,0.6539587574384642,0.26677326294333975,0.5920640867502377,6,2.22834895555883
2016-11-22,0.6560924539822555,0.26677326294333975,0.5933907464959888,6,2.2480930306361855
2016-11-23,0.6561305930319554,0.20113895410726768,0.6934467676963332,7,2.2531707261784675
2016-11-24,0.65556651473013,0.20113895410726768,0.6931829957939991,7,2.2342540434551
2016-11-25,0.6572302938306791,0.20113895410726768,0.6939597033257164,7,2.237880968842444
2016-11-28,0.6522395143410052,0.20113895410726768,0.69161795677085,7,2.242040598896055
2016-11-29,0.6562345400462348,0.20113895410726768,0.6934953254775396,7,2.2423352865837765
2016-11-30,0.6560270651687113,0.20113895410726768,0.6933983904222907,7,2.248104364778021
2016-12-01,0.6590979388823186,0.27085917128319104,0.5890456405575976,6,2.248410386607578
2016-12-02,0.6586717713770511,0.13927153218624494,0.7885570048112474,8,2.2335173242357955
2016-12-05,0.65430296902797,0.06427324445683248,0.9017683741335967,9,2.2253000714050937
2016-12-06,0.6564260851012752,0.06427324445683248,0.9020860902459167,9,2.2553355472690386
2016-12-07,0.6600208530383724,0.06427324445683248,0.9026193730683602,9,2.257636378061635
2016-12-08,0.6731800281831635,0.1336016724942311,0.801536488159331,8,2.302043545772932
2016-12-09,0.6671995175172551,0.12761771676411487,0.8087263053801377,8,2.294812363281914
2016-12-12,0.6677605563927197,0.1971215864157703,0.7048019914793526,7,2.297702569449954
2016-12-13,0.6618139119057074,0.13051144077719495,0.8027973748672274,8,2.3076086094141384
2016-12-14,0.6606326635226933,0.13051144077719495,0.8024447654748579,8,2.3086173480374934
2016-12-15,0.6570456275661221,0.13051144077719495,0.8013662441364305,8,2.308367996917114
2016-12-16,0.6582566243248631,0.1989062593937456,0.6978287007779791,7,2.3147037822031304
2016-12-19,0.6560789640458998,0.1989062593937456,0.6968257324284064,7,2.3103401375964823
2016-12-20,0.6562417248066685,0.2675471698022485,0.5923039336136864,6,2.314363757948067
2016-12-21,0.6524787322320627,0.2675471698022485,0.5899526580935487,6,2.3098527694975575
2016-12-22,0.6548000324844232,0.2023065679636181,0.6910406873438408,7,2.307325255868252
2016-12-23,0.6526380274681266,0.2023065679636181,0.6900171926106492,7,2.3075179362794547
2016-12-26,0.6504866159370264,0.2023065679636181,0.6889919592393221,7,2.309614752519013
2016-12-27,0.6494612346956479,0.2023065679636181,0.6885009340728034,7,2.3146244432102825
2016-12-28,0.6514431456925908,0.1378285317960306,0.7884258469716551,8,2.294585680445205
2016-12-29,0.6491919013418914,0.2672547061291773,0.5883271100937074,6,2.296818506386789
2017-01-02,0.6501348599104391,0.3921206887602269,0.39686253892885487,4,2.2964784821317257
2017-01-03,0.6498522723257527,0.261793682220512,0.5971489315816655,6,2.3166645887406636
2017-01-04,0.6550589617138987,0.19651325295265132,0.7000067712401135,7,2.318557390427184
2017-01-05,0.6637760804119268,0.13090488158526487,0.8027875883927186,8,2.3143750920899024
2017-01-06,0.657968622037291,0.1965227110816825,0.701319022671351,7,2.3225016717859206
2017-01-09,0.6588805228018989,0.1965227110816825,0.7017324017320062,7,2.3221163109635157
2017-01-10,0.6592974261390319,0.25849793723429243,0.6079190863096429,6,2.3179680150517403
2017-01-11,0.6737785455528136,0.25849793723429243,0.6163458469545017,6,2.3520271112672706
2017-01-12,0.6698931096278216,0.12342482148572458,0.8157544543870637,8,2.365594079044305
2017-01-13,0.680144909794862,0.12342482148572458,0.8185315809788967,8,2.3538632422446133
2017-01-16,0.6730708739813579,0.12342482148572458,0.8166243314680364,8,2.3395595552482744
2017-01-17,0.6689128410455292,0.12342482148572458,0.815484448926398,8,2.3482868444615717
2017-01-18,0.682030270636178,0.12342482148572458,0.819033220665415,8,2.3467794035974565
2017-01-19,0.6751080178044802,0.1953551762079867,0.7106312307720747,7,2.349329585510433
2017-01-20,0.6653422844201557,0.12805381018246448,0.807536942742091,8,2.3411916716725796
2017-01-23,0.6584545568745361,0.12805381018246448,0.8055236935555689,8,2.341622369062326
2017-01-24,0.6595389156950902,0.12805381018246448,0.8058434352618782,8,2.3413616838001112
2017-01-25,0.6475955744299454,0.18685078479899986,0.711469947947872,7,2.3426991125366943
2017-01-26,0.6549712764986881,0.1221455763650138,0.813510025938888,8,2.36157045869272
2017-01-31,0.6393971530219467,0.1221455763650138,0.8089675942601182,8,2.343413163472328
2017-02-01,0.6574558070744577,0.27212741183349876,0.586090184457554,6,2.358045540581895
2017-02-02,0.6542607079335847,0.3393434659120483,0.48133295825783295,5,2.347312108263723
2017-02-03,0.6528609830239652,0.40784577695923246,0.37529460702315964,4,2.3497489487583447
2017-02-06,0.6516497352490138,0.40784577695923246,0.3741334417892718,4,2.3548493125842977
2017-02-07,0.6505353661360032,0.40784577695923246,0.37306133042124756,4,2.3520724478346122
2017-02-08,0.6524147168283898,0.40784577695923246,0.374867294622185,4,2.3405909621553005
2017-02-09,0.6561494655956164,0.34250369918117485,0.478009634786079,5,2.3414976935021365
2017-02-10,0.666204747354258,0.3938248652856295,0.4088531088232985,4,2.351925103990751
2017-02-13,0.6660442440555053,0.32707880401675427,0.5089233081196076,5,2.3559713926260075
2017-02-14,0.667450426069656,0.32707880401675427,0.5099579066226861,5,2.3513470627571436
2017-02-15,0.6711636576049007,0.32707880401675427,0.5126690780845312,5,2.3618764805222776
2017-02-16,0.669799344888467,0.32707880401675427,0.5116764348713742,5,2.3595869838715164
2017-02-17,0.672103939346817,0.32707880401675427,0.513350860084788,5,2.3581588820002493
2017-02-20,0.6691086567333563,0.40153269109203077,0.39989912392951765,4,2.3624771900395563
2017-02-21,0.6696954379017375,0.33455327424830716,0.5004396695660405,5,2.3834906890024823
2017-02-22,0.6680571707011258,0.33455327424830716,0.49921460479618296,5,2.3876616531979282
2017-02-23,0.6681806576113372,0.33455327424830716,0.49930715527699726,5,2.3888177356651443
2017-02-24,0.6561310684130912,0.39399865037609916,0.39951227834856473,4,2.37350531004545
2017-02-27,0.6561205448252814,0.39399865037609916,0.3995026470615743,4,2.3637579480669624
2017-02-28,0.6575630282353888,0.39399865037609916,0.4008199465936841,4,2.370694442870258
2017-03-02,0.6594605277926036,0.3278361066916459,0.5028722829113005,5,2.3831733330310896
2017-03-03,0.6573037339246699,0.3278361066916459,0.5012410704953982,5,2.356084734044362
2017-03-06,0.6602547146884847,0.3278361066916459,0.5034702526186087,5,2.3590429450634147
2017-03-07,0.6593475956225177,0.2618079075129883,0.6029288508047042,6,2.373425971052602
2017-03-08,0.6579655405375235,0.2618079075129883,0.6020948037809019,6,2.374967414342223
2017-03-09,0.6518892867178622,0.2613053875537377,0.5991568002760709,6,2.370037062643802
2017-03-10,0.6540328232092059,0.3269674284364419,0.5000748940518317,5,2.3771662378583005
2017-03-13,0.6540264886923456,0.3939235947064854,0.39769473940712624,4,2.4001065409332534
2017-03-14,0.6512857235143212,0.3285079222309091,0.4956009162026634,5,2.4184565165648486
2017-03-15,0.6561884917624063,0.3285079222309091,0.49936957695098416,5,2.417572453501683
2017-03-16,0.6607944512310379,0.3285079222309091,0.5028591392998082,5,2.4369311677566334
2017-03-17,0.6637950620484327,0.3285079222309091,0.5051064085696075,5,2.453365673418037
2017-03-20,0.6626956426446932,0.3285079222309091,0.5042853746255279,5,2.444785728048601
2017-03-21,0.6610309722680547,0.3864736483811593,0.41534714015723856,4,2.4690067891509595
2017-03-22,0.6540132382229422,0.3864736483811593,0.4090736612132356,4,2.457581974180825
2017-03-23,0.6544152356560258,0.3864736483811593,0.4094366583722115,4,2.462591664872094
2017-03-24,0.6531306840297665,0.3864736483811593,0.40827516172315415,4,2.458318693400129
2017-03-27,0.6496736300083821,0.3864736483811593,0.4051264657668605,4,2.4432556189008148
2017-03-28,0.6472641609106453,0.3864736483811593,0.4029120230642402,4,2.451926237404935
2017-03-29,0.6509104115130084,0.4488702216357541,0.31039631000466283,3,2.4560858674585453
2017-03-30,0.6508170908445271,0.4488702216357541,0.310297427725382,3,2.45343367826905
2017-03-31,0.6532902283611368,0.4488702216357541,0.3129084101536262,3,2.448435321719616
2017-04-03,0.6494183616416714,0.524499527221927,0.19235494682343257,2,2.456686576975825
2017-04-04,0.6498948351587135,0.524499527221927,0.19294707566980923,2,2.4494213920593
2017-04-05,0.6511099854101385,0.5871725113969927,0.09819765545888728,1,2.449138038513414
2017-04-06,0.6520084042487309,0.5871725113969927,0.09944027167325326,1,2.439957383626699
2017-04-07,0.6516042278362242,0.5219941314430844,0.19890923179478873,2,2.438801301159483
2017-04-10,0.6462961725657601,0.5196528050950311,0.19595252586435996,2,2.417935146040418
2017-04-11,0.6455603139747457,0.5196528050950311,0.19503601159200135,2,2.4072017137222455
2017-04-12,0.6440960652963091,0.5196528050950311,0.1932060555967367,2,2.4129367894909834
2017-04-13,0.6459908910312212,0.3906651909902431,0.3952465949378813,4,2.4352650489068224
2017-04-14,0.6437187513142861,0.32623273747614884,0.49320609845514585,5,2.419703272166748
2017-04-17,0.6456730379857243,0.32623273747614884,0.49474003360294916,5,2.432034818483719
2017-04-18,0.6442200110467651,0.32623273747614884,0.49360042860812814,5,2.4350950367792903
2017-04-19,0.6470141764976913,0.32623273747614884,0.4957873423391475,5,2.423692890092827
2017-04-20,0.6494427431384786,0.32623273747614884,0.4976728265534144,5,2.4358770925659368
2017-04-21,0.6541293590847423,0.32623273747614884,0.5012718311059856,5,2.453887043942468
2017-04-24,0.6582744487568208,0.32623273747614884,0.5044122734943561,5,2.46374774733931
2017-04-25,0.6570013920676376,0.32623273747614884,0.5034519844022439,5,2.489940949121037
2017-04-26,0.6609624681266988,0.32623273747614884,0.5064277425603934,5,2.502397170998198
2017-04-27,0.6556351158644047,0.32623273747614884,0.5024172293669231,5,2.504233301975541
2017-04-28,0.6519982842907319,0.32623273747614884,0.49964172400999946,5,2.49967697695769
2017-05-02,0.6488087918213992,0.32623273747614884,0.49718200248132194,5,2.5158054607895366
2017-05-04,0.6486232861457454,0.32623273747614884,0.4970381969868956,5,2.5402532047286037
2017-05-08,0.6523462938450398,0.26127548475651646,0.5994834534637816,6,2.5986467034648477
2017-05-10,0.6526970778767118,0.3308437102395705,0.4931129287175027,5,2.5729862063493862
2017-05-11,0.6499414925404041,0.3900607186229269,0.39985256657747786,4,2.602738328667445
2017-05-12,0.6531452116714426,0.3900607186229269,0.4027963282089518,4,2.5910074918677535
2017-05-15,0.6507052421619222,0.3900607186229269,0.40055697518744776,4,2.596255199537567
2017-05-16,0.6526360064558537,0.5168302415118327,0.20808806685600384,2,2.601559577916558
2017-05-17,0.6537817847474747,0.5932930814148203,0.09252124293432007,1,2.5990093960035816
2017-05-18,0.6546488991303947,0.5932930814148203,0.09372324279025994,1,2.5919142232145895
2017-05-19,0.6531339406682817,0.5932930814148203,0.0916211140279017,1,2.5937956907592743
2017-05-22,0.654432951103997,0.5932930814148203,0.09342419202156105,1,2.611420281313401
2017-05-23,0.6531339406682817,0.5932930814148203,0.0916211140279017,1,2.620158904668533
2017-05-24,0.6531339406682817,0.5932930814148203,0.0916211140279017,1,2.626506024096386
2017-05-25,0.6553000654869169,0.5932930814148203,0.09462380264836792,1,2.655510093053304
2017-05-26,0.6550841174605192,0.5932930814148203,0.09432534601088534,1,2.6695304265037576
2017-05-29,0.6558379242491834,0.5277195530331161,0.1953506597879953,2,2.666889571456097
2017-05-30,0.6566197947498729,0.5277195530331161,0.1963087965781765,2,2.6563601536909633
2017-05-31,0.6582197068810843,0.5277195530331161,0.1982623013010832,2,2.6605537861700803
2017-06-01,0.6618791168267913,0.5277195530331161,0.20269496405456733,2,2.6574142288816605
2017-06-02,0.6645585761504784,0.5277195530331161,0.20590964894323677,2,2.6881410873975677
2017-06-05,0.665467625520102,0.6004214328803816,0.0977450895359228,1,2.684627503428578
2017-06-07,0.6645614530497184,0.6004214328803816,0.09651480668190092,1,2.6750161511521156
2017-06-08,0.664363227821822,0.6004214328803816,0.09624523493131851,1,2.6789037618016756
2017-06-09,0.6656941686376978,0.6004214328803816,0.09805213690078259,1,2.6994412268075125
2017-06-12,0.6646747246085163,0.6004214328803816,0.09666877549161951,1,2.672443300955468
2017-06-13,0.6647030424982158,0.6004214328803816,0.09670725949476412,1,2.691518661664532
2017-06-14,0.6637039336382218,0.5338944928511611,0.1955833530705251,2,2.689183828446429
2017-06-15,0.6689761571241316,0.4675354687982198,0.3011178891515166,3,2.6767276065692687
2017-06-16,0.6728039123267674,0.4675354687982198,0.30509400995999686,3,2.6769316211223066
2017-06-19,0.6775062402288856,0.4675354687982198,0.30991710328709343,3,2.687211687767061
2017-06-20,0.6778654982394351,0.4675354687982198,0.3102828363259207,3,2.6853188860805406
2017-06-21,0.6860880028335936,0.4675354687982198,0.3185488350368115,3,2.672057940133063
2017-06-22,0.6856546100661053,0.4675354687982198,0.31811809920866163,3,2.686610978249782
2017-06-23,0.6843566756414955,0.4675354687982198,0.3168248583825591,3,2.695938976980358
2017-06-26,0.6851114848515297,0.5357581357613108,0.21799860663930512,2,2.7073411236668217
2017-06-27,0.6877990249043832,0.5357581357613108,0.22105423770295232,2,2.711070056330685
2017-06-28,0.6844787527236424,0.4671241654550713,0.3175476030536888,3,2.7004272971471965
2017-06-29,0.6812901113341726,0.3986372943026838,0.4148787900032321,4,2.715275022951637
2017-06-30,0.6819132115634364,0.3986372943026838,0.4154134462526105,4,2.710888710061318
2017-07-03,0.6754292492059588,0.3304247045278885,0.5107930180454295,5,2.713937594215054
2017-07-04,0.6729722241962641,0.12745532348805522,0.8106083447347681,8,2.6981151322127648
2017-07-05,0.6742265984411242,0.12745532348805522,0.8109607010717998,8,2.7069897652699226
2017-07-06,0.6699623495373078,0.12745532348805522,0.8097574832733826,8,2.7063777216108083
2017-07-07,0.6753706801032613,0.12745532348805522,0.8112809346882399,8,2.6973784129934604
2017-07-10,0.6731265163801812,0.12745532348805522,0.8106517565621073,8,2.699905926622766
2017-07-11,0.6714379563475021,0.19290862150278346,0.7126933029640288,7,2.7156603837740425
2017-07-12,0.6712173246427853,0.29013093667310397,0.5677540998699511,6,2.710866041777647
2017-07-13,0.6750060407293231,0.29013093667310397,0.5701802366692504,6,2.730950141110066
2017-07-14,0.6707690798249334,0.29013093667310397,0.5674652493689387,6,2.736775890013488
2017-07-17,0.6746196268212254,0.29013093667310397,0.5699340411422853,6,2.7486427365152046
2017-07-18,0.6701774531168934,0.29013093667310397,0.5670834115296641,6,2.749708145847737
2017-07-19,0.6700047646930789,0.29013093667310397,0.5669718307062944,6,2.754128461163563
2017-07-20,0.6690630136889125,0.29013093667310397,0.5663623145547196,6,2.76761608994775
2017-07-21,0.6727720117867534,0.29013093667310397,0.568752962979878,6,2.77693275453649
2017-07-24,0.6702686910426725,0.29013093667310397,0.5671423407502815,6,2.778598873386302
2017-07-25,0.6709374558537429,0.35252748869491174,0.4745747377505796,5,2.7654172664316725
2017-07-26,0.6729823266303142,0.42412344530302204,0.3697851659394267,4,2.7593081639823644
2017-07-27,0.675370376016234,0.42412344530302204,0.3720135493582453,4,2.7692028698047126
2017-07-28,0.6668246078971353,0.48152595753630567,0.27788214197010236,3,2.7213161205499325
2017-07-31,0.6664671300905749,0.6664671300905749,0.0,0,2.7232655929456304
2017-08-01,0.6664671300905749,0.6664671300905749,0.0,0,2.7462172301624186
2017-08-02,0.6664671300905749,0.6664671300905749,0.0,0,2.751510274399574
2017-08-03,0.6664671300905749,0.6664671300905749,0.0,0,2.705289643994605
2017-08-04,0.6664671300905749,0.6664671300905749,0.0,0,2.715037005973093
2017-08-07,0.6664671300905749,0.6664671300905749,0.0,0,2.7187772727787918
2017-08-08,0.6655895465367869,0.5998204170815175,0.09881334494731943,1,2.7142209477609405
2017-08-09,0.6633558779892494,0.5998204170815175,0.09577884664310107,1,2.6843668181663625
2017-08-10,0.662611321806737,0.5998204170815175,0.09476280084380093,1,2.67425676364914
2017-08-11,0.6606258386533703,0.5998204170815175,0.09204214854175181,1,2.6291922157113876
2017-08-14,0.659633097076687,0.5998204170815175,0.0906756805567261,1,2.6456380555146266
2017-08-16,0.6610782203789733,0.40178157672200887,0.392232924431119,4,2.6615511906516
2017-08-17,0.6615336683514452,0.40178157672200887,0.39265135556402375,4,2.6767502748529397
2017-08-18,0.6641874685732776,0.3360120482325916,0.49410059037342335,5,2.6730100080472408
2017-08-21,0.6631539772743539,0.26954075328428473,0.5935472567138463,6,2.669190402248694
2017-08-22,0.66770487682956,0.26954075328428473,0.5963175309365183,6,2.6808985707647146
2017-08-23,0.6651188410978203,0.1354484075489104,0.7963545772882568,8,2.682111323941108
2017-08-24,0.661429270000903,0.1354484075489104,0.7952186065960983,8,2.6928107538337738
2017-08-25,0.6692792178369312,0.06912928520288697,0.8967108445017783,9,2.6958369697038393
2017-08-28,0.6711362519188561,0.0021127466482385865,0.9968519855063738,10,2.686531639256934
2017-08-29,0.6715301563190236,0.0021127466482385865,0.9968538320604698,10,2.680229856396423
2017-08-30,0.675756865581465,0.0021127466482385865,0.9968735106428839,10,2.6887871334821885
2017-08-31,0.6798295699624328,0.0021127466482385865,0.9968922407297534,10,2.678473064411928
2017-09-01,0.6707638207145027,0.0021127466482385865,0.9968502376201686,10,2.67223928640243
2017-09-04,0.6551056537035774,0.0021127466482385865,0.9967749528090708,10,2.6404583526958256
2017-09-05,0.6464799861220679,0.06675958175106754,0.8967337223360508,9,2.637024107719684
2017-09-06,0.6466885256002385,0.06675958175106754,0.8967670229047235,9,2.6293168912715776
2017-09-07,0.649280823752912,0.06675958175106754,0.8971791876353439,9,2.6592050232916615
2017-09-08,0.6470439812996693,0.06675958175106754,0.8968237342738703,9,2.656405490258305
2017-09-11,0.6504881213478106,0.06675958175106754,0.8973700217419163,9,2.673814732117558
2017-09-12,0.6529845548730489,0.2085259424706708,0.6806571596303503,7,2.681057248750411
2017-09-13,0.65251389292545,0.14316050680958559,0.7806015958254214,8,2.675061487719457
2017-09-14,0.6613320589195169,0.14099050050766565,0.7868083081621421,8,2.6948735676478255
2017-09-15,0.6622332390575,0.19951627169770572,0.6987220514910122,7,2.7044055809314402
2017-09-18,0.6660119851992315,0.19951627169770572,0.7004314094467501,7,2.740833512790579
2017-09-19,0.6650860647681384,0.2746728103519961,0.5870116291674939,6,2.738385338154122
2017-09-20,0.654601606914675,0.2746728103519961,0.5803969812316719,6,2.734021693547473
2017-09-21,0.6492032004212782,0.3312763289216899,0.48971858316976946,5,2.727561232701266
2017-09-22,0.6442915667184128,0.3999069849626267,0.3793074352975262,4,2.707397794375999
2017-09-25,0.6476824990553522,0.3999069849626267,0.38255706222432634,4,2.6979791225107395
2017-09-26,0.6457378112968808,0.3999069849626267,0.38069758659561026,4,2.6910879642747854
2017-09-27,0.6475458453002131,0.3352621982991508,0.4822572011967467,5,2.689104489453581
2017-09-28,0.6455910199980973,0.3352621982991508,0.48068949549493595,5,2.689750535538202
2017-09-29,0.6489567904230745,0.270591495520295,0.5830361905237355,6,2.7139262600732184
2017-10-10,0.6535821559208355,0.270591495520295,0.5859870208068071,6,2.7585147740538827
2017-10-11,0.6525613109408129,0.2052656778461332,0.6854461421407333,7,2.7861134094232054
2017-10-12,0.6497380301334472,0.2052656778461332,0.6840793237791939,7,2.8049280848700544
2017-10-13,0.6454804887144185,0.2052656778461332,0.6819955344352022,7,2.8036359927008125
2017-10-16,0.645993959917283,0.2052656778461332,0.6822483017141264,7,2.8109238459010077
2017-10-17,0.6513000222057581,0.2593715509117815,0.601763331692562,6,2.8158201951739223
2017-10-18,0.657646840357291,0.32998897295487367,0.49822769196975863,5,2.8141654104659466
2017-10-19,0.6551429974228928,0.3972835828199334,0.3935925677558787,4,2.8030012807580276
2017-10-20,0.656957546166387,0.3972835828199334,0.39526749462237887,4,2.821679946502851
2017-10-23,0.6563769431075952,0.3972835828199334,0.394732574031307,4,2.822257987736459
2017-10-24,0.6542953125939118,0.4700662255406938,0.28156870988858773,3,2.822756689977218
2017-10-25,0.655892619610195,0.4045270180611146,0.3832420033914546,4,2.825034852486144
2017-10-26,0.6525638773071396,0.4045270180611146,0.3800959076520911,4,2.811581226127464
2017-10-27,0.6543259062187785,0.4045270180611146,0.381765242341088,4,2.8297158530641853
2017-10-30,0.6560120353082067,0.4045270180611146,0.38335427356746554,4,2.8357229482369744
2017-10-31,0.6563954408396275,0.33876762078316963,0.48389705396211263,5,2.8600913531831935
2017-11-01,0.6557401700487975,0.40521471958260447,0.3820498757115184,4,2.8975393578075237
2017-11-02,0.6528746793122376,0.40521471958260447,0.37933767011844804,4,2.886080540411883
2017-11-03,0.6577989697375752,0.46494270778870506,0.2931841958126035,3,2.899239479082841
2017-11-06,0.6577399048406772,0.46494270778870506,0.2931207239108793,3,2.889537453671695
2017-11-07,0.6598093118677333,0.5278893472357329,0.19993650022697063,2,2.8850377993630216
2017-11-08,0.6614527572996243,0.5278893472357329,0.20192433789098252,2,2.8929263620804955
2017-11-09,0.660565055377148,0.5278893472357329,0.20085184201223635,2,2.890852214124608
2017-11-10,0.6578962532844272,0.4619457154846832,0.2978441309271737,3,2.882215598045994
2017-11-13,0.6550254621290741,0.4619457154846832,0.2947667805413405,3,2.8679345793333257
2017-11-14,0.6563147696510547,0.4619457154846832,0.2961521866553642,3,2.8637296127123735
2017-11-15,0.6568121188594882,0.4619457154846832,0.29668515208455337,3,2.85422026771243
2017-11-16,0.6584842149360107,0.4619457154846832,0.29847108707142883,3,2.872966938308266
2017-11-17,0.6567966901779237,0.4619457154846832,0.2966686306541163,3,2.8720602069614296
2017-11-20,0.6569321320624768,0.39623447154578,0.39684108569666277,4,2.8648970293214253
2017-11-21,0.6588876101824677,0.4011960329064001,0.3911009606095102,4,2.8683312742975664
2017-11-22,0.6609300270491639,0.4011960329064001,0.39298259046028067,4,2.8794500674381442
2017-11-23,0.6605189325686938,0.4011960329064001,0.3926047943149975,4,2.8756417957814326
2017-11-24,0.6596609968931204,0.4011960329064001,0.3918148339890366,4,2.883779709619286
2017-11-27,0.6588070063462561,0.4657530391560616,0.2930356922900258,3,2.8423874236362194
2017-11-28,0.6610326961893505,0.4657530391560616,0.2954160333656956,3,2.8496186061272373
2017-11-29,0.6608133049467959,0.4657530391560616,0.2951821101822992,3,2.848156501830464
2017-11-30,0.6567654418562003,0.4657530391560616,0.2908380839288453,3,2.806752881705562
2017-12-01,0.6601971429635505,0.4657530391560616,0.29452430365670956,3,2.8056648040893584
2017-12-04,0.6634261683103051,0.4657530391560616,0.297957992307873,3,2.8354282605492527
2017-12-05,0.6619701838371327,0.4657530391560616,0.29641387100502287,3,2.8450056104002086
2017-12-06,0.6581854599226201,0.3995218768883161,0.3929949820901755,4,2.8044860533384717
2017-12-07,0.6559617386598614,0.46533909474117363,0.2906002479780793,3,2.7904430516043477
2017-12-08,0.6561588407131931,0.46533909474117363,0.29081334294698125,3,2.792732548255109
2017-12-11,0.657336928430112,0.46533909474117363,0.29208435641593744,3,2.8012218204898613
2017-12-12,0.6554418465432281,0.39966929086745046,0.39022921259103466,4,2.7893323057044737
2017-12-13,0.6593930242783868,0.39966929086745046,0.39388304675374386,4,2.8114905529927805
2017-12-14,0.654503369430592,0.13557145022298417,0.7928636328626859,8,2.798943657980936
2017-12-15,0.6548624703615891,0.13290348742776778,0.7970512994058374,8,2.813213342551769
2017-12-18,0.6592078688396018,0.19732508473956106,0.7006633353953878,7,2.812997993856895
2017-12-19,0.6465278012222835,0.19732508473956106,0.6947925760245559,7,2.8092010563420193
2017-12-20,0.650812172230893,0.13259629636867604,0.7962602698192406,8,2.802219224971381
2017-12-21,0.6416379965257939,0.13259629636867604,0.7933471878432536,8,2.754003785603373
2017-12-22,0.6464175076248919,0.13259629636867604,0.794875146782658,8,2.766142651509141
2017-12-26,0.6455223957655603,0.13259629636867604,0.7945907109676299,8,2.751181584286346
2017-12-27,0.646250309123368,0.13259629636867604,0.7948220766833495,8,2.7617563386188215
2017-12-28,0.6597717966763719,0.002868177974609726,0.9956527726873773,10,2.796688163755681
2018-01-02,0.6489092367379116,0.002868177974609726,0.9955800013126209,10,2.8104704802275897
2018-01-03,0.6622259686951131,0.002868177974609726,0.9956688832661436,10,2.818064355257342
2018-01-04,0.6563294213377954,0.002868177974609726,0.9956299719601729,10,2.79552074714663
2018-01-05,0.6732070381779758,0.0660278479420037,0.901920443195741,9,2.8307245916875403
2018-01-08,0.6805918552204145,0.0660278479420037,0.9029846633697665,9,2.848587199220211
2018-01-09,0.676421669548262,0.0660278479420037,0.902386557210535,9,2.8451302859603986
2018-01-10,0.6892716935295055,0.0660278479420037,0.9042063549659214,9,2.8332521053168462
2018-01-11,0.6800984765685298,0.1346714542800411,0.8019824203113459,8,2.819832481383672
2018-01-12,0.6785729173678164,0.1346714542800411,0.8015372396493047,8,2.829477836085641
2018-01-15,0.6686075479181687,0.4266305533466076,0.3619118499708843,4,2.8377630937673555
2018-01-16,0.6726469305432835,0.48278660169522564,0.282258522602209,3,2.8581758832130024
2018-01-17,0.676971072541938,0.48278660169522564,0.286843084915837,3,2.851024039714833
2018-01-18,0.6791662361459381,0.48278660169522564,0.2891481113152902,3,2.85145473710458
2018-01-19,0.6766547791058543,0.4754583186071321,0.29733989430265656,3,2.856498430221356
2018-01-22,0.6756894695197821,0.4754583186071321,0.29633605368299715,3,2.8359269627900128
2018-01-23,0.677455636203947,0.4754583186071321,0.2981705469729149,3,2.8750184179804825
2018-01-24,0.6752505273437537,0.40768759613992334,0.39624246167766486,4,2.876605197837446
2018-01-25,0.6727979825145112,0.340206304251695,0.4943410754886482,5,2.9040678235047435
2018-01-26,0.6788571395026419,0.47521072947681464,0.2999841913352004,3,2.918269503224564
2018-01-29,0.6786248953307437,0.4072613778763056,0.39987262377426147,4,2.944825397545025
2018-01-30,0.6813793332608785,0.4072613778763056,0.40229860520237093,4,2.910312935656077
2018-01-31,0.6755267997573633,0.4072613778763056,0.3971203244303758,4,2.908862165501139
2018-02-01,0.6708209624455748,0.4072613778763056,0.3928910981082412,4,2.911219667002913
2018-02-02,0.6657789336342699,0.3402947449621627,0.48887727176255813,5,2.862312844982942
2018-02-05,0.655358001977885,0.3402947449621627,0.480749843695895,5,2.8241847918484853
2018-02-06,0.649838441972652,0.3402947449621627,0.47633946688478024,5,2.7806163506330117
2018-02-07,0.6373714877761039,0.3402947449621627,0.466096693233787,5,2.716295095716828
2018-02-08,0.6423864728233268,0.3402947449621627,0.4702647715065559,5,2.7288306565868363
2018-02-09,0.6375850615479609,0.3402947449621627,0.46627553641865743,5,2.679130444638384
2018-02-12,0.6391201675643411,0.3402947449621627,0.4675574919517701,5,2.7036235251447938
2018-02-13,0.6305971300760567,0.2119610746569408,0.6638724400293797,7,2.714742318285371
2018-02-14,0.6349916184466652,0.14870509324765196,0.7658156597225352,8,2.7449364721350125
2018-02-19,0.6372690916754955,0.21351788763270024,0.6649486215135223,7,2.768726835847624
2018-02-20,0.6340512101841871,0.1497056360483598,0.7638903078430029,8,2.7373312629634245
2018-02-21,0.6349672171902337,0.1497056360483598,0.7642309209114515,8,2.753799771050335
2018-02-22,0.6329356131659574,0.21160143907725215,0.6656825201874528,7,2.7363791950492473
2018-02-23,0.6462522511189435,0.20269710881020048,0.6863498603536875,7,2.7785875392444663
2018-02-26,0.6536916717402681,0.07235366938056535,0.8893152957143476,9,2.785535368189598
2018-02-27,0.6432822470207579,0.13398388385797425,0.791718356167148,8,2.7838239127724442
2018-02-28,0.6408628322445481,0.13398388385797425,0.79093204174642,8,2.751204252570017
2018-03-02,0.6348526880719383,0.13398388385797425,0.7889527974357543,8,2.7226422151446803
2018-03-05,0.6273467459300849,0.13398388385797425,0.7864277056871732,8,2.6919266907706083
2018-03-06,0.6352730004032967,0.18962352597943904,0.7015086020355682,7,2.7331262963424723
2018-03-07,0.626485683048871,0.18962352597943904,0.6973218525017004,7,2.7222568543222754
2018-03-08,0.6334214474278183,0.18962352597943904,0.7006360824227574,7,2.7576873816998946
2018-03-09,0.6411890710309691,0.18962352597943904,0.7042626979362842,7,2.7875755137199785
2018-03-12,0.6463026646931873,0.18962352597943904,0.7066025929670936,7,2.815536841628036
2018-03-13,0.6380115012199673,0.18962352597943904,0.7027897998439647,7,2.827290346711399
2018-03-14,0.6346146073334951,0.18962352597943904,0.7011989264221422,7,2.8177583334277845
2018-03-15,0.6367102118808674,0.3199759528297159,0.49745434130152527,5,2.8248988427841186
2018-03-16,0.6379545041876192,0.38554062816558665,0.3956612491410499,4,2.826700971335955
2018-03-19,0.6360973176626995,0.38554062816558665,0.39389678676490575,4,2.8052341066996114
2018-03-20,0.6358287258897142,0.4529854498285806,0.2875668692151039,3,2.8171236214849995
2018-03-21,0.6360578388320146,0.4529854498285806,0.28782349312698935,3,2.8165002436840494
2018-03-22,0.6382421355681778,0.4529854498285806,0.2902608201739571,3,2.829024470412223
2018-03-23,0.6332862411551294,0.50668893180364,0.1999053526262829,2,2.739190062224439
2018-03-26,0.6346405930603237,0.6346405930603237,0.0,0,2.762221038434075
2018-03-27,0.6346405930603237,0.6346405930603237,0.0,0,2.7791995829035807
2018-03-28,0.6346405930603237,0.6346405930603237,0.0,0,2.742057600108808
2018-03-29,0.6346405930603237,0.6346405930603237,0.0,0,2.761416314363758
2018-03-30,0.6346405930603237,0.6346405930603237,0.0,0,2.7721610808237656
2018-04-02,0.6346405930603237,0.6346405930603237,0.0,0,2.770245610853574
2018-04-03,0.6346405930603237,0.6346405930603237,0.0,0,2.7682848043160413
2018-04-04,0.6346405930603237,0.6346405930603237,0.0,0,2.7293293588275964
2018-04-05,0.6335469353212199,0.5711765337542913,0.09844637877587653,1,2.762719740674835
2018-04-06,0.6328216980936975,0.5711765337542913,0.09741316475889669,1,2.7537204320574866
2018-04-09,0.6338712610025883,0.5078943639449216,0.19874208661615317,2,2.7701549377188908
2018-04-10,0.6350996930249957,0.5078943639449216,0.20029190767545785,2,2.777703476181301
2018-04-11,0.6383964481920343,0.4441995822709366,0.3041947781368011,3,2.7703136157045867
2018-04-12,0.6322256635102289,0.4441995822709366,0.2974034305968192,3,2.768602160287434
2018-04-13,0.635025969116846,0.4441995822709366,0.3005017056409499,3,2.7826111595960517
2018-04-16,0.6327418057395644,0.3174657179235326,0.4982697285941605,5,2.78535402192023
2018-04-17,0.6282171752885743,0.3174657179235326,0.49465609917827646,5,2.781137721157443
2018-04-18,0.6323795799811736,0.3174657179235326,0.49798233849836854,5,2.81084450690816
2018-04-19,0.6490618372578031,0.3174657179235326,0.5108852505259259,5,2.8177810017114555
2018-04-20,0.6517626679941398,0.3174657179235326,0.512912086694743,5,2.8067075451382197
2018-04-23,0.63645073259135,0.3174657179235326,0.5011935697976958,5,2.80419136565075
2018-04-24,0.6311044716218634,0.3174657179235326,0.4969680422201994,5,2.792891226240805
2018-04-25,0.6305851496814813,0.3174657179235326,0.4965537674271434,5,2.775515986807059
2018-04-26,0.6327907628104767,0.3174657179235326,0.49830854591881135,5,2.8059254893515737
2018-04-27,0.631148020625576,0.3174657179235326,0.4970027512581445,5,2.8249215110677897
2018-04-30,0.6405740756756764,0.3174657179235326,0.5044043616834315,5,2.850967369005656
2018-05-02,0.6390607730667234,0.3174657179235326,0.5032307860173003,5,2.8398939124324203
2018-05-03,0.6287681367803961,0.37142804140222285,0.40927661617187194,4,2.8190844280225322
2018-05-04,0.6352055600826894,0.37142804140222285,0.4152632395820476,4,2.789763003094221
2018-05-08,0.6274075116007858,0.37254132879920104,0.406221121183761,4,2.776649400990604
2018-05-09,0.6274354458795427,0.37254132879920104,0.40624755702641185,4,2.770041596300536
2018-05-10,0.6303448878433757,0.42591762283113493,0.3243101815446715,3,2.7929138945244762
2018-05-11,0.6406582016777855,0.42591762283113493,0.3351874342422807,3,2.8082716567115122
2018-05-14,0.6658559010431586,0.42591762283113493,0.360345651117796,3,2.80645819401784
2018-05-15,0.6695909075701051,0.5399076479587239,0.19367535930556756,2,2.786544106812953
2018-05-16,0.6632740822131142,0.5399076479587239,0.18599616291768795,2,2.7879948769678906
2018-05-17,0.6652472946846186,0.5399076479587239,0.1884106071943005,2,2.7751079577009827
2018-05-18,0.6718265858002749,0.5399076479587239,0.1963586149012101,2,2.788935610740233
2018-05-21,0.6736083922752201,0.5399076479587239,0.19848438031613674,2,2.794512008523275
2018-05-23,0.6746019814894795,0.5399076479587239,0.19966489459956638,2,2.8016978544469504
2018-05-24,0.6733787870778181,0.5399076479587239,0.19821108368783488,2,2.7950107107640347
2018-05-25,0.6680104632850807,0.4733174869841057,0.2914519861613121,3,2.789105622867765
2018-05-28,0.6749564331889831,0.4733174869841057,0.2987436466857409,3,2.8096884244409437
2018-05-29,0.6681548817751404,0.4056489956489443,0.3928817902651189,4,2.7850820025161798
2018-05-30,0.6697757509367075,0.4056489956489443,0.39435102706894304,4,2.7304287705856356
2018-05-31,0.6751672826349795,0.4056489956489443,0.39918742201811747,4,2.746273900871596
2018-06-01,0.6740198535063531,0.4056489956489443,0.3981646185365357,4,2.76435185709914
2018-06-04,0.6758812272624304,0.4056489956489443,0.39982207037770057,4,2.7743259019143367
2018-06-05,0.6767127886085363,0.48854140979262817,0.2780668283258368,3,2.7811263870156075
2018-06-07,0.6741896400591222,0.42047090403718546,0.37633140728725406,4,2.8001904135828357
2018-06-08,0.6731540416762517,0.42047090403718546,0.3753719386573813,4,2.778655544095479
2018-06-11,0.6777772196894906,0.3528998806529531,0.47932761621196596,5,2.7997030454839114
2018-06-12,0.675690937265216,0.2849764874074834,0.5782443248966843,6,2.7982069387616315
2018-06-14,0.664621101423736,0.28241628088200543,0.5750717509916256,6,2.746806605537862
2018-06-15,0.6630678869602391,0.21590485867241094,0.6743849869397193,7,2.724773033809745
2018-06-18,0.6526999192453036,0.21590485867241094,0.6692126775164077,7,2.6932641195071914
2018-06-19,0.6376302444649569,0.21590485867241094,0.6613948906178702,7,2.6523138650557074
2018-06-20,0.6463353206914062,0.21590485867241094,0.6659553458389829,7,2.6792891226240805
2018-06-21,0.6437950438884855,0.21590485867241094,0.6646372774658875,7,2.6497296807172246
2018-06-22,0.638804000464603,0.21590485867241094,0.6620170529373907,7,2.6717065817361636
2018-06-25,0.642624516868819,0.2750719776003505,0.5719553637003523,6,2.6724546350973037
2018-06-26,0.6408700267632106,0.2750719776003505,0.5707835191019405,6,2.66456607237983
2018-06-27,0.6313090573906811,0.3263839676481966,0.4830044590248668,5,2.6544900202881143
2018-06-28,0.6331406458820087,0.3263839676481966,0.4845000557600892,5,2.6229924401273954
2018-06-29,0.6394704174668945,0.3263839676481966,0.4896027107225901,5,2.636468734769747
2018-07-02,0.6257212940854998,0.1985036116310245,0.6827603383369903,7,2.5745956544900204
2018-07-03,0.6259343432918847,0.1985036116310245,0.6828683171671592,7,2.5759784197939455
2018-07-04,0.6275970531774048,0.1985036116310245,0.6837085027311101,7,2.5677044962540663
2018-07-05,0.617347797346895,0.19320609595910354,0.6870384946873979,7,2.5587391900622247
2018-07-06,0.6216590987633379,0.19320609595910354,0.6892089308377419,7,2.576103095354135
2018-07-09,0.6136408558901497,0.258588397339988,0.5785997707651347,6,2.5907581407473734
2018-07-10,0.6166682810067914,0.24570415413365934,0.6015618741853963,6,2.6002334833218104
2018-07-11,0.6178342685618604,0.30722231606167794,0.5027431599467561,5,2.5848870552766097
2018-07-12,0.6354082947141251,0.3648562556302433,0.42579242564909414,4,2.58991941425155
2018-07-13,0.6331477473390212,0.3010821947913386,0.524467715384411,5,2.6192068367543553
2018-07-16,0.6357057448404555,0.3010821947913386,0.526381195647521,5,2.6091081163789682
2018-07-17,0.6305656322661115,0.3010821947913386,0.5225204492840552,5,2.60449512065194
2018-07-18,0.6268212185885894,0.3010821947913386,0.5196681512006182,5,2.5956431558784527
2018-07-19,0.6333511307442866,0.3010821947913386,0.524620419580652,5,2.58677985696313
2018-07-20,0.633486812463176,0.3010821947913386,0.524722237514865,5,2.5946004148295914
2018-07-23,0.6207180467196702,0.3010821947913386,0.5149453179547818,5,2.572068140860715
2018-07-24,0.6250641301095188,0.3010821947913386,0.5183179128538613,5,2.5844110213195206
2018-07-25,0.6258043465691767,0.3010821947913386,0.5188876580324985,5,2.576284441623503
2018-07-26,0.6325899247035882,0.23828354435176405,0.6233206773512616,6,2.5944530709857303
2018-07-27,0.6402674260582142,0.3665313755584929,0.427533932477197,4,2.6011742170941528
2018-07-30,0.6360790918610482,0.3665313755584929,0.4237644653810412,4,2.5994967641025064
2018-07-31,0.6338774828348654,0.3665313755584929,0.42176306071124514,4,2.60148023892371
2018-08-01,0.6343117708709617,0.4405520276572669,0.3054645240898602,3,2.6148658604313777
2018-08-02,0.6334324408795373,0.4405520276572669,0.30450037095424254,3,2.57307687948407
2018-08-03,0.6340356025734161,0.4405520276572669,0.30516200372793,3,2.592888959412438
2018-08-06,0.6305768533307232,0.5124974665092048,0.18725613887953563,2,2.591551530675855
2018-08-07,0.631998091823926,0.5124974665092048,0.18908383879743412,2,2.6070339684230808
2018-08-08,0.6238268334587094,0.5124974665092048,0.17846197210250866,2,2.608496072719854
2018-08-09,0.6236372343383201,0.5697883316859425,0.08634651635178812,1,2.611057588774666
2018-08-10,0.6237375116244512,0.5697883316859425,0.08649340296690577,1,2.5873465640549025
2018-08-13,0.6229352933354028,0.5697883316859425,0.08531698591822237,1,2.548425120991964
2018-08-14,0.6227347387631406,0.5697883316859425,0.08502240806793425,1,2.5602806333518457
2018-08-16,0.6240383434828444,0.5697883316859425,0.08693377957214149,1,2.5397545024878445
2018-08-17,0.6228350160492717,0.5697883316859425,0.0851697207067959,1,2.5468383411350013
2018-08-20,0.6214311340434369,0.5697883316859425,0.08310301741960145,1,2.5477790749073437
2018-08-21,0.6229352933354028,0.5697883316859425,0.08531698591822237,1,2.5729182014983736
2018-08-22,0.6207291930405194,0.5697883316859425,0.08206616013184954,1,2.576624465878566
2018-08-23,0.6206273113178103,0.6206273113178103,0.0,0,2.587131215360029
2018-08-24,0.6206273113178103,0.6206273113178103,0.0,0,2.5991567398474427
2018-08-27,0.6210235713689419,0.5585645801860293,0.10057426813161419,1,2.6060592322252325
2018-08-28,0.6202433647319697,0.5585645801860293,0.0994428768659124,1,2.6103888744063743
2018-08-29,0.6202433647319697,0.5585645801860293,0.0994428768659124,1,2.617087352231126
2018-08-30,0.619728534502131,0.5585645801860293,0.09869475247777443,1,2.61518321640277
2018-08-31,0.6186882589861681,0.5585645801860293,0.09717927878357074,1,2.6327851386732255
2018-09-03,0.6189483278651589,0.5585645801860293,0.0975586247844012,1,2.614820523864036
2018-09-04,0.6202433647319697,0.5585645801860293,0.0994428768659124,1,2.624669893119042
2018-09-05,0.6240342919528793,0.4965402437128323,0.2043061573444333,2,2.5975246234231375
2018-09-06,0.6240342919528793,0.4965402437128323,0.2043061573444333,2,2.5928096204195903
2018-09-07,0.6225796593182632,0.4965402437128323,0.20244705029946933,2,2.585975132892813
2018-09-10,0.6192267851944095,0.4965402437128323,0.19812860879888974,2,2.5939997053123123
2018-09-11,0.6225107860829875,0.4965402437128323,0.20235881078109055,2,2.587811263870156
2018-09-12,0.6199109617707096,0.4965402437128323,0.19901360947946783,2,2.5874939078987635
2018-09-13,0.6198607252151168,0.4965402437128323,0.19894869361095163,2,2.591245508846298
2018-09-14,0.6210148029938055,0.4965402437128323,0.20043734655100454,2,2.627537431003412
2018-09-17,0.6197153230764811,0.4965402437128323,0.1987607450985159,2,2.6102641988461848
2018-09-18,0.6238475393596776,0.4965402437128323,0.2040679615046886,2,2.617030681521949
2018-09-19,0.6206093319761792,0.4965402437128323,0.19991495755998231,2,2.616441306146505
2018-09-20,0.6203492630971884,0.4965402437128323,0.19957953809152718,2,2.6334311847578458
2018-09-21,0.6197737420847607,0.5518929854655272,0.10952506053402639,1,2.651248455723175
2018-09-27,0.6180950834975771,0.5518929854655272,0.10710665688753931,1,2.669677770347618
2018-09-28,0.6149475986466081,0.5518929854655272,0.10253656298496494,1,2.655668771039001
2018-10-01,0.6125345269275317,0.5518929854655272,0.09900101756905369,1,2.650919765609947
2018-10-02,0.6128492754126287,0.5518929854655272,0.09946375461741366,1,2.6176993958902406
2018-10-04,0.6121148622807359,0.5518929854655272,0.09838329458432421,1,2.577939226331478
2018-10-05,0.6075360697567819,0.49061854954043427,0.19244539713198236,2,2.570039329472169
2018-10-08,0.6076051246839848,0.5482070306969988,0.09775772384717607,1,2.5545228892994367
2018-10-10,0.6075253956987674,0.5482070306969988,0.09763931750300144,1,2.5259381835904295
2018-10-11,0.6046551522309399,0.5482070306969988,0.09335589273599942,1,2.4137981842704783
2018-10-12,0.6067281058465931,0.5482070306969988,0.09645354251050776,1,2.450271452696959
2018-10-15,0.605611900053549,0.5482070306969988,0.09478821230473572,1,2.4313094334062497
2018-10-16,0.6072862087431151,0.5482070306969988,0.09728391192744344,1,2.4313094334062497
2018-10-17,0.6050366481050609,0.426622222572028,0.2948820143239527,3,2.456686576975825
2018-10-18,0.6044374938572747,0.3662136379018919,0.39412488202069473,4,2.4349250246517586
2018-10-19,0.6028944741847384,0.24545980130496103,0.59286440361411,6,2.4439356674109423
2018-10-22,0.6099492870195394,0.18518420485039608,0.6963940957201844,7,2.450112774711263
2018-10-23,0.6056659059730567,0.18518420485039608,0.6942469387427694,7,2.38708361196432
2018-10-24,0.6056709900332258,0.18518420485039608,0.6942495052631839,7,2.377426923120516
2018-10-25,0.6050919394695433,0.18518420485039608,0.6939569133696629,7,2.3385734849085904
2018-10-26,0.5938948016972393,0.18518420485039608,0.6881868567948826,7,2.2976005621734354
2018-10-29,0.587579696145688,0.18518420485039608,0.6848355958091505,7,2.2623513810651827
2018-10-30,0.5836649801732138,0.18518420485039608,0.6827217476788839,7,2.2834782214464635
2018-10-31,0.5930708743070862,0.18518420485039608,0.6877536684519268,7,2.3004794341996395
2018-11-01,0.5829249631705489,0.18518420485039608,0.6823189663328658,7,2.294551678019699
2018-11-02,0.585933712922825,0.24048502628705826,0.5895695690772904,6,2.3756361287105148
2018-11-05,0.5871457922791485,0.24048502628705826,0.5904168445905787,6,2.3540105860884744
2018-11-06,0.5873344231634485,0.24048502628705826,0.5905483881026772,6,2.368404946219497
2018-11-07,0.5878908965903142,0.24048502628705826,0.5909359582163322,6,2.356016729193349
2018-11-08,0.5874705027197087,0.24048502628705826,0.5906432320027523,6,2.371816522911968
2018-11-09,0.5884852181045237,0.24048502628705826,0.5913490791465479,6,2.364403994151583
2018-11-12,0.5889058696001155,0.24048502628705826,0.5916409757465064,6,2.3580002040145533
2018-11-13,0.5899077060087919,0.36619525153384247,0.3792329752539549,4,2.347561459384103
2018-11-14,0.5862235035186399,0.4146006296691895,0.2927601381031858,3,2.34395720228043
2018-11-15,0.5866884103007672,0.4662541121280654,0.20527812729581774,2,2.366636820093167
2018-11-16,0.5840100240732355,0.5267089124412742,0.09811665771129952,1,2.3715558376497525
2018-11-19,0.5805013538891645,0.46837219699539256,0.19315916516394688,2,2.3808044973874805
2018-11-20,0.5799552266507543,0.46837219699539256,0.19239938624185618,2,2.3604257103673394
2018-11-21,0.5775797297153686,0.46837219699539256,0.1890778486526761,2,2.353591222840563
2018-11-22,0.5748089407083623,0.46837219699539256,0.18516890774489872,2,2.3461106892291648
2018-11-23,0.5747954175106673,0.46837219699539256,0.18514973723376926,2,2.331977014360358
2018-11-26,0.5767558579008013,0.46837219699539256,0.1879194800030104,2,2.3609244126080995
2018-11-27,0.5793281686152392,0.46837219699539256,0.19152524878095128,2,2.379512405218239
2018-11-28,0.5830210279372742,0.46837219699539256,0.19664613358373825,2,2.3894864500334356
2018-11-29,0.5812288988063508,0.46837219699539256,0.1941691165782157,2,2.3961509254326807
2018-11-30,0.5969737953404608,0.46837219699539256,0.21542251828947587,2,2.3766108649083635
2018-12-03,0.6268964620031412,0.34817249858950605,0.4446092461951691,4,2.4163597003252897
2018-12-04,0.620472191922508,0.34817249858950605,0.4388588189412525,4,2.396434278978567
2018-12-05,0.6654086802015361,0.28653782059942257,0.5693806992228637,5,2.381654558025139
2018-12-06,0.6587857311760696,0.2198693356831387,0.6662506103606308,6,2.3446825873578985
2018-12-07,0.6461705310964009,0.15394641816583426,0.7617557428615275,7,2.3526958256355623
2018-12-10,0.6426730168209036,0.15394641816583426,0.7604591850964,7,2.3277947160230763
2018-12-11,0.6266777419160618,0.15394641816583426,0.7543451636001234,7,2.326865316392569
2018-12-12,0.64452645172637,0.25343469107879646,0.6067893095776452,6,2.3604143762255045
2018-12-13,0.6592409760605143,0.18881841962693874,0.7135820944333923,7,2.37512609232792
2018-12-14,0.6799550602890977,0.2676148930918465,0.6064226759661673,6,2.3454646431445445
2018-12-17,0.6928732039356591,0.2676148930918465,0.6137606540825362,6,2.3474027813984066
2018-12-18,0.688979043572667,0.19852840369909566,0.7118513174658603,7,2.3372247220301716
2018-12-19,0.6838291971661067,0.19852840369909566,0.7096812997721831,7,2.3561867413208812
2018-12-20,0.6737569103259531,0.19852840369909566,0.7053411984998407,7,2.334969227804917
2018-12-21,0.671370336057721,0.19852840369909566,0.7042937510989058,7,2.3365220052363735
2018-12-24,0.6531057461991903,0.19852840369909566,0.6960241050481485,7,2.329177481327002
2018-12-26,0.6400540739342655,0.19852840369909566,0.6898255760192461,7,2.2985752983712837
2018-12-27,0.6761303824735702,0.19852840369909566,0.7063755618068884,7,2.2990626664702085
2018-12-28,0.661298988100091,0.19852840369909566,0.6997902502928866,7,2.3133436851828764
2019-01-02,0.6690030556520654,0.3597092275809298,0.4623205013162045,5,2.2781625089256368
2019-01-03,0.6719239898482257,0.29279711100860556,0.5642407244981049,6,2.259687857733852
2019-01-04,0.6816044721765596,0.35573443945730954,0.4780925683756932,5,2.278445862471523
2019-01-07,0.6797736690449954,0.2801535175026598,0.5878723606693333,6,2.3088780332997088
2019-01-08,0.6695972152886838,0.347404784838072,0.4811734922041227,5,2.29546974350837
2019-01-09,0.6725204766506275,0.347404784838072,0.48342868819658585,5,2.340171598907389
2019-01-10,0.6697942166434858,0.347404784838072,0.4813260906028596,5,2.3385508166249194
2019-01-11,0.6706720352577606,0.347404784838072,0.4820049643123211,5,2.3524804769406886
2019-01-14,0.6882542159143843,0.4094645955930534,0.40506779889599837,4,2.339956250212515
2019-01-15,0.6903736924655813,0.4094645955930534,0.4068942660159848,4,2.376973557447098
2019-01-16,0.6930524013655641,0.4094645955930534,0.4091866721964169,4,2.38708361196432
2019-01-17,0.6887757556461018,0.4759520999489608,0.3089883085351967,3,2.3881716895805236
2019-01-18,0.6926409601332317,0.4759520999489608,0.3128444210729179,3,2.4076890818211703
2019-01-21,0.695669463408926,0.4759520999489608,0.31583586029966604,3,2.40806310850174
2019-01-22,0.6944927553343357,0.4759520999489608,0.3146766524298259,3,2.4003105554862914
2019-01-23,0.6955423150807023,0.4759520999489608,0.31571079195413576,3,2.411656031463578
2019-01-24,0.6975782356350477,0.4759520999489608,0.31770792774853013,3,2.4312074261297307
2019-01-25,0.6974555251013199,0.4759520999489608,0.3175878850772329,3,2.468270069931655
2019-01-28,0.696615727213937,0.4759520999489608,0.3167652102077914,3,2.467782701832731
2019-01-29,0.6983763744338136,0.4759520999489608,0.3184876846173042,3,2.4746511917850142
2019-01-30,0.6932033574100145,0.5588638241647546,0.1937952720644442,2,2.500538371737184
2019-01-31,0.6964199859590469,0.5588638241647546,0.19751897499733925,2,2.499008262589398
2019-02-01,0.6960244044829264,0.6960244044829264,0.0,0,2.4974328168742703
2019-02-07,0.6960244044829264,0.6960244044829264,0.0,0,2.4973874803069287
2019-02-08,0.6960244044829264,0.6960244044829264,0.0,0,2.467499348286845
2019-02-11,0.6960244044829264,0.6960244044829264,0.0,0,2.4716703124822907
2019-02-12,0.6960244044829264,0.6960244044829264,0.0,0,2.4827097666300193
2019-02-13,0.6948913545742107,0.6264219640346337,0.09853251172124758,1,2.4951886567908512
2019-02-14,0.6962146572182929,0.6264219640346337,0.10024594061623765,1,2.522809960443845
2019-02-15,0.695556297693874,0.6264219640346337,0.09939430336330217,1,2.489079554341543
2019-02-18,0.6965504205757467,0.6264219640346337,0.10067965572850701,1,2.50585408425801
2019-02-19,0.6962146572182929,0.6264219640346337,0.10024594061623765,1,2.4998923256525636
2019-02-20,0.695556297693874,0.6264219640346337,0.09939430336330217,1,2.5272416099015067
2019-02-21,0.6939038152875822,0.6264219640346337,0.09724957518064846,1,2.5259948542996065
2019-02-22,0.6968796003379562,0.6264219640346337,0.10110446089848744,1,2.5280803363973297
2019-02-25,0.6968796003379562,0.6264219640346337,0.10110446089848744,1,2.5304151696154324
2019-02-26,0.695556297693874,0.6264219640346337,0.09939430336330217,1,2.5236600210815037
2019-02-27,0.6958173553504341,0.5567675803365835,0.19983660071804482,2,2.5329426832447384
2019-02-28,0.6927253969256721,0.4872823457406972,0.2965721368044753,3,2.4883428351222387
2019-03-04,0.7004438025380435,0.4872823457406972,0.3043234246986842,3,2.482925115324893
2019-03-05,0.6966878388301601,0.4872823457406972,0.3005729128860424,3,2.469970191206973
2019-03-06,0.694198820817965,0.4872823457406972,0.29806514916499127,3,2.465855897720704
2019-03-07,0.6864304820464369,0.417911239122688,0.39118199139877874,4,2.454737104580127
2019-03-08,0.6877389671602581,0.417911239122688,0.39234032230530036,4,2.4226048124766235
2019-03-11,0.6900346324758504,0.417911239122688,0.39436193568543243,4,2.423352865837763
2019-03-12,0.6947173950213696,0.417911239122688,0.39844425644497783,4,2.444978408459803
2019-03-13,0.6951580220846055,0.4842659920370217,0.3033727920094646,3,2.435038366070113
2019-03-14,0.6970212021563464,0.4842659920370217,0.3052349189108344,3,2.443278287184486
2019-03-15,0.6947657145327032,0.4146772410353434,0.40314089719546137,4,2.4664339389543124
2019-03-18,0.6935541425285563,0.4146772410353434,0.40209824207304823,4,2.470264878894694
2019-03-19,0.6894020596175059,0.4146772410353434,0.39849724083299853,4,2.468145394371465
2019-03-20,0.6859946071202387,0.4146772410353434,0.3955094737899882,4,2.4675560189960217
2019-03-21,0.6783137827216283,0.4146772410353434,0.38866458031927986,4,2.4763739813440027
2019-03-22,0.6778478988633999,0.4146772410353434,0.3882444103896097,4,2.4787201487039408
2019-03-25,0.6718351336871697,0.4146772410353434,0.3827693428899599,4,2.431014745718528
2019-03-26,0.6757431136634161,0.4146772410353434,0.38633893168774214,4,2.435480397601696
2019-03-27,0.6720045139803483,0.4772656641624994,0.2897880085126092,3,2.431876140498022
2019-03-28,0.662557582733043,0.40425894956951186,0.3898508445078117,4,2.412018724002312
2019-03-29,0.666448415406276,0.40425894956951186,0.393412993077536,4,2.426265740289474
2019-04-01,0.6768925415539797,0.3375543144850046,0.5013177221452869,5,2.4575593058971545
2019-04-02,0.6708693784356974,0.26976829061131546,0.5978825397570704,6,2.4676466921307054
2019-04-03,0.6707891373501695,0.33670327366233743,0.49804900688698917,5,2.497217468179397
2019-04-04,0.6673230701676693,0.2694856640520269,0.5961691179291662,6,2.500912398417754
2019-04-05,0.668675301956298,0.2694856640520269,0.5969857668383879,6,2.504403314103073
2019-04-08,0.6729065431228095,0.2694856640520269,0.5995199232252908,6,2.505525394144782
2019-04-09,0.6742400970626676,0.2694856640520269,0.6003120175942614,6,2.5088803001280757
2019-04-10,0.6795657294109075,0.2694856640520269,0.6034442992208644,6,2.5211551757358692
2019-04-11,0.6869195447766268,0.33698676295517493,0.5094232424777538,5,2.5212118464450466
2019-04-12,0.6895719501751026,0.33698676295517493,0.5113102224218893,5,2.5314239082387875
2019-04-15,0.6936353305240788,0.26764607724963485,0.6141400740827117,6,2.5421120039896183
2019-04-16,0.6882204559581616,0.26764607724963485,0.6111041528444403,6,2.5486291355450024
2019-04-17,0.690247673122856,0.26764607724963485,0.612246317269371,6,2.545523580682089
2019-04-18,0.6930419025105572,0.26764607724963485,0.6138096754610624,6,2.5091183171066205
2019-04-19,0.6865537460969962,0.19811979473511598,0.7114285722546686,7,2.5118158428634576
2019-04-22,0.6794742293288076,0.19811979473511598,0.7084219147931173,7,2.5123825499552304
2019-04-23,0.6821029403058557,0.19811979473511598,0.709545608106778,7,2.5167575287037147
2019-04-24,0.6845245526892506,0.3478540021725959,0.4918312267894516,5,2.4946786204082563
2019-04-25,0.686961493336783,0.3478540021725959,0.4936339146420535,5,2.482743769055526
2019-04-26,0.6874705919240607,0.41724523867761265,0.3930718730675502,4,2.4700608643416566
2019-04-29,0.6895290414834641,0.4837961536475297,0.2983672557044404,3,2.5121331988348503
2019-04-30,0.6894462683370572,0.4837961536475297,0.2982830194810614,3,2.4975801607181314
2019-05-02,0.6894683573903941,0.48467032785575237,0.29703760490154024,3,2.5079622346394044
2019-05-03,0.6830769663741013,0.2780723664367468,0.5929121019658937,6,2.4893402396037585
2019-05-07,0.678551275812224,0.2780723664367468,0.5901969735391109,6,2.4674313434358317
2019-05-08,0.6739889071256431,0.2780723664367468,0.5874229330826222,6,2.457253284067597
2019-05-09,0.6675428067188558,0.2780723664367468,0.5834388991418484,6,2.382447947953621
2019-05-10,0.6737368731564902,0.2780723664367468,0.587268594734968,6,2.3892824354803976
2019-05-13,0.6682352786211507,0.2780723664367468,0.5838705687455973,6,2.356379421732084
2019-05-14,0.6720296938845569,0.35137849587895265,0.4771384373689395,5,2.3595869838715164
2019-05-15,0.676135776290976,0.35137849587895265,0.4803137059149841,5,2.3719865350395
2019-05-16,0.6756024286903809,0.28350664858722496,0.5803646692970192,6,2.3435491731743534
2019-05-17,0.668775187654821,0.28350664858722496,0.5760807909435286,6,2.330072878532002
2019-05-20,0.6628948688810601,0.3514303959078235,0.46985500656985946,5,2.329970871255483
2019-05-21,0.6616055118294919,0.3514303959078235,0.46882184379625647,5,2.336249985832323
2019-05-22,0.662583080542503,0.3514303959078235,0.4696055389460248,5,2.340341611034921
2019-05-23,0.6591675869298353,0.28496885956895324,0.5676837495966158,6,2.334368518287638
2019-05-24,0.654205727135027,0.2190309340702014,0.6651956334448388,7,2.318183363746614
2019-05-27,0.6578325287456537,0.2190309340702014,0.6670414968869862,7,2.3169366081447142
2019-05-28,0.6614114969187709,0.15323040452257597,0.76832818111507,8,2.3221729816726926
2019-05-29,0.6505651698518142,0.15323040452257597,0.7644657113176242,8,2.2932595858504574
2019-05-30,0.6489728001877413,0.20389651964098876,0.6858165402586925,7,2.3108048374117356
2019-05-31,0.6468613463195476,0.3902798381568048,0.3966561143630188,4,2.314137075111358
2019-06-03,0.6495829747418084,0.3902798381568048,0.3991840098458085,4,2.3437305194437204
2019-06-04,0.6488067927799894,0.3902798381568048,0.39846524034598263,4,2.3427331149622006
2019-06-05,0.6526138574046118,0.3902798381568048,0.4019743317910631,4,2.3451586213149875
2019-06-07,0.6504856909818544,0.3902798381568048,0.4000177965979397,4,2.3488082149860023
2019-06-10,0.6535227512766727,0.3902798381568048,0.40280604249143037,4,2.379591744211087
2019-06-11,0.654910181342659,0.3902798381568048,0.40407120048633904,4,2.3935554069523626
2019-06-12,0.6529105654489422,0.3902798381568048,0.4022460979959057,4,2.3900871595507147
2019-06-13,0.6565414088098606,0.4545937035471918,0.3075932493408871,3,2.3837400401228623
2019-06-14,0.652191517964429,0.4545937035471918,0.30297513686465066,3,2.374967414342223
2019-06-17,0.6524143335788116,0.4545937035471918,0.3032131880770874,3,2.369663035963232
2019-06-18,0.6523480923322982,0.4545937035471918,0.3031424343989231,3,2.378707681147922
2019-06-19,0.6563559348398549,0.4545937035471918,0.30739758808136824,3,2.4082557889129426
2019-06-20,0.653776246355945,0.5201611950016243,0.20437428263732715,2,2.415634315247821
2019-06-21,0.6547427807830638,0.5867877024988444,0.10378896916273904,1,2.4092078568271202
2019-06-24,0.6543273160213545,0.5867877024988444,0.10321992047219668,1,2.4100125808974373
2019-06-25,0.655850772123053,0.655850772123053,0.0,0,2.404696868376611
2019-06-26,0.655850772123053,0.655850772123053,0.0,0,2.4049348853551553
2019-06-27,0.655850772123053,0.655850772123053,0.0,0,2.419068560223963
2019-06-28,0.655850772123053,0.655850772123053,0.0,0,2.4148749277448456
2019-07-01,0.655850772123053,0.655850772123053,0.0,0,2.413877523263326
2019-07-02,0.655850772123053,0.655850772123053,0.0,0,2.405127565766358
2019-07-03,0.655850772123053,0.655850772123053,0.0,0,2.375658796994186
2019-07-04,0.6564972292113674,0.5902656949107477,0.10088623584928452,1,2.3900644912670437
2019-07-05,0.6580519600634946,0.5902656949107477,0.10301050565400097,1,2.392172641648438
2019-07-08,0.65519987650564,0.5243983096703131,0.1996361286466161,2,2.3395595552482744
2019-07-09,0.6531204658059686,0.5243983096703131,0.19708792309364995,2,2.3257999070600373
2019-07-10,0.653709953982384,0.5243983096703131,0.1978119554770548,2,2.333450452798967
2019-07-11,0.6568711285415791,0.5243983096703131,0.20167246376833373,2,2.3581588820002493
2019-07-12,0.6559124336028325,0.5243983096703131,0.20050561202221956,2,2.3650500402362034
2019-07-15,0.6538071664756907,0.5243983096703131,0.19793123024782444,2,2.360312368948985
2019-07-16,0.654080153575587,0.45888738849538324,0.29842331098591707,3,2.3709551281324734
2019-07-17,0.6527300613994472,0.45888738849538324,0.2969721855440013,3,2.349476929354294
2019-07-18,0.6536566556923897,0.45888738849538324,0.2979687661723509,3,2.342257081005112
2019-07-19,0.6560821022435461,0.45888738849538324,0.30056408043114347,3,2.373777329449501
2019-07-22,0.6563066566473016,0.45888738849538324,0.30080339145182744,3,2.372621246982285
2019-07-23,0.6588008809983692,0.45888738849538324,0.30345055428588724,3,2.3818132360108355
2019-07-24,0.6584251264990726,0.45888738849538324,0.30305304274254546,3,2.360108354395947
2019-07-25,0.6509511280778915,0.39304860426461297,0.3961933741090598,4,2.3512450554806246
2019-07-26,0.6543137600051063,0.39304860426461297,0.3992964411117602,4,2.341928390891884
2019-07-29,0.651664766349777,0.39304860426461297,0.39685460291765007,4,2.300241417221095
2019-07-30,0.6556470762249271,0.39304860426461297,0.4005180248378424,4,2.3106688277097103
2019-07-31,0.6521374623613919,0.45914767549663155,0.29593421326531943,3,2.294653685296218
2019-08-01,0.6483823833581992,0.39406678013432644,0.39223089607506506,4,2.2864817690328576
2019-08-02,0.6492465133903031,0.4574473423452835,0.2954180994264609,3,2.2647088825669566
2019-08-05,0.6460537257637293,0.4574473423452835,0.29193606645559655,3,2.206734747078625
2019-08-06,0.6419467535883646,0.4574473423452835,0.28740609748668905,3,2.1733216969477156
2019-08-07,0.6426789897334809,0.4574473423452835,0.28821799117007546,3,2.1644924004578994
2019-08-08,0.6464872161387025,0.4574473423452835,0.2924108459908987,3,2.176846615058541
2019-08-09,0.6472558496994731,0.3926378424745683,0.39338077414538053,4,2.1962733341645038
2019-08-12,0.6440720249450098,0.45617777933102927,0.2917286240308648,3,2.2014190345577984
2019-08-13,0.6418203388975947,0.45617777933102927,0.2892438090781439,3,2.182763037096646
2019-08-14,0.6435754949221387,0.45617777933102927,0.29118217997685153,3,2.196976050958302
2019-08-16,0.6479516962230726,0.45617777933102927,0.2959694650232394,3,2.1842818121025966
2019-08-19,0.6476016706774224,0.45617777933102927,0.2955889399515515,3,2.198710174659126
2019-08-20,0.6479075770057863,0.3914546257526601,0.3958171818861687,4,2.2217751532942684
2019-08-21,0.6494346029176399,0.3914546257526601,0.3972378065566309,4,2.2267621757018667
2019-08-22,0.6485246900147507,0.4539753371590258,0.2999875808140779,3,2.2113024062383118
2019-08-23,0.6499720387025087,0.4539753371590258,0.3015463587245024,3,2.2082308538009046
2019-08-26,0.6463355560675288,0.4539753371590258,0.2976166437119317,3,2.171972934069297
2019-08-27,0.6448228119721902,0.4539753371590258,0.2959688634920615,3,2.181368937650886
2019-08-28,0.6488801912434735,0.4539753371590258,0.3003710957965048,3,2.2000589375375443
2019-08-29,0.6486221562055127,0.5140096402606555,0.20753610504511633,2,2.191354316607918
2019-08-30,0.6473653197272767,0.5140096402606555,0.20599756490323198,2,2.2303210962381983
2019-09-02,0.6470860156532672,0.5140096402606555,0.20565484676448156,2,2.2319078760951614
2019-09-03,0.6467803326827428,0.5140096402606555,0.2052794213320857,2,2.227940926452754
2019-09-04,0.6472333615350887,0.5140096402606555,0.2058356833746288,2,2.2538281064049235
2019-09-05,0.6485011892202057,0.5140096402606555,0.20738828423934014,2,2.272212084462025
2019-09-06,0.6465985332001509,0.5800309314735841,0.10295043726299526,1,2.2771764385859528
2019-09-09,0.6455363366481329,0.5800309314735841,0.10147438874576364,1,2.2889866143784925
2019-09-10,0.6472823591807637,0.5800309314735841,0.10389813155466926,1,2.3031882940983124
2019-09-11,0.6456880790127069,0.5800309314735841,0.10168555014910025,1,2.3225923449206043
2019-09-16,0.6462191772887159,0.5800309314735841,0.10242383411280359,1,2.337349397590361
2019-09-17,0.6462950484710029,0.5800309314735841,0.10252920419889602,1,2.3374740731505512
2019-09-18,0.6461625202370082,0.6461625202370082,0.0,0,2.3469947522923302
2019-09-19,0.6461625202370082,0.6461625202370082,0.0,0,2.357898196738034
2019-09-20,0.6461625202370082,0.6461625202370082,0.0,0,2.370558433168233
2019-09-23,0.6461625202370082,0.6461625202370082,0.0,0,2.3707624477212708
2019-09-24,0.6461625202370082,0.6461625202370082,0.0,0,2.381348536195582
2019-09-25,0.6461625202370082,0.6461625202370082,0.0,0,2.35000963402056
2019-09-26,0.6461625202370082,0.6461625202370082,0.0,0,2.351290392047966
2019-09-27,0.6461625202370082,0.6461625202370082,0.0,0,2.323419737274592
2019-09-30,0.6461625202370082,0.6461625202370082,0.0,0,2.338290131362704
2019-10-01,0.6461625202370082,0.6461625202370082,0.0,0,2.3489102222625218
2019-10-02,0.6461625202370082,0.6461625202370082,0.0,0,2.3029956136871097
2019-10-04,0.6461625202370082,0.6461625202370082,0.0,0,2.290278706547734
2019-10-07,0.6461625202370082,0.6461625202370082,0.0,0,2.2914574572986206
2019-10-08,0.6461625202370082,0.6461625202370082,0.0,0,2.3192487730791465
2019-10-10,0.6461625202370082,0.6461625202370082,0.0,0,2.2987339763569805
2019-10-11,0.6461625202370082,0.6461625202370082,0.0,0,2.3173899738181323
2019-10-14,0.6461625202370082,0.6461625202370082,0.0,0,2.3432204830611254
2019-10-15,0.6461625202370082,0.6461625202370082,0.0,0,2.344093211982455
2019-10-16,0.6461625202370082,0.6461625202370082,0.0,0,2.3607090639132258
2019-10-17,0.6461625202370082,0.6461625202370082,0.0,0,2.3551666685556905
2019-10-18,0.6461625202370082,0.6461625202370082,0.0,0,2.3356152738895375
2019-10-21,0.6461625202370082,0.6461625202370082,0.0,0,2.34031894275125
2019-10-22,0.6461625202370082,0.6461625202370082,0.0,0,2.367543551440003
2019-10-23,0.6461625202370082,0.6461625202370082,0.0,0,2.3582042185675913
2019-10-24,0.6461625202370082,0.6461625202370082,0.0,0,2.3639166260526583
2019-10-25,0.6461625202370082,0.6461625202370082,0.0,0,2.3664441396819638
2019-10-28,0.6461625202370082,0.6461625202370082,0.0,0,2.3729159346700066
2019-10-29,0.6460335456820706,0.5815462682133073,0.09982032341784787,1,2.3718845277629805
2019-10-30,0.6432626079783347,0.5815462682133073,0.09594268188382869,1,2.3578075236033507
2019-10-31,0.6430107045507224,0.5815462682133073,0.09558851182790307,1,2.36144578313253
2019-11-01,0.6409954771298235,0.5815462682133073,0.09274513009469434,1,2.380396468281404
2019-11-04,0.64275880112311,0.5815462682133073,0.09523406416659612,1,2.4144442303550986
2019-11-05,0.6407923878162973,0.5172703881009963,0.19276446172564757,2,2.428498566231058
2019-11-06,0.6366871388308583,0.5172703881009963,0.18755954604194708,2,2.430210021648211
2019-11-07,0.6360440552725382,0.5172703881009963,0.1867381137940965,2,2.4303686996339073
2019-11-08,0.6364997179626999,0.5172703881009963,0.18732031844936436,2,2.4223667954980788
2019-11-11,0.6354009717142182,0.5172703881009963,0.18591501881799594,2,2.4074737331262965
2019-11-12,0.6355832367902828,0.5172703881009963,0.18614847252229372,2,2.4265490938353604
2019-11-13,0.6315566309024483,0.4537211776757713,0.2815827505010328,3,2.4056149338652824
2019-11-14,0.6333972122650726,0.4537211776757713,0.28367039057018784,3,2.4246336238651693
2019-11-15,0.6379294096033301,0.4537211776757713,0.2887595855505408,3,2.450645479377529
2019-11-18,0.6368015501505735,0.4537211776757713,0.2874998850607577,3,2.448956692244047
2019-11-19,0.6381354641954149,0.4537211776757713,0.28898924580560653,3,2.4405127565766356
2019-11-20,0.6354052195351129,0.4537211776757713,0.2859341350583627,3,2.408867832572057
2019-11-21,0.6326228383510742,0.4537211776757713,0.2827935538046785,3,2.376316177220642
2019-11-22,0.6333690371139014,0.39046991019054594,0.38350331748167527,4,2.3823912772444436
2019-11-25,0.6386969995642134,0.4492974214477148,0.2965405790941982,3,2.406805018758005
2019-11-26,0.6384096152423516,0.4492974214477148,0.2962239121709445,3,2.404368178263383
2019-11-27,0.6370788127295102,0.3853575060377811,0.39511800057084073,4,2.4117353704564257
2019-11-28,0.63585406504888,0.3218268813598456,0.4938667548895739,5,2.4012512892586337
2019-11-29,0.6331741820841386,0.3218268813598456,0.49172456732122405,5,2.366523478674812
2019-12-02,0.6337009895334633,0.3792677478725518,0.4015036205769975,4,2.371011798841651
2019-12-03,0.6321003054266612,0.3792677478725518,0.399988032569372,4,2.362114497500822
2019-12-04,0.6319792046113166,0.3792677478725518,0.39987305736458345,4,2.344909270194607
2019-12-05,0.6283759157647104,0.3161341491116393,0.4969028233252454,5,2.3356719445987144
2019-12-06,0.6333639218177363,0.3161341491116393,0.5008649242218545,5,2.3595983180133517
2019-12-09,0.6311621340449667,0.252783823753955,0.599494630430498,6,2.3673055344614586
2019-12-10,0.6279021885552434,0.31722527001604434,0.49478553220851745,5,2.377902957077605
2019-12-11,0.62900640593697,0.31722527001604434,0.49567243350486306,5,2.3865395731562185
2019-12-12,0.6314338682754008,0.31722527001604434,0.49761125281026897,5,2.422502805200104
2019-12-13,0.6285327778624328,0.2540647897685969,0.595781160956089,6,2.459792131838738
2019-12-16,0.628662876695182,0.2540647897685969,0.5958648121483009,6,2.4574119620532935
2019-12-17,0.6290155966170282,0.2540647897685969,0.5960914305861282,6,2.4886148545262894
2019-12-18,0.6318535740656828,0.2540647897685969,0.5979055904775397,6,2.4875721134774285
2019-12-19,0.6339818484099969,0.3174018964290018,0.4993517602672158,5,2.489612259007809
2019-12-20,0.6340579486591525,0.3174018964290018,0.49941184855388354,5,2.4982488750864227
2019-12-23,0.6329755918317623,0.3174018964290018,0.49855586767496773,5,2.4977161704201567
2019-12-24,0.6297186721597707,0.3757795071550707,0.4032581154593289,4,2.482267735098437
2019-12-26,0.6306509188512448,0.4335388552619389,0.31255335986563415,3,2.491165036439266
2019-12-27,0.6308522776013152,0.3707688514368841,0.41227310322686683,4,2.4982828775119295
2019-12-30,0.6356820633220873,0.3707688514368841,0.41673853514249154,4,2.4908703487515447
2020-01-02,0.6378320047034968,0.306998787155752,0.5186839404547224,5,2.46536852962178
2020-01-03,0.6363417986028264,0.24307518926069185,0.6180115940923636,6,2.466830633918553
2020-01-06,0.6300313327511213,0.3092755071319634,0.509110910751902,5,2.4425869045325235
2020-01-07,0.6344004472663612,0.3092755071319634,0.5124916628532734,5,2.4657878928696912
2020-01-08,0.6218499067757428,0.3713016105942431,0.4029079902585798,4,2.438325267202394
2020-01-09,0.6366787532044611,0.3713016105942431,0.4168148242336517,4,2.4781534416121684
2020-01-10,0.6406411717699603,0.3713016105942431,0.42042187271790105,4,2.5007537204320576
2020-01-13,0.6434933661068646,0.3713016105942431,0.4229907716988317,4,2.526674902809734
2020-01-14,0.6322104667524319,0.436483748711718,0.30959107501989325,3,2.5375783472554376
2020-01-15,0.6311092047654943,0.3732331831228635,0.4086076065685837,4,2.5286243752054314
2020-01-16,0.6298965088454542,0.3732331831228635,0.40746903994281913,4,2.5479717553185464
2020-01-17,0.628982681273538,0.3732331831228635,0.40660817183844145,4,2.55082795906108
2020-01-20,0.6248144216272375,0.3732331831228635,0.40264953848083024,4,2.564508268256469
2020-01-21,0.6208573558614439,0.3732331831228635,0.39884229509530433,4,2.5384964127441094
2020-01-22,0.6273842647601824,0.3732331831228635,0.40509635946076533,4,2.569733307642612
2020-01-23,0.625230253925675,0.31048755826620233,0.5034028562809887,5,2.54579560008614
2020-01-28,0.6130961040292979,0.31048755826620233,0.4935744066457727,5,2.4671253216062743
2020-01-29,0.6135118651286376,0.37216591473635185,0.3933843241021618,4,2.4768273470174207
2020-01-30,0.6072538778068088,0.37216591473635185,0.3871329136991492,4,2.4345736662548596
2020-01-31,0.6024634007819227,0.43433277644782753,0.27907193053699625,3,2.4017159890738875
2020-02-03,0.6104661350243283,0.430042567985548,0.2955504927912014,3,2.4015686452300264
2020-02-04,0.611780619335456,0.430042567985548,0.29706408736406215,3,2.445794466671956
2020-02-05,0.6149753046854431,0.2459091457464948,0.6001316737876554,6,2.4545557583107596
2020-02-06,0.6212376171895633,0.18438180846385333,0.7032024408019849,7,2.5251787960874545
2020-02-07,0.617083142137104,0.12234290964850143,0.8017399904576891,8,2.5070555032925683
2020-02-10,0.6108896692979888,0.060881321904280764,0.9003399059371175,9,2.494723956975598
2020-02-11,0.6200567562233684,0.060881321904280764,0.9018133077444463,9,2.5197157397227667
2020-02-12,0.6207755162953584,0.060881321904280764,0.9019269924374497,9,2.5370116401636653
2020-02-13,0.6186867969647837,0.12008392937922843,0.8059051365434847,8,2.530868535288851
2020-02-14,0.6249926761022518,0.12008392937922843,0.8078634614918558,8,2.5429167280599354
2020-02-17,0.6277164714405634,0.12008392937922843,0.8086971828162409,8,2.5413072799193013
2020-02-18,0.6233859403117188,0.12008392937922843,0.8073682423456945,8,2.503575921749085
2020-02-19,0.626764230353041,0.12008392937922843,0.8084065369978308,8,2.505230706457061
2020-02-20,0.6256166381919198,0.12008392937922843,0.8080550898929412,8,2.4884108399732514
2020-02-21,0.6145106066499163,0.1146286229088886,0.8134635567418416,8,2.451393532738669
2020-02-24,0.5964252608837957,0.1146286229088886,0.8078072301313505,8,2.35641342415759
2020-02-25,0.5972225656394251,0.055329222993251825,0.9073557729118745,9,2.384261410647293
2020-02-26,0.5885874780075793,0.055329222993251825,0.9059966019315495,9,2.3538405739609427
2020-02-27,0.5792993763456934,0.055329222993251825,0.9044894138462969,9,2.3290414716249757
2020-02-28,0.5546649766081497,0.11466662058611679,0.7932686839408566,8,2.252105316845935
2020-03-02,0.5645586502345779,0.11466662058611679,0.7968915708961822,8,2.269673236690884
2020-03-03,0.5639819264436491,0.28047579175038906,0.5026865603317997,5,2.282866177787349
2020-03-04,0.572357975011837,0.28845039063524075,0.49603149911683286,5,2.334073830599916
2020-03-05,0.5714940508667674,0.2894988194721703,0.49343511269610524,5,2.3634632603792407
2020-03-06,0.5620745424201858,0.11534650033466545,0.7947843361878562,8,2.3124142855523697
2020-03-09,0.5399596364659781,0.06010746278850375,0.8886815629740299,9,2.2155640435684414
2020-03-10,0.5420202664417738,0.06010746278850375,0.8891047687513715,9,2.2248127033061693
2020-03-11,0.5275145947864811,0.06010746278850375,0.8860553558469162,9,2.1628602840335946
2020-03-12,0.5030928816349186,0.06010746278850375,0.8805241239089482,9,2.07905563930227
2020-03-13,0.4791437865802376,0.06010746278850375,0.8745523484348927,9,2.0077752212991196
2020-03-16,0.4596596861974735,0.06010746278850375,0.8692348609343106,9,1.943646646794138
2020-03-17,0.45833347452118167,0.06010746278850375,0.868856485223346,9,1.8955672171281552
2020-03-18,0.4345339894370109,0.06010746278850375,0.8616737372687924,9,1.803488648856952
2020-03-19,0.376641369306728,0.09082199286973283,0.7588634699451469,8,1.6521098505026695
2020-03-20,0.41201997160265014,0.09082199286973283,0.779568955076476,8,1.7750966235591474
2020-03-23,0.40560647361813823,0.12043498422066984,0.7030743046422518,7,1.6802411905382586
2020-03-24,0.4309889597200905,0.12043498422066984,0.7205613241255939,7,1.8247628330820933
2020-03-25,0.44276237338476665,0.12043498422066984,0.7279918270832599,7,1.9321991635403326
2020-03-26,0.438418664976204,0.12043498422066984,0.725296859276722,7,1.9112083328610776
2020-03-27,0.4398512565928252,0.12043498422066984,0.7261915649540641,7,1.9468995455009126
2020-03-30,0.44622487822504486,0.12043498422066984,0.7301024884589004,7,1.9462081628489498
2020-03-31,0.4720279617757426,0.17269982821306837,0.6341322078391683,6,1.988733863015562
2020-04-01,0.4535977135869591,0.22099511543237446,0.5127949087644429,5,1.9103242697979124
2020-04-02,0.45699874970356935,0.4079953897158455,0.10722865219983578,1,1.954980788629589
2020-04-03,0.4574369858922315,0.4574369858922315,0.0,0,1.9556381688560451
2020-04-06,0.4574369858922315,0.4574369858922315,0.0,0,2.0309422072107814
2020-04-07,0.4574369858922315,0.4574369858922315,0.0,0,2.0668941051128313
2020-04-08,0.4574369858922315,0.4574369858922315,0.0,0,2.048238107651679
2020-04-09,0.4574369858922315,0.4574369858922315,0.0,0,2.081186457967335
2020-04-10,0.4574369858922315,0.4574369858922315,0.0,0,2.1089437713223544
2020-04-13,0.4574369858922315,0.4574369858922315,0.0,0,2.069342279749289
2020-04-14,0.4574369858922315,0.4574369858922315,0.0,0,2.104840811977921
2020-04-16,0.4574369858922315,0.4574369858922315,0.0,0,2.104829477836086
2020-04-17,0.4574369858922315,0.4574369858922315,0.0,0,2.1699554568225867
2020-04-20,0.4574369858922315,0.4574369858922315,0.0,0,2.1516281494746625
2020-04-21,0.4574369858922315,0.4574369858922315,0.0,0,2.130115948270977
2020-04-22,0.4574369858922315,0.4574369858922315,0.0,0,2.149123304129028
2020-04-23,0.4574369858922315,0.4574369858922315,0.0,0,2.1701821396592957
2020-04-24,0.4574369858922315,0.4574369858922315,0.0,0,2.141030726858516
2020-04-27,0.4574369858922315,0.4574369858922315,0.0,0,2.1792947896949983
2020-04-28,0.4574369858922315,0.4574369858922315,0.0,0,2.192125038252729
2020-04-29,0.4574369858922315,0.4574369858922315,0.0,0,2.207392127305081
2020-05-04,0.4574369858922315,0.4574369858922315,0.0,0,2.1482392410658626
2020-05-06,0.4574369858922315,0.4574369858922315,0.0,0,2.1860839406544335
2020-05-07,0.4574369858922315,0.4574369858922315,0.0,0,2.1859139285269014
2020-05-08,0.4574369858922315,0.4574369858922315,0.0,0,2.2054199866257127
2020-05-11,0.4574369858922315,0.4574369858922315,0.0,0,2.193609810833173
2020-05-12,0.4574369858922315,0.4574369858922315,0.0,0,2.1786147411848713
2020-05-13,0.4574369858922315,0.4574369858922315,0.0,0,2.1992995500345693
2020-05-14,0.4574369858922315,0.4574369858922315,0.0,0,2.181776966756962
2020-05-15,0.4574369858922315,0.4574369858922315,0.0,0,2.1844064876627867
2020-05-18,0.4574369858922315,0.4574369858922315,0.0,0,2.1955479490870347
2020-05-19,0.4574369858922315,0.4574369858922315,0.0,0,2.244851466071246
2020-05-20,0.4574369858922315,0.4574369858922315,0.0,0,2.255086196148659
2020-05-21,0.4574369858922315,0.4574369858922315,0.0,0,2.2649128971199946
2020-05-22,0.4574369858922315,0.4574369858922315,0.0,0,2.2329732854276942
2020-05-25,0.4574369858922315,0.4574369858922315,0.0,0,2.2607079304990423
2020-05-26,0.4574369858922315,0.4574369858922315,0.0,0,2.3005814414761585
2020-05-27,0.4574369858922315,0.4574369858922315,0.0,0,2.3021908896167926
2020-05-28,0.4574369858922315,0.4574369858922315,0.0,0,2.299176007888563
2020-05-29,0.4574369858922315,0.4574369858922315,0.0,0,2.3003774269231205
2020-06-01,0.4574369858922315,0.4574369858922315,0.0,0,2.3405909621553005
2020-06-02,0.4574369858922315,0.4574369858922315,0.0,0,2.3656507497534824
2020-06-03,0.4574369858922315,0.4574369858922315,0.0,0,2.4334402520713145
2020-06-04,0.4574369858922315,0.4574369858922315,0.0,0,2.438177923358533
2020-06-05,0.4574369858922315,0.4574369858922315,0.0,0,2.4729624046515317
2020-06-08,0.4574369858922315,0.4574369858922315,0.0,0,2.475705266975711
2020-06-09,0.4574369858922315,0.4574369858922315,0.0,0,2.480952974645525
2020-06-10,0.4574130150187899,0.4116932873030083,0.09995283521590108,1,2.488626188668125
2020-06-11,0.45479192494180576,0.3661472541521982,0.19491258733529707,2,2.4671933264572874
2020-06-12,0.4560749284014226,0.3661472541521982,0.1971774124142886,2,2.416779063573202
2020-06-15,0.4512553954887514,0.3661472541521982,0.188603044279112,2,2.3017601922270456
2020-06-16,0.45188203291665074,0.3661472541521982,0.18972823108518294,2,2.4232961951285863
2020-06-17,0.45106614924018507,0.3661472541521982,0.188262620085838,2,2.4266964376792215
2020-06-18,0.4498814279953962,0.3661472541521982,0.18612498456827817,2,2.418116492309785
2020-06-19,0.4506675830680439,0.3661472541521982,0.18754472718106377,2,2.4270024595087785
2020-06-22,0.45142888832426664,0.3661472541521982,0.18891487979123225,2,2.4104659465708553
2020-06-23,0.4493609494888504,0.3661472541521982,0.18518230262622537,2,2.4155776445386437
2020-06-24,0.45307585056481336,0.3661472541521982,0.19186323063621302,2,2.449886091874554
2020-06-25,0.45653173208435166,0.3661472541521982,0.19798071323430697,2,2.394190118895148
2020-06-26,0.454201114601966,0.3661472541521982,0.1938653552775466,2,2.4194425869045326
2020-06-29,0.4536806360954202,0.3661472541521982,0.1929405290394884,2,2.3727799249679813
2020-06-30,0.45064817056444795,0.3661472541521982,0.1875097291672354,2,2.3896111255936257
2020-07-01,0.4481088943299,0.3661472541521982,0.18290563123114723,2,2.387763660474447
2020-07-02,0.4484383030414395,0.3213710632863112,0.2833550098047406,3,2.420258645116685
2020-07-03,0.448534145862571,0.3213710632863112,0.2835081425778942,3,2.439572022804293
2020-07-06,0.44695332815435806,0.23153764357898304,0.48196460571153843,5,2.479830894603815
2020-07-07,0.44562888106613296,0.26567486071632884,0.4038203716044568,4,2.452900973602784
2020-07-08,0.44548262634506036,0.3127705318739613,0.2979063303992991,3,2.4469052125718305
2020-07-09,0.44817530816787177,0.3127705318739613,0.30212457898995243,3,2.457128608507407
2020-07-10,0.44858075928924884,0.2678905068496836,0.4028042859570234,4,2.437123848167836
2020-07-13,0.44858437195450224,0.17750714051384653,0.6042948626577427,6,2.4777114100805857
2020-07-14,0.4472377388660941,0.17750714051384653,0.6031033942620989,6,2.4749345453309006
2020-07-15,0.44579252478759274,0.17750714051384653,0.6018166957859521,6,2.4956420224642692
2020-07-16,0.44114917240036633,0.17750714051384653,0.5976255842258514,6,2.4751045574584323
2020-07-17,0.4400432946812389,0.17750714051384653,0.5966143725870652,6,2.494859966677623
2020-07-20,0.43708311333998034,0.17750714051384653,0.5938824102413343,6,2.491471058268823
2020-07-21,0.44063353039838177,0.17750714051384653,0.5971547141377092,6,2.5261875347108096
2020-07-22,0.4400759920750045,0.17750714051384653,0.5966443439077834,6,2.5259948542996065
2020-07-23,0.44038040465626127,0.17750714051384653,0.596923163162994,6,2.5118611794307997
2020-07-24,0.4360140215690226,0.13365733734366156,0.6934563322925082,7,2.4940099060399645
2020-07-27,0.43416229316965516,0.09008163494633946,0.7925162171760992,8,2.5137539811173197
2020-07-28,0.4339107972727067,0.09008163494633946,0.792395959002319,8,2.558104478119439
2020-07-29,0.4344655722885319,0.13569875535237683,0.6876651131697535,7,2.5650976436319124
2020-07-30,0.43578904349734315,0.13569875535237683,0.6886136598034867,7,2.5694612882385615
2020-07-31,0.4392737937401828,0.2244181497641376,0.489115551707885,5,2.5494678620408258
2020-08-03,0.4447367971754784,0.18043914832151758,0.5942787971054209,6,2.551360663727346
2020-08-04,0.44536164957105356,0.18043914832151758,0.5948480330641265,6,2.5841503360573053
2020-08-05,0.447497597012553,0.18043914832151758,0.5967818608946497,6,2.6202949143705587
2020-08-06,0.4426218613867603,0.1770535448221339,0.5999891549246692,6,2.6551474005145703
2020-08-07,0.44416155084926856,0.26562960296996857,0.40195272989734065,4,2.6654161330174886
2020-08-10,0.44444513720492196,0.26562960296996857,0.4023343249056773,4,2.704756939328339
2020-08-11,0.44471202211766586,0.26562960296996857,0.40269300185528617,4,2.74135488331501
2020-08-12,0.43926684546927475,0.26562960296996857,0.3952887505402488,4,2.7568599893459065
2020-08-13,0.4418504764853082,0.26562960296996857,0.39882467688410206,4,2.7627310748166707
2020-08-14,0.4489331569242786,0.22137470097213927,0.5068871667024619,5,2.7286833127429757
2020-08-18,0.4401582787473828,0.22137470097213927,0.49705660063435625,5,2.6615285223679286
2020-08-19,0.4576668792085552,0.22137470097213927,0.5162973091805043,5,2.6754695168255336
2020-08-20,0.4697032730841123,0.22137470097213927,0.5286924455123042,5,2.5776332045019212
2020-08-21,0.4540547264012876,0.25611598260738155,0.4359358735514414,4,2.612054993256186
2020-08-24,0.47636464039447457,0.3393861229967359,0.28754971671345636,3,2.6406623672488636
2020-08-25,0.48002802872363814,0.3393861229967359,0.29298686183150496,3,2.6824853506216777
2020-08-26,0.4788078776748469,0.24338051725200827,0.49169483502674266,5,2.6854208933570596
2020-08-27,0.47666364184464927,0.24338051725200827,0.48940826216544314,5,2.657232882612293
2020-08-28,0.47578902552027513,0.19552398836629617,0.589053177188165,6,2.66783030522844
2020-08-31,0.47073664348459765,0.24088785269862908,0.48827469449696487,5,2.6365140713370887
2020-09-01,0.4728241867378068,0.24088785269862908,0.4905339882026645,5,2.663013294948373
2020-09-02,0.47006485129934894,0.24088785269862908,0.4875433633619508,5,2.679810493148511
2020-09-03,0.4681395394870914,0.28185735576469934,0.39792020970176706,4,2.7155470423556882
2020-09-04,0.46536360481265493,0.28185735576469934,0.3943287510028446,4,2.684208140180666
2020-09-07,0.46234895692785904,0.28185735576469934,0.39037960064290156,4,2.7023087646918813
2020-09-08,0.4606894519504022,0.28185735576469934,0.3881836135570039,4,2.722358861598794
2020-09-09,0.45753762424684685,0.28185735576469934,0.38396900969911496,4,2.692776751408267
2020-09-10,0.4608617879701825,0.28185735576469934,0.38841239798571603,4,2.7162044225821442
2020-09-11,0.4619415723485778,0.32687676378009295,0.2923850474894386,3,2.716442439560689
2020-09-14,0.46414656657353925,0.32687676378009295,0.2957466728813931,3,2.7518276303709666
2020-09-15,0.46548708592860216,0.32687676378009295,0.2977747962051297,3,2.769588230627118
2020-09-16,0.46297138160240753,0.32687676378009295,0.29395902906843274,3,2.760906277981163
2020-09-17,0.46164665243489805,0.32687676378009295,0.2919329923524367,3,2.7271872060206963
2020-09-18,0.4640712535900866,0.32687676378009295,0.29563238133939085,3,2.7342483763841825
2020-09-21,0.46056016628911145,0.32687676378009295,0.2902626242867479,3,2.7081685160208093
2020-09-22,0.4535776389431144,0.3713977092779964,0.1811816161321494,2,2.6437905903954486
2020-09-23,0.45524183627011094,0.3713977092779964,0.18417491608211264,2,2.6445273096147526
2020-09-24,0.4533959681029296,0.3648564105012038,0.1952808666830174,2,2.5759104149429324
2020-09-25,0.45516431280412706,0.3648564105012038,0.19840725593481628,2,2.582812907320722
2020-09-28,0.46025044971649764,0.3648564105012038,0.20726549919517528,2,2.616010608756758
2020-09-29,0.46107160429565386,0.3187178395158814,0.30874546047405393,3,2.638463543732786
2020-10-05,0.4606686446273473,0.18056838988744778,0.6080297802045621,6,2.672590644799329
2020-10-06,0.4574840369158146,0.18056838988744778,0.6053012229568228,6,2.6815446168493353
2020-10-07,0.46575769274551965,0.18056838988744778,0.6123125979454158,6,2.7053916512711242
2020-10-08,0.4675653949557835,0.18056838988744778,0.6138114757091386,6,2.7110813904725206
2020-10-12,0.47602014064337117,0.18056838988744778,0.6206706933799099,6,2.724421675412846
2020-10-13,0.47459126557958653,0.18056838988744778,0.6195286281408241,6,2.72376429518639
2020-10-14,0.4728740493247665,0.18056838988744778,0.6181469671569253,6,2.6980697956454227
2020-10-15,0.46821160176753496,0.18056838988744778,0.6143444775699958,6,2.676228904328509
2020-10-16,0.4658156641884202,0.18056838988744778,0.612360846211456,6,2.6539233131963416
2020-10-19,0.4683487347513712,0.13393521636283398,0.7140267360091509,7,2.659828401092611
2020-10-20,0.4679212272280744,0.13393521636283398,0.713765461857213,7,2.6730553446145824
2020-10-21,0.4686967440827152,0.13393521636283398,0.7142390723772615,7,2.687166351199719
2020-10-22,0.4670713009746509,0.08708398149439256,0.81355313136844,8,2.6692470729578712
2020-10-23,0.46625257275437604,0.13973479270930955,0.7003023664109143,7,2.675775538655091
2020-10-26,0.4553016337625141,0.13973479270930955,0.6930940230664856,7,2.6566208389531787
2020-10-27,0.4553607119785112,0.18697660868660332,0.5893879208985713,6,2.6418071155742444
2020-10-28,0.4583929377638719,0.18697660868660332,0.5921040808379142,6,2.658150948100965
2020-10-29,0.4553805528648629,0.18697660868660332,0.5894058112268798,6,2.6370807784288615
2020-10-30,0.44574188171875684,0.17948602762667282,0.5973319201359668,6,2.5696199662242574
2020-11-02,0.44838755710654077,0.31604298284987253,0.2951566611497697,3,2.6070339684230808
2020-11-03,0.4485090025691151,0.2262958275936676,0.4954486391635015,5,2.6559407904430516
2020-11-04,0.44112061021341253,0.09106573120154764,0.7935582035999398,8,2.6718199231545188
2020-11-05,0.4499418828266252,0.04642593044380852,0.8968179397922428,9,2.73582382209931
2020-11-06,0.4481458113381672,0.04642593044380852,0.8964044084107798,9,2.738895374536717
2020-11-09,0.45918646125178186,0.04642593044380852,0.8988952541909719,9,2.7736911899715513
2020-11-10,0.46251865646281654,0.04642593044380852,0.899623658861984,9,2.78007231182491
2020-11-11,0.4620624518688502,0.04642593044380852,0.8995245550551988,9,2.81752031644924
2020-11-12,0.47093928455536194,0.04642593044380852,0.9014184376492573,9,2.8059028210679027
2020-11-13,0.47669659480061366,0.09400186405360819,0.802805673296395,8,2.8265876299176007
2020-11-16,0.4804820081566421,0.09400186405360819,0.8043592424735234,8,2.8823062711806777
2020-11-17,0.4809698486960239,0.09400186405360819,0.8045576779740761,8,2.8779086241485228
2020-11-18,0.4815316402450708,0.13941240286249096,0.7104813241523685,7,2.88526448219973
2020-11-19,0.47899489650371585,0.13941240286249096,0.7089480412420022,7,2.8872819594464407
2020-11-20,0.4806597479530754,0.13941240286249096,0.7099561520260665,7,2.894173117682395
2020-11-23,0.48913447279455086,0.13941240286249096,0.7149814404493061,7,2.9498124199526234
2020-11-24,0.48742861787135555,0.13941240286249096,0.7139839604180046,7,2.9670063131170026
2020-11-25,0.49666592408236804,0.13941240286249096,0.7193034671745056,7,2.948622335059901
2020-11-26,0.4952564087084478,0.19220450940841216,0.6119090918789888,6,2.9762436387128948
2020-11-27,0.5014864711430729,0.19220450940841216,0.6167304195259602,6,2.9847895816568246
2020-11-30,0.4971998073157581,0.29427301162682756,0.40813932890375637,4,2.9370615103877413
2020-12-01,0.49903757886704614,0.45256659074255,0.09312121990892581,1,2.985696313003661
2020-12-02,0.49980703857537195,0.49980703857537195,0.0,0,3.032903013748314
2020-12-03,0.49980703857537195,0.49980703857537195,0.0,0,3.0559339899579503
2020-12-04,0.49980703857537195,0.49980703857537195,0.0,0,3.095864171644244
2020-12-07,0.49980703857537195,0.49980703857537195,0.0,0,3.11172063607204
2020-12-08,0.49980703857537195,0.49980703857537195,0.0,0,3.0612723707624476
2020-12-09,0.49980703857537195,0.49980703857537195,0.0,0,3.123088780332997
2020-12-10,0.49980703857537195,0.49980703857537195,0.0,0,3.112876718539256
2020-12-11,0.49980703857537195,0.49980703857537195,0.0,0,3.13962529327092
2020-12-14,0.49980703857537195,0.49980703857537195,0.0,0,3.1307166577882555
2020-12-15,0.49980703857537195,0.49980703857537195,0.0,0,3.124618889480783
2020-12-16,0.49980703857537195,0.49980703857537195,0.0,0,3.1415860998084533
2020-12-17,0.49980703857537195,0.49980703857537195,0.0,0,3.140044656518832
2020-12-18,0.49980703857537195,0.49980703857537195,0.0,0,3.1420281313400356
2020-12-21,0.49980703857537195,0.49980703857537195,0.0,0,3.1493613211075724
2020-12-22,0.49980703857537195,0.49980703857537195,0.0,0,3.0983916852735494
2020-12-23,0.4987835555437657,0.44982633471783473,0.09815323757528167,1,3.1280191320314183
2020-12-24,0.49952253246189293,0.44982633471783473,0.09948739949553602,1,3.1813349352253795
2020-12-28,0.49841406708470204,0.44982633471783473,0.09748467303714796,1,3.183307075904748
2020-12-29,0.49841406708470204,0.44982633471783473,0.09748467303714796,1,3.19680603883077
2020-12-30,0.49936026223235724,0.39996645358641136,0.19904228702863216,2,3.256831653991318
2021-01-04,0.5043241541837304,0.39996645358641136,0.2069258426977909,2,3.3372813927393485
2021-01-05,0.5076428695523758,0.39996645358641136,0.212110565171358,2,3.3895544548844487
2021-01-06,0.5045369327861559,0.39996645358641136,0.20726030624217132,2,3.3642113137403804
2021-01-07,0.5080333837911096,0.39996645358641136,0.21271619868416483,2,3.436149111969987
2021-01-08,0.5099961400443177,0.39996645358641136,0.21574611613402603,2,3.572725521087171
2021-01-11,0.5070121979989151,0.39996645358641136,0.21113051093246635,2,3.5684978861825476
2021-01-12,0.5046452381508224,0.39996645358641136,0.20743044152757048,2,3.542996067052783
2021-01-13,0.5051994708394179,0.39996645358641136,0.20829993562375632,2,3.5683165399131807
2021-01-14,0.5045719757522729,0.39996645358641136,0.2073153627089648,2,3.5701753391741944
2021-01-15,0.5019715393523806,0.39996645358641136,0.2032089028345537,2,3.4976028290018024
2021-01-18,0.5000508346585129,0.39996645358641136,0.20014841319173,2,3.4160310102120617
2021-01-19,0.5033138091116671,0.39996645358641136,0.20533383677205386,2,3.505264708882567
2021-01-20,0.5044362916753048,0.39996645358641136,0.20710214513300423,2,3.5300751453603696
2021-01-21,0.5041887979370585,0.39996645358641136,0.20671293130090118,2,3.5825408879166716
2021-01-22,0.5027113238685845,0.4466132630778174,0.11159100288226634,1,3.5596345872672255
2021-01-25,0.5085592784499103,0.3963672304944447,0.22060761195317727,2,3.6371147808543673
2021-01-26,0.5062680686062715,0.3963672304944447,0.21708032745256436,2,3.5592718947284907
2021-01-27,0.5168234607448403,0.3963672304944447,0.2330703603833993,2,3.5391537929705654
2021-01-28,0.5126085278981571,0.44740579839756134,0.1271979023992164,1,3.4785048000090675
2021-01-29,0.507103109232288,0.44740579839756134,0.11772223389658042,1,3.373278627208741
2021-02-01,0.5164208000896248,0.39669548747433253,0.23183673584509754,2,3.4643144544310833
2021-02-02,0.5150941931821864,0.39669548747433253,0.22985835848080866,2,3.509968377744279
2021-02-03,0.5163851475301566,0.3450932056725932,0.3317135333516928,3,3.547223701957406
2021-02-04,0.5175613446589595,0.2934656319512032,0.4329838675556835,4,3.499472962404652
2021-02-05,0.517913615846501,0.24154529813036352,0.5336185596596622,5,3.5369663035963237
2021-02-08,0.5227548132816624,0.18996029644958284,0.6366168390548486,6,3.5036552607419327
2021-02-09,0.5146264549502713,0.1376352533889341,0.7325530934816908,7,3.496208729556042
2021-02-10,0.5185797448324209,0.1376352533889341,0.734591921955203,7,3.514241349216244
2021-02-15,0.5139019061693237,0.1376352533889341,0.7321760208774452,7,3.5668544356164076
2021-02-16,0.5159391774908932,0.03475277256329971,0.9326417258477855,9,3.585272416099015
2021-02-17,0.5135634591940342,0.03475277256329971,0.9323301299164872,9,3.5518140294007643
2021-02-18,0.5074937823699242,0.03475277256329971,0.931520791444953,9,3.4984642237812964
2021-02-19,0.5174764964242418,0.03475277256329971,0.9328418337771067,9,3.5222205850684016
2021-02-22,0.5181160726226689,0.03475277256329971,0.9329247355956678,9,3.490632331773
2021-02-23,0.5190687922602172,0.10942376088366462,0.7891921793117379,8,3.4796835507599546
2021-02-24,0.5067062700660874,0.05748370232687573,0.8865541918015375,9,3.3945528114338823
2021-02-25,0.5178893383229308,0.05748370232687573,0.8890038892999343,9,3.513232610592889
2021-02-26,0.5141310454178913,0.05748370232687573,0.8881925088181509,9,3.4149202643121876
2021-03-02,0.5114794022602999,0.05748370232687573,0.8876128695058938,9,3.449965430867402
2021-03-03,0.5151401234341192,0.10624675939462028,0.7937517297500744,8,3.4943045937276858
2021-03-04,0.5148668881089773,0.10624675939462028,0.7936422756086579,8,3.4495347334776545
2021-03-05,0.5108587871999641,0.14947727920949733,0.7074000037685798,7,3.430006007095173
2021-03-08,0.5004794097664513,0.19284392228710465,0.6146816062281258,6,3.3958335694612884
2021-03-09,0.4938971963107641,0.13986297411853463,0.7168176390486498,7,3.373176619932222
2021-03-10,0.4860912481067875,0.2004863885303022,0.5875540049092632,6,3.3527751646284103
2021-03-11,0.49832062023678314,0.256313909086919,0.4856445856783364,5,3.4157703249498463
2021-03-12,0.5014054925537209,0.256313909086919,0.4888091317438902,5,3.4618889480782964
2021-03-15,0.5100536080707967,0.256313909086919,0.49747652985655966,5,3.452050912965125
2021-03-16,0.5153910622978303,0.3570313198960419,0.30726132831204717,3,3.4763739813440027
2021-03-17,0.5168146600005253,0.30543981795334507,0.4089954453826163,4,3.4540797243536705
2021-03-18,0.5152073318646603,0.30543981795334507,0.4071516473807073,4,3.4750592208910906
2021-03-19,0.5166255728425537,0.25423881756252736,0.5078857282196347,5,3.4450464133108167
2021-03-22,0.5179569608602457,0.25423881756252736,0.5091506886203896,5,3.4404334175837876
2021-03-23,0.5110106717409602,0.20227169030112527,0.6041732560848355,6,3.4056149338652824
2021-03-24,0.5126962146974876,0.24850431518235153,0.5152991029415352,5,3.396105588865339
2021-03-25,0.5182774750950875,0.24850431518235153,0.5205187816878231,5,3.4096838907842093
2021-03-26,0.5224896646161034,0.24850431518235153,0.5243842471698673,5,3.446723866302463
2021-03-29,0.5279218954324805,0.19600229023159332,0.6287286207914796,6,3.441090797810244
2021-03-30,0.5250167504265599,0.14300384550115702,0.7276204132821079,7,3.479581543483435
2021-03-31,0.5266787082396921,0.14300384550115702,0.7284799190399855,7,3.4698568497886186
2021-04-01,0.5200691457464575,0.14300384550115702,0.72502916838894,7,3.49930295027712
2021-04-02,0.5187260263528815,0.14300384550115702,0.7243171959066622,7,3.5280916705391654
2021-04-05,0.5265679375117116,0.21980196648507838,0.5825762435826438,6,3.5371929864330323
2021-04-06,0.5305827253693305,0.21980196648507838,0.585734785594315,6,3.544276825080189
2021-04-07,0.5319918052336227,0.21980196648507838,0.5868320445489701,6,3.55598499359621
2021-04-08,0.5357522161610548,0.21980196648507838,0.5897320443019823,6,3.562615466569949
2021-04-09,0.5352212247620622,0.21980196648507838,0.5893250186728048,6,3.549717213161206
2021-04-12,0.5365803557506847,0.21980196648507838,0.5903652376957188,6,3.553922179782158
2021-04-13,0.5330014267357606,0.26808108322433705,0.49703496130181984,5,3.591880220789083
2021-04-14,0.5311184965435964,0.26808108322433705,0.4952518412200848,5,3.606954629430233
2021-04-15,0.5309042260912955,0.32608670049032,0.3857899702718785,4,3.6204989289235967
2021-04-16,0.5321172074534932,0.32608670049032,0.38719008533694194,4,3.625361275771005
2021-04-19,0.5322571369432002,0.37271055982049545,0.29975469758657414,3,3.625610626891385
2021-04-20,0.5338196698970432,0.37271055982049545,0.3018043717040637,3,3.6503870609436806
2021-04-21,0.5310985382417255,0.37271055982049545,0.2982271029131339,3,3.5948044293826293
2021-04-22,0.5333920121948456,0.2663607577761116,0.5006285214507274,5,3.601446236498204
2021-04-23,0.5310003291933729,0.3178315393667478,0.40144756623869454,4,3.6111709301930204
2021-04-26,0.532199910241749,0.3769094518788153,0.2917897116750616,3,3.646794137981843
2021-04-27,0.5336072843852905,0.3769094518788153,0.2936575963107199,3,3.644402634054563
2021-04-28,0.5290685671476505,0.3769094518788153,0.28759810111034473,3,3.6059232225232067
2021-04-29,0.5263712013420144,0.32400603452195004,0.38445334073012066,4,3.5975359575649732
2021-04-30,0.5235008709127109,0.3695914233081724,0.2940003659138163,3,3.5678291718142563
2021-05-03,0.5221915755433515,0.3695914233081724,0.29223020703923713,3,3.5444128347822144
2021-05-04,0.5200351451208436,0.3695914233081724,0.2892952971047979,3,3.567273798864319
2021-05-06,0.5255982935856325,0.3695914233081724,0.29681768792128466,3,3.6028290018021285
2021-05-07,0.5315699476706618,0.31691878323374234,0.40380605671468134,4,3.623751827630371
2021-05-10,0.5333928241380943,0.15692535582577316,0.7057977746900744,7,3.682802706593071
2021-05-11,0.5557134759856835,0.15692535582577316,0.7176146294681256,7,3.6376134830951274
2021-05-12,0.5364757456622202,0.15692535582577316,0.7074884426842706,7,3.5834702875471782
2021-05-13,0.5247643326048801,0.15692535582577316,0.7009603243291885,7,3.53864375658797
2021-05-14,0.5250759373035483,0.15692535582577316,0.7011377885041911,7,3.5740176132564128
2021-05-17,0.5203657381536538,0.15692535582577316,0.6984325747837069,7,3.5527094266057646
2021-05-18,0.5358702464234943,0.15692535582577316,0.7071579232601093,7,3.596379875097757
2021-05-20,0.5398816602520754,0.15692535582577316,0.7093337903856498,7,3.5841730043409767
2021-05-21,0.5297287320775474,0.2651337937207409,0.49949138556085004,5,3.5775311972254022
2021-05-24,0.5206255609196291,0.21244712472572377,0.5919387354887863,6,3.563794217320836
2021-05-25,0.5212700433522108,0.21244712472572377,0.5924432500292791,6,3.5944190685602244
2021-05-26,0.524740658726575,0.0563412764879703,0.8926302440053004,9,3.591143501569779
2021-05-27,0.5297717563631911,0.0563412764879703,0.8936499052445808,9,3.5878339321538273
2021-05-28,0.5261514376370386,0.050666143073224576,0.9037042580349723,9,3.6141518094957443
2021-05-31,0.5270389337436341,0.050666143073224576,0.9038664132204891,9,3.631368370943794
2021-06-01,0.5265378200793499,0.050666143073224576,0.9037749214945489,9,3.6517131555384283
2021-06-02,0.5467584318432251,0.050666143073224576,0.9073335862376745,9,3.654388013011595
2021-06-03,0.5470438268562201,0.050666143073224576,0.9073819306866228,9,3.680683222069841
2021-06-04,0.5379206103534495,0.11193606430437536,0.7919096942003655,8,3.6723526278207848
2021-06-07,0.5302462062364158,0.22384588053485308,0.5778453897413666,6,3.6859989345906676
2021-06-08,0.5307513921025105,0.22384588053485308,0.5782472097753463,6,3.681136587743259
2021-06-09,0.5243111170226002,0.17079688656670372,0.674245155173123,7,3.645264028834057
2021-06-10,0.5243552627112911,0.17079688656670372,0.6742725806096389,7,3.654852712826848
2021-06-11,0.5303715731374049,0.17079688656670372,0.6779674944560898,7,3.6828253748767414
2021-06-14,0.5318042752599283,0.17079688656670372,0.6788350629877432,7,3.6860102687325034
2021-06-15,0.5313178968540015,0.17079688656670372,0.6785410625578151,7,3.693377460925546
2021-06-16,0.5336388446939175,0.17079688656670372,0.6799391793439087,7,3.7161024153056252
2021-06-17,0.5298025690344021,0.06427384070643316,0.8786834106456368,9,3.7005519727073866
2021-06-18,0.5326565610003863,0.11836953323824562,0.7777751333505872,8,3.7039182128325154
2021-06-21,0.5190912464571126,0.11836953323824562,0.7719677724366609,8,3.673157351891102
2021-06-22,0.5246049400819048,0.21645640436173327,0.5873916011390616,6,3.6993278853891582
2021-06-23,0.519320103413923,0.16375431302089477,0.6846755749596416,7,3.713280213988598
2021-06-24,0.5232668535736407,0.2168929343470097,0.5855022482969374,6,3.7245123485475298
2021-06-25,0.5252777212371916,0.2168929343470097,0.5870890281884416,6,3.7434857019800747
2021-06-28,0.5311053947887807,0.2168929343470097,0.5916197868160096,6,3.7424089585057065
2021-06-29,0.5241334520572358,0.1107022333590011,0.788789986740033,8,3.7251697287739858
2021-06-30,0.5307528828630125,0.058092948884721246,0.8905461453711688,9,3.736503870609437
2021-07-01,0.5278506632505228,0.058092948884721246,0.8899443480340011,9,3.7199333552460074
2021-07-02,0.5319250527522066,0.109340440581497,0.7944438976585814,8,3.719615999274615
2021-07-05,0.5279256821787349,0.002552967986438101,0.9951641526968302,10,3.7325709233925357
2021-07-06,0.5362497747125381,0.05262545118733125,0.9018639192612403,9,3.7461718935950765
2021-07-07,0.5303466740788554,0.05262545118733125,0.9007716013704904,9,3.723650953768036
2021-07-08,0.5174628553804667,0.05262545118733125,0.8983010072314501,9,3.6866336465334526
2021-07-09,0.511237274293484,0.05262545118733125,0.8970625698995477,9,3.6472701719389318
2021-07-12,0.5267097984408216,0.05262545118733125,0.9000864397375663,9,3.6795951444536374
2021-07-13,0.5261200257939603,0.05262545118733125,0.8999744381371628,9,3.707828491765746
2021-07-14,0.5296014549368813,0.10274860032317434,0.8059888254358739,8,3.700381960579855
2021-07-15,0.5345077127120297,0.04979591677755517,0.9068377956140304,9,3.724648358249555
2021-07-16,0.5377341650409653,0.04979591677755517,0.9073967770417533,9,3.7140962722007504
2021-07-19,0.522213220392671,0.10192973545666234,0.8048120356278655,8,3.6768409479876234
2021-07-20,0.5188303456449996,0.16109506393630077,0.689503389135748,7,3.663988031146222
2021-07-21,0.5164034098300494,0.05721009238812497,0.8892143403798339,9,3.6449580070044996
2021-07-22,0.52544322821068,0.05721009238812497,0.8911203164936666,9,3.6838341135000965
2021-07-23,0.5420526197233009,0.004295909425134525,0.9920747372693679,10,3.6886057872128215
2021-07-26,0.534093388094023,0.10405457197886567,0.8051753227086427,8,3.6552040712237472
2021-07-27,0.5321754365087004,0.1508635903412136,0.7165153068113334,7,3.6637953507350196
2021-07-28,0.5297729941930468,0.1508635903412136,0.7152297455799727,7,3.6687030341497695
2021-07-29,0.5331124367854183,0.1508635903412136,0.7170135604959872,7,3.6752655022724956
2021-07-30,0.524899326025412,0.20749872980227846,0.6046885192757273,6,3.6295549082501224
2021-08-02,0.5229478286993551,0.20749872980227846,0.6032133256612672,6,3.653039250133176
2021-08-03,0.5172070347607614,0.20749872980227846,0.5988091501921299,6,3.6690203901211618
2021-08-04,0.5209556952253841,0.20749872980227846,0.6016960142598938,6,3.718029219417652
2021-08-05,0.5256671615989252,0.20749872980227846,0.6052659459055266,6,3.7132122091375854
2021-08-06,0.5208342337170881,0.20749872980227846,0.6016031275029635,6,3.7066724092985304
2021-08-09,0.5174575461748399,0.20749872980227846,0.5990033746030863,6,3.695406272314092
2021-08-10,0.5184376338039658,0.2573433190451332,0.5036175958969036,5,3.67587754593161
2021-08-11,0.5172580138826397,0.2564889855082706,0.5041372417161522,5,3.650296387808997
2021-08-12,0.5154480942789045,0.2564889855082706,0.5023960931175998,5,3.6364233982024055
2021-08-13,0.519327909290251,0.20493306761806374,0.6053879178222114,6,3.5943850661347176
2021-08-17,0.5109344665286166,0.20493306761806374,0.5989053762404856,6,3.5624227861587463
2021-08-18,0.5128813807493285,0.302751851174594,0.4097039539000843,4,3.5803760668261004
2021-08-19,0.5079902331043054,0.302751851174594,0.40402033061838377,4,3.5111244602114953
2021-08-20,0.5044232239753365,0.35984170438403745,0.286627404765107,3,3.4688254428815926
2021-08-23,0.5087149851320105,0.35984170438403745,0.2926457546937422,3,3.5024878441328817
2021-08-24,0.51210800365385,0.35984170438403745,0.2973323950873733,3,3.5569937322195653
2021-08-25,0.5119338684764647,0.35984170438403745,0.2970933815046454,3,3.566639086921534
2021-08-26,0.5111231011132569,0.35984170438403745,0.29597839815832905,3,3.54592027564633
2021-08-27,0.5115402616437722,0.30252690653046005,0.4085960984608977,4,3.552006709811967
2021-08-30,0.5108066104967977,0.30252690653046005,0.4077466886416564,4,3.5636695417606457
2021-08-31,0.5124541421962566,0.30252690653046005,0.40965077336695604,4,3.6260979949903094
2021-09-01,0.5130794918157262,0.30252690653046005,0.4103703005944479,4,3.634881954912784
2021-09-02,0.5158617371796527,0.30252690653046005,0.4135504056097442,4,3.5995534348116833
2021-09-03,0.5221030904930928,0.30252690653046005,0.4205609734185965,4,3.628126806378855
2021-09-06,0.5322892313616127,0.30252690653046005,0.4316493952797304,4,3.6306996565755023
2021-09-07,0.5320157730817023,0.30252690653046005,0.43135726074798036,4,3.6126670369153002
2021-09-08,0.5319341020648071,0.2956508837541462,0.44419640965578433,4,3.5849777284112934
2021-09-09,0.53537453703053,0.2426001897045863,0.5468589315992218,5,3.530245157487901
2021-09-10,0.5259324247320187,0.2623047233345071,0.5012577452927329,5,3.54278071835791
2021-09-13,0.5212923653840073,0.2623047233345071,0.4968184060373074,5,3.5451608881433545
2021-09-14,0.5232966310995927,0.2623047233345071,0.49874562963776115,5,3.568928583572295
2021-09-15,0.5242808852978837,0.2623047233345071,0.4996866552068328,5,3.574108286391096
2021-09-16,0.5237797484324996,0.2623047233345071,0.4992079702976322,5,3.54768840177266
2021-09-17,0.5284054159714761,0.20985157038895547,0.6028587822039214,6,3.5594985775652
2021-09-23,0.5256071683836632,0.20985157038895547,0.6007444665675186,6,3.544843532171962
2021-09-24,0.5252497837141425,0.20985157038895547,0.6004728095173033,6,3.542191342982466
2021-09-27,0.518964123097291,0.20985157038895547,0.595633761469838,6,3.551712022124245
2021-09-28,0.5131802769781006,0.2643693798040939,0.4848411140021743,5,3.5112264674880143
2021-09-29,0.5075682158480833,0.2643693798040939,0.47914512463636916,5,3.4685534234775415
2021-09-30,0.511035084360106,0.2643693798040939,0.48267861073545515,5,3.478244114746852
2021-10-01,0.5019282304486747,0.2643693798040939,0.47329246739564024,5,3.4219814346756734
2021-10-05,0.4952928990507456,0.2643693798040939,0.46623628097481007,5,3.357365492071768
2021-10-06,0.48639605996687246,0.2643693798040939,0.4564730236052907,5,3.2963198041460293
2021-10-07,0.49442185682041895,0.2643693798040939,0.4652959286544716,5,3.3542939396343607
2021-10-08,0.49290065894586593,0.2643693798040939,0.4636457164218785,5,3.3507123508143586
2021-10-12,0.49303134105109775,0.20710694826341386,0.5799314748999916,6,3.3054664566072383
2021-10-13,0.4978760133269208,0.2604905941759513,0.4767962560893547,5,3.337236056172007
2021-10-14,0.4983227184361207,0.1530108570492314,0.6929482614611205,7,3.3873669655102066
2021-10-15,0.49820171474109637,0.10295251833055169,0.7933517382932861,8,3.417311768239468
2021-10-18,0.5001456608113217,0.10295251833055169,0.7941549304585684,8,3.40781375738136
2021-10-19,0.49835408772052814,0.10295251833055169,0.7934149215039922,8,3.433156898525428
2021-10-20,0.4968665332375874,0.10295251833055169,0.7927964323543547,8,3.415124278865226
2021-10-21,0.4896001142383931,0.15058358470804384,0.692435560513937,7,3.4085504766006642
2021-10-22,0.48624165238741307,0.15058358470804384,0.690311218776325,7,3.4072243820059165
2021-10-25,0.48916176948789086,0.15058358470804384,0.6921599476882841,7,3.423522877965295
2021-10-26,0.49089029320608035,0.15058358470804384,0.6932439145933011,7,3.455870518763672
2021-10-27,0.48726365263235477,0.19508102029935692,0.5996397037918454,6,3.429133278173843
2021-10-28,0.48810905312896036,0.19508102029935692,0.6003331242294829,6,3.4110666560881344
2021-10-29,0.48447960771556364,0.19508102029935692,0.5973390475210912,6,3.3670108467737365
2021-11-01,0.47648404928894855,0.19508102029935692,0.5905822648408189,6,3.376372847929819
2021-11-02,0.47825892965089123,0.19508102029935692,0.5921016666813564,6,3.415532307971302
2021-11-03,0.4746466950400251,0.19508102029935692,0.5889974114685314,6,3.3727119201169686
2021-11-04,0.4745415193181988,0.19508102029935692,0.5889063182929892,6,3.3812238606353917
2021-11-05,0.47177226451419646,0.19508102029935692,0.5864932405463895,6,3.365412732774938
2021-11-08,0.4741687133988444,0.23804356418181816,0.4979770755528758,5,3.3551326661301837
2021-11-09,0.47803769984274064,0.19054658543228659,0.6013984137757955,6,3.357694182184996
2021-11-10,0.4750483211973048,0.3269563709412066,0.3117408138246851,3,3.321096238198325
2021-11-11,0.476689910168905,0.37669022970980864,0.20977931004174932,2,3.315145813734713
2021-11-12,0.47868349729846943,0.37669022970980864,0.2130703652084872,2,3.364880028108672
2021-11-15,0.48159873973050404,0.3285472149270309,0.31779884824681787,3,3.399698511827177
2021-11-16,0.47972395521879885,0.3285472149270309,0.31513277301905274,3,3.397080325063188
2021-11-17,0.48288645868118774,0.2805994558851496,0.4189121462393139,4,3.3576488456176543
2021-11-18,0.4903694827020646,0.2805994558851496,0.42777952995979085,4,3.3406022962971362
2021-11-19,0.48768300810970966,0.2805994558851496,0.42462736814889046,4,3.367396207596142
2021-11-22,0.4765488465794292,0.2805994558851496,0.4111842722960395,4,3.4152602885672514
2021-11-23,0.47130530843544777,0.2805994558851496,0.4046333642694757,4,3.397216334765213
2021-11-24,0.47498563111042824,0.2805994558851496,0.4092464329306969,4,3.3937707556472363
2021-11-25,0.4744848650604711,0.2805994558851496,0.4086229581856349,4,3.377880288793934
2021-11-26,0.4731708881048844,0.2805994558851496,0.406980727387964,4,3.3282027451291527
2021-11-29,0.47152456505390505,0.2805994558851496,0.404910206845594,4,3.29746455247141
2021-11-30,0.46099333877038384,0.2805994558851496,0.3913155955060049,4,3.2177742012263546
2021-12-01,0.46402158710777563,0.2805994558851496,0.39528792693867415,4,3.2865837763093766
2021-12-02,0.4590807378017694,0.2805994558851496,0.38877972265019717,4,3.3382107923698556
2021-12-03,0.4610457270309257,0.3328142930468947,0.27813170465720327,3,3.3643473234424057
2021-12-06,0.45911999494394473,0.3799523750587631,0.17243339596840565,2,3.3699237212254474
2021-12-07,0.4608085372145358,0.3799523750587631,0.1754658510550315,2,3.390857881195525
2021-12-08,0.4605852092210148,0.3799523750587631,0.1750660519442766,2,3.4022826961656603
2021-12-09,0.46383799966065,0.3338711096172776,0.28019888439165797,3,3.4337576080427072
2021-12-10,0.4615915416770319,0.3238604095279762,0.2983831368500768,3,3.411837377732945
2021-12-13,0.4634960597636779,0.3238604095279762,0.301266099882052,3,3.4021240181799635
2021-12-14,0.4653254996051551,0.36770230536470694,0.20979549653583318,2,3.38658490972356
2021-12-15,0.4656768908206952,0.36770230536470694,0.21039177031808634,2,3.3882170261478652
2021-12-16,0.4637242980462344,0.36770230536470694,0.20706698589245337,2,3.407507735551803
2021-12-17,0.4632369338224668,0.36770230536470694,0.20623275365684254,2,3.4203379841095334
2021-12-20,0.46354120486703587,0.36770230536470694,0.20675378692562996,2,3.3583062258441103
2021-12-21,0.4646442671928176,0.36770230536470694,0.20863694803293845,2,3.371941198472158
2021-12-22,0.46614133765452004,0.36770230536470694,0.2111785081862253,2,3.382651962506659
2021-12-23,0.4651612217022991,0.36770230536470694,0.20951642525344774,2,3.3981684026793912
2021-12-24,0.4644930159246282,0.36770230536470694,0.20837925919563713,2,3.4143308889367443
2021-12-27,0.4628478300741269,0.36770230536470694,0.20556545483681332,2,3.3997325142526837
2021-12-28,0.4638952488448615,0.36770230536470694,0.20735919093735736,2,3.423182853710231
2021-12-29,0.46439877558268616,0.36770230536470694,0.20821861577187212,2,3.3926373414636912
2021-12-30,0.4650257917363694,0.3212624278064383,0.309151377159383,3,3.374910743633046
2022-01-03,0.4691105785476027,0.3212624278064383,0.31516695103937326,3,3.387514309354067
2022-01-04,0.4678756736258015,0.3212624278064383,0.3133594116641803,3,3.388047014020333
2022-01-05,0.4707367085595419,0.2744774403548698,0.4169194044909457,4,3.348071495766698
2022-01-06,0.46592704675187235,0.3187758670074945,0.3158245067982555,3,3.3101701254689506
2022-01-07,0.4587615202885276,0.3663159620119522,0.201511142910229,2,3.3491142368155593
2022-01-10,0.4593582737904357,0.3663159620119522,0.20254846181551617,2,3.3171859592650943
2022-01-11,0.4598736693482363,0.3663159620119522,0.20344219200216515,2,3.3179340126262344
2022-01-12,0.45800338348873915,0.3663159620119522,0.2001893976816903,2,3.3690509923041176
2022-01-13,0.4587272237083392,0.3663159620119522,0.20145144417053934,2,3.3572748189370847
2022-01-14,0.46058382276603194,0.2746330506688242,0.4037284049198299,4,3.311745571184078
2022-01-17,0.4564991203579236,0.22866846521122794,0.4990823530351216,5,3.275680331863673
2022-01-18,0.45318824030211186,0.18286029894895284,0.5965025508449834,6,3.2463702410771966
2022-01-19,0.45470989817704155,0.18286029894895284,0.5978528295028316,6,3.2214804656065468
2022-01-20,0.45698640092766496,0.18286029894895284,0.59985614762769,6,3.2446021149508666
2022-01-21,0.45042873525903787,0.18286029894895284,0.5940305654704925,6,3.2124244862800215
2022-01-24,0.44560370368483704,0.18286029894895284,0.5896346968464948,6,3.1644924004578994
2022-01-25,0.44022486249386256,0.18286029894895284,0.5846206915414683,6,3.083328610774235
2022-01-26,0.43503343360692237,0.18286029894895284,0.5796638032327014,6,3.070691042627707
2022-01-27,0.4312217069837596,0.22990126154832002,0.4668606477248178,5,2.96330004873681
2022-01-28,0.43971447808266373,0.22990126154832002,0.4771578535444541,5,3.018667331602988
2022-02-03,0.4398281493424887,0.22990126154832002,0.47729297933293774,5,3.0690815944870735
2022-02-04,0.4402254251636245,0.2699466077499261,0.38679914353063216,4,3.1171836924367273
2022-02-07,0.43612653842277216,0.22596978977872817,0.48187104000610564,5,3.1112899386822925
2022-02-08,0.43339396697810556,0.22596978977872817,0.47860421003473763,5,3.1128880526810914
2022-02-09,0.43895120273502763,0.22596978977872817,0.4852052155894545,5,3.1382538621088303
2022-02-10,0.4394024979110568,0.22596978977872817,0.4857339435870285,5,3.141744777794149
2022-02-11,0.43607122344018273,0.22596978977872817,0.48180531612234406,5,3.1142934862686875
2022-02-14,0.43136831565451506,0.22596978977872817,0.47615580102153704,5,3.065295991114033
2022-02-15,0.4278814646837365,0.30999167629710445,0.27551973646198696,3,3.033628398825783
2022-02-16,0.4303021600621885,0.3468120580275579,0.19402668585852417,2,3.093858028539369
2022-02-17,0.43108339953003966,0.384473668748129,0.10812230494777546,1,3.1101905269242542
2022-02-18,0.43008103972827816,0.384473668748129,0.10604366797700157,1,3.1106778950231786
2022-02-21,0.4287849546229212,0.34157296046834706,0.20339331689300857,2,3.1098618368110262
2022-02-22,0.42729810385876477,0.34157296046834706,0.20062139900988782,2,3.067914177878022
2022-02-23,0.4315088386576708,0.34157296046834706,0.20842186794850948,2,3.0823538745763868
2022-02-24,0.42910956238943565,0.34157296046834706,0.20399592456913207,2,3.002187489374242
2022-02-25,0.4275444182578386,0.34157296046834706,0.20108193235175134,2,3.0338777499461633
2022-02-28,0.4274395465689147,0.34157296046834706,0.20088591893245333,2,3.059288895941244
2022-03-02,0.4277751265364145,0.29890776265302255,0.3012502501648423,3,3.0642079134978295
2022-03-03,0.42730665168230597,0.29890776265302255,0.300484180444599,3,3.1135794353330537
2022-03-04,0.4274117903145839,0.29890776265302255,0.300656253696183,3,3.075440048056761
2022-03-07,0.4237326221252148,0.33820742659494385,0.2018376472911682,2,3.0050323589749404
2022-03-08,0.4205462757012709,0.33820742659494385,0.19579022301178406,2,2.972265354928652
2022-03-10,0.4216996759697088,0.33820742659494385,0.19798983526077535,2,3.0379127044395835
2022-03-11,0.4230277469530535,0.29601897766928653,0.30023744352131604,3,3.016332498384885
2022-03-14,0.421391067925142,0.29601897766928653,0.29751957219493597,3,2.9986172346960753
2022-03-15,0.4221190395472695,0.25387683675110273,0.39856577655584946,4,2.9712792845889675
2022-03-16,0.42916832688249007,0.25387683675110273,0.4084446105441133,4,3.0140089993086177
2022-03-17,0.4240629599379838,0.21095948486140143,0.5025279149769347,5,3.0539958517040886
2022-03-18,0.4221859904169279,0.21095948486140143,0.500316235853612,5,3.0681748631402375
2022-03-21,0.4212871997221678,0.12621386962363346,0.70040896161367,7,3.044407167711297
2022-03-22,0.4366740189706514,0.1672833246483072,0.6169148669695639,6,3.0715524374072016
2022-03-23,0.4452709403567526,0.07752722064930484,0.8258875358288826,8,3.0999444627050066
2022-03-24,0.45455982552009633,0.0330138232374078,0.9273718850986574,9,3.093835360255698
2022-03-25,0.4581882328510886,0.0330138232374078,0.9279470294730652,9,3.094198052794433
2022-03-28,0.45151288040015614,0.0330138232374078,0.9268817686703664,9,3.0937220188373438
2022-03-29,0.439584859052868,0.0330138232374078,0.9248977243926473,9,3.106767616089948
2022-03-30,0.42481902897433177,0.07748981407959879,0.8175933543591787,8,3.1131940745106483
2022-03-31,0.43136962230002307,0.07748981407959879,0.8203633031310128,8,3.1255596232531255
2022-04-01,0.42984408130887897,0.03449320664496353,0.9197541430838563,9,3.105384850786023
2022-04-04,0.4374856897074261,0.03449320664496353,0.9211558058778305,9,3.125842976799012
2022-04-05,0.43909312539134343,0.03449320664496353,0.9214444393447943,9,3.1273164152376203
2022-04-06,0.4386635625736895,0.03449320664496353,0.9213675135391052,9,3.0999217944213355
2022-04-07,0.43616099278581644,0.08256820849252561,0.8106932764318243,8,3.0555259608518743
2022-04-08,0.4403660362774428,0.08256820849252561,0.8125009612673549,8,3.0606603271033332
2022-04-11,0.4420425277597105,0.13239979218488035,0.700481777497998,7,3.0523977377052898
2022-04-12,0.43851685459401446,0.08851362491221,0.7981522854026735,8,3.022543608110712
2022-04-13,0.4465259900002831,0.13083850694307586,0.7069856853282092,7,3.078908295458409
2022-04-14,0.45471065254867227,0.08597854297790608,0.8109159253340718,8,3.0791576465787895
2022-04-15,0.46072774439560776,0.1325532224761698,0.7122959837158149,7,3.0557526436885833
2022-04-18,0.4609796736168584,0.04008429802888463,0.9130454110603572,9,3.05252241326548
2022-04-19,0.46798802252175326,0.1401004950969224,0.7006323060534948,7,3.0816284894989177
2022-04-20,0.4767994042741254,0.18537750427773747,0.6112044129754015,6,3.0814018066622086
2022-04-21,0.47227950007998293,0.18537750427773747,0.6074834833052402,6,3.092191909689558
2022-04-22,0.47418326276875394,0.18537750427773747,0.6090593683224519,6,3.0655566763762483
2022-04-25,0.47335495344856265,0.18537750427773747,0.6083752732971419,6,3.011628829523173
2022-04-26,0.4734348662743243,0.18537750427773747,0.6084413770862338,6,3.024300400095207
2022-04-27,0.466575867990786,0.18537750427773747,0.6026851858497784,6,2.9911480352265127
2022-04-28,0.4638416116797345,0.18286447708014705,0.6057609484023433,6,3.0233710004647
2022-04-29,0.4601447411865469,0.18286447708014705,0.6025935739076237,6,3.054607895363203
2022-05-02,0.4677059653815231,0.13714115647655334,0.7067791163093616,7,3.0459939475682596
2022-05-03,0.48238067731767753,0.09013033537844148,0.8131551705602729,8,3.03807138242528
2022-05-04,0.48105422886008303,0.040949745272190016,0.9148749916007901,9,3.0347958154348347
2022-05-06,0.4795040647468838,0.040949745272190016,0.91459979532435,9,2.997325142526834
2022-05-09,0.4692356901388234,0.040949745272190016,0.9127309662654283,9,2.959129084541364
2022-05-10,0.4638930853236855,0.08324612366911582,0.8205489016698102,8,2.9429779324258463
2022-05-11,0.45781391581828623,0.08324612366911582,0.8181660259926272,8,2.938115585578438
2022-05-12,0.4512443319525109,0.13786321362081644,0.6944821156549724,7,2.8902968411746706
2022-05-13,0.46292901217253524,0.17634043690309667,0.6190767217731128,6,2.9516825533554725
2022-05-16,0.4608520792475924,0.26283454321394356,0.4296769938782551,4,2.9430006007095173
2022-05-17,0.4703399622234361,0.21673185316982355,0.5392017039222694,5,2.9700438631289034
2022-05-18,0.46589354110793146,0.07540286273848437,0.8381543076146314,8,2.976322977705743
2022-05-19,0.4582975087627632,0.029941470266420495,0.9346680492607268,9,2.9381949245712864
2022-05-20,0.4587124816380942,0.029941470266420495,0.9347271516146728,9,2.991408720488728
2022-05-23,0.4547301434714419,0.029941470266420495,0.9341555190561038,9,3.000578041233608
2022-05-24,0.4477718740871913,0.029941470266420495,0.9331323113416672,9,2.9535300184746514
2022-05-25,0.4580051360484174,0.029941470266420495,0.9346263438773855,9,2.9663942694578878
2022-05-26,0.45768963355285963,0.07653635251527155,0.8327767401652714,8,2.9609878838023778
2022-05-27,0.45984879895099945,0.030420338824142197,0.9338470843165478,9,2.990003286901133
2022-05-30,0.45677535483388987,0.0738825058235413,0.8382519874558266,8,3.0258305092429927
2022-05-31,0.4601312046392732,0.13033847598581988,0.7167362815829874,7,3.0442371555837653
2022-06-02,0.4601678758614549,0.17467190419153025,0.6204169970262773,6,3.0137369799045666
2022-06-03,0.46072359731729035,0.12835329946440754,0.7214093217456509,7,3.0269525892847025
2022-06-07,0.46069355252038513,0.08202046665366466,0.8219630680634816,8,2.9767310068118196
2022-06-08,0.4688328425525762,0.08202046665366466,0.8250539228286536,8,2.976515658116946
2022-06-09,0.46141402909298723,0.08202046665366466,0.8222410644624432,8,2.975710934046629
2022-06-10,0.4603730193616248,0.08202046665366466,0.8218391104513505,8,2.9421958766392002
2022-06-13,0.4441988478568317,0.08202046665366466,0.8153519149151409,8,2.838647156830521
2022-06-14,0.43920283311140873,0.08202046665366466,0.8132515082550497,8,2.82556755715241
2022-06-15,0.4272072309444476,0.13061847171653834,0.6942503257077981,7,2.7738952045245897
2022-06-16,0.4274256984150987,0.2582998728802608,0.3956847381005848,4,2.7784628636842763
2022-06-17,0.4299296629449421,0.2568582035868579,0.4025576141282631,4,2.7665846830407235
2022-06-20,0.42579227184862073,0.2568582035868579,0.39675231193914884,4,2.710027315281824
2022-06-21,0.42518169730175936,0.2568582035868579,0.3958860289215111,4,2.7303154291672804
2022-06-22,0.4170295069839224,0.2568582035868579,0.38407666775300753,4,2.655374083351279
2022-06-23,0.4086494870728621,0.2568582035868579,0.3714461617785901,4,2.6230831132620795
2022-06-24,0.41462956210500534,0.2568582035868579,0.38051160104737464,4,2.6823380067778166
2022-06-27,0.42131032117440603,0.255483690730672,0.39359736068532786,4,2.7223701957406297
2022-06-28,0.42345896047332554,0.21316974423357915,0.4965988109088388,5,2.745231159822734
2022-06-29,0.42428300310734446,0.12898272304688152,0.6959983734859899,7,2.695247594328395
2022-06-30,0.418589977200809,0.12898272304688152,0.6918638045052736,7,2.6438472611046255
2022-07-01,0.4159954536257867,0.13189054771778325,0.6829519491902264,7,2.6129957270285282
2022-07-04,0.404555948425836,0.12548927727919792,0.6898098328117825,7,2.607237982976119
2022-07-05,0.408502074294414,0.12548927727919792,0.69280626666107,7,2.654206666742228
2022-07-06,0.39214529083766425,0.12548927727919792,0.6799929000520714,7,2.5977966428271886
2022-07-07,0.39414825514020424,0.12548927727919792,0.6816190972745532,7,2.645694726223804
2022-07-08,0.3952239642424517,0.0857775536044485,0.7829646950461032,8,2.664214713982931
2022-07-11,0.39032553989442453,0.0857775536044485,0.7802409915896109,8,2.652495211325075
2022-07-12,0.3827530580080217,0.0857775536044485,0.7758932246005705,8,2.626982058053475
2022-07-13,0.3848131022016634,0.0857775536044485,0.7770929495028048,8,2.639279601944939
2022-07-14,0.3865654832996499,0.12802443323408497,0.6688156631541632,7,2.6321504267304405
2022-07-15,0.3845550252793183,0.12802443323408497,0.6670842276964253,7,2.6419657935599408
2022-07-18,0.3907216948152084,0.12802443323408497,0.6723385598165107,7,2.692142039465482
2022-07-19,0.3910354266420006,0.12802443323408497,0.6726014460288442,7,2.6872910267599086
2022-07-20,0.39023922613739154,0.08858115107620342,0.7730080803178494,8,2.705289643994605
2022-07-21,0.39204470076861514,0.08858115107620342,0.7740534410934838,8,2.7305761144294958
2022-07-22,0.3952843764611965,0.09041257331009137,0.7712720798137419,8,2.7124188192091037
2022-07-25,0.40414879758790045,0.12877065726301737,0.6813781012548716,7,2.7243763388455045
2022-07-26,0.4025061606852266,0.2034319806960813,0.49458666582951516,5,2.7348830883269675
2022-07-27,0.40277316725401124,0.2034319806960813,0.49492171466381285,5,2.7377959627786788
2022-07-28,0.4051275695638636,0.2414335517704397,0.4040554879285238,4,2.7601695587618584
2022-07-29,0.41045536771507163,0.2826235967145269,0.3114389067736167,3,2.7785648709607953
2022-08-01,0.40981125986498557,0.2826235967145269,0.3103566827137968,3,2.779414931598454
2022-08-02,0.40954971713148547,0.2826235967145269,0.3099162692772879,3,2.7650999104602794
2022-08-03,0.40943036123371257,0.2826235967145269,0.30971509816000514,3,2.7898423420870686
2022-08-04,0.4069237152805047,0.32464886516922997,0.20218740521072903,2,2.803057951467205
2022-08-05,0.4070043803482338,0.32464886516922997,0.20234552539346198,2,2.8231080483741176
2022-08-08,0.41131629861500685,0.32464886516922997,0.21070751083194447,2,2.825714900996271
2022-08-09,0.4105218711634274,0.32464886516922997,0.20918009983446573,2,2.8374570719377985
2022-08-10,0.4140833573692168,0.32464886516922997,0.21598185633005942,2,2.81186457967335
2022-08-11,0.41441212925298854,0.32464886516922997,0.21660385338036353,2,2.860488048147435
2022-08-12,0.4156221052689244,0.32464886516922997,0.21888450817800226,2,2.8652030511509823
2022-08-16,0.4139159156209032,0.32464886516922997,0.21566469682076927,2,2.8715275022951636
2022-08-17,0.4126734077144804,0.3719850628742639,0.09859696331188819,1,2.8522027904657197
2022-08-18,0.4123385242178531,0.3719850628742639,0.09786488279292826,1,2.8426594430402705
2022-08-19,0.41209071043034895,0.41209071043034895,0.0,0,2.8252502011810177
2022-08-22,0.41209071043034895,0.41209071043034895,0.0,0,2.7910324269797915
2022-08-23,0.41209071043034895,0.41209071043034895,0.0,0,2.760248897754707
2022-08-24,0.41209071043034895,0.41209071043034895,0.0,0,2.7739745435174377
2022-08-25,0.41209071043034895,0.41209071043034895,0.0,0,2.8077616203289173
2022-08-26,0.41209071043034895,0.41209071043034895,0.0,0,2.812034591800882
2022-08-29,0.4121312234146615,0.37088163938731405,0.10008847105923988,1,2.7506715479037505
2022-08-30,0.41237675665291956,0.37088163938731405,0.10062428736867488,1,2.7779188248761746
2022-08-31,0.41180344070732067,0.32967465537680435,0.19943686043382852,2,2.801856532432647
2022-09-01,0.41085731037232565,0.32967465537680435,0.19759330781275927,2,2.737886635913362
2022-09-02,0.4119481666150748,0.32967465537680435,0.19971811481600055,2,2.730859467975382
2022-09-05,0.4133459394056464,0.32967465537680435,0.20242435222456448,2,2.7243650047036687
2022-09-06,0.4141912624101375,0.32967465537680435,0.2040521244739434,2,2.731550850627345
2022-09-07,0.41279348961956586,0.32967465537680435,0.201356940777735,2,2.6935134706275714
2022-09-08,0.4144261737218858,0.32967465537680435,0.2045032956870063,2,2.7023767695428944
2022-09-13,0.41620628969925644,0.32967465537680435,0.20790563829532316,2,2.776343379161047
2022-09-14,0.41418748328943233,0.32967465537680435,0.20404486210311384,2,2.733137630484308
2022-09-15,0.4140139552872485,0.32967465537680435,0.20371124894069917,2,2.7222681884641107
2022-09-16,0.4143534530502059,0.32967465537680435,0.20436368286555892,2,2.7006766482675766
2022-09-19,0.4130788045965661,0.32967465537680435,0.2019085663357105,2,2.6699384556098336
2022-09-20,0.41410071928834047,0.32967465537680435,0.2038780904718733,2,2.683754774507248
2022-09-21,0.41224410351858476,0.32967465537680435,0.2002926116760285,2,2.6603611057588776
2022-09-22,0.41157692379321914,0.2885181445775373,0.29899338884584287,3,2.6434732344240555
2022-09-23,0.408016351605048,0.2885181445775373,0.2928760245941875,3,2.5955184803182627
2022-09-26,0.40509714907474215,0.2885181445775373,0.2877803627191054,3,2.5172448968026386
2022-09-27,0.40365881257996683,0.3271122866331243,0.18963174731055402,2,2.5205544662185906
2022-09-28,0.40118703696170216,0.3271122866331243,0.18463894269756562,2,2.4587040542225345
2022-09-29,0.40269541825334404,0.36572142278813563,0.0918162804672073,1,2.460562853483548
2022-09-30,0.40149358666078466,0.36572142278813563,0.08909772175980571,1,2.443062938489612
2022-10-04,0.4038265538698705,0.36572142278813563,0.09436014228527895,1,2.5041426288408575
2022-10-05,0.40326098606160726,0.36572142278813563,0.09308999524128672,1,2.5107617676727605
2022-10-06,0.40326098606160726,0.36572142278813563,0.09308999524128672,1,2.536422264788222
2022-10-07,0.40135219470871886,0.36572142278813563,0.08877682093265303,1,2.5307325255868256
2022-10-11,0.40078662690045563,0.36572142278813563,0.08749095343699986,1,2.484523229323692
2022-10-12,0.4012994687220713,0.32566396889089994,0.18847645144418165,2,2.4963107368325606
2022-10-13,0.39866836181625276,0.32566396889089994,0.18312060829898688,2,2.451427535164175
2022-10-14,0.400125341306129,0.32566396889089994,0.18609511752533556,2,2.5077355518026954
2022-10-17,0.39988346077703196,0.28576178472125824,0.2853873371857357,3,2.515850797356878
2022-10-18,0.40033551129851197,0.28576178472125824,0.286194262921186,3,2.5501252422672818
2022-10-19,0.3993064333752976,0.24560848587288892,0.38491227452364135,4,2.535946230831133
2022-10-20,0.39801777168693914,0.24560848587288892,0.38292080569188186,4,2.5140146663795355
2022-10-21,0.39911043277856806,0.27883969497496336,0.30134701557734667,3,2.508381597887316
2022-10-24,0.40078200566670363,0.27883969497496336,0.304260942276808,3,2.5344954606761947
2022-10-25,0.39795559580206236,0.27883969497496336,0.29931957757002015,3,2.533260039216131
2022-10-26,0.4006433866459491,0.27883969497496336,0.30402022279884633,3,2.549683210735699
2022-10-27,0.4070094111819109,0.23863918165816825,0.4136765020612519,4,2.594135715014338
2022-10-28,0.4063801354691099,0.23863918165816825,0.41276858579051323,4,2.571036733953689
2022-10-31,0.4066266113153764,0.23863918165816825,0.41312453484978245,4,2.5996101055208607
2022-11-01,0.4131313899886907,0.23863918165816825,0.4223649244742674,4,2.6467714696981717
2022-11-02,0.41074097316336355,0.23863918165816825,0.419003222833446,4,2.648641603101021
2022-11-03,0.4135695647479747,0.23863918165816825,0.4229769257716227,4,2.6399143138877244
2022-11-04,0.41441472689205217,0.23863918165816825,0.4241537132430874,4,2.6617438710628023
2022-11-07,0.41276039512392615,0.23863918165816825,0.4218457379213434,4,2.688220426390416
2022-11-08,0.41192515138029595,0.28726228929277237,0.3026347424278369,3,2.71910596289202
2022-11-09,0.41546403617818406,0.28726228929277237,0.3085748361391949,3,2.7478606807285586
2022-11-10,0.4168928993883089,0.28726228929277237,0.3109446341871944,3,2.7227215541375287
2022-11-11,0.41846194207262327,0.32813647855642614,0.2158510832999989,2,2.814448764011833
2022-11-14,0.41760194411560436,0.32813647855642614,0.21423622858999816,2,2.8048034093098644
2022-11-15,0.42232969547748267,0.3729508982205564,0.11692002193002077,1,2.8112412018724005
2022-11-16,0.4235399601161328,0.3729508982205564,0.11944342130481649,1,2.80797696902379
2022-11-17,0.42293482779680774,0.3729508982205564,0.11818352684888207,1,2.7688175089823077
2022-11-18,0.4230558542606727,0.3729508982205564,0.11843579408132568,1,2.770608303392309
2022-11-21,0.4219666160858876,0.3729508982205564,0.11616017949475535,1,2.7422956170873523
2022-11-22,0.42456868505898543,0.3729508982205564,0.12157699956429378,1,2.7261671332555055
2022-11-23,0.42555250918374415,0.42555250918374415,0.0,0,2.7406068299538706
2022-11-24,0.42555250918374415,0.42555250918374415,0.0,0,2.7670380487141415
2022-11-25,0.42555250918374415,0.42555250918374415,0.0,0,2.7631051014972403
2022-11-28,0.42555250918374415,0.42555250918374415,0.0,0,2.7295673758061407
2022-11-29,0.42555250918374415,0.42555250918374415,0.0,0,2.7580387400967936
2022-11-30,0.42555250918374415,0.42555250918374415,0.0,0,2.802400571240749
2022-12-01,0.42555250918374415,0.42555250918374415,0.0,0,2.8106858289224634
2022-12-02,0.42555250918374415,0.42555250918374415,0.0,0,2.759104149429326
2022-12-05,0.42555250918374415,0.42555250918374415,0.0,0,2.7420916025343143
2022-12-06,0.42555250918374415,0.42555250918374415,0.0,0,2.7124414874927743
2022-12-07,0.42555250918374415,0.42555250918374415,0.0,0,2.700710650693083
2022-12-08,0.42555250918374415,0.42555250918374415,0.0,0,2.687415702320099
2022-12-09,0.42555250918374415,0.42555250918374415,0.0,0,2.7077718210565687
2022-12-12,0.42555250918374415,0.42555250918374415,0.0,0,2.6896145258361766
2022-12-13,0.4258287984198733,0.38299725826536973,0.1005839443303012,1,2.6889118090423785
2022-12-14,0.42526115150216304,0.38299725826536973,0.0993833861557851,1,2.719343979870564
2022-12-15,0.4262932368070908,0.38299725826536973,0.1015638410452045,1,2.675956884924458
2022-12-16,0.4272288824274165,0.3404143784233824,0.20320373358368013,2,2.6748801414500902
2022-12-19,0.4262222027342698,0.29761006774789195,0.30174902705986356,3,2.6659828401092613
2022-12-20,0.4256261713057715,0.29761006774789195,0.30077122176284665,3,2.64458398032393
2022-12-21,0.4277218150111712,0.29761006774789195,0.3041971269571111,3,2.639664962767344
2022-12-22,0.42894639205752183,0.29761006774789195,0.30618353887918387,3,2.671151208786227
2022-12-23,0.42562510223113736,0.29761006774789195,0.3007694654572473,3,2.622369062326446
2022-12-26,0.42438154526598093,0.2551329639334803,0.3988123027980026,4,2.6262793412596763
2022-12-27,0.4289649145921237,0.21267157624425054,0.5042215132058835,5,2.644017273232157
2022-12-28,0.42722771089037076,0.21267157624425054,0.5022055666730303,5,2.584694374865407
2022-12-29,0.4210748206573076,0.21267157624425054,0.4949316230491643,5,2.5347674800802458
2023-01-02,0.4138717850380962,0.21267157624425054,0.4861413995044999,5,2.522605945890807
2023-01-03,0.41339239272024925,0.21267157624425054,0.4855455011041542,5,2.5146833807478264
2023-01-04,0.4127966443734947,0.21267157624425054,0.48480304008521163,5,2.556959729794059
2023-01-05,0.41225748840976595,0.21267157624425054,0.48412925847725474,5,2.566786430765395
2023-01-06,0.41373563855218415,0.21267157624425054,0.48597230591865864,5,2.5954844778927564
2023-01-09,0.4219007418050738,0.21267157624425054,0.4959203547868876,5,2.663738680025842
2023-01-10,0.42307838583075763,0.25109136455430975,0.40651337207580057,4,2.665008103911412
2023-01-11,0.4224301100981082,0.25109136455430975,0.4056025871451387,4,2.674324768500153
2023-01-12,0.4220172196860673,0.25109136455430975,0.4050210445415163,4,2.6806378855024993
2023-01-13,0.42456725790881,0.294110844511971,0.3072691333745262,3,2.704428249215111
2023-01-16,0.42701220119469663,0.33548859647153645,0.2143348702147036,2,2.720035362522527
2023-01-17,0.4268078700179538,0.33548859647153645,0.21395873872376336,2,2.6968343741853587
2023-01-18,0.4266659851416892,0.2927850508046388,0.31378394106713386,3,2.6842874791735145
2023-01-19,0.42548018594648984,0.2927850508046388,0.31187147962405787,3,2.697911117659727
2023-01-20,0.42588241427603657,0.2927850508046388,0.31252138855663214,3,2.7148216572782196
2023-01-25,0.4241414161885195,0.33576850453318535,0.20835718532154562,2,2.7525756837321067
2023-01-26,0.42284676709948216,0.3392237460214099,0.19776199697986205,2,2.798002924208594
2023-01-27,0.42311023364572253,0.3392237460214099,0.19826154262804294,2,2.8154235002096817
2023-01-30,0.42257564858448327,0.3392237460214099,0.19724729250793357,2,2.7773974543517435
2023-01-31,0.42331547621273335,0.3392237460214099,0.19865026184174725,2,2.748620068231534
2023-02-01,0.4237521374340995,0.3392237460214099,0.19947602370698403,2,2.776638066848769
2023-02-02,0.42194961729122127,0.3392237460214099,0.19605627752641278,2,2.7982636094708093
2023-02-03,0.421367983302235,0.3392237460214099,0.19494655630232213,2,2.8113205408652484
2023-02-06,0.42324020537748064,0.3392237460214099,0.19850774640168672,2,2.7634791281778104
2023-02-07,0.4239394616858342,0.3392237460214099,0.1998297476897868,2,2.77880288793934
2023-02-08,0.4229420393158841,0.3392237460214099,0.19794270966747574,2,2.8149928028199342
2023-02-09,0.4255158664212994,0.3392237460214099,0.20279413109933825,2,2.812589964750819
2023-02-10,0.4273016426098097,0.3392237460214099,0.20612580857506332,2,2.7992270115268223
2023-02-13,0.42524493134032526,0.2964428582991303,0.3028891435230632,3,2.7799249679810494
2023-02-14,0.42326101981308767,0.2538912865474213,0.40015433819173835,4,2.7945913475161226
2023-02-15,0.42218022110053677,0.2538912865474213,0.39861870865106114,4,2.7518162962291313
2023-02-16,0.4221971481189739,0.25589447051807557,0.39389815478818624,4,2.8057441430822068
2023-02-17,0.42453940810558416,0.25589447051807557,0.39724212727400354,4,2.7782361808475673
2023-02-20,0.42388362471050867,0.25589447051807557,0.39630961046716845,4,2.7826678303052286
2023-02-21,0.4245761305968588,0.21351839542446463,0.49710221551007666,5,2.787020140770042
2023-02-22,0.4250128486607961,0.25823525393558455,0.3924060066671471,4,2.7402328032733
2023-02-23,0.42886622576852973,0.25823525393558455,0.39786525862971345,4,2.7644992009430007
2023-02-24,0.43005869059561314,0.2153034505768993,0.49936263285666166,5,2.746953949381723
2023-02-27,0.43315778783632736,0.2153034505768993,0.5029445236287574,5,2.723186253952782
2023-02-28,0.43354481654381416,0.2153034505768993,0.5033882487783343,5,2.7347584127667774
2023-03-02,0.433278467734693,0.12850531790756425,0.7034117144583072,7,2.751759625519954
2023-03-03,0.42842834345015385,0.0851113976222107,0.8013404133423934,8,2.756542633374514
2023-03-06,0.4272325310219824,0.04212012965901231,0.9014116983127273,9,2.791168436681817
2023-03-07,0.4265171491479955,0.04212012965901231,0.9012463397001719,9,2.7919958290358045
2023-03-08,0.42214552790948473,0.04212012965901231,0.900223674362734,9,2.756361287105147
2023-03-09,0.42441282524819607,0.04212012965901231,0.9007566992482366,9,2.741830917272099
2023-03-10,0.4155267818788257,0.04212012965901231,0.8986343805119757,9,2.714062269775244
2023-03-13,0.41137278767094104,0.08488942632489482,0.7936435542916896,8,2.732208230853801
2023-03-14,0.40018030358052536,0.12106171890070003,0.6974820654151969,7,2.6623559147219167
2023-03-15,0.4025265111111026,0.12106171890070003,0.6992453526439023,7,2.6972084008659283
2023-03-16,0.40624830235580345,0.1673740175063965,0.5880006967763135,6,2.695156921193712
2023-03-17,0.4080743851622721,0.12660891115403444,0.6897406067188265,7,2.715309025377144
2023-03-20,0.4114462229900119,0.045176588784472775,0.8902005018877778,9,2.696619025490485
2023-03-21,0.41942349585704825,0.04404061352657458,0.894997266577586,9,2.7069897652699226
2023-03-22,0.4177185928375504,0.001914389361042719,0.9954170357894814,10,2.7394167450611477
2023-03-23,0.4207223667344711,0.001914389361042719,0.9954497561517786,10,2.747940019721407
2023-03-24,0.42041128320130505,0.04567863943325795,0.8913477319508913,9,2.7371499166940576
2023-03-27,0.42041409665008,0.04567863943325795,0.8913484590615969,9,2.7306441192805084
2023-03-28,0.4239236189017685,0.04567863943325795,0.8922479489310017,9,2.759795532081289
2023-03-29,0.42541815065091826,0.08585252303904356,0.7981926184680098,8,2.7699735914495234
2023-03-30,0.42242226260352156,0.1256446496664422,0.7025614869537068,7,2.78044633850548
2023-03-31,0.4307557198544877,0.17519188342079403,0.5932918000950166,6,2.807308254655499
2023-04-03,0.43692234843092004,0.13185391842161914,0.6982211624213449,7,2.802185222545875
2023-04-04,0.4373452900069572,0.08812359920303173,0.7985033765845978,8,2.811445216425439
2023-04-05,0.4369968517502031,0.08812359920303173,0.7983427137973866,8,2.8281064049235516
2023-04-06,0.4330924112819853,0.08812359920303173,0.7965247210354496,8,2.787326162599599
2023-04-07,0.4345032014579575,0.08812359920303173,0.7971853857294108,8,2.822666016842535
2023-04-10,0.43190043336239947,0.08812359920303173,0.7959631609605521,8,2.847227102199957
2023-04-11,0.4335722115759104,0.08812359920303173,0.796749891136409,8,2.887780661687201
2023-04-12,0.44192858791466916,0.08812359920303173,0.8005931238373579,8,2.8909315531174555
2023-04-13,0.4402483851605556,0.12961389522288835,0.7055891637725847,7,2.9034217774201228
2023-04-14,0.4418155744171478,0.22574349047480488,0.48905492801468053,5,2.9145632388443707
2023-04-17,0.44522773324353837,0.2683144257416598,0.39735464413468474,4,2.91957292953564
2023-04-18,0.44424866417908215,0.3057576964169457,0.311742001561335,3,2.914109873170953
2023-04-19,0.4454611892801522,0.3057576964169457,0.31361540853640213,3,2.9186321957632977
2023-04-20,0.4420608023634318,0.3057576964169457,0.3083356525115003,3,2.905065227986263
2023-04-21,0.43733400982220677,0.3057576964169457,0.30086000734027507,3,2.8838590486121345
2023-04-24,0.4257170467111743,0.3057576964169457,0.2817818812306438,3,2.860170692176042
2023-04-25,0.41462070115085164,0.35232077915137006,0.15025762540692575,2,2.821090571127407
2023-04-26,0.4086349339415391,0.35232077915137006,0.13781042713843347,2,2.816341565698353
2023-04-27,0.4096130889439223,0.35232077915137006,0.13986933361984383,2,2.828786453433678
2023-04-28,0.4108105577038469,0.36926771746147435,0.10112408131516604,1,2.8352695825635563
2023-05-02,0.4114672730207198,0.37099607193079004,0.09835825044557503,1,2.861179430799397
2023-05-03,0.41115007850644064,0.37099607193079004,0.09766265087803361,1,2.8351222387196957
2023-05-04,0.41279941239540535,0.37099607193079004,0.10126792628419108,1,2.8346008681952646
2023-05-08,0.40874505111317816,0.28848698195281325,0.29421290565562447,3,2.8485078602273632
2023-05-09,0.4110561046941179,0.28848698195281325,0.2981810058082288,3,2.844937605549196
2023-05-10,0.4095551864240704,0.20630223172507312,0.49627733071494,5,2.8295798433621604
2023-05-11,0.41396786816473374,0.20630223172507312,0.5016467518609983,5,2.8233347312108266
2023-05-12,0.41376905699489364,0.20630223172507312,0.5014072989812307,5,2.805676138231194
2023-05-15,0.4116087067531272,0.16504176364207823,0.5990323796987458,6,2.810130455972526
2023-05-16,0.40880399370566733,0.16504176364207823,0.5962814302618926,6,2.811139194595881
2023-05-17,0.4114541655868098,0.16504176364207823,0.5988817772528852,6,2.8274830271226015
2023-05-18,0.41522966526939337,0.16504176364207823,0.602528967830364,6,2.8509900372893267
2023-05-19,0.4239676792292564,0.12348481358517846,0.7087400298775952,7,2.8763671808589013
2023-05-22,0.42950784036677825,0.12348481358517846,0.7124969512087869,7,2.898230740459486
2023-05-23,0.430991655391299,0.12348481358517846,0.7134867646728191,7,2.9100975869612036
2023-05-24,0.431232514849608,0.12348481358517846,0.7136467930108571,7,2.909984245542849
2023-05-25,0.4324199744309499,0.12348481358517846,0.7144331416519777,7,2.8955218805608136
2023-05-26,0.42846681255105656,0.12348481358517846,0.7117984171283653,7,2.900191546997019
2023-05-30,0.4287490732545668,0.12348481358517846,0.7119881504400122,7,2.9304650398395085
2023-05-31,0.42401068456860996,0.160519767235621,0.6214251831909982,6,2.92094436069773
2023-06-01,0.4255543840737601,0.07604540839492777,0.8213027259478378,8,2.9119337179385463
2023-06-02,0.42543852337657306,0.07604540839492777,0.821254060889035,8,2.948418320506863
2023-06-05,0.4289157613995871,0.12395552431473228,0.7110026362513345,7,2.9643427897856713
2023-06-07,0.42472775313494476,0.12395552431473228,0.7081529911812731,7,2.964558138480545
2023-06-08,0.42647963696150193,0.20979367307755675,0.5080804453590015,5,2.9591744211087057
2023-06-09,0.4286901372612799,0.1670019124216534,0.6104367749429506,6,2.9935282050119576
2023-06-12,0.42981000352052867,0.1670019124216534,0.6114517785678364,6,2.98014258350429
2023-06-13,0.4355329865367902,0.20540536268182855,0.5283816173944896,5,2.9898899454827776
2023-06-14,0.43370213987781503,0.20540536268182855,0.5263907096707051,5,2.968502419839282
2023-06-15,0.4374889729687016,0.20540536268182855,0.5304901943287986,5,2.9565562343447165
2023-06-16,0.441531350292521,0.20540536268182855,0.5347887244116539,5,2.9761076290108694
2023-06-19,0.4455252816991746,0.216525990797155,0.5139984200866144,5,2.95764431196092
2023-06-20,0.4426532291107467,0.216525990797155,0.5108451117997318,5,2.952441940858448
2023-06-21,0.4404796501623884,0.216525990797155,0.5084313413404457,5,2.9271894728490633
2023-06-22,0.43936647482351476,0.216525990797155,0.5071859069717838,5,2.9397363678609074
2023-06-23,0.4351582939783849,0.17258518264941422,0.603396775293942,6,2.9129877931292434
2023-06-26,0.43477495696376633,0.17258518264941422,0.6030470939387678,6,2.926702104750139
2023-06-27,0.4334782991797177,0.17258518264941422,0.6018596940700337,6,2.925784039261467
2023-06-28,0.4326465608688346,0.17258518264941422,0.6010942920641017,6,2.906289315304492
2023-06-29,0.4330148641916002,0.2605215985804142,0.3983541441082292,4,2.890228836323658
2023-06-30,0.43796519734563016,0.21717973353072595,0.5041164575473479,5,2.906391322581011
2023-07-03,0.4441161827346797,0.18691268098720826,0.5791356220431352,6,2.9496764102505977
2023-07-04,0.44245442686031994,0.09805226497903957,0.7783901368671489,8,2.9392943363293247
2023-07-05,0.4434770058034919,0.09805226497903957,0.7789011297183528,8,2.9230751793627947
2023-07-06,0.438111094495539,0.1341854468836684,0.6937182176630893,7,2.8973353432544857
2023-07-07,0.43866203580078994,0.1341854468836684,0.6941028948659551,7,2.863808951705222
2023-07-10,0.4388306795126958,0.1341854468836684,0.6942204518775303,7,2.8569971324621157
2023-07-11,0.4502058086619027,0.1341854468836684,0.7019464336044595,7,2.904362511192465
2023-07-12,0.4582910570272099,0.08915403654678743,0.8054641582467228,8,2.9182241666572213
2023-07-13,0.4591290502935438,0.08915403654678743,0.8058192212194221,8,2.9369368348275513
2023-07-14,0.460274459514176,0.1406797157039016,0.6943568933796798,7,2.978952498611568
2023-07-17,0.46348553517366997,0.1406797157039016,0.69647442039116,7,2.9684117467045983
2023-07-18,0.46430512633798854,0.1406797157039016,0.6970102035843246,7,2.955513493295855
2023-07-19,0.4677284537471582,0.1406797157039016,0.6992278007103041,7,2.9562162100896527
2023-07-20,0.4713231043955881,0.19538646037885832,0.5854511299007576,6,2.947137562479457
2023-07-21,0.4692046838117006,0.19538646037885832,0.5835794758236683,6,2.957938999648642
2023-07-24,0.4701978787924891,0.19538646037885832,0.5844590773556263,6,2.9792131838737834
2023-07-25,0.4867572587892186,0.14817813999860235,0.6955810369070055,7,2.9882011583492956
2023-07-26,0.47705702628676944,0.09855590195862392,0.7934085517495768,8,2.9382175928549574
2023-07-27,0.47395008610738903,0.1452656455049433,0.6935001179174202,7,2.9511951852565486
2023-07-28,0.4815659263274341,0.24052494160815233,0.5005357969521068,5,2.956306883224337
2023-07-31,0.4894431556958294,0.33698805031931073,0.31148684704718566,3,2.9838035113171406
2023-08-01,0.48153836583453147,0.28798021284470615,0.4019579055853189,4,3.0228949665076112
2023-08-02,0.4872779279422784,0.28798021284470615,0.4090021395780942,4,2.965544208820229
2023-08-03,0.48199402599100993,0.28798021284470615,0.4025232734936895,4,2.9529859796665496
2023-08-04,0.48178553202889096,0.28798021284470615,0.40226471386144286,4,2.950050436931168
2023-08-07,0.48099788171049784,0.28798021284470615,0.40128590209044795,4,2.925013317616657
2023-08-08,0.48463188989967426,0.3421033931824968,0.2940964053081256,3,2.9173854401613983
2023-08-09,0.4834705809752081,0.3421033931824968,0.29240080649283706,3,2.952679957836992
2023-08-10,0.4811981458348803,0.3421033931824968,0.28905920327488727,3,2.948645003343572
2023-08-11,0.4802435688700438,0.3421033931824968,0.28764607095639927,3,2.9369708372530576
2023-08-14,0.47968511165242883,0.3421033931824968,0.2868167369130716,3,2.913860522050573
2023-08-16,0.47573739819127175,0.3421033931824968,0.2808986754391064,3,2.8625961985288284
2023-08-17,0.47545205781907707,0.3421033931824968,0.2804671100767919,3,2.8560337304061023
2023-08-18,0.473925193025413,0.3421033931824968,0.27814896060156835,3,2.838635822688685
2023-08-21,0.4719382001352099,0.3421033931824968,0.27510976419267513,3,2.843509503677929
2023-08-22,0.47320804898033053,0.3811660494381816,0.19450641158890092,2,2.851375398111732
2023-08-23,0.4743793765049166,0.42483416403350666,0.10444217207848282,1,2.8397692368722303
2023-08-24,0.4746334545175904,0.42483416403350666,0.10492157687177563,1,2.8762425052987113
2023-08-25,0.47250555116144655,0.42483416403350666,0.10089063929674649,1,2.8552290063357852
2023-08-28,0.47190940188648556,0.3775709050167283,0.19990806814323597,2,2.8827369685704247
2023-08-29,0.47361667812004704,0.4268902421348711,0.0986587638143356,1,2.8926543426764444
2023-08-30,0.47420665837238507,0.4268902421348711,0.09978015998323955,1,2.9029230751793627
2023-08-31,0.475150626776126,0.4268902421348711,0.10156860145318403,1,2.8973126749708147
2023-09-01,0.47585860307893174,0.4268902421348711,0.10290527612030613,1,2.9057452764963903
2023-09-04,0.4750326307256584,0.4268902421348711,0.10134543498042471,1,2.92936562808147
2023-09-05,0.47420665837238507,0.4268902421348711,0.09978015998323955,1,2.926679436466468
2023-09-06,0.47582910406631485,0.4268902421348711,0.10284966075682346,1,2.9053259132484786
2023-09-07,0.47615359320510076,0.4268902421348711,0.10346105074756776,1,2.888234027360619
2023-09-08,0.4756521099906134,0.4268902421348711,0.10251582371137716,1,2.887576647134162
2023-09-11,0.4757111080158472,0.4268902421348711,0.10262713032832893,1,2.8980040576227775
2023-09-12,0.4746521643817828,0.3793191313332864,0.20084820043465776,2,2.874995749696812
2023-09-13,0.4750543395982665,0.3793191313332864,0.20152475261238406,2,2.8728649310317467
2023-09-14,0.47693560210129693,0.3793191313332864,0.20467432151831202,2,2.916150018701334
2023-09-15,0.4831909125363879,0.3316657285054121,0.31359278516970207,3,2.94832764737218
2023-09-18,0.483622941018481,0.3316657285054121,0.3142059642436649,3,2.9182241666572213
2023-09-19,0.4756405618109211,0.3316657285054121,0.30269671021611183,3,2.9006449126704372
2023-09-20,0.4738703673538127,0.3316657285054121,0.30009185770045055,3,2.901245622187716
2023-09-21,0.4720175862895786,0.3316657285054121,0.2973445521117975,3,2.8505026691904023
2023-09-22,0.47506538816806493,0.38403951446399337,0.19160704183287952,2,2.842750116174954
2023-09-25,0.4666398473321095,0.38403951446399337,0.177010886104909,2,2.8287297827245013
2023-09-26,0.46344045138334655,0.38403951446399337,0.17132931897149972,2,2.7915651316460575
2023-09-27,0.4659622563188136,0.3378132871483678,0.2750200631760305,3,2.7939453014315023
2023-10-04,0.4607382477288875,0.24491137090819257,0.4684370743791474,5,2.7266431672125946
2023-10-05,0.4578158745541052,0.24491137090819257,0.46504395211999444,5,2.7242743315689855
2023-10-06,0.4615258423655569,0.24491137090819257,0.46934418741777045,5,2.730088746330572
2023-10-10,0.4603498264520455,0.24491137090819257,0.46798856687805246,5,2.7231182491017694
2023-10-11,0.4610521220867729,0.19871571881372396,0.5689951107603308,6,2.776955422820161
2023-10-12,0.4617086877420107,0.1524517943722503,0.6698095608340906,7,2.8106631606387924
2023-10-13,0.4590982480858613,0.1524517943722503,0.6679320929498765,7,2.78383524691428
2023-10-16,0.45518203532929746,0.18248529307832692,0.5990938154087967,6,2.761268970519897
2023-10-17,0.45414123160509046,0.18248529307832692,0.5981750160993717,6,2.7883915719321313
2023-10-18,0.4471316376725604,0.13743939053541115,0.6926198484839501,7,2.7911457683981458
2023-10-19,0.44098278507027033,0.14157657979541982,0.6789521392023055,7,2.7381019846082357
2023-10-20,0.4395784721012158,0.14157657979541982,0.6779264937186894,7,2.6918586859195957
2023-10-23,0.43872472474589813,0.14157657979541982,0.6772997467206378,7,2.671479898899455
2023-10-24,0.43469915740562437,0.14157657979541982,0.6743113544540125,7,2.7015040406215647
2023-10-25,0.4360628035228058,0.09803831352519857,0.7751738677704684,8,2.6784503961282575
2023-10-26,0.42878193166167444,0.09803831352519857,0.7713562389504915,8,2.605809881104852
2023-10-27,0.42415443186610746,0.09803831352519857,0.7688617490241236,8,2.6100375160094753
2023-10-30,0.42821784075506153,0.09803831352519857,0.7710550467670122,8,2.6188101417901146
2023-10-31,0.42613008558852816,0.14174455688478563,0.6673678726790149,7,2.581906175973886
2023-11-01,0.4292071980525064,0.1782840728843574,0.5846200303878705,6,2.608620748280044
2023-11-02,0.4275664136711991,0.1782840728843574,0.5830260114362986,6,2.655725441748178
2023-11-03,0.4311924340432949,0.1782840728843574,0.5865324648380625,6,2.6843101474571855
2023-11-06,0.4461346922727437,0.1782840728843574,0.6003806115679438,6,2.836221650477734
2023-11-07,0.4428407993165523,0.2208750067569949,0.5012315778088264,5,2.7700189280168654
2023-11-08,0.4424262060455222,0.2624877622529646,0.4067083760721971,4,2.7446984551564677
2023-11-09,0.4407662782149727,0.2624877622529646,0.4044740370883302,4,2.750886896598624
2023-11-10,0.43590970492520964,0.2624877622529646,0.3978391412551816,4,2.7311428215212685
2023-11-13,0.4321244107922362,0.2624877622529646,0.3925643733670771,4,2.724455677838353
2023-11-14,0.43331846688258147,0.3001458478813291,0.30733197216203306,3,2.7578800621110973
2023-11-15,0.4318261666834598,0.34102513395127615,0.2102721876016912,2,2.8184270477960762
2023-11-16,0.436523566218973,0.34102513395127615,0.21877039330287157,2,2.8201385032132293
2023-11-17,0.43126631391417186,0.34102513395127615,0.20924699437771296,2,2.7993630212288476
2023-11-20,0.43263294677923686,0.34102513395127615,0.21174488330105423,2,2.823561414047535
2023-11-21,0.4340019736694248,0.3804924618508499,0.12329324534208823,1,2.8453456346552723
2023-11-22,0.43351341576207475,0.3804924618508499,0.12230522051553848,1,2.8467964048102097
2023-11-23,0.4362216729553611,0.3804924618508499,0.1277543381257309,1,2.850491335048567
2023-11-24,0.43653292769394203,0.3804924618508499,0.12837626279221417,1,2.8297158530641853
2023-11-27,0.4333028923079103,0.3368480829495559,0.22260365917385203,2,2.8286164413061465
2023-11-28,0.43546528619186614,0.393352522933713,0.09670750940087161,1,2.858198551496674
2023-11-29,0.4348819299725909,0.393352522933713,0.09549582122553445,1,2.8559883938387607
2023-11-30,0.43440968922365386,0.393352522933713,0.09451254727608703,1,2.8735336454000384
2023-12-01,0.435334906270184,0.34993377710541523,0.1961734010636993,2,2.8392138639222937
2023-12-04,0.43522379079984586,0.34993377710541523,0.19596817889409554,2,2.8504800009067313
2023-12-05,0.4348786024120146,0.34993377710541523,0.19532997217030365,2,2.8270523297328545
2023-12-06,0.4348190973512399,0.34993377710541523,0.19521985295244673,2,2.8282990853347543
2023-12-07,0.434179060537838,0.30645249188112483,0.294179476316735,3,2.82454748438722
2023-12-08,0.4341346730571285,0.30645249188112483,0.2941073107035654,3,2.853766902039012
2023-12-11,0.44570071956875934,0.30645249188112483,0.31242540470288005,3,2.862278842557436
2023-12-12,0.4494261061650353,0.30645249188112483,0.31812485372491606,3,2.873510977116368
2023-12-13,0.44862095803040636,0.30645249188112483,0.3169010800865119,3,2.845617654059323
2023-12-14,0.44782908603556815,0.30645249188112483,0.3156931931464913,3,2.8836096974917544
2023-12-15,0.4479314432349385,0.30645249188112483,0.31584956468351444,3,2.905575264368858
2023-12-18,0.4516859160999796,0.30645249188112483,0.3215363132701877,3,2.9093155311745575
2023-12-19,0.4487849992231144,0.1707871476739718,0.6194455073818886,6,2.9112310011447486
2023-12-20,0.4495374202775354,0.1707871476739718,0.6200824670646301,6,2.9630847000419367
2023-12-21,0.44145143303857437,0.1707871476739718,0.6131235853094438,6,2.9468995455009126
2023-12-22,0.43909453797985354,0.21220577258892262,0.5167196258800673,5,2.946321504267305
2023-12-26,0.4349450424461487,0.21220577258892262,0.512108997965654,5,2.9498124199526234
2023-12-27,0.4287871778595778,0.16900545661481808,0.6058523544046712,6,2.9621779686951
2023-12-28,0.42837430986812053,0.12616097150792527,0.7054889413261844,7,3.0095320132836147
2024-01-02,0.42988958849698994,0.1827771660534369,0.5748276512290628,6,3.0260005213705243
2024-01-03,0.4352670012983939,0.1827771660534369,0.5800803518111508,6,2.955162134898956
2024-01-04,0.43544166137398926,0.1827771660534369,0.5802487858495137,6,2.9321651611148263
2024-01-05,0.4317726328463003,0.1827771660534369,0.5766819104570234,6,2.922032438313933
2024-01-08,0.4328256528938651,0.22460959181984666,0.48106220063873145,5,2.9104036087907605
2024-01-09,0.43862198025307486,0.22460959181984666,0.4879198901745597,5,2.9029457434630337
2024-01-10,0.43822467507350843,0.1807893961133254,0.5874504417557055,6,2.8811161862879553
2024-01-11,0.43733553308301937,0.1807893961133254,0.586611691853984,6,2.879178048034093
2024-01-12,0.43732511585446165,0.09345027368676156,0.7863139565991424,8,2.861927484160537
2024-01-15,0.4336549513812528,0.09345027368676156,0.7845054613371549,8,2.862992893493069
2024-01-16,0.4287364959104708,0.09345027368676156,0.7820333128200125,8,2.8308039306803887
2024-01-17,0.41992854820912856,0.09345027368676156,0.7774614893764679,8,2.760883609697492
2024-01-18,0.41877608607918393,0.208388955158813,0.5023857328868345,5,2.7655759444173684
2024-01-19,0.42100622167528157,0.1664231159308,0.604701528474891,6,2.802638588219293
2024-01-22,0.41987657623500535,0.12403670541570742,0.7045876992521631,7,2.7931292432193495
2024-01-23,0.41944689124306567,0.08195872067531093,0.8046028653772603,8,2.809291729476703
2024-01-24,0.4176030047649837,0.08195872067531093,0.8037401078533062,8,2.7991816749594807
2024-01-25,0.4193393250164879,0.11820573691563986,0.7181143530695764,7,2.799918394178785
2024-01-26,0.4251215628501094,0.12594790870144865,0.7037367197818293,7,2.8092350587675257
2024-01-29,0.4284416572998786,0.12594790870144865,0.7060325331220205,7,2.8342721780820366
2024-01-30,0.43079868830088264,0.12594790870144865,0.7076409187822715,7,2.8321866959843134
2024-01-31,0.4318518816181227,0.12594790870144865,0.7083539193356538,7,2.8302372235886164
2024-02-01,0.4319705916260838,0.0829414792503856,0.8079927641875672,8,2.881660225096057
2024-02-02,0.4383701953435002,0.0829414792503856,0.8107958065319795,8,2.964229448367317
2024-02-05,0.43626924110283966,0.0829414792503856,0.8098846504953711,8,2.9370275079622346
2024-02-06,0.4402300565155758,0.13087138733433654,0.7027204630910835,7,2.919901619648868
2024-02-07,0.44731725598304095,0.13087138733433654,0.7074304968478609,7,2.9577349850956036
2024-02-08,0.4413704788143529,0.22125336295027465,0.4987128193425524,5,2.969907853426878
2024-02-13,0.44490288416355817,0.22125336295027465,0.5026929003478071,5,3.00313955728842
2024-02-14,0.44236024266406415,0.22125336295027465,0.4998344299257061,5,2.9700211948452324
2024-02-15,0.4403089982574604,0.22125336295027465,0.4975043348514492,5,2.962517992950164
2024-02-16,0.44301160668376155,0.22125336295027465,0.5005698279408429,5,3.0021421528069006
2024-02-19,0.44061991823635177,0.26399915084756664,0.40084608089379303,4,3.037844699588571
2024-02-20,0.4398476464268819,0.31661889376863755,0.2801623554412478,3,3.0123768828843125
2024-02-21,0.43861259673285075,0.3560693949660952,0.1881915895293605,2,3.0072991873420305
2024-02-22,0.4369082119440921,0.3560693949660952,0.1850247140430064,2,3.0197214067936846
2024-02-23,0.4359731413010858,0.3560693949660952,0.18327676355596537,2,3.023609017443244
2024-02-26,0.4358908364971826,0.3971394921137923,0.08890148894800354,1,3.0002380169785443
2024-02-27,0.435244442095458,0.3971394921137923,0.08754838958588813,1,2.9752689025150465
2024-02-28,0.4353414012557167,0.3971394921137923,0.08775161064794945,1,3.0061431048748144
2024-02-29,0.4343451261263863,0.35360858396022926,0.18588108236919462,2,2.9948883020322117
2024-03-04,0.4340847639251217,0.3038195541563089,0.3000916424500058,3,3.0310555486291357
2024-03-05,0.4340515572629487,0.2604004999986902,0.4000701169217568,4,3.002867537884369
2024-03-06,0.43458698410637275,0.2604004999986902,0.40080925218194613,4,2.9939022316925272
2024-03-07,0.4349578482071358,0.2604004999986902,0.4013201484418734,4,3.0008500606376587
2024-03-08,0.4354203980912389,0.2604004999986902,0.4019561298914496,4,3.03794670686509
2024-03-11,0.4334670577503567,0.2604004999986902,0.39926115412290314,4,3.01470038196058
2024-03-12,0.4323107004749299,0.21702923221965348,0.4979785788757288,5,3.0396014915730656
2024-03-13,0.43608318856856143,0.21702923221965348,0.5023214884021333,5,3.052930442371556
2024-03-14,0.446432401540833,0.17333631029980695,0.6117299960720868,6,3.081481145655057
2024-03-15,0.4377343267856893,0.17333631029980695,0.6040148105984139,6,3.022634281245396
2024-03-18,0.4353010822065624,0.12959434300940922,0.7022880293508825,7,3.0441691507327526
2024-03-19,0.4301784608969099,0.08636766952254724,0.7992282799504348,8,3.01054075190697
2024-03-20,0.431712837189103,0.08636766952254724,0.7999418546715217,8,3.049042831721996
2024-03-21,0.4375347125779576,0.08636766952254724,0.8026038459584879,8,3.1223973976810346
2024-03-22,0.4356297412011684,0.08636766952254724,0.8017406495607844,8,3.1152568883247005
2024-03-25,0.4353177549623103,0.08636766952254724,0.8015985598151747,8,3.10280066644754
2024-03-26,0.43556600921878297,0.08636766952254724,0.8017116402690524,8,3.1249249113103406
2024-03-27,0.4259551923446393,0.04299198324341538,0.89906923541237,9,3.122680751226921
2024-03-28,0.42334142390263885,0.04252037906038475,0.899560079265563,9,3.1121513334617874
2024-03-29,0.4249072801516803,0.12858504971898865,0.6973809211433438,7,3.1130693989504588
2024-04-01,0.42483554764310183,0.16826709545449542,0.6039241622128707,6,3.114463498396219
2024-04-02,0.4193148602623472,0.16826709545449542,0.5987094391331184,6,3.120470593569008
2024-04-03,0.4240616210890556,0.16826709545449542,0.6032013106435815,6,3.06811819243106
2024-04-04,0.4324041249350206,0.16826709545449542,0.6108568680287643,6,3.1078216912806447
2024-04-05,0.42817428933677837,0.12543107313686086,0.7070560370844601,7,3.0763241111199267
2024-04-08,0.42668849137536846,0.17028712604931762,0.6009099624402295,6,3.080223055911322
2024-04-09,0.43336574547453255,0.17028712604931762,0.6070591000152669,6,3.0660667127588432
2024-04-11,0.439611434895429,0.2048587081510836,0.5340005016024808,5,3.068106858289225
2024-04-12,0.45415371078699845,0.2048587081510836,0.5489220867620217,5,3.0396128257149013
2024-04-15,0.4682383969903706,0.2431072422516338,0.48080455636654384,4,3.0267032381643224
2024-04-16,0.44381293999289484,0.2307164818281505,0.480149267770687,4,2.957791655804781
2024-04-17,0.44629290409894423,0.1861510361426605,0.5828949229688171,5,2.928946264833558
2024-04-18,0.4729998616092836,0.1861510361426605,0.606445897237009,5,2.986206349386256
2024-04-19,0.45693562888503925,0.1861510361426605,0.5926099337079833,5,2.9376508857631847
2024-04-22,0.4465944001030348,0.1861510361426605,0.5831765107226755,5,2.980244590780809
2024-04-23,0.4458751979490039,0.14154976232512173,0.6825350165780891,6,2.9729680717224496
2024-04-24,0.44943374987072543,0.1801634441180634,0.599132365627002,5,3.0327330016207825
2024-04-25,0.4382325964702828,0.16711878429452462,0.6186527756251532,6,2.979315191150302
2024-04-26,0.4612784643707314,0.16711878429452462,0.6377052101868546,6,3.0107220981763367
2024-04-29,0.46503238576568484,0.16711878429452462,0.6406297939457264,6,3.0459826134264247
2024-04-30,0.461924506176479,0.12048544163828241,0.7391663788622405,7,3.0512189869544026
2024-05-02,0.45923426690477165,0.12048544163828241,0.7376383899869853,7,3.0416869736707888
2024-05-03,0.4498954366294931,0.12048544163828241,0.7321923455349315,7,3.0337304061023023
2024-05-07,0.4687350741967775,0.19139215809936727,0.591683727898246,6,3.0991624069183605
2024-05-08,0.47335241750264906,0.19139215809936727,0.5956666723936269,6,3.1112786045404577
2024-05-09,0.47798027173879376,0.19139215809936727,0.5995814693290122,6,3.073977943759988
2024-05-10,0.48641048286164995,0.19139215809936727,0.6065213130823806,6,3.091534529463102
2024-05-13,0.4923799610559728,0.14254323948136105,0.7105015419887143,7,3.091058495506013
2024-05-14,0.48219263010332386,0.09332810364412863,0.8064505804990625,8,3.0946060819005092
2024-05-16,0.48902768854904466,0.14570431008426507,0.7020530462874756,7,3.120289247299641
2024-05-17,0.49044191065666665,0.19070228747675988,0.6111623347576003,6,3.088122952770631
2024-05-20,0.49722463224072944,0.19070228747675988,0.6164665322042371,6,3.107980369266341
2024-05-21,0.49339067356952526,0.19070228747675988,0.6134862337443688,6,3.087624250529871
2024-05-22,0.49008581649830074,0.19070228747675988,0.6108798070522796,6,3.0868081923177186
2024-05-23,0.4927124288045649,0.2404157168841017,0.5120567234981138,5,3.084938058914869
2024-05-24,0.5023868289978869,0.2404157168841017,0.5214529860114765,5,3.0461639596957917
2024-05-27,0.5051374250256209,0.2925945454610691,0.42076248766119717,4,3.086275487651452
2024-05-28,0.5072363974692817,0.24207989216972958,0.5227473947502163,5,3.0861168096657563
2024-05-29,0.5024061801015203,0.19119297314700276,0.61944541942464,6,3.0344897936052777
2024-05-30,0.5027183993000159,0.2545166978349292,0.4937191513393626,5,2.98704507588208
2024-05-31,0.5026639583869664,0.2545166978349292,0.4936643186997817,5,2.988269163200308
2024-06-03,0.5056110217443655,0.2545166978349292,0.4966156058923659,5,3.0404062156433826
2024-06-04,0.514575635581476,0.2545166978349292,0.5053852529428009,5,3.017261898015392
2024-06-05,0.5048600016808704,0.2545166978349292,0.4958667809144188,5,3.0483174466445275
2024-06-07,0.5066185925478638,0.2545166978349292,0.4976167444725526,5,3.0859127951127183
2024-06-10,0.5049547650358619,0.2545166978349292,0.49596139009233164,5,3.0615443901664987
2024-06-11,0.4977845176429111,0.2572574012052458,0.48319525399584434,5,3.066248059028211
2024-06-12,0.5036522915418613,0.3079254189709909,0.38861507404578643,4,3.0921465731222164
2024-06-13,0.51430617334809,0.20716104673270774,0.5972028774531197,6,3.122431400106541
2024-06-14,0.5159292957285867,0.15589382862445444,0.6978387738104621,7,3.1264323521744553
2024-06-17,0.5177305649593329,0.15589382862445444,0.6988900420883983,7,3.1102018610660895
2024-06-18,0.5179032282574719,0.05186402769102641,0.8998576860284744,9,3.1326661301839533
2024-06-19,0.5194335938292103,0.05186402769102641,0.9001527273030414,9,3.1705334980561948
2024-06-20,0.5169779578034385,0.05186402769102641,0.8996784545488383,9,3.182207664146709
2024-06-21,0.5248434273465676,0.05186402769102641,0.9011819049478555,9,3.1557197746772605
2024-06-24,0.5129477738982939,0.10495501511063937,0.7953884967410938,8,3.1335841956726247
2024-06-25,0.5110964712079799,0.14876541936457643,0.7089288857483825,7,3.1445329766856704
2024-06-26,0.5165105114702562,0.19664758114513642,0.6192767101963218,6,3.1645490711670767
2024-06-27,0.5207367838628578,0.19664758114513642,0.6223666404236082,6,3.1554930918405515
2024-06-28,0.5285283785634807,0.19664758114513642,0.6279337323766476,6,3.1710888710061322
2024-07-01,0.5154168411389631,0.14384026236462955,0.7209244035434063,7,3.1784447290573397
2024-07-02,0.5149326066131439,0.14384026236462955,0.7206619652410297,7,3.1518661664532073
2024-07-03,0.5140861685179838,0.14384026236462955,0.7202020377648078,7,3.1667705629668252
2024-07-04,0.5119081158777575,0.14384026236462955,0.7190115610533155,7,3.201827063663875
2024-07-05,0.5073254367904949,0.14384026236462955,0.7164733878225985,7,3.244092078568271
2024-07-08,0.5167426263232889,0.19880420678298472,0.6152742261703661,6,3.239025717167825
2024-07-09,0.5263351929590327,0.19880420678298472,0.6222859321541537,6,3.2499291616135286
2024-07-10,0.5284823570215319,0.20147629175323045,0.6187643937846317,6,3.250620544265491
2024-07-11,0.5339189167891693,0.2574968652880434,0.5177229028771756,5,3.2770970995931044
2024-07-12,0.5301763239822941,0.2574968652880434,0.5143184377719536,5,3.2381643223883305
2024-07-15,0.5341255709139763,0.3716455196795303,0.30419822618942577,3,3.2426073059878275
2024-07-16,0.5352463860332044,0.3716455196795303,0.3056552470464043,3,3.2484670573167556
2024-07-17,0.531354814457718,0.3716455196795303,0.3005699589664609,3,3.222625213931927
2024-07-18,0.526408247993498,0.3716455196795303,0.2939975369000663,3,3.201158349295583
2024-07-19,0.5288324220094357,0.3191616153818417,0.3964787291802108,4,3.1684140135329657
2024-07-22,0.5230908121764353,0.3191616153818417,0.38985428925065796,4,3.1322014303687
2024-07-23,0.5264324017038644,0.21423709014584263,0.5930396961652863,6,3.1444196352673157
2024-07-24,0.5193719373054951,0.21423709014584263,0.587507381978884,6,3.1267610422876833
2024-07-25,0.5054828776625095,0.21423709014584263,0.5761733985203746,6,3.072289156626506
2024-07-26,0.507537668685754,0.25393348699167684,0.4996755853625089,5,3.0963742080268393
2024-07-29,0.5099122076196736,0.25393348699167684,0.5020054762425352,5,3.134490927019461
2024-07-30,0.5090919343817881,0.20316720050196208,0.6009223741706367,6,3.103503383241338
2024-07-31,0.511100899192664,0.20316720050196208,0.6024910133735132,6,3.1403393442065535
2024-08-01,0.510176575281666,0.20316720050196208,0.6017708175060872,6,3.1482619093495336
2024-08-02,0.4974373733947235,0.15266169367179136,0.6931036913652804,7,3.033231703861542
2024-08-05,0.4752730947685686,0.15266169367179136,0.6787916350574631,7,2.767287399834522
2024-08-06,0.4819698001354101,0.2457322028055805,0.49015020705334295,5,2.858640583028256
2024-08-07,0.4872408966071896,0.2457322028055805,0.4956658923405435,5,2.911072323159052
2024-08-08,0.4873490198963077,0.2457322028055805,0.49577778394247213,5,2.8978340454952454
2024-08-09,0.48986762578021664,0.2457322028055805,0.49837019253068504,5,2.9337632751136247
2024-08-12,0.4894855746243055,0.1966791008689276,0.5981922429074962,6,2.967618356776117
2024-08-13,0.49142213412074653,0.1966791008689276,0.5997756567867537,6,2.971245282163461
2024-08-14,0.49070078983913923,0.14739931874321507,0.6996146698856237,7,2.997313808384998
2024-08-16,0.4894197969762709,0.19902701300062944,0.5933409023699973,6,3.057078738283331
2024-08-19,0.49395578690137487,0.19902701300062944,0.5970752478695671,6,3.0311575559056547
2024-08-20,0.4985455286639372,0.305558823379918,0.3870994607076476,4,3.056398689773204
2024-08-21,0.5021278897555774,0.25568354381436675,0.4907999554877806,5,3.061499053599157
2024-08-22,0.5029395176319423,0.25568354381436675,0.4916216864042899,5,3.068911582359542
2024-08-23,0.5067551374793715,0.25568354381436675,0.4954495279788359,5,3.062133765541942
2024-08-26,0.5095894609905333,0.25568354381436675,0.49825582476259916,5,3.0579628013464966
2024-08-27,0.505918883131123,0.30163550420228524,0.4037868238175487,4,3.048034093098641
2024-08-28,0.502502964567137,0.30163550420228524,0.39973388124760967,4,3.048691473325097
2024-08-29,0.4999315616117376,0.30163550420228524,0.39664640650044664,4,3.01746591256843
2024-08-30,0.5002504179837512,0.3518596713424922,0.29663292884260806,3,3.0311008851964774
2024-09-02,0.4999851493041002,0.3518596713424922,0.2962597552502812,3,3.0386834260843942
2024-09-03,0.5018621582455762,0.3518596713424922,0.2988918061235517,3,3.020129435899761
2024-09-04,0.49933741093428646,0.3518596713424922,0.2953468663921169,3,2.925115324893176
2024-09-05,0.5005815878937078,0.3518596713424922,0.29709825560502806,3,2.9191082297203867
2024-09-06,0.4999462604530959,0.3518596713424922,0.2962050140677009,3,2.883723038910109
2024-09-09,0.49755740894617506,0.3995408831587594,0.1969954100271852,2,2.8742590304775075
2024-09-10,0.4992927033982899,0.3995408831587594,0.19978625676001047,2,2.8600913531831935
2024-09-11,0.4920291804825363,0.396279303027539,0.19460203023140768,2,2.84868920649673
2024-09-12,0.49351517999442523,0.396279303027539,0.1970271248150556,2,2.9152432873544982
2024-09-13,0.49858196204084937,0.3468494298955423,0.30432816206229985,3,2.9190062224438678
2024-09-19,0.49792711942789347,0.19714540234548333,0.6040677547911053,6,2.925115324893176
2024-09-20,0.4952313851729944,0.1483040300045277,0.7005358819237152,7,2.9393623411803373
2024-09-23,0.4930742376003887,0.09845076482327474,0.8003327748324502,8,2.9491550397261674
2024-09-24,0.49443227983911137,0.09845076482327474,0.8008811947809906,8,2.98278343855195
2024-09-25,0.4809090633006314,0.09845076482327474,0.7952819517528409,8,2.942705913021796
2024-09-26,0.48768841581499844,0.09845076482327474,0.7981277355978423,8,3.0279953303335643
2024-09-27,0.480431698405912,0.09845076482327474,0.7950785405085934,8,3.0032982352741167
2024-09-30,0.4791235428559383,0.09845076482327474,0.794519041505592,8,2.939248999761983
2024-10-02,0.47332970202422653,0.09845076482327474,0.7920038307288907,8,2.903455779845629
2024-10-04,0.4820108766610751,0.09845076482327474,0.7957499102400957,8,2.9125457615976607
2024-10-07,0.4791243719169385,0.09845076482327474,0.794519397063061,8,2.9586417164424397
2024-10-08,0.4883235468340957,0.09845076482327474,0.7983902978638819,8,2.9404844212220476
2024-10-10,0.49433740041053675,0.09845076482327474,0.8008429774046765,8,2.9459248093030634
2024-10-11,0.507302035736552,0.09845076482327474,0.8059326438926389,8,2.943374627390087
2024-10-14,0.507829277922738,0.09845076482327474,0.8061341299068362,8,2.973274093552007
2024-10-15,0.5158820017604174,0.04765330166356493,0.9076275165620222,9,2.9847895816568246
2024-10-16,0.513125802226442,0.10078684190581683,0.8035825883857237,8,2.958619048158769
2024-10-17,0.5149414112442073,0.10078684190581683,0.8042751278008609,8,2.9574176291242114
2024-10-18,0.5187978241428417,0.1533827444950548,0.7043496765845655,7,2.939872377562933
2024-10-21,0.5179984175105283,0.30845502869292835,0.4045251524602215,4,2.9524532750002837
2024-10-22,0.5171404355604694,0.41019938453604915,0.20679305594914282,2,2.91366784163937
2024-10-23,0.521130117562209,0.4639097718174316,0.10980049668295512,1,2.9464461798274946
2024-10-24,0.5219912030557736,0.4639097718174316,0.11126898479960808,1,2.9253760101553916
2024-10-25,0.5210457231423273,0.41171092144461086,0.20983725005617382,2,2.9279148579265324
2024-10-28,0.5245191579803073,0.41171092144461086,0.2150698116920484,2,2.9609652155187067
2024-10-29,0.5246895154867199,0.41171092144461086,0.21532466479210338,2,2.9670516496843446
2024-10-30,0.524293314074018,0.41171092144461086,0.2147316961846918,2,2.9398383751374264
2024-10-31,0.5223105906815442,0.3593035145644444,0.3120883991733686,3,2.8971766652687894
2024-11-01,0.5236725335304203,0.30721393075021036,0.4133472521862478,4,2.8815468836777027
2024-11-04,0.5271436647390497,0.30721393075021036,0.41721023830896353,4,2.934375318772739
2024-11-05,0.5202020350284904,0.25463379201855363,0.5105098118183872,5,2.9206723412936793
2024-11-06,0.5285007642943351,0.25463379201855363,0.5181959814976884,5,2.9055185936596812
2024-11-07,0.5179525637262662,0.043732937159026125,0.9155657482523079,9,2.9067880175452516
2024-11-08,0.5162106074380659,0.043732937159026125,0.915280824282029,9,2.9028437361865147
2024-11-11,0.5143807163612637,0.11054237414938073,0.7850961930856216,8,2.86941935191377
2024-11-12,0.5000069088328296,0.11054237414938073,0.7789183065341622,8,2.8137800496435417
2024-11-13,0.4877297089195116,0.11054237414938073,0.7733532074675747,8,2.739552754763173
2024-11-14,0.48378015112690104,0.11054237414938073,0.771502873997854,8,2.7415702320098836
2024-11-15,0.4830341092811879,0.11054237414938073,0.771149962237903,8,2.7393034036427935
2024-11-18,0.4818496778291618,0.11054237414938073,0.7705874274993847,8,2.7984789581656826
2024-11-19,0.4795867018753424,0.11054237414938073,0.7695049222233987,8,2.8017431910142925
2024-11-20,0.4830030068824743,0.11054237414938073,0.7711352257144887,8,2.8134626936721485
2024-11-21,0.48125654744480106,0.15667264819760526,0.6744508744256094,7,2.811581226127464
2024-11-22,0.4785555395931602,0.15667264819760526,0.6726134476871813,7,2.834940892450328
2024-11-25,0.48149345816957256,0.15667264819760526,0.6746110553750696,7,2.872456901925671
2024-11-26,0.47723455494469624,0.15667264819760526,0.6717072421217254,7,2.8566117716397104
2024-11-27,0.48180010676609664,0.11067515770317622,0.7702882250358102,8,2.83700370626438
2024-11-28,0.4886738378873866,0.15288371782771973,0.6871456870114842,7,2.838828503099888
2024-11-29,0.48418641899089765,0.15288371782771973,0.6842461667009421,7,2.783563227510229
2024-12-02,0.4826161268620826,0.19689700293708906,0.5920215011933151,6,2.78194244522776
2024-12-03,0.4939809905206007,0.19689700293708906,0.6014077328571255,6,2.833648800281087
2024-12-04,0.48081399622688414,0.38743483315658434,0.1942105758215835,2,2.792732548255109
2024-12-05,0.48066580039214585,0.38743483315658434,0.19396213993069625,2,2.7676274240895853
2024-12-06,0.47884878270184605,0.33939661912422514,0.2912238030360629,3,2.7521109839168525
2024-12-09,0.4752488148508834,0.33939661912422514,0.2858548858649631,3,2.675514853392875
2024-12-10,0.4787324210075648,0.33939661912422514,0.2910515264249001,3,2.7404141495426675
2024-12-11,0.4795955637457214,0.33939661912422514,0.2923274425779069,3,2.768375477450725
2024-12-12,0.48207541048566993,0.33939661912422514,0.2959677848279009,3,2.813270013260946
2024-12-13,0.4787897929566893,0.24288323710709084,0.4927142543971029,5,2.8272563442858925
2024-12-16,0.4763765297803892,0.19473884731650165,0.5912081407405256,6,2.8210339004182297
2024-12-17,0.4765526582102786,0.19473884731650165,0.5913592255515796,6,2.7845833002754197
2024-12-18,0.47723957208467477,0.19473884731650165,0.5919474018764942,6,2.815888200024935
2024-12-19,0.4746702428418777,0.10014675210133032,0.7890182634964727,8,2.760917612122998
2024-12-20,0.471177916512013,0.10014675210133032,0.7874544867410461,8,2.724897709369935
2024-12-23,0.47977299099995796,0.10014675210133032,0.7912622136302393,8,2.7678087703589527
2024-12-24,0.482621619734742,0.1912644986784548,0.603696786763143,6,2.76611998322547
2024-12-26,0.48052308482773076,0.1912644986784548,0.6019660559137886,6,2.753822439334006
2024-12-27,0.47401221250859177,0.1912644986784548,0.59649879553475,6,2.725600426163733
2024-12-30,0.4701645870675611,0.1912644986784548,0.5931967146411843,6,2.7196159992746147
2025-01-02,0.478394650009532,0.1912644986784548,0.6001951554545105,6,2.7189926214736655
2025-01-03,0.47704160774921717,0.1912644986784548,0.5990611813068445,6,2.7677067630824332
2025-01-06,0.471170822474972,0.09578363044201639,0.7967114560725919,8,2.82065987373766
2025-01-07,0.4777273499636253,0.14816497170265813,0.6898545337336462,7,2.824581486812726
2025-01-08,0.4769525250622657,0.14816497170265813,0.6893506923287274,7,2.857393827426357
2025-01-09,0.4783407437089276,0.14816497170265813,0.6902522445530646,7,2.85835722948237
2025-01-10,0.4802608920638714,0.14816497170265813,0.6914906582005157,7,2.851420734679074
2025-01-13,0.47894382071371433,0.10028180824487085,0.7906188494186384,8,2.8217026147865214
2025-01-14,0.47968197924213,0.14302715341581834,0.7018292126758795,7,2.830588581985515
2025-01-15,0.4813256320070513,0.19551920296781777,0.5937901703831275,6,2.8299198676172233
2025-01-16,0.4865655448773338,0.19551920296781777,0.5981647179372116,6,2.864693014768387
2025-01-17,0.48852902625971323,0.19551920296781777,0.5997797623925107,6,2.8602273628852193
2025-01-20,0.4846978975707289,0.29359568388241203,0.39427077081643525,4,2.8562604132428118
2025-01-21,0.4839179560998653,0.29359568388241203,0.39329450337275107,4,2.8539709165920506
2025-01-22,0.4816699763690329,0.2452522167817399,0.49082934620396773,5,2.8868739303403643
2025-01-23,0.4791999344123662,0.2452522167817399,0.48820481980556185,5,2.8510920445658456
2025-01-24,0.4817560053082556,0.2452522167817399,0.49092027067765714,5,2.875245100817192
2025-01-31,0.4801619734456303,0.2452522167817399,0.4892302382426994,5,2.8532228632309105
2025-02-03,0.47580018260704005,0.2452522167817399,0.4845478716760141,5,2.7813417357104804
2025-02-04,0.47647803395966926,0.2452522167817399,0.4852811686960183,5,2.812782645162022
2025-02-05,0.4834227268823257,0.2452522167817399,0.4926754512279292,5,2.844042208344195
2025-02-06,0.489385492942636,0.3422345577426911,0.30068511903599354,3,2.8751884301080146
2025-02-07,0.4874380234875757,0.3422345577426911,0.29789113435584424,3,2.858379897766041
2025-02-10,0.4869215723612733,0.3422345577426911,0.2971464458165988,3,2.8576431785467364
2025-02-11,0.4890759203971912,0.3422345577426911,0.30024247060711234,3,2.8777952827301685
2025-02-12,0.48842112774547364,0.3422345577426911,0.29930435376039544,3,2.888381371204479
2025-02-13,0.49106074915423037,0.3914227908663233,0.2029035276379077,2,2.9278015165081777
2025-02-14,0.4945408687160493,0.44618644127849133,0.09777640331950334,1,2.9367328202745133
2025-02-17,0.49507814013202217,0.44618644127849133,0.09875551936204038,1,2.9586870530097817
2025-02-18,0.49518559441521676,0.44618644127849133,0.09895108761108119,1,2.9772637114780856
2025-02-19,0.49733468007910825,0.44618644127849133,0.10284470568688481,1,3.0279386596243865
2025-02-20,0.4990539486102214,0.44618644127849133,0.10593545543313884,1,3.008149247979689
2025-02-21,0.4994837657429997,0.44618644127849133,0.10670481829419765,1,3.0087386233551325
2025-02-24,0.5001671185665709,0.4494610308047291,0.1013782911342922,1,2.998186537306328
2025-02-25,0.5002783161274522,0.4494610308047291,0.10157802903809399,1,2.9812079928368225
2025-02-26,0.5002960397748374,0.3994331991919839,0.20160631418998978,2,2.9934488660191096
2025-02-27,0.4971356089063977,0.3994331991919839,0.1965307010080011,2,2.9715286357093476
2025-02-28,0.4926489941212383,0.3994331991919839,0.1892134076017508,2,2.8706887757993407
2025-03-04,0.49248451535876503,0.3994331991919839,0.18894262309749,2,2.8663137970508563
2025-03-05,0.49390163827339684,0.3994331991919839,0.19126974231480556,2,2.899420825352209
2025-03-06,0.4959096343029845,0.3994331991919839,0.19454438558468637,2,2.9198562830815264
2025-03-07,0.49330696706702987,0.3994331991919839,0.19029483494460872,2,2.905484591234175
2025-03-10,0.49303306657175433,0.3994331991919839,0.18984500985016234,2,2.9133164832424714
2025-03-11,0.4937698716438034,0.3504384011675935,0.29027990306303386,3,2.8761518321640276
2025-03-12,0.4955808445165935,0.3504384011675935,0.29287339281762775,3,2.9183375080755765
2025-03-13,0.4912935769753302,0.3007923548200013,0.38775435113187884,4,2.917000079338993
2025-03-14,0.4901287993806804,0.3007923548200013,0.38629936620725386,4,2.908748824082785
2025-03-17,0.4922274814404993,0.2515821786385999,0.4888904254139837,5,2.9589930748393387
2025-03-18,0.49272073600620164,0.2515821786385999,0.4894020887413325,5,2.960863208242188
2025-03-19,0.4886397632766382,0.20227603073928374,0.5860426311135729,6,2.979315191150302
2025-03-20,0.48326311413497575,0.20227603073928374,0.5814370581513326,6,2.9889265434267647
2025-03-21,0.48702437337664833,0.20227603073928374,0.5846695939735849,6,2.9957610309535414
2025-03-24,0.48204212077699005,0.2482197493637042,0.485066265654118,5,2.983225470083533
2025-03-25,0.4784085024276128,0.2482197493637042,0.4811552300927973,5,2.9647961554590894
2025-03-26,0.47910058930183336,0.2934490059133154,0.38750021923174355,4,2.996679096442213
2025-03-27,0.4734787894449968,0.2934490059133154,0.3802277684766175,4,2.954980788629589
2025-03-28,0.473393366988439,0.24604014905729066,0.48026278732524075,5,2.899250813224677
2025-03-31,0.4730297568862155,0.24604014905729066,0.47986327397903183,5,2.8121365990774008
2025-04-01,0.47322527455826435,0.24604014905729066,0.4800781735781998,5,2.8577791882487618
2025-04-02,0.47646336277808177,0.19858801103816845,0.5832040266847064,6,2.8401772659783067
2025-04-03,0.47971164375926967,0.19858801103816845,0.5860262855370164,6,2.8184610502215826
2025-04-04,0.4729080690229741,0.19858801103816845,0.5800705802113921,6,2.794341996395743
2025-04-07,0.45592850548061314,0.2420324423085199,0.46914386927094315,5,2.638814902129685
2025-04-08,0.4647470098919231,0.2420324423085199,0.47921678427838726,5,2.6456493896564623
2025-04-09,0.4617774810554825,0.27719064787833,0.39973112754490175,4,2.5997121127973792
2025-04-10,0.47393213884605473,0.27719064787833,0.41512586896250014,4,2.771265683618765
2025-04-11,0.4813702190939828,0.32535103603957205,0.32411473927087614,3,2.757279352593818
2025-04-14,0.48583158866766696,0.32535103603957205,0.3303213631460091,3,2.7835405592265583
2025-04-15,0.48686880680097827,0.3357781178931841,0.3103314215189737,3,2.8079316324564485
2025-04-16,0.4867796918296527,0.3357781178931841,0.3102051635903315,3,2.7739518752337666
2025-04-17,0.4864485511048462,0.2870705451210506,0.40986452838837384,4,2.799997733171633
2025-04-18,0.48661122962021586,0.2870705451210506,0.4100618159899438,4,2.8147434516995546
2025-04-21,0.4847067177324525,0.2870705451210506,0.4077438281358682,4,2.8204105226172804
2025-04-22,0.4842350905692272,0.2870705451210506,0.4071669924135528,4,2.81839304537057
2025-04-23,0.4836575560702995,0.2870705451210506,0.40645909173116485,4,2.8625055253941447
2025-04-24,0.491550239625043,0.3333346050983703,0.32187073013606987,3,2.858844597581294
2025-04-25,0.49233626406622444,0.3333346050983703,0.3229533767321002,3,2.8860125355608703
2025-04-28,0.49393962598664587,0.3333346050983703,0.3251511165306217,3,2.888914075870746
2025-04-29,0.4946274825251392,0.3962668493394784,0.19885800255884828,2,2.9076834147502524
2025-04-30,0.49396863271898966,0.3962668493394784,0.19778944837392565,2,2.89769803579322
2025-05-02,0.493105649614701,0.3962668493394784,0.19638550146584144,2,2.9013022928968932
2025-05-07,0.49366701618458353,0.3962668493394784,0.1972993204972132,2,2.9171814256083604
2025-05-08,0.4980401753343042,0.3962668493394784,0.20434762301356818,2,2.9236192181708964
2025-05-09,0.49835420136896275,0.3962668493394784,0.2048489844152085,2,2.9211143728252615
2025-05-12,0.49333398612963747,0.3962668493394784,0.19675744935329045,2,2.955184803182627
2025-05-13,0.4924644630906838,0.3962668493394784,0.19533919899006252,2,2.956420224642691
2025-05-14,0.49602567246065066,0.3962668493394784,0.2011162499438696,2,2.9928594906436663
2025-05-15,0.4950319649862774,0.44582296326227006,0.09940570549898008,1,2.971086604177765
2025-05-16,0.4947968240269006,0.3963038027728154,0.19905750496234081,2,2.977331716329098
2025-05-19,0.4972770732575562,0.44497625476512964,0.105174401365048,1,2.950753153724966
2025-05-20,0.49705115179538595,0.44497625476512964,0.10476768204269894,1,2.948917022747623
2025-05-21,0.496373387408875,0.44497625476512964,0.10354530268442509,1,2.975869612032325
2025-05-22,0.49603450521561954,0.44497625476512964,0.10293286034263999,1,2.939702365435401
2025-05-23,0.496373387408875,0.44497625476512964,0.10354530268442509,1,2.9379115710254
2025-05-26,0.49181402275959096,0.3953163238780251,0.19620770131789414,2,2.997200466966644
2025-05-27,0.4915044705475149,0.3953163238780251,0.1957014685183643,2,2.9890625531287895
2025-05-28,0.4882677810699577,0.34598659430885387,0.29139990856926556,3,3.02638588219293
2025-05-29,0.49258959420436993,0.34598659430885387,0.2976169241502331,3,3.0836119643201214
2025-05-30,0.48984733783918966,0.34598659430885387,0.29368485325434873,3,3.0575774405240908
2025-06-02,0.489635938302181,0.34598659430885387,0.29337990281398285,3,3.059050878962699
2025-06-04,0.49242878667297824,0.34598659430885387,0.2973875539517891,3,3.1405093563340856
2025-06-05,0.4938439612257447,0.34598659430885387,0.29940098194154613,3,3.187217354837979
2025-06-09,0.49713814478250606,0.34598659430885387,0.3040433570829287,3,3.23677022294257
2025-06-10,0.5026948154567886,0.34598659430885387,0.311736298703493,3,3.254995523013975
2025-06-11,0.5018350978094726,0.34598659430885387,0.31055720132151526,3,3.294880368132927
2025-06-12,0.502647346454359,0.34598659430885387,0.3116713004665791,3,3.309603418377178
2025-06-13,0.5010866641507034,0.34598659430885387,0.3095274349492619,3,3.280803363973297
2025-06-16,0.5033124791095527,0.3994228940701484,0.20641170118253974,2,3.3397862380849834
2025-06-17,0.5018463101252891,0.3994228940701484,0.20409319345113863,2,3.3439118657130877
2025-06-18,0.5013941810700925,0.3994228940701484,0.20337548948476716,2,3.3687223021908896
2025-06-19,0.5010382865959997,0.3994228940701484,0.202809635998509,2,3.3750127509095647
2025-06-20,0.4987468627097713,0.3994228940701484,0.19914705447966108,2,3.4249963164039037
2025-06-23,0.49976458677394425,0.3994228940701484,0.2007779169618972,2,3.416643053871176
2025-06-24,0.49722124386148264,0.44677165525745893,0.10146305940636376,1,3.517709596617892
2025-06-25,0.4965567048238885,0.44677165525745893,0.10026055248631989,1,3.522934636004035
2025-06-26,0.4991099745628315,0.4991099745628315,0.0,0,3.490416983078126
2025-06-27,0.4991099745628315,0.4991099745628315,0.0,0,3.463645740062791
2025-06-30,0.4991099745628315,0.4991099745628315,0.0,0,3.4815083475954616
2025-07-01,0.4991099745628315,0.4991099745628315,0.0,0,3.5018531321900963
2025-07-02,0.4991099745628315,0.4991099745628315,0.0,0,3.4853166192521736
2025-07-03,0.4991099745628315,0.4991099745628315,0.0,0,3.5320246177560666
2025-07-04,0.4991099745628315,0.4991099745628315,0.0,0,3.461764272518107
2025-07-07,0.4991099745628315,0.4991099745628315,0.0,0,3.4676466921307054
2025-07-08,0.4991099745628315,0.4991099745628315,0.0,0,3.530528511033787
2025-07-09,0.4991099745628315,0.4991099745628315,0.0,0,3.551825363542599
2025-07-10,0.4991815249223761,0.4491989771065484,0.10012900181672413,1,3.6079180314862462
2025-07-11,0.49649599083410206,0.3491059124586357,0.296860561004439,3,3.5994627616769996
2025-07-14,0.49244027044428695,0.3491059124586357,0.29106952982609,3,3.629226218136894
2025-07-15,0.49747940670779506,0.3491059124586357,0.29825052504396354,3,3.6442439560688666
2025-07-16,0.4969604909230904,0.3491059124586357,0.2975177728712778,3,3.6114882861644135
2025-07-17,0.49960584006461173,0.3491059124586357,0.3012373265823165,3,3.6181867639891645
2025-07-18,0.49963781201422514,0.3491059124586357,0.30128204058203595,3,3.6134037561346046
2025-07-21,0.5017584604548699,0.3491059124586357,0.3042351251194585,3,3.63917759466842
2025-07-22,0.5153284708888977,0.29890439044680495,0.41997307090132174,4,3.592854956986932
2025-07-23,0.5052503794265338,0.29890439044680495,0.40840343200520596,4,3.6085300751453606
2025-07-24,0.5021474998431641,0.29890439044680495,0.4047478270026996,4,3.6161012818914418
2025-07-25,0.5108350389977971,0.29890439044680495,0.41487100995808185,4,3.6224484013192946
2025-07-28,0.5102808199106134,0.29890439044680495,0.41423549782026997,4,3.6377154903716464
2025-07-29,0.5204370947314869,0.29890439044680495,0.4256666300832746,4,3.661573858935271
2025-07-30,0.5184740572881164,0.29890439044680495,0.42349209908355445,4,3.6886624579219984
2025-07-31,0.5165633622973224,0.24686703484617153,0.5220972820289171,5,3.6784277278445865
2025-08-01,0.506795119230605,0.24686703484617153,0.5128859267213255,5,3.535583538292398
2025-08-04,0.5175355824231722,0.24686703484617153,0.5229950495571601,5,3.5677044962540663
2025-08-05,0.5254214590634139,0.24686703484617153,0.5301542588568375,5,3.6246585589772073
2025-08-06,0.5295897610449294,0.24309070285101997,0.5409830009338178,5,3.6248172369629033
2025-08-07,0.5373799908087149,0.2760885973731685,0.4862320851253193,5,3.6582982919448255
2025-08-08,0.5447930823461902,0.16870423525971312,0.6903333747683134,7,3.638270863321584
2025-08-11,0.5439326551667711,0.11431885086311153,0.7898290353094151,8,3.6345986013668976
2025-08-12,0.5308513586347073,0.11431885086311153,0.7846499796908737,8,3.6154892382323274
2025-08-13,0.5274966910593692,0.11431885086311153,0.783280439857309,8,3.6545466909972912
2025-08-14,0.5273338657967855,0.11431885086311153,0.7832135232005645,8,3.6560087952940643
2025-08-18,0.5234190962997771,0.11431885086311153,0.7815921282366859,8,3.601174217094153
2025-08-19,0.5109785726352246,0.16718520012941765,0.6728136773579209,7,3.572022804293373
2025-08-20,0.5135730101434374,0.16718520012941765,0.6744665377124783,7,3.54768840177266
2025-08-21,0.5197690060779784,0.16718520012941765,0.6783471154023839,7,3.56089267701096
2025-08-22,0.5237628817732565,0.16718520012941765,0.6807998314745141,7,3.5914835258248425
2025-08-25,0.528652271189828,0.16718520012941765,0.6837520441307535,7,3.6381008511940522
2025-08-26,0.5308298454257977,0.061843869374447726,0.8834958698962366,9,3.6035317185959266
2025-08-27,0.5291817066888119,0.061843869374447726,0.8831330172741301,9,3.612372349227578
2025-08-28,0.5335218753233713,0.05950243288148257,0.8884723651763711,9,3.6227544231488515
2025-08-29,0.5456565337603679,0.005883584880251348,0.9892174206369255,10,3.611068922916502
2025-09-01,0.5421155302920545,0.005883584880251348,0.9891469907215503,10,3.562241439889379
2025-09-02,0.5491593200767333,0.005883584880251348,0.9892861968009043,10,3.5955864851692754
2025-09-03,0.5580966579389544,0.07331629372822118,0.8686315485224773,9,3.609266794364665
2025-09-04,0.5590706276001407,0.18107797819949054,0.6761089399799387,7,3.62786612111664
2025-09-05,0.5614622739495065,0.27202008278288287,0.5155149412454627,5,3.632728467964048
2025-09-08,0.5743271117915365,0.2722828350540505,0.5259098352423227,5,3.649128971199946
2025-09-09,0.5742906285067979,0.2722828350540505,0.525879717448972,5,3.69498690906618
2025-09-10,0.5952301402339987,0.2722828350540505,0.5425587236778537,5,3.756735313785717
2025-09-11,0.5971805161990271,0.2722828350540505,0.5440527149360235,5,3.7903637126114997
2025-09-12,0.5966045614742364,0.2722828350540505,0.5436125490203636,5,3.848553196794705
2025-09-15,0.5966368363537133,0.2722828350540505,0.543637237154045,5,3.8618934817350303
2025-09-16,0.5911944299959797,0.2722828350540505,0.5394360615746969,5,3.9098482358408235
2025-09-17,0.5936556177161945,0.2722828350540505,0.5413454755106534,5,3.86879597411282
2025-09-18,0.5925791885901409,0.2722828350540505,0.5405123225777413,5,3.9230865135046304
2025-09-19,0.5901531324571865,0.2722828350540505,0.5386234180942798,5,3.904883881716896
2025-09-22,0.5858348421510314,0.3869323869436633,0.3395196749941513,3,3.9314171077536866
2025-09-23,0.5847109460046728,0.3869323869436633,0.3382501395132578,3,3.9512971925330675
2025-09-24,0.5747781032683081,0.4372357330767513,0.23929646834049925,2,3.935372723254259
2025-09-25,0.5693765459412855,0.516762447168311,0.09240650874720104,1,3.934205306645208
2025-09-26,0.5685534217427095,0.516762447168311,0.09109253870225725,1,3.8377970961928622
2025-09-29,0.5684546468388805,0.516762447168311,0.09093460658299586,1,3.8889820807217585
2025-09-30,0.5687838965183108,0.516762447168311,0.09146083366360759,1,3.8814902129685254
2025-10-01,0.5681583221273931,0.516762447168311,0.09046048074529138,1,3.9168867379206382
2025-10-02,0.5697878164718997,0.45991368998762866,0.1928334079949387,2,4.022724954380079
2025-10-10,0.5687933017161915,0.4533658265621059,0.20293395651076068,2,4.092305251107913
2025-10-13,0.5662394112321847,0.4533658265621059,0.1993389764666087,2,4.062779811626563
2025-10-14,0.5658167721323755,0.4533658265621059,0.19874091951442047,2,4.0370059730927474
2025-10-15,0.5740162137249637,0.4533658265621059,0.2101863750153,2,4.1452130251957975
2025-10-16,0.5740909555620097,0.4533658265621059,0.21028920213822086,2,4.24845572317492
2025-10-17,0.5738138343006777,0.4533658265621059,0.20990781423972632,2,4.249045098550363
2025-10-20,0.5800358394425572,0.4533658265621059,0.21838307957347497,2,4.323623751827631
2025-10-21,0.5813640969316993,0.4533658265621059,0.22016885983351517,2,4.3339944916070685
2025-10-22,0.5856845037312622,0.4533658265621059,0.22592142412200472,2,4.401817996350406
2025-10-23,0.5889745779445081,0.4533658265621059,0.23024550882258793,2,4.358612247673667
2025-10-24,0.5932002919210233,0.4533658265621059,0.23572892202408846,2,4.467454011719503
2025-10-27,0.6048637634362156,0.4533658265621059,0.2504662140999385,2,4.582200863661608
2025-10-28,0.6027096915017475,0.4533658265621059,0.24778739589789486,2,4.545455575831076
2025-10-29,0.6069200293675125,0.4533658265621059,0.2530056603428124,2,4.6256332951750565
2025-10-30,0.6110910743009107,0.4533658265621059,0.2581043225336629,2,4.632139092588605
2025-10-31,0.6106963178583329,0.4533658265621059,0.257624758321736,2,4.655498758911469
2025-11-03,0.6233067714299896,0.4533658265621059,0.2726441499712981,2,4.785127339083521
2025-11-04,0.6186622623813527,0.4533658265621059,0.26718364101115266,2,4.671638576885151
2025-11-05,0.61316155656362,0.5254299560602455,0.14308072573084055,1,4.538666424871641
2025-11-06,0.6144065624671131,0.6144065624671131,0.0,0,4.563635539335139
2025-11-07,0.6144065624671131,0.6144065624671131,0.0,0,4.481247662333247
2025-11-10,0.6144065624671131,0.6144065624671131,0.0,0,4.616667988983214
2025-11-11,0.6144065624671131,0.6144065624671131,0.0,0,4.654240669167734
2025-11-12,0.6144065624671131,0.6144065624671131,0.0,0,4.704110893243719
2025-11-13,0.6144065624671131,0.6144065624671131,0.0,0,4.727051196318671
2025-11-14,0.6126941999769075,0.5529659062204018,0.09748467303714796,1,4.546770336283989
2025-11-17,0.6122399924198239,0.5529659062204018,0.09681511651198504,1,4.634813950061771
2025-11-18,0.6093444192434153,0.5529659062204018,0.09252322864139004,1,4.48108898434755
2025-11-19,0.6071301574026323,0.5529659062204018,0.0892135739294371,1,4.453762368382279
2025-11-20,0.6079250206275287,0.5529659062204018,0.09040442906988039,1,4.539153792970565
2025-11-21,0.604632015838672,0.5529659062204018,0.08545050256163704,1,4.367339536886965
2025-11-24,0.6037236007245046,0.5529659062204018,0.0840743917302397,1,4.35917895476544
2025-11-25,0.6031558412781499,0.5529659062204018,0.08321221751146522,1,4.372462568996589
2025-11-26,0.6075873966263972,0.43222118607550086,0.28862713664669415,3,4.489306237178252
2025-11-27,0.607295274132647,0.371413987378443,0.38841284759064704,4,4.518820342517766
2025-11-28,0.6065401646315798,0.371413987378443,0.3876514548644201,4,4.450452798966326
2025-12-01,0.6081988138845397,0.31037400380380464,0.48968331289326394,5,4.443402962744676
2025-12-02,0.61213489952227,0.2494253506319079,0.5925320532670698,6,4.527910324269798
2025-12-03,0.6228400190414378,0.18804590564830637,0.698083135477209,7,4.574799669043059
2025-12-04,0.6173510754777807,0.06435334213086402,0.8957589211599581,9,4.565970372553243
2025-12-05,0.6227833404840859,0.06435334213086402,0.8966681702165596,9,4.6470548232440585
2025-12-08,0.6285973467506942,0.06435334213086402,0.8976239042949907,9,4.70916592050233
2025-12-09,0.6298625102220072,0.06435334213086402,0.897829540437037,9,4.69635834022827
2025-12-10,0.6261297132817439,0.0010346713300537769,0.9983475128106751,10,4.686667648958959
2025-12-11,0.6379403437120139,0.05996355978609225,0.90600444010614,9,4.659035011164129
2025-12-12,0.6500292428389752,0.05996355978609225,0.9077525196801856,9,4.723118249101769
2025-12-15,0.6338011232113231,0.05996355978609225,0.9053905750714502,9,4.636332725067722
2025-12-16,0.6228968633097726,0.05996355978609225,0.9037343686923146,9,4.532670663840688
2025-12-17,0.6193729028317942,0.05996355978609225,0.9031866594228828,9,4.597592628274151
2025-12-18,0.6086739289069969,0.05996355978609225,0.9014849216660724,9,4.527434290312709
2025-12-19,0.6170432382208033,0.05996355978609225,0.902821137852523,9,4.556948395652223
2025-12-22,0.6188667317755864,0.05996355978609225,0.9031074757984627,9,4.653719298643304
2025-12-23,0.6131303464718567,0.18032793644932524,0.7058897223290473,7,4.666628886193882
2025-12-24,0.6169327446440317,0.2474166116260384,0.5989569142276651,6,4.656768182797039
2025-12-26,0.6134620338126973,0.2474166116260384,0.5966879806915976,6,4.6806378855025
2025-12-29,0.6156730318388164,0.3059056622325994,0.5031361673923609,5,4.783642566503078
2025-12-30,0.6156256544711616,0.30241875462231094,0.5087619360468392,5,4.776400049870224
2026-01-02,0.6155868291941891,0.3601610032295649,0.414930622052099,4,4.884595767831439
2026-01-05,0.6252304806976166,0.4807031916276767,0.23115841842624155,2,5.052216391435923
2026-01-06,0.6250811325099779,0.4807031916276767,0.2309747221173669,2,5.129243219349647
2026-01-07,0.6309209735047363,0.4807031916276767,0.23809286453516823,2,5.158235954164731
2026-01-08,0.6276421531143334,0.4807031916276767,0.23411264007293298,2,5.159720726745174
2026-01-09,0.626541227430795,0.5658115443477705,0.09692847082394494,1,5.198200138276531
2026-01-12,0.6287591810738271,0.5658115443477705,0.1001140637319227,1,5.2418025819175105
2026-01-13,0.6320333031183032,0.5658115443477705,0.10477574273983703,1,5.318704734271045
2026-01-14,0.6290760315942603,0.5658115443477705,0.10056731471100458,1,5.353228530301829
2026-01-15,0.6315052189175813,0.5658115443477705,0.10402712852066641,1,5.4376112162667605
2026-01-16,0.6293928821146935,0.5658115443477705,0.10102010933662998,1,5.4865633748540725
2026-01-19,0.6484039133406837,0.5658115443477705,0.1273779619363859,1,5.559011209466275
2026-01-20,0.6540016058683364,0.5658115443477705,0.13484685775881775,1,5.537578347255438
2026-01-21,0.658754363674834,0.5658115443477705,0.14108873421131643,1,5.564984302213558
2026-01-22,0.6738575718154818,0.5658115443477705,0.1603395613358143,1,5.613267746432578
2026-01-23,0.6678374119272515,0.5658115443477705,0.15277051832878585,1,5.655816114882861
2026-01-26,0.6704778329308614,0.5658115443477705,0.15610700822958284,1,5.609935508732956
2026-01-27,0.6759699086183696,0.5658115443477705,0.1629634142971754,1,5.7632411111992665
2026-01-28,0.6778577040191105,0.6778577040191105,0.0,0,5.860669394416802
2026-01-29,0.6778577040191105,0.6778577040191105,0.0,0,5.917838805834816
2026-01-30,0.6778577040191105,0.6778577040191105,0.0,0,5.921363723945642
2026-02-02,0.6778577040191105,0.6778577040191105,0.0,0,5.6100261818676405
2026-02-03,0.6778577040191105,0.6778577040191105,0.0,0,5.993584875721135
2026-02-04,0.6778577040191105,0.6778577040191105,0.0,0,6.087680921239049
2026-02-05,0.6778577040191105,0.6778577040191105,0.0,0,5.8524634757279355
2026-02-06,0.6778577040191105,0.6778577040191105,0.0,0,5.768103458046674
2026-02-09,0.6778577040191105,0.6778577040191105,0.0,0,6.0048736809892445
2026-02-10,0.6778577040191105,0.6778577040191105,0.0,0,6.009010642759184
2026-02-11,0.6778577040191105,0.6778577040191105,0.0,0,6.068854911650364
2026-02-12,0.6778577040191105,0.6778577040191105,0.0,0,6.259019143365561
2026-02-13,0.6778577040191105,0.6778577040191105,0.0,0,6.241723242924662
2026-02-19,0.6778577040191105,0.6778577040191105,0.0,0,6.434675673531379
2026-02-20,0.6778577040191105,0.6778577040191105,0.0,0,6.583470287547178
2026-02-23,0.6778577040191105,0.6778577040191105,0.0,0,6.6260413242811325
2026-02-24,0.6778577040191105,0.6778577040191105,0.0,0,6.7660746466581285
2026-02-25,0.6778577040191105,0.6778577040191105,0.0,0,6.895533214702649
2026-02-26,0.6778577040191105,0.6778577040191105,0.0,0,7.1487492774484585
2026-02-27,0.6778577040191105,0.6778577040191105,0.0,0,7.077185505899421
2026-03-03,0.6778577040191105,0.6778577040191105,0.0,0,6.564632943816659
2026-03-04,0.6778577040191105,0.6778577040191105,0.0,0,5.773090480454273
2026-03-05,0.6778577040191105,0.6778577040191105,0.0,0,6.328871459497444
2026-03-06,0.6778577040191105,0.6778577040191105,0.0,0,6.329970871255483
2026-03-09,0.6778577040191105,0.6778577040191105,0.0,0,5.952543948134967
2026-03-10,0.6778577040191105,0.6778577040191105,0.0,0,6.270715977739746
2026-03-11,0.6778577040191105,0.6778577040191105,0.0,0,6.358396898978794
2026-03-12,0.6828756803326324,0.6100719336171995,0.10661347125434283,1,6.3281347402781405
2026-03-13,0.6834239013169353,0.6100719336171995,0.10733011760108044,1,6.219315644515976
2026-03-16,0.6796959986236752,0.6100719336171995,0.10243412517869512,1,6.290278706547735
2026-03-17,0.6817792383640264,0.6100719336171995,0.10517672101440537,1,6.393000034002426
2026-03-18,0.6810691378411659,0.5418282232626804,0.20444461045445023,2,6.7155130399301814
2026-03-19,0.675260422464431,0.5418282232626804,0.19760109546295684,2,6.532115290890751
2026-03-20,0.6759835887523357,0.5418282232626804,0.1984595006770298,2,6.552494077910891
2026-03-23,0.6678444012193664,0.5418282232626804,0.188690925201443,2,6.126953722698886
2026-03-24,0.6683248940400517,0.5418282232626804,0.18927421663540572,2,6.294891702274763
2026-03-25,0.6714508195964723,0.5418282232626804,0.19304853393684487,2,6.394960840539959
2026-03-26,0.6695355391541822,0.5418282232626804,0.1907401600411432,2,6.188962812680638
2026-03-27,0.6679165407491034,0.5418282232626804,0.18877855210024938,2,6.1644924004579
2026-03-30,0.6643799824274024,0.5418282232626804,0.1844603425843183,2,5.981366670822519
2026-03-31,0.6622361481115187,0.5418282232626804,0.18182022408804224,2,5.72652982579424
2026-04-01,0.6665215372689542,0.5418282232626804,0.1870806973728107,2,6.2096362873885
2026-04-02,0.6674686984817886,0.5418282232626804,0.1882342580332044,2,5.932346507384194
2026-04-03,0.6720456631452268,0.5418282232626804,0.1937627858099976,2,6.094708089177028
2026-04-06,0.671077543915771,0.5418282232626804,0.19259968065525532,2,6.177481327001327
2026-04-07,0.6679188202234354,0.5418282232626804,0.18878132063799982,2,6.2278615874599055
2026-04-08,0.6792705834514036,0.6045286958141972,0.11003256943269879,1,6.6557934465991915
2026-04-09,0.6833016066048709,0.6045286958141972,0.11528278293105969,1,6.548878486665383
2026-04-10,0.6826297694126263,0.6045286958141972,0.11441205335306687,1,6.640526357546839
2026-04-13,0.6822098711674736,0.6045286958141972,0.11386697647798559,1,6.583572294823697
2026-04-14,0.6845688595087421,0.6845688595087421,0.0,0,6.763932493851228
2026-04-15,0.6845688595087421,0.6845688595087421,0.0,0,6.904067823504744
2026-04-16,0.6845688595087421,0.6845688595087421,0.0,0,7.056693377460926
2026-04-17,0.6845688595087421,0.6845688595087421,0.0,0,7.0180099513765315
2026-04-20,0.6845688595087421,0.6845688595087421,0.0,0,7.048804814743452
2026-04-21,0.6845688595087421,0.6845688595087421,0.0,0,7.24078250915232
2026-04-22,0.6845688595087421,0.6845688595087421,0.0,0,7.274172890999559
2026-04-23,0.6845688595087421,0.6845688595087421,0.0,0,7.339774903943149
2026-04-24,0.6845688595087421,0.6845688595087421,0.0,0,7.33957088939011
2026-04-27,0.6845688595087421,0.6845688595087421,0.0,0,7.497568826576296
2026-04-28,0.6845688595087421,0.6845688595087421,0.0,0,7.527026261206633
2026-04-29,0.6845688595087421,0.6845688595087421,0.0,0,7.5835609606818615
2026-04-30,0.6845688595087421,0.6845688595087421,0.0,0,7.479252853370207
2026-05-04,0.6845688595087421,0.6845688595087421,0.0,0,7.862482857110474
2026-05-06,0.6845688595087421,0.6845688595087421,0.0,0,8.369765043239752
2026-05-07,0.6845688595087421,0.6845688595087421,0.0,0,8.489328905461923
2026-05-08,0.6845688595087421,0.6845688595087421,0.0,0,8.498339548221107
2026-05-11,0.6845688595087421,0.6845688595087421,0.0,0,8.865837763093767
2026-05-12,0.6845688595087421,0.6845688595087421,0.0,0,8.662854616962676
2026-05-13,0.6845688595087421,0.6845688595087421,0.0,0,8.890512189869545
2026-05-14,0.6845688595087421,0.6845688595087421,0.0,0,9.04624329868864
2026-05-15,0.6845688595087421,0.6845688595087421,0.0,0,8.49287649185642
2026-05-18,0.6845688595087421,0.6845688595087421,0.0,0,8.51878634009226
2026-05-19,0.6845688595087421,0.6845688595087421,0.0,0,8.24180258191751
2026-05-20,0.6845688595087421,0.6845688595087421,0.0,0,8.170726178467397
2026-05-21,0.6845688595087421,0.6845688595087421,0.0,0,8.858300558773193
2026-05-22,0.6845688595087421,0.6845688595087421,0.0,0,8.894705822348662
2026-05-26,0.6803129101003839,0.616111973557868,0.09436971662501992,1,9.121161976220971
2026-05-27,0.6777509008956355,0.616111973557868,0.09094628610056123,1,9.326525292137507
2026-05-28,0.6772820364660084,0.616111973557868,0.09031697227246699,1,9.277323782429814
2026-05-29,0.6778178815284395,0.616111973557868,0.09103611700450905,1,9.606988631855739
2026-06-01,0.6799277714617615,0.616111973557868,0.09385673093878401,1,9.960874542384023
2026-06-02,0.6754568142221028,0.616111973557868,0.08785882296942987,1,9.9757336023303
2026-06-04,0.6745190853628484,0.616111973557868,0.08659074750058587,1,9.792029831461312
2026-06-05,0.6727106082771438,0.616111973557868,0.08413518981695368,1,9.24932845209625
2026-06-08,0.6696294991681655,0.616111973557868,0.0799210991701809,1,8.48293644946673
2026-06-09,0.6741674370406281,0.616111973557868,0.08611430972935218,1,9.177175305171769
2026-06-10,0.6736650822945991,0.616111973557868,0.08543282151525063,1,8.762221038434076
2026-06-11,0.6704667570782139,0.616111973557868,0.08107006491599282,1,8.799771050334924
2026-06-12,0.6726436276443399,0.616111973557868,0.08404398965980107,1,9.207426129730587
2026-06-15,0.6789398071279044,0.616111973557868,0.09253814978947077,1,9.686134944292693
2026-06-16,0.6812841292760401,0.616111973557868,0.09566075726353208,1,9.890852214124608
2026-06-17,0.6806645584226042,0.616111973557868,0.09483758786315044,1,10.046855342347754
2026-06-18,0.6779518427940472,0.616111973557868,0.09121572556144722,1,10.273084813383356
2026-06-19,0.6806645584226042,0.616111973557868,0.09483758786315044,1,10.26014122340727
2026-06-22,0.6803129101003839,0.616111973557868,0.09436971662501992,1,10.330560246630926
2026-06-23,0.6765413646284631,0.6765413646284631,0.0,0,9.298348615534575
2026-06-24,0.6765413646284631,0.6765413646284631,0.0,0,9.601174217094153
2026-06-25,0.6765413646284631,0.6765413646284631,0.0,0,10.121728683312742
2026-06-26,0.6765413646284631,0.6765413646284631,0.0,0,9.53338471477632
2026-06-29,0.6765413646284631,0.6765413646284631,0.0,0,9.514615375896813
2026-06-30,0.6765413646284631,0.6765413646284631,0.0,0,9.607362658536308
2026-07-01,0.6759409692383657,0.6088872281656168,0.09920058721740664,1,9.41120266579016
2026-07-02,0.6723609941297429,0.5411577546036523,0.19513808902003735,2,8.66845368302939
2026-07-03,0.6760781555071169,0.4738585356993191,0.29910686828228555,3,9.167439277335117
2026-07-06,0.6787155057875127,0.4738585356993191,0.30183039630205344,3,9.125491618402114
2026-07-07,0.6808892224415558,0.4738585356993191,0.30405928001013005,3,8.67777034761813
2026-07-08,0.6736531017927506,0.4738585356993191,0.29658375440079005,3,8.213614571172744
2026-07-09,0.6681251389686185,0.40608619886613506,0.3922003900451817,4,8.264754219134298
2026-07-10,0.6789356621884839,0.40608619886613506,0.40187823164693504,4,8.473336431332102
2026-07-13,0.6796553767523708,0.40608619886613506,0.4025116069756473,4,7.7150710083986
2026-07-14,0.6702552171301812,0.40608619886613506,0.3941319836272718,4,7.7716283761575
2026-07-15,0.6715879640490827,0.40608619886613506,0.3953343112080306,4,8.25625361275771
2026-07-16,0.671682666832823,0.40608619886613506,0.395419565044088,4,7.730564780287661
2026-07-20,0.6544884742734655,0.40608619886613506,0.37953651618246875,4,7.385632841809383
2026-07-21,0.6607811944274189,0.40608619886613506,0.3854452846255447,4,7.6482222398531094
2026-07-22,0.6624861845292056,0.40608619886613506,0.38702691716549636,4,7.704609595484478
2026-07-23,0.6629454360432843,0.40608619886613506,0.38745155062863823,4,8.043715785059335
2026-07-24,0.6635708691923421,0.40608619886613506,0.38802889379336625,4,7.58324360471047
2026-07-27,0.6645610514695138,0.40608619886613506,0.38894071813541436,4,7.657062870484761
2026-07-28,0.6544937237214659,0.34010833010579505,0.4803489815426624,5,6.8273016808532345
2026-07-29,0.6465445255236931,0.4077034931206569,0.36941157642558015,4,6.418796540819912
2026-07-30,0.6508098635194155,0.4486517101401546,0.3106255216939102,3,6.33982024051049
2026-07-31,0.6514670529031085,0.5135553382779082,0.21169407418322908,2,7.475376576862483
2026-08-03,0.6332451791950301,0.5135553382779082,0.18901026782275615,2,7.092282582824241
2026-08-04,0.6336554415400104,0.5135553382779082,0.18953534585012918,2,7.207324122454068
2026-08-05,0.6349488559928506,0.5135553382779082,0.19118629251661998,2,7.478561470718245
2026-08-06,0.6400038856410487,0.5820315621285104,0.09058120554138734,1,7.136406396989653
2026-08-07,0.6400038856410487,0.5820315621285104,0.09058120554138734,1,7.093778689546522
2026-08-10,0.6390792821808658,0.518065783906801,0.18935600268734235,2,7.14012399551168
2026-08-11,0.6361706648155717,0.4541184706191672,0.2861687975650089,3,7.192113704110893
2026-08-12,0.6355293856992835,0.4541184706191672,0.28544850822359197,3,7.456777250110508
2026-08-13,0.6389918225035454,0.4541184706191672,0.2893203721450637,3,7.722336193315123
2026-08-14,0.6413752788905773,0.4541184706191672,0.2919613749306313,3,7.908896167926645
2026-08-18,0.6411340573545563,0.4541184706191672,0.29169498108874714,3,7.786362760543586
2026-08-19,0.6369842913180395,0.4541184706191672,0.2870805814072568,3,7.334515862131499
2026-08-20,0.6301503815990309,0.4541184706191672,0.27934905083001926,3,7.766811365877433
2026-08-21,0.6323198096577365,0.4541184706191672,0.28182153447798275,3,7.8352355801380495
2026-08-24,0.6334414653254856,0.4541184706191672,0.28309323674315445,3,7.590429450634145
2026-08-25,0.633150432011954,0.5083480317050513,0.1971133462079773,2,7.642317151956839
2026-08-26,0.6347866014538669,0.5083480317050513,0.199182795382307,2,7.716521778553537
2026-08-27,0.6330612176492841,0.5083480317050513,0.19700019913923078,2,7.8345781999115935
2026-08-28,0.6397780035919876,0.5083480317050513,0.20543058865580274,2,7.694612882385611
2026-08-31,0.6403223467092313,0.5083480317050513,0.20610605842889507,2,7.729907400061205
2026-09-01,0.6415606356784809,0.5083480317050513,0.20763836894785617,2,7.747792675877546
2026-09-02,0.6400104193992826,0.5083480317050513,0.20571913160071745,2,7.438279930635052
2026-09-03,0.6433627880921925,0.444378826662124,0.30928733385424606,3,7.457275952351267
2026-09-04,0.6409018968987408,0.444378826662124,0.3066351826817363,3,7.579378662344581
2026-09-07,0.6435719118284298,0.5105671448783874,0.20666651932053273,2,7.928674245429508
2026-09-08,0.6442320354390412,0.5814645632718569,0.09742991455618714,1,7.88235160774802
2026-09-09,0.6433298335803753,0.5814645632718569,0.09616415573985532,1,7.99242879325392
2026-09-10,0.6439742634794224,0.5814645632718569,0.09706863108134588,1,7.9723446939215
2026-09-11,0.6454779332438656,0.5814645632718569,0.09917205015872167,1,7.831790001020073
2026-09-14,0.646251249122722,0.5814645632718569,0.10024999710068219,1,7.576159766063313
2026-09-15,0.6463801351025315,0.5814645632718569,0.10042940416226956,1,7.511430482041053
2026-09-16,0.6464230970958013,0.5814645632718569,0.10048919061800997,1,7.614242482630428
2026-09-17,0.6465090210823409,0.5814645632718569,0.10060873969181588,1,7.6113409423205525
2026-09-18,0.6457786671967541,0.5814645632718569,0.09959155851969669,1,7.8140180666220855
2026-09-21,0.6455208952371354,0.5814645632718569,0.09923200385596663,1,7.942649242312619
2026-09-22,0.64448980739866,0.5814645632718569,0.09779090903111491,1,7.954198732842943
2026-09-23,0.6443179594255808,0.5814645632718569,0.09755027814180232,1,8.025615160548119
2026-09-28,0.6451771992909769,0.5814645632718569,0.09875215071012672,1,7.808929036937968
2026-09-29,0.6463801351025315,0.5814645632718569,0.10042940416226956,1,7.787473506443461
2026-09-30,0.6444038834121204,0.5814645632718569,0.09767060962916556,1,7.750331523648687
2026-10-01,0.6432868715871055,0.5814645632718569,0.09610379295122524,1,7.901426968457084
2026-10-02,0.6432061030397583,0.6432061030397583,0.0,0,7.938138253862109
