row_pos,Close,ADV20,RS20,RS60,RS120,RS_RATIO_SLOPE,setup,trigger,regime,dist20,dd60,date,ticker,name,RS20_PCTL,RS60_PCTL,RS120_PCTL,entry_date,entry_price,entry_gap,NET5,BENCH5,EXCESS5,exit_date5,exit_price5,NET10,BENCH10,EXCESS10,exit_date10,exit_price10,NET20,BENCH20,EXCESS20,exit_date20,exit_price20,NET40,BENCH40,EXCESS40,exit_date40,exit_price40,NET60,BENCH60,EXCESS60,exit_date60,exit_price60,MAE20,MFE20,variant
2020,14576305,3309254350.0,0.1279233966893698,1.0041626470721123,0.8425443430073183,0.08079606084444735,True,True,bear,0.012184200545631185,-0.11475404360243113,1996-11-15,000040,KR모터스,0.8636363636363636,0.9545454545454546,0.8636363636363636,1996-11-16,14576305.0,0.0,0.0762463312890338,-0.008095979973102185,0.08434231126213598,1996-11-21,15746000.0,0.026863445845843662,-0.01873526944433357,0.04559871529017723,1996-11-28,15026180.0,0.014515666350285675,-0.06412868347115142,0.07864434982143709,1996-12-10,14846195.0,-0.28866473499285317,-0.1479646866136699,-0.14070004837918326,1997-01-09,10426945.0,-0.12552290995557513,-0.0903607238445252,-0.03516218611104993,1997-02-01,12804950.0,-0.06789992388331612,0.16049300560052782,v6
6642,125590,3249739375.0,0.08952275945254695,0.3892764834943925,0.7200293069496349,0.0269299662297402,True,True,bull,0.03786955354006993,-0.03684957245293152,2015-03-24,000040,KR모터스,0.7480916030534351,0.8778625954198473,0.9122137404580153,2015-03-25,126010.0,0.0033442153037661626,-0.007333068804063144,-0.0010425027897962291,-0.006290566014266915,2015-03-31,125590.0,0.041472581541147635,0.0018941247870944977,0.03957845675405314,2015-04-07,131740.0,-0.024950718196968476,0.04974157677323365,-0.07469229497020213,2015-04-21,123370.0,-0.18251757797000234,0.03898373108322395,-0.2215013090532263,2015-05-21,103515.0,-0.2276727243869534,0.001859864132030653,-0.22953258851898406,2015-06-19,97825.0,-0.06975636854217915,0.11895881279263554,v6
2733,13766,2355907400.0,0.2714243241494164,0.6046804851893448,1.0185768683604366,0.06292062318067027,True,True,mixed,-0.00010168949838018637,-0.14161002681299495,1999-05-24,000070,삼양홀딩스,0.8609625668449198,0.8716577540106952,0.7754010695187166,1999-05-25,13899.0,0.009661484817666821,0.0825529894236996,0.065336961556276,0.0172160278674236,1999-05-31,15102.0,0.1498240161162674,0.2191987031032887,-0.06937468698702132,1999-06-07,16037.0,0.053773940571264056,0.2578161185734136,-0.20404217800214952,1999-06-21,14702.0,0.02485099647456646,0.4830071792496524,-0.45815618277508596,1999-07-19,14300.0,-0.20113648463918266,0.3132237146827235,-0.5143601993219061,1999-08-16,11159.0,0.0,0.19231599395639964,v6
2367,20850,9280284997.5,0.19343757994567068,0.2723184881467231,0.18700866166212116,0.008771052046444794,True,True,bear,0.026840679635557807,-0.025700934579439227,2019-05-23,000080,하이트진로,0.9166666666666666,0.8825757575757576,0.7424242424242424,2019-05-24,20700.0,-0.007194244604316502,-0.03298550724637683,-0.004151809700581266,-0.028833697545795567,2019-05-30,20100.0,0.029816425120772875,0.012225858447711513,0.017590566673061362,2019-06-07,21400.0,0.01049275362318847,0.03825526302935578,-0.02776250940616731,2019-06-21,21000.0,0.05880193236714981,0.02298637229521816,0.03581556007193165,2019-07-19,22000.0,0.06604830917874405,-0.05245933668734426,0.11850764586608831,2019-08-19,22150.0,-0.04589371980676327,0.07004830917874405,v6
2395,21150,7656807115.0,0.015142691500648064,0.20714496683303152,0.2337630975259679,0.026889159372209148,True,True,mixed,0.0007097232079489313,-0.04514672686230248,2019-07-03,000080,하이트진로,0.5528169014084507,0.8450704225352113,0.7922535211267606,2019-07-04,21050.0,-0.004728132387706863,0.026878859857482288,-0.020729085408778714,0.047607945266261,2019-07-10,21700.0,0.041130641330166196,-0.014003310565269489,0.055133951895435684,2019-07-17,22000.0,0.00787648456057011,-0.03701078787648171,0.04488727243705182,2019-07-31,21300.0,0.02925415676959631,-0.08036206929355583,0.10961622606315213,2019-08-29,21750.0,0.28816152019002383,-0.01869803458969921,0.30685955477972304,2019-09-30,27200.0,-0.0071258907363420665,0.07838479809976251,v6
3052,3476,2601034700.0,0.12633318813222982,0.5854495027603402,0.34617084941629583,0.11620405638828601,True,True,bear,0.01877225633435442,-0.11054247697031727,2000-09-04,000100,유한양행,0.6973684210526315,0.9342105263157895,0.8552631578947368,2000-09-05,3457.0,-0.005466052934407384,-0.005446340757882525,-0.04072358131436837,0.035277240556485845,2000-09-14,3452.0,-0.13648481342204222,-0.12062147726266714,-0.015863336159375074,2000-09-21,2999.0,0.0014960948799536168,-0.101646649157494,0.10314274403744761,2000-10-06,3476.0,-0.1327243274515476,-0.17311948534836374,0.040395157896816136,2000-11-03,3012.0,-0.11912872432745159,-0.24091834626848052,0.12178962194102894,2000-12-01,3059.0,-0.20682672837720562,0.21232282325715945,v6
4852,25436,7305884385.65,0.07006938058603118,0.1743967398695324,0.1734828815392222,0.0535407628655471,True,True,bear,0.008566630782376627,-0.10043853444617346,2008-01-04,000100,유한양행,0.710691823899371,0.8050314465408805,0.7044025157232704,2008-01-07,25248.0,-0.007391099229438591,0.020437579214195093,-0.018427849955665265,0.038865429169860355,2008-01-11,25865.0,-0.006336818757921466,-0.044615664223204954,0.038278845465283484,2008-01-18,25189.0,-0.09877978453738911,-0.09979457298166583,0.0010147884442767152,2008-02-01,22855.0,-0.08420437262357416,-0.07634945724309239,-0.007854915380481775,2008-03-05,23223.0,-0.04039892268694545,-0.04050161642975547,0.00010269374281002275,2008-04-02,24329.0,-0.11192965779467678,0.0658269961977187,v6
8743,72546,42695140915.0,0.08160840229723065,0.32554530319840924,0.483928846412651,0.05228595604806219,True,True,bear,0.02238591946875279,-0.0932996712951969,2023-09-27,000100,유한양행,0.7908496732026143,0.8888888888888888,0.8888888888888888,2023-10-04,78958.0,0.08838530036115011,-0.04036110337141263,0.0058708093505981385,-0.04623191272201077,2023-10-11,76087.0,-0.25854038856100714,0.011010846628184634,-0.2695512351891918,2023-10-18,58860.0,-0.30338701588186123,-0.05510349867393616,-0.24828351720792508,2023-11-01,55319.0,-0.25612138098736037,0.03449818949166161,-0.290619570479022,2023-11-29,59051.0,-0.13265067504242767,0.09011487080113967,-0.22276554584356734,2023-12-28,68800.0,-0.33454494794700984,0.07151903543656113,v6
4214,30525,3028168637.5,0.020757879247359945,0.12788752386700364,0.5683059546068652,0.009423414945246344,True,True,mixed,0.02913783366907441,-0.02628472997543785,2005-06-02,000120,CJ대한통운,0.5523809523809524,0.7523809523809524,0.8380952380952381,2005-06-03,30449.0,-0.002489762489762515,0.0810274229038721,0.018576774405789864,0.06245064849808224,2005-06-10,33038.0,0.10565877368714904,0.03182827535159127,0.07383049833555777,2005-06-17,33788.0,0.3753556438635095,0.04657044164816182,0.3287852022153477,2005-07-01,42000.0,0.5231437485631711,0.14245620528003933,0.3806875432831318,2005-07-29,46500.0,0.3260929422969556,0.09297639608520436,0.23311654621175126,2005-08-29,40500.0,0.0,0.4286183454300634,v6
4615,69600,4602737645.0,0.0621476867677031,0.327001886903709,0.3120299208332349,0.030083273024007484,True,True,mixed,0.012713482839526336,-0.043298969072164906,2007-01-11,000120,CJ대한통운,0.8615384615384616,0.9384615384615385,0.8307692307692308,2007-01-12,69600.0,0.0,0.018629310344827624,0.003052936910804993,0.015576373434022631,2007-01-18,71175.0,-0.009387931034482763,0.0024365482233501545,-0.011824479257832917,2007-01-25,69225.0,-0.044948275862068954,0.03232777374909346,-0.07727604961116241,2007-02-08,66750.0,-0.09775,0.045199419869470514,-0.14294941986947052,2007-03-12,63075.0,-0.11606896551724133,0.08851341551849168,-0.204582381035733,2007-04-09,61800.0,-0.05495689655172409,0.034482758620689724,v6
5605,94200,9686548230.0,0.19273108198248434,0.40214109775120455,0.2597925445450249,0.004091618659797458,True,True,bull,0.03453956399978031,-0.06268656716417909,2010-12-30,000120,CJ대한통운,0.9562841530054644,0.9781420765027322,0.8142076502732241,2011-01-03,95500.0,0.013800424628450214,-0.000858638743455483,0.010907646012724648,-0.01176628475618013,2011-01-07,95800.0,0.11118324607329844,0.02155362481768086,0.08962962125561758,2011-01-14,106500.0,0.18971727748691092,0.021408254146698225,0.1683090233402127,2011-01-28,114000.0,0.09024083769633506,-0.045079445071691926,0.135320282768027,2011-03-03,104500.0,0.09547643979057585,0.02084130852986621,0.07463513126070964,2011-03-31,105000.0,-0.029319371727748678,0.3507853403141361,v6
5638,114500,15849095375.0,0.022515814250125277,0.4830198743263028,0.7813841912427548,0.045731334690343406,True,True,mixed,0.004826678367705117,-0.11240310077519378,2011-02-21,000120,CJ대한통운,0.6073298429319371,0.9424083769633508,0.9476439790575916,2011-02-22,114500.0,0.0,-0.06513537117903934,-0.019733716145859614,-0.04540165503317972,2011-02-28,107500.0,-0.10443668122270744,0.009088427671684274,-0.11352510889439171,2011-03-08,103000.0,-0.1000698689956332,0.017853351799993922,-0.11792322079562712,2011-03-22,103500.0,-0.12190393013100442,0.07296015851673632,-0.19486408864774074,2011-04-19,101000.0,-0.20050655021834063,0.05922642215190521,-0.25973297237024584,2011-05-19,92000.0,-0.2131004366812227,0.026200873362445476,v6
6515,162000,10116097400.0,0.14413063623215516,0.3891112004391484,0.3284130357277091,0.01470062982085829,True,True,mixed,0.03746397694524495,-0.07428571428571429,2014-09-03,000120,CJ대한통운,0.7863247863247863,0.905982905982906,0.782051282051282,2014-09-04,161500.0,-0.0030864197530864335,-0.07211145510835915,-0.011281901847939757,-0.06082955326041939,2014-09-15,150500.0,-0.01947987616099067,-0.009606371870522934,-0.009873504290467735,2014-09-22,159000.0,0.08268730650154787,-0.04183482674048711,0.12452213324203498,2014-10-07,175500.0,0.18795046439628482,-0.06198003933852991,0.24993050373481474,2014-11-05,192500.0,0.24367801857585136,-0.04329180932954524,0.2869698279053966,2014-12-03,201500.0,-0.07739938080495357,0.08668730650154788,v6
8825,129600,11067411770.0,0.08266189904945986,0.6451290199921478,0.8282424166796915,0.04583651023983837,True,True,mixed,0.022848348526103957,-0.05054945054945059,2024-01-25,000120,CJ대한통운,0.7192429022082019,0.9873817034700315,0.9873817034700315,2024-01-26,130000.0,0.0030864197530864335,0.05292307692307685,0.034340229043347215,0.018582847879729636,2024-02-01,137400.0,0.06600000000000006,0.06601574418746559,-1.5744187465527304e-05,2024-02-08,139100.0,-0.017076923076923097,0.07690242265210223,-0.09397934572902533,2024-02-26,128300.0,-0.10323076923076924,0.12165741136266561,-0.22488818059343485,2024-03-26,117100.0,-0.04246153846153844,0.08856613982628492,-0.13102767828782336,2024-04-24,125000.0,-0.02384615384615385,0.1430769230769231,v6
2842,22180,2184986300.0,0.18473680872847242,0.24219814082092594,0.3371063033403895,0.05625018137873705,True,True,bear,0.011683623086273798,-0.11889723116037021,1999-10-26,000140,하이트진로홀딩스,0.9223300970873787,0.8058252427184466,0.8737864077669902,1999-10-27,21913.0,-0.012037871956717794,-0.004,0.11928681897624838,-0.12328681897624838,1999-11-02,21913.0,-0.05278382695203765,0.18627956394361966,-0.2390633908956573,1999-11-09,20844.0,-0.12228594898005751,0.22474255321824188,-0.3470285021982994,1999-11-23,19321.0,-0.15035148085611283,0.20556764029120722,-0.35591912114732005,1999-12-21,18706.0,-0.22350440377857894,0.16529403628773687,-0.3887984400663158,2000-01-24,17103.0,-0.13412129785971794,0.060968374937251824,v6
7951,23100,2121604827.5,0.18538030957582285,0.7157138962835687,0.6476710371210607,0.05827023998327041,True,True,mixed,0.029641185647425905,-0.06854838709677424,2020-07-10,000140,하이트진로홀딩스,0.8429003021148036,0.9365558912386707,0.9123867069486404,2020-07-13,23100.0,0.0,-0.0797575757575758,0.014134926814435289,-0.0938925025720111,2020-07-17,21350.0,-0.13170562770562766,0.01378938590469514,-0.1454950136103228,2020-07-24,20150.0,-0.06460606060606056,0.08346425494469045,-0.148070315550751,2020-08-07,21700.0,-0.2615757575757576,0.09846073042741077,-0.36003648800316834,2020-09-07,17150.0,-0.2572467532467533,0.10202671261592888,-0.35927346586268216,2020-10-08,17250.0,-0.1515151515151515,0.015151515151515138,v6
4618,45098,4443948715.0,0.07329588073150939,0.3877839335226516,0.6607432500944026,0.014464231089246882,True,True,mixed,0.03554416125813864,-0.05234402908235092,2007-01-15,000150,두산,0.8923076923076924,0.9538461538461539,0.9461538461538461,2007-01-16,45016.0,-0.0018182624506629663,-0.012907943842189403,-0.020538793103448194,0.007630849261258791,2007-01-22,44615.0,-0.0825498489425982,-0.020761494252873658,-0.061788354689724545,2007-01-29,41480.0,-0.07897334281144486,0.016012931034482758,-0.09498627384592762,2007-02-12,41641.0,0.1746031633197085,0.011041666666666616,0.16356149665304187,2007-03-14,53056.0,0.433533321485694,0.08722701149425283,0.3463063099914412,2007-04-11,64712.0,-0.09823173982583966,0.012506664297138759,v6
5414,94858,11752907907.6,0.0315067526650068,0.2213616868253252,0.3271611755692161,0.014374480711686788,True,True,bull,0.03782234330040146,-0.05219719829739611,2010-03-29,000150,두산,0.7018633540372671,0.8509316770186336,0.8633540372670807,2010-03-30,96062.0,0.012692656391659174,0.1048047302783619,0.011421803448821821,0.09338292682954008,2010-04-05,106514.0,0.11317432491515889,0.002808544071861263,0.11036578084329762,2010-04-12,107318.0,0.008564801898773625,0.027375975514655426,-0.0188111736158818,2010-04-26,97269.0,-0.316964543732173,-0.0723478607571929,-0.24461668297498007,2010-05-26,65998.0,-0.10858870312922908,0.020146466452849898,-0.12873516958207898,2010-06-24,86015.0,-0.004184797318398492,0.142262288938394,v6
7251,102406,6682950575.0,0.11749954544894392,0.13831486866773646,0.21099467055354282,0.036116873014705675,True,True,mixed,0.00834146901033228,-0.03344974044360549,2017-08-29,000150,두산,0.8412017167381974,0.7854077253218884,0.7939914163090128,2017-08-30,102405.0,-9.765052828902832e-06,-0.027075045163810315,-0.017528598514439775,-0.00954644664937054,2017-09-05,100042.0,-0.0001427664664810334,-0.0011232491459507443,0.000980482679469711,2017-09-12,102800.0,0.053702260631805165,0.0026138767719676714,0.051088383859837494,2017-09-26,108314.0,0.03831238709047402,0.07953110682268272,-0.0412187197322087,2017-11-01,106738.0,-0.027075045163810315,0.06113262363130412,-0.08820766879511444,2017-11-29,100042.0,-0.07692007226209663,0.0807675406474293,v6
8186,93600,25937173995.0,0.12636897078959053,0.8119082236462007,0.5267081725070124,0.04999374150817659,True,True,bull,0.034768669504173344,-0.13732718894009222,2021-06-22,000150,두산,0.8016528925619835,0.9566115702479339,0.8119834710743802,2021-06-23,93600.0,0.0,0.010957264957264904,0.0064151047392160265,0.0045421602180488775,2021-06-29,95000.0,0.10176923076923083,0.012089180673233946,0.08968005009599689,2021-07-06,103500.0,0.12313675213675213,-0.01011412456020555,0.13325087669695768,2021-07-20,105500.0,-0.05421367521367526,-0.03270325470874813,-0.02151042050492713,2021-08-18,88900.0,0.02805128205128216,-0.03439659739170109,0.062447879442983245,2021-09-15,96600.0,-0.05128205128205132,0.26602564102564097,v6
8929,217000,23709414232.9,0.002111490256789361,0.3768610075605894,1.295465294797796,0.01622720546711376,True,True,bull,0.030634053668962213,-0.11065573770491799,2024-06-28,000150,두산,0.6369047619047619,0.8779761904761905,0.9642857142857143,2024-07-01,216500.0,-0.0023041474654378336,0.02602309468822162,0.02480164413382213,0.001221450554399487,2024-07-05,223000.0,0.09068822170900703,0.022929078826764426,0.0677591428822426,2024-07-12,237000.0,-0.24926558891454964,-0.021862110449129224,-0.22740347846542042,2024-07-26,163400.0,-0.35180600461893763,-0.03399619042163149,-0.31780981419730614,2024-08-26,141200.0,-0.2067713625866051,-0.04346284945004575,-0.16330851313655936,2024-09-26,172600.0,-0.2623556581986143,0.2170900692840647,v6
9097,342000,56178410012.5,0.1393690520345392,0.4976869161894515,1.4189344648750586,0.055227185633093256,True,True,bull,0.014610991619075975,-0.11398963730569944,2025-03-12,000150,두산,0.8215488215488216,0.9259259259259259,0.9831649831649831,2025-03-13,349500.0,0.021929824561403466,-0.08554506437768239,0.011762622880149065,-0.09730768725783145,2025-03-19,321000.0,-0.07839198855507867,0.017659330423469788,-0.09605131897854846,2025-03-26,323500.0,-0.29298426323319027,-0.11714894960085609,-0.17583531363233418,2025-04-09,248500.0,0.018889842632331847,0.00356804692732271,0.015321795705009137,2025-05-12,357500.0,0.6698197424892705,0.11892719952580011,0.5508925429634703,2025-06-11,585000.0,-0.32331902718168815,0.025751072961373467,v6
3242,8584,4872921685.0,0.09571377469937903,0.5876268301151366,0.8681421240529359,0.05369798279698479,True,True,bull,0.0371408549404344,-0.02065031374786086,2001-06-19,000210,DL,0.5213675213675214,0.9230769230769231,0.8888888888888888,2001-06-20,8584.0,0.0,0.08546877912395145,-0.024167481642327737,0.10963626076627919,2001-06-26,9352.0,-0.010290773532152794,-0.014885046992325401,0.004594273460172608,2001-07-03,8530.0,-0.14612488350419384,-0.10402957118467071,-0.042095312319523126,2001-07-18,7364.0,0.13288257222739985,-0.03703028394304553,0.16991285617044538,2001-08-16,9759.0,-0.046054986020503286,-0.1724543751761176,0.12639938915561433,2001-09-13,8223.0,-0.14736719478098792,0.1526095060577819,v6
3895,34970,17482298785.0,0.02575831591556299,0.07341541654702266,0.4103569954937698,0.03870550575945697,True,True,bull,0.03942039754783577,-0.13031584183039047,2004-02-17,000210,DL,0.584070796460177,0.672566371681416,0.8053097345132744,2004-02-18,35421.0,0.012896768658850366,-0.0014309025719205747,-0.02770936653059386,0.026278463958673285,2004-02-24,35512.0,0.0738351825188448,0.007399660380329021,0.06643552213851578,2004-03-03,38178.0,0.1184697213517405,-0.018948978329566102,0.1374186996813066,2004-03-17,39759.0,0.13888134157703047,0.01085208551218475,0.12802925606484572,2004-04-16,40482.0,-0.20040890996866267,-0.18021209360907753,-0.020196816359585146,2004-05-17,28464.0,-0.03060331441800057,0.29338527991869223,v6
4059,46265,10267328463.5,0.09093207615291288,0.3472839723348313,0.2969972947844308,0.07296080741673872,True,True,bull,0.03901499626637328,-0.07746759720837493,2004-10-14,000210,DL,0.6868686868686869,0.8888888888888888,0.7575757575757576,2004-10-15,45271.0,-0.021484923808494538,-0.07585615515451394,-0.020681178099193342,-0.055174977055320595,2004-10-21,42018.0,-0.06187369397627618,-0.005274714783521928,-0.05659897919275425,2004-10-28,42651.0,-1.8554924785495197e-06,0.027805623180104044,-0.027807478672582594,2004-11-11,45452.0,-0.020964502661748093,0.027865291899374478,-0.048829794561122575,2004-12-09,44503.0,0.0738423273177089,0.03923814979235285,0.03460417752535605,2005-01-07,48795.0,-0.09781096065914163,0.04391332199421272,v6
5208,60994,46424864460.0,0.016725644463091216,0.4278638729280344,0.9062113542039552,0.021033505933027552,True,True,bull,0.015801429589709093,-0.05462041600793577,2009-06-02,000210,DL,0.5841121495327103,0.7289719626168224,0.7990654205607477,2009-06-03,60632.0,-0.0059350100009837314,-0.04572714078374451,-0.036493889591234785,-0.009233251192509728,2009-06-09,58102.0,0.006440031666446803,-0.01731282483494867,0.023752856501395473,2009-06-16,61265.0,-0.08298469455073232,-0.023690125017558628,-0.05929456953317369,2009-06-30,55843.0,0.004955666974534981,0.07180081472116862,-0.06684514774663364,2009-07-28,61175.0,0.10480393191713944,0.12472257339513981,-0.019918641478000376,2009-08-25,67229.0,-0.09090909090909094,0.06856115582530675,v6
5321,72651,40900024303.65,0.08123367585106211,0.06848636683266773,0.11365876450826073,0.05856777827391246,True,True,mixed,0.025189107039417458,-0.04055624521275192,2009-11-09,000210,DL,0.89171974522293,0.6560509554140127,0.732484076433121,2009-11-10,73734.0,0.014906883594169473,0.02543011365177539,-0.0017927325380955317,0.027222846189870923,2009-11-16,75904.0,0.07566474082512809,0.014868397134135236,0.06079634369099285,2009-11-23,79608.0,0.04626175170206426,0.023393279133471,0.022868472568593257,2009-12-07,77440.0,0.04993712534244721,0.055236220719224294,-0.005299095376777085,2010-01-07,77711.0,-0.057910000813735873,0.013219835394558066,-0.07112983620829394,2010-02-04,69759.0,-0.04042911004421301,0.11519787343694898,v6
5578,93072,44210301240.0,0.16238040036445178,0.3126743281847486,0.6479947619847599,0.022986888188532673,True,True,bull,0.03898481520656172,-0.09251170046801871,2010-11-18,000210,DL,0.9198113207547169,0.8632075471698113,0.910377358490566,2010-11-19,95331.0,0.024271531717380057,0.010224124366680302,-0.004677964001363111,0.014902088368043413,2010-11-25,96687.0,0.10975103586451418,0.00698080279232105,0.10277023307219313,2010-12-02,106175.0,0.08131327689838552,0.037434038642254475,0.04387923825613105,2010-12-16,103464.0,0.26141209050571157,0.08851472061298882,0.17289736989272275,2011-01-14,120633.0,-0.008730885021661413,0.027040284188894592,-0.03577116921055601,2011-02-16,94880.0,-0.05592094911413914,0.14691967985230403,v6
5626,117922,43800382805.0,0.09194026451923754,0.19819336867268333,0.7852330287612419,0.03010854371083127,True,True,bull,0.030808789174243678,-0.06114552316045918,2011-01-26,000210,DL,0.714975845410628,0.8840579710144928,0.966183574879227,2011-01-27,117469.0,-0.0038415223622394468,-0.06168330368011987,-0.015744383084953517,-0.045938920595166355,2011-02-07,110693.0,-0.16937980233082772,-0.047493191618125485,-0.12188661071270224,2011-02-14,98042.0,-0.24937537563101753,-0.08309062712761939,-0.16628474850339814,2011-02-28,88645.0,-0.2193759715329151,-0.02028803237763821,-0.1990879391552769,2011-03-29,92169.0,-0.07706608552043515,0.04314812013011582,-0.12021420565055096,2011-04-26,108886.0,-0.27845644382773327,0.02692625288373951,v6
6296,92169,25670528415.0,0.04377314194875015,0.15046878568385158,0.31658256637907844,0.034080378367181474,True,True,bull,0.026573471748318145,-0.04224078807905729,2013-10-11,000210,DL,0.7864583333333334,0.8177083333333334,0.890625,2013-10-14,92168.0,-1.0849634909826378e-05,0.02542452912073601,0.012995602323710553,0.012428926797025456,2013-10-18,94880.0,-0.039283395538581733,0.004106472135711137,-0.04338986767429287,2013-10-25,88916.0,-0.05594861557156494,-0.020334934133568905,-0.035613681437996036,2013-11-08,87380.0,-0.07556496831872239,-0.022536240110163974,-0.05302872820855842,2013-12-06,85572.0,-0.20792110059890634,-0.03312323858504396,-0.17479786201386238,2014-01-08,73373.0,-0.06470792465931774,0.07843286173075259,v6
6897,79066,19613703315.0,0.030318820791473522,0.33526870272445364,0.21633858428029096,0.014372794825437518,True,True,bull,0.034336150745735594,-0.035274595214563775,2016-03-22,000210,DL,0.6719367588932806,0.9130434782608695,0.8102766798418972,2016-03-23,78343.0,-0.009144259226468998,0.030604240327789304,-0.0007813791341717558,0.031385619461961056,2016-03-29,81054.0,-0.024754885567312975,-0.01689481935616366,-0.007860066211149316,2016-04-05,76717.0,0.055979832276016994,0.0046882748050307566,0.05129155747098624,2016-04-20,83042.0,-0.09973286700790118,-0.024443142145887498,-0.07528972486201368,2016-05-20,70843.0,-0.07089812746512136,-0.007688570326626509,-0.06320955713849485,2016-06-20,73102.0,-0.027685945138685053,0.08765301303243422,v6
8480,68600,7849299275.0,0.06493775378708988,0.05348408577493802,0.21579632448886654,0.027159415000186815,True,True,mixed,0.018257384592548664,-0.0602739726027397,2022-08-26,000210,DL,0.7023809523809523,0.6696428571428571,0.7619047619047619,2022-08-29,67000.0,-0.023323615160349864,-0.021910447761193993,-0.009313092604623319,-0.012597355156570674,2022-09-02,65800.0,0.01838805970149249,0.0071873226811838276,0.011200737020308663,2022-09-13,68500.0,-0.06370149253731339,-0.08560644063057643,0.021904948093263044,2022-09-27,63000.0,-0.09802985074626869,-0.0589130202379875,-0.039116830508281186,2022-10-27,60700.0,0.05271641791044779,0.0038115835957994726,0.048904834314648316,2022-11-24,70800.0,-0.07910447761194028,0.028358208955223896,v6
8818,51000,2632340157.5,0.054386951569927566,0.1876970224479675,0.36508582173806325,0.039811438076189365,True,True,bull,0.019235573320010024,-0.032258064516129004,2024-01-11,000210,DL,0.6863354037267081,0.8105590062111802,0.9099378881987578,2024-01-12,51100.0,0.0019607843137254832,-8.610567514666032e-05,-0.03804774201178773,0.03796163633664107,2024-01-18,51300.0,0.02535420743639927,-0.026102383158226772,0.05145659059462604,2024-01-25,52600.0,0.07819178082191791,0.03302517198557098,0.04516660883634693,2024-02-08,55300.0,-0.10576125244618395,0.05726675996924957,-0.16302801241543352,2024-03-12,45900.0,0.033181996086105725,0.0664721767755414,-0.03329018068943568,2024-04-09,53000.0,-0.021526418786692814,0.15655577299412915,v6
6698,6955,10008618897.5,0.2464244832904947,0.4163819709671641,0.5648837836765908,0.14204100654004304,True,True,mixed,0.03812167890620333,-0.14378924042841312,2015-06-02,000220,유유제약,0.819620253164557,0.7911392405063291,0.7689873417721519,2015-06-03,6955.0,0.0,-0.10838533429187636,-0.006966528907727199,-0.10141880538414916,2015-06-09,6229.0,-0.16819841840402583,-0.02395465982843492,-0.1442437585755909,2015-06-16,5813.0,0.3393501078360892,-0.002073600800573727,0.34142370863666294,2015-06-30,9343.0,0.30196693026599575,-0.018960697807564264,0.32092762807356,2015-07-28,9083.0,0.07062257368799418,-0.08872702079855299,0.15934959448654717,2015-08-26,7474.0,-0.19784327821711,0.3955427749820273,v6
5304,11092,27033846217.0,0.05148262081098354,0.2389863835941557,0.22588782382760808,0.06919012149529147,True,True,mixed,0.03056768558951961,-0.09857781389678988,2009-10-15,000240,한국앤컴퍼니,0.7,0.9,0.8,2009-10-16,10943.0,-0.013433104940497653,0.03675664808553414,-0.015542821257555572,0.05229946934308971,2009-10-22,11389.0,0.06846641688750799,-0.04240158930479998,0.11086800619230797,2009-10-29,11736.0,0.04580352736909443,-0.050323959736001456,0.09612748710509589,2009-11-12,11488.0,0.16350434067440367,-0.002016822960382081,0.16552116363478575,2009-12-10,12776.0,0.041325779036827104,0.02570543515672652,0.015620343880100584,2010-01-12,11439.0,-0.07913734807639583,0.1696975235310243,v6
6929,23150,3126102260.0,0.03375464673373685,0.24174013025811658,0.17920893097414636,0.025816700090550038,True,True,bull,0.019711485519215977,-0.03541666666666665,2016-05-10,000240,한국앤컴퍼니,0.6159420289855072,0.8840579710144928,0.7210144927536232,2016-05-11,23050.0,-0.004319654427645814,0.017691973969631295,-0.010612466506130791,0.028304440475762086,2016-05-17,23550.0,-0.030030368763557466,-0.025885168185725727,-0.004145200577831739,2016-05-24,22450.0,0.026368763557483636,0.01905820015383286,0.007310563403650775,2016-06-08,23750.0,-0.07558351409978303,-0.01812313678569466,-0.05746037731408837,2016-07-06,21400.0,-0.1406594360086768,0.002825298994052705,-0.1434847350027295,2016-08-03,19900.0,-0.03687635574837311,0.049891540130151846,v6
8022,16700,21918833635.0,0.05194185434820431,0.351449080826405,0.5196270540555681,0.028697049642983696,True,True,mixed,0.004511278195488799,-0.1413881748071979,2020-10-21,000240,한국앤컴퍼니,0.6785714285714286,0.8681318681318682,0.8296703296703297,2020-10-22,16750.0,0.0029940119760478723,-0.048776119402985096,-0.0043937663704942675,-0.04438235303249083,2020-10-28,16000.0,-0.08758208955223878,0.0007259266177337409,-0.08830801616997253,2020-11-04,15350.0,-0.0308656716417911,0.0806712486362342,-0.11153692027802531,2020-11-18,16300.0,-0.08758208955223878,0.17667610512775878,-0.26425819467999756,2020-12-16,15350.0,-0.11743283582089548,0.2794690122728294,-0.39690184809372486,2021-01-18,14850.0,-0.11641791044776117,0.032835820895522394,v6
5300,17600,136784266161.65,0.1021653515242038,0.0681767105911848,0.603364674993687,0.013078679501766999,True,True,mixed,0.010477967561360657,-0.08333333333333337,2009-10-09,000270,기아,0.8549222797927462,0.6994818652849741,0.9430051813471503,2009-10-12,17750.0,0.008522727272727293,-0.08287323943661973,-0.011944416000578384,-0.07092882343604134,2009-10-16,16350.0,0.026985915492957705,-0.012058860732807708,0.03904477622576541,2009-10-23,18300.0,0.029802816901408406,-0.05284334925520573,0.08264616615661413,2009-11-06,18350.0,-0.0068169014084507006,-0.02134093085731159,0.01452402944886089,2009-12-04,17700.0,0.11430985915492964,0.027183635607972434,0.0871262235469572,2010-01-06,19850.0,-0.09014084507042253,0.07605633802816891,v6
5587,50500,208342503235.0,0.015459018679414238,0.49671921711276856,0.4094519262407581,0.016382568854278023,True,True,mixed,0.017734784361144618,-0.050751879699248104,2010-12-01,000270,기아,0.7253886010362695,0.9740932642487047,0.8238341968911918,2010-12-02,51500.0,0.01980198019801982,0.0037669902912620436,0.006178905289369263,-0.0024119149981072195,2010-12-08,51900.0,-0.002058252427184378,0.037953192605892916,-0.0400114450330773,2010-12-15,51600.0,-0.007883495145631022,0.051334818465717635,-0.05921831361134866,2010-12-29,51300.0,0.1435728155339806,0.08813043097993023,0.05544238455405037,2011-01-27,59100.0,0.13774757281553396,-0.007959006230353283,0.14570657904588724,2011-03-02,58800.0,-0.04660194174757282,0.03495145631067964,v6
7716,43900,36173949842.5,0.024366771729083525,0.06663283204594728,0.3033163828602957,0.02467166598571935,True,True,bear,0.020692862125087252,-0.05183585313174943,2019-07-24,000270,기아,0.7148760330578512,0.7107438016528925,0.8966942148760331,2019-07-25,44000.0,0.002277904328018332,-0.009681818181818232,-0.0293047318127988,0.01962291363098057,2019-07-31,43750.0,-0.048318181818181816,-0.08436617489823417,0.036047993080052354,2019-08-07,42050.0,-0.05059090909090913,-0.06456438458624814,0.013973475495339005,2019-08-22,41950.0,0.05054545454545445,0.0028911572779968253,0.047654297267457624,2019-09-23,46400.0,-0.08240909090909088,-0.0024212842875431795,-0.0799878066215477,2019-10-23,40550.0,-0.07159090909090904,0.006818181818181834,v6
8133,86600,315815408139.5,0.03922115599332998,0.3186258381651137,0.41757352189243324,0.04966201350319799,True,True,mixed,0.033968121306190646,-0.15098039215686276,2021-04-02,000270,기아,0.5872641509433962,0.8231132075471698,0.8136792452830188,2021-04-05,87200.0,0.006928406466512715,-0.03381651376146788,0.003412116377197405,-0.037228630138665286,2021-04-09,84600.0,-0.007440366972477071,0.024794712340968195,-0.03223507931344527,2021-04-16,86900.0,-0.12097247706422021,0.008531892875565106,-0.1295043699397853,2021-04-30,77000.0,-0.021201834862385357,0.03224369879823019,-0.05344553366061555,2021-06-01,85700.0,0.022376146788990917,0.0530079487894195,-0.030631802000428584,2021-06-29,89500.0,-0.1169724770642202,0.012614678899082632,v6
8652,87600,135524863330.1,0.08574269173703875,0.21025630666910744,0.23890978990482825,0.033163393109677086,True,True,bull,0.0269034640407948,-0.02341137123745818,2023-05-09,000270,기아,0.7507246376811594,0.8115942028985508,0.7507246376811594,2023-05-10,87200.0,-0.004566210045662156,-0.0028532110091743466,-0.010263531740331122,0.0074103207311567755,2023-05-16,87300.0,0.013201834862385246,0.024577407460613987,-0.011375572598228741,2023-05-23,88700.0,-0.0705137614678899,0.04185621478395496,-0.11236997625184486,2023-06-08,81400.0,0.016642201834862428,0.020084119459209182,-0.003441917624346754,2023-07-06,89000.0,-0.0785412844036697,0.03967740905680861,-0.11821869346047831,2023-08-03,80700.0,-0.07339449541284404,0.053899082568807266,v6
5201,37816,2006611197.25,0.04981560661675899,0.7127054502301517,1.7913325841135666,0.09712901930903728,True,True,bull,0.011467813225096712,-0.10032593438488802,2009-05-22,000300,DH오토넥스,0.5844748858447488,0.8721461187214612,0.9223744292237442,2009-05-25,38043.0,0.006002750158663028,-0.12496837788817916,0.0013629939956527615,-0.12633137188383192,2009-05-29,33441.0,-0.09381941487264411,0.0005165029878262395,-0.09433591786047035,2009-06-05,34626.0,-0.09655316352548438,-0.0076399400282642915,-0.08891322349722008,2009-06-19,34522.0,-0.0392758720395342,0.03307771217871003,-0.07235358421824423,2009-07-17,36701.0,0.04636406171963303,0.1416222498009312,-0.09525818808129816,2009-08-14,39959.0,-0.19882764240464734,0.025208316904555383,v6
6432,33633,2272561262.75,0.14348706386588406,0.40399294494689153,0.5778011429423975,0.06197707665803254,True,True,mixed,0.03125057491000738,-0.0325893113961917,2014-04-28,000300,DH오토넥스,0.9375,0.9427083333333334,0.9427083333333334,2014-04-29,33633.0,0.0,-0.0402441649570362,-0.01218937847842938,-0.02805478647860682,2014-05-08,32414.0,-0.019550203669015605,0.01799287982295783,-0.03754308349197344,2014-05-15,33110.0,0.07116427318407514,0.019036092106529123,0.05212818107754602,2014-05-29,36161.0,0.0737510183450778,0.013946634121144275,0.05980438422393353,2014-06-30,36248.0,-0.18275301043617875,0.03754551393397376,-0.22029852437015252,2014-07-28,27621.0,-0.057027324354056996,0.13213213213213204,v6
6742,6411,2622313144.5,0.08548386601694336,0.32119044005258235,0.5511991340288367,0.08825751324423803,True,True,bear,0.018427323272438345,-0.030985489721886306,2015-08-03,000370,한화손해보험,0.6584615384615384,0.7723076923076924,0.7323076923076923,2015-08-04,6459.0,0.007487131492746935,0.08254590493884506,-0.0022811605030506055,0.08482706544189567,2015-08-10,7018.0,0.08858399132992734,-0.02564562321006103,0.11422961453998837,2015-08-18,7057.0,0.052200650255457504,-0.046579504420371065,0.09878015467582857,2015-09-01,6822.0,0.12341910512463228,-0.014160129498194562,0.13757923462282684,2015-10-01,7282.0,0.13704350518656128,0.01081807994023154,0.12622542524632974,2015-10-30,7370.0,-0.0029416318315528267,0.11518810961449133,v6
5369,14650,6700054940.0,0.03212122115476035,0.15723914172456666,0.266630378221658,0.06335098815276852,True,True,bull,-0.0003411804844762889,-0.08150470219435735,2014-05-29,000390,SP삼화,0.6482412060301508,0.7487437185929648,0.7035175879396985,2014-05-30,14900.0,0.017064846416382284,-0.06775838926174493,-0.012568411755657705,-0.05518997750608723,2014-06-09,13950.0,-0.014067114093959773,-0.01080694860000897,-0.0032601654939508028,2014-06-16,14750.0,0.016134228187919545,-0.006529818346010852,0.022664046533930397,2014-06-30,15200.0,0.07989261744966436,0.016592486739407608,0.06330013071025675,2014-07-28,16150.0,-0.027489932885906062,0.026139120856220055,-0.05362905374212612,2014-08-26,14550.0,-0.08389261744966447,0.08724832214765099,v6
7350,10450,2793439202.0,0.08251519444592637,0.365704795461107,0.4210758531902272,0.025452469005765588,True,True,mixed,0.025615860241436916,-0.10300429184549353,2018-01-24,000490,대동,0.5709219858156028,0.8404255319148937,0.8865248226950354,2018-01-25,10550.0,0.009569377990430672,-0.07129857819905216,0.01162809031281542,-0.08292666851186759,2018-01-31,9840.0,-0.18030331753554507,-0.0553418264379415,-0.12496149109760357,2018-02-07,8690.0,-0.19072985781990526,-0.033678102926337106,-0.15705175489356815,2018-02-23,8580.0,-0.28646445497630335,-0.039369954591321976,-0.24709450038498137,2018-03-26,7570.0,-0.19167772511848347,-0.02477374495459128,-0.16690398016389218,2018-04-23,8570.0,-0.20947867298578204,0.0,v6
8875,16476,9083652375.0,0.07902713448238585,0.3441143248189529,0.5259851716580421,0.027396066719507894,True,True,bull,0.039006902118562614,-0.07339294752826053,2024-04-04,000500,가온전선,0.7894736842105263,0.9078947368421053,0.9342105263157895,2024-04-05,17420.0,0.05729546006312214,0.4202824339839266,-0.011842473728426284,0.4321249077123529,2024-04-12,24811.0,0.238422502870264,-0.0449896092794293,0.2834121121496933,2024-04-19,21643.0,0.6579402985074627,0.007516691476661341,0.6504236070308014,2024-05-07,28951.0,0.5032330654420207,-0.009012660466624411,0.5122457259086451,2024-06-05,26256.0,0.4776877152698049,0.040892275494111896,0.436795439775693,2024-07-04,25811.0,-0.02072330654420207,0.7289322617680827,v6
7658,15618,4405868860.0,0.024302040430570937,0.5713046743607313,0.36283042880525085,0.04919472860196317,True,True,bull,0.0046572663647590495,-0.15569250729808626,2019-04-30,000520,삼일제약,0.5964912280701754,0.968421052631579,0.8456140350877193,2019-05-02,15663.0,0.002881290818286697,-0.11349371129413266,-0.04146488276013016,-0.0720288285340025,2019-05-09,13948.0,-0.10327855455532142,-0.05711510574844725,-0.046163448806874174,2019-05-16,14108.0,-0.2653164783247143,-0.07028920079892753,-0.19502727752578675,2019-05-30,11570.0,-0.2594427631998979,-0.028418470181582833,-0.23102429301831506,2019-06-28,11662.0,-0.3499745897976122,-0.057767198372960404,-0.2922073914246518,2019-07-26,10244.0,-0.27300006384472963,0.026240183872821232,v6
7251,6730,2123199410.5,0.0830084222774723,0.38736275585890434,0.6634703192003741,0.028199355866890707,True,True,mixed,0.002756462787752323,-0.15664160401002503,2017-08-25,000540,흥국화재,0.7914893617021277,0.9702127659574468,0.9659574468085106,2017-08-28,6740.0,0.0014858841010401136,0.030124629080118707,-0.007864903761182984,0.03798953284130169,2017-09-01,6970.0,-0.005483679525222548,-0.013743593196374415,0.008259913671151867,2017-09-08,6730.0,0.024189910979228516,0.00518856411853319,0.019001346860695326,2017-09-22,6930.0,-0.0870860534124629,0.05283245945513748,-0.13991851286760038,2017-10-30,6180.0,-0.0870860534124629,0.055306811200228845,-0.14239286461269174,2017-11-27,6180.0,-0.08605341246290799,0.08456973293768555,v6
4322,42336,8634748995.0,0.02304037695991268,0.4970567415524143,0.753137245913478,0.019892393068856373,True,True,mixed,0.020924416964283488,-0.0835570179236298,2005-11-02,000640,동아쏘시오홀딩스,0.5476190476190477,0.8928571428571429,0.8273809523809523,2005-11-03,42589.0,0.005976001511715845,0.03464847730634668,0.005800853741468659,0.028847623564878022,2005-11-09,44235.0,0.10299945995444837,0.03822172698298254,0.06477773297146583,2005-11-16,47146.0,0.33031167672403683,0.06303102801287985,0.267280648711157,2005-11-30,56827.0,0.2852765737631784,0.12097401905760718,0.1643025547055712,2005-12-28,54909.0,0.05524064899387171,0.10834814954404304,-0.05310750055017133,2006-01-26,45112.0,-0.025288219962901204,0.37742139989199086,v6
4620,55412,3928062623.9,0.04812840618307157,0.14427756218179755,0.33346032405652415,0.06763010206218611,True,True,mixed,0.025765385694041854,-0.028745705672018507,2007-01-15,000640,동아쏘시오홀딩스,0.8307692307692308,0.7769230769230769,0.8769230769230769,2007-01-16,56265.0,0.015393777521114593,-0.14039029592108776,-0.020538793103448194,-0.11985150281763957,2007-01-22,48591.0,-0.14504683195592283,-0.020761494252873658,-0.12428533770304917,2007-01-29,48329.0,-0.12057335821558701,0.016012931034482758,-0.13658628925006977,2007-02-12,49706.0,-0.05994952457122549,0.011041666666666616,-0.0709911912378921,2007-03-14,53117.0,-0.2033246245445659,0.08722701149425283,-0.29055163603881873,2007-04-11,45050.0,-0.17833466631120587,0.026801741757753517,v6
6193,121234,7394424050.0,0.03494640455073794,0.39477961814165785,0.44907392890747144,0.004397950172066567,True,True,mixed,0.010812746509317739,-0.04105233183572743,2013-05-09,000640,동아쏘시오홀딩스,0.5185185185185185,0.8657407407407407,0.8518518518518519,2013-05-10,121707.0,0.003901545770988335,-0.06602601329422297,0.005735314961426985,-0.07176132825564996,2013-05-16,114158.0,-0.058269680462093354,-0.0010275983558426516,-0.0572420821062507,2013-05-24,115102.0,-0.04664339766817027,-0.021655496385688533,-0.02498790128248174,2013-06-10,116517.0,-0.1551663256838144,-0.0802994715208456,-0.07486685416296879,2013-07-08,103309.0,0.24793292086732888,-0.029997772693218905,0.2779306935605478,2013-08-05,152369.0,-0.06589596325601654,0.11240109443170887,v6
1711,8490,273471806313.0,0.1878313962486533,1.148385201477445,0.6214469516600767,0.06759901858593809,True,True,bull,0.029090909090909056,-0.15100000000000002,2003-08-01,000660,SK하이닉스,0.9540229885057471,0.9885057471264368,0.9080459770114943,2003-08-04,8300.0,-0.0223792697290931,0.056240963855421766,-0.021443362007865896,0.07768432586328766,2003-08-08,8800.0,-0.007614457831325302,0.01463373959448,-0.0222481974258053,2003-08-18,8270.0,-0.02327710843373498,0.06189807801881675,-0.08517518645255173,2003-09-01,8140.0,-0.17990361445783132,-0.006017482663257301,-0.17388613179457402,2003-10-02,6840.0,-0.09677108433734938,0.08726044721152904,-0.1840315315488784,2003-10-31,7530.0,-0.07710843373493981,0.191566265060241,v6
2329,36750,523531342960.5,0.1181910133810884,0.7507550011124604,0.4211117607515493,0.07454496224314822,True,True,mixed,0.03100014027212783,-0.05889884763124198,2006-01-26,000660,SK하이닉스,0.8238636363636364,0.9602272727272727,0.7272727272727273,2006-01-27,37350.0,0.01632653061224487,-0.06691834002677377,-0.025931336742147537,-0.04098700328462623,2006-02-03,35000.0,-0.0829825970548862,-0.024667640613586506,-0.05831495644129969,2006-02-10,34400.0,-0.12314323962516738,-0.0023228634039444973,-0.12082037622122288,2006-02-24,32900.0,-0.2690602409638554,-0.02823959094229367,-0.24082065002156172,2006-03-27,27450.0,-0.09636947791164663,0.04524470416362303,-0.14161418207526966,2006-04-24,33900.0,-0.22489959839357432,0.03614457831325302,v6
2903,29900,118401563776.0,0.11205088109065464,0.14220486583725256,0.30784432438655673,0.00525505735043752,True,True,bull,0.02572898799313883,-0.04472843450479236,2008-05-29,000660,SK하이닉스,0.7797619047619048,0.7976190476190477,0.8690476190476191,2008-05-30,30350.0,0.015050167224080369,0.0273014827018121,-0.007942695643699538,0.035244178345511634,2008-06-05,31300.0,-0.0369489291598023,-0.05394211090536993,0.01699318174556763,2008-06-13,29350.0,-0.14897528830313012,-0.08799770436063192,-0.06097758394249819,2008-06-27,25950.0,-0.2346425041186162,-0.13484174165394314,-0.09980076246467307,2008-07-25,23350.0,-0.31042504118616143,-0.18672102567434412,-0.12370401551181731,2008-08-25,21050.0,-0.1482701812191104,0.05271828665568368,v6
5010,42700,123586828397.85,0.06655498187381181,0.22390514425489183,0.4641072754864122,0.06692304338684174,True,True,bear,0.03414870428675232,-0.020642201834862428,2016-11-22,000660,SK하이닉스,0.826271186440678,0.923728813559322,0.9533898305084746,2016-11-23,43000.0,0.007025761124121788,-0.01795348837209298,-0.004653760238272575,-0.013299728133820406,2016-11-29,42400.0,0.04716279069767437,0.0011169024571853203,0.04604588824048905,2016-12-06,45200.0,0.04600000000000004,0.027318830371697134,0.018681169628302907,2016-12-20,45150.0,0.13204651162790704,0.04170775391922077,0.09033875770868627,2017-01-18,48850.0,0.168093023255814,0.04675897043730237,0.12133405281851162,2017-02-17,50400.0,-0.027906976744186074,0.08720930232558133,v6
5794,100500,301303767506.3,0.045062962113196825,0.16314252845673738,0.2300246241355588,0.03078714637450619,True,True,mixed,0.02378648194366617,-0.02898550724637683,2020-02-06,000660,SK하이닉스,0.7869415807560137,0.845360824742268,0.8419243986254296,2020-02-07,100000.0,-0.00497512437810943,0.016000000000000018,0.005163201274820173,0.010836798725179845,2020-02-13,102000.0,0.03600000000000003,-0.011699354937451778,0.04769935493745181,2020-02-20,104000.0,-0.05500000000000005,-0.06132370616117988,0.006323706161179832,2020-03-05,94900.0,-0.20399999999999996,-0.22355716208490695,0.019557162084906987,2020-04-02,80000.0,-0.18000000000000005,-0.13177191884726014,-0.04822808115273991,2020-05-06,82400.0,-0.123,0.06000000000000005,v6
6634,116200,449812131085.7,0.08049719812291212,0.2819750171925428,0.38769598740392164,0.03675808803425973,True,True,bull,0.017513134851138368,-0.040462427745664775,2023-06-29,000660,SK하이닉스,0.7130177514792899,0.8431952662721893,0.8195266272189349,2023-06-30,114600.0,-0.013769363166953541,-0.010980802792321161,-0.0008364504793955119,-0.01014435231292565,2023-07-06,113800.0,-0.008363001745200657,0.012820362487932169,-0.021183364233132825,2023-07-13,114100.0,0.07802443280977323,0.01773744053970594,0.060286992270067286,2023-07-27,124000.0,0.012579406631762605,-0.015357074455818576,0.02793648108758118,2023-08-25,116500.0,0.019560209424083878,-0.019660494912895676,0.03922070433697955,2023-09-22,117300.0,-0.04275741710296688,0.08202443280977323,v6
6688,122200,378938325940.8,0.043411058356924714,0.06545684023842058,0.31957783433833664,0.021351835504290317,True,True,mixed,0.034935422401016325,-0.05271317829457367,2023-09-14,000660,SK하이닉스,0.7084639498432602,0.658307210031348,0.8213166144200627,2023-09-15,122900.0,0.005728314238952592,-0.05607485760781128,-0.023305035378915595,-0.032769822228895684,2023-09-21,116500.0,-0.06502522375915376,-0.06574419995495107,0.0007189761957973051,2023-10-04,115400.0,0.018782750203417468,-0.06181795586761829,0.08060070607103575,2023-10-19,125700.0,0.0724849471114728,-0.033708999681550944,0.10619394679302374,2023-11-16,132300.0,0.10828641171684295,-0.011961257951518145,0.12024766966836109,2023-12-14,136700.0,-0.08624898291293737,0.0642799023596421,v6
3661,3665,5141037000.0,0.043959306031310375,0.36539245547241705,0.5949921866605901,0.08209414163509132,True,True,bear,0.03399633234588806,-0.04057591623036649,2003-03-04,000700,유수홀딩스,0.6349206349206349,0.9523809523809523,0.9841269841269841,2003-03-05,3597.0,-0.018553888130968588,-0.21056102307478453,-0.06129032258064515,-0.14927070049413937,2003-03-11,2854.0,-0.22390547678621076,-0.052864445619601685,-0.17104103116660907,2003-03-18,2806.0,-0.11798387545176536,-0.050661025912215774,-0.06732284953954959,2003-04-01,3187.0,0.10219961078676665,0.05298783712321531,0.04921177366355134,2003-04-29,3979.0,0.3340594940227968,0.11655208884188273,0.21750740518091405,2003-05-30,4813.0,-0.42007228245760353,0.002502085070892335,v6
3792,6195,13291953725.0,0.07974183899390974,0.13655368568213544,0.7757016309749891,0.016265333631878542,True,True,bull,0.011502885926312878,-0.05419847328244276,2003-09-16,000700,유수홀딩스,0.7037037037037037,0.7685185185185185,0.8333333333333334,2003-09-17,6241.0,0.007425343018563346,-0.09164621054318223,-0.06838947136506779,-0.02325673917811444,2003-09-23,5694.0,-0.022907226406024713,-0.09602001010873373,0.07311278370270902,2003-09-30,6123.0,0.24051209742028523,-0.009564417257422742,0.250076514677708,2003-10-15,7767.0,0.5955834000961384,0.032010990007905527,0.5635724100882329,2003-11-12,9983.0,0.5039314212465951,0.02984668420575165,0.4740847370408434,2003-12-10,9411.0,-0.14885435026438076,0.3283127703893607,v6
4069,10483,36115520435.0,0.1214758673528763,0.17096371561119894,0.33551755419562224,0.15211404664744288,True,True,mixed,0.03492361231088181,-0.1337795405718063,2004-10-28,000700,유수홀딩스,0.7849462365591398,0.6344086021505376,0.7741935483870968,2004-10-29,10267.0,-0.02060478870552318,0.04947228986071872,0.029399315507504076,0.020072974353214645,2004-11-04,10816.0,0.04489451641180486,0.041565383545574486,0.0033291328662303776,2004-11-11,10769.0,0.0634978085127107,0.05514639190218773,0.008351416610522966,2004-11-25,10960.0,0.051809876302717495,0.060455441473472815,-0.00864556517075532,2004-12-23,10840.0,0.014700691535989078,0.11213099686778172,-0.09743030533179264,2005-01-21,10459.0,-0.03710918476672831,0.13226843284308942,v6
4957,22372,37731456528.0,0.09545496831882727,0.24124608131926206,0.1261394361508661,0.034341335095137815,True,True,bull,0.027685777677738832,-0.06287437691115483,2008-05-30,000700,유수홀딩스,0.7705882352941177,0.8823529411764706,0.7470588235294118,2008-06-02,21942.0,-0.01922045413910245,-0.0006730471242366552,-0.021284423524319585,0.02061137640008293,2008-06-09,22015.0,-0.10166657551727276,-0.04732997889952928,-0.05433659661774348,2008-06-16,19799.0,-0.12231191322577706,-0.09380511821673965,-0.02850679500903741,2008-06-30,19346.0,-0.1754975845410628,-0.13526483795920574,-0.04023274658185705,2008-07-28,18179.0,-0.3546517181660742,-0.1937185521830871,-0.16093316598298713,2008-08-26,14248.0,-0.13353386199981765,0.033725275726916415,v6
6900,39211,30398695067.5,0.030730619895199762,0.37152143869864607,0.14031203670230785,0.052504646211830375,True,True,bull,0.021353851924399425,-0.034711110016986235,2016-03-25,000720,현대건설,0.6259842519685039,0.9173228346456693,0.7165354330708661,2016-03-28,39210.0,-2.5503047614172658e-05,-0.005224177505738333,-0.005723123737361058,0.0004989462316227246,2016-04-01,39162.0,-0.011421576128538665,-0.006488893814895258,-0.004932682313643407,2016-04-08,38919.0,-0.0015006375924508895,0.014922440589844488,-0.016423078182295377,2016-04-25,39308.0,-0.18265340474368785,-0.012302700850911674,-0.17035070389277618,2016-05-25,32205.0,-0.15039122672787553,0.0008967570644808909,-0.15128798379235642,2016-06-23,33470.0,-0.05085437388421321,0.05087987758224943,v6
7093,42665,14067091760.0,0.04803536938153008,0.015389228788981413,0.32189407890263144,0.009830427225747673,True,True,bull,0.025018228819433164,-0.03199092456040842,2017-01-04,000720,현대건설,0.5720524017467249,0.6462882096069869,0.9170305676855895,2017-01-05,42324.0,-0.007992499707019762,-0.0373144315282109,0.014495091712620756,-0.051809523240831656,2017-01-11,40914.0,-0.061461487572063156,0.012231608588525233,-0.07369309616058839,2017-01-18,39892.0,0.044294112087704285,0.0135124564902811,0.030781655597423185,2017-02-03,44368.0,0.11323844627161894,0.017521217098830588,0.09571722917278835,2017-03-06,47286.0,0.09369870522634915,0.05963764715084685,0.034061058075502304,2017-04-03,46459.0,-0.11265475852943951,0.05287779982988372,v6
7441,70346,457585084740.0,0.1397536323487909,0.7477256842159968,1.087093764001167,0.01836753450375328,True,True,mixed,0.02750090559599916,-0.08941931809356152,2018-06-11,000720,현대건설,0.8413173652694611,0.9191616766467066,0.907185628742515,2018-06-12,70345.0,-1.421544935031882e-05,-0.18379955931480563,-0.054416958275078975,-0.12938260103972665,2018-06-19,57697.0,-0.16857459663089058,-0.05004889323495432,-0.11852570339593627,2018-06-26,58768.0,-0.28338019759755495,-0.07298426526802393,-0.21039593232953102,2018-07-10,50692.0,-0.19901030634728833,-0.07055980733640987,-0.12845049901087846,2018-08-07,56627.0,-0.15751481981661808,-0.07395000767745019,-0.08356481213916789,2018-09-05,59546.0,-0.2959840784703959,0.009695074276778737,v6
8146,15006,2018530957.5,0.15360846542075834,0.31761450886904363,0.47981258926707815,0.023848720430228676,True,True,bull,0.03190403003703057,-0.05806289624003513,2021-04-21,000860,강남제비스코,0.8164948453608247,0.8020618556701031,0.8144329896907216,2021-04-22,15131.0,0.008330001332800263,-0.033740268323309786,0.002189307359852677,-0.03592957568316246,2021-04-28,14681.0,-0.0006955257418543824,0.0013293348285723372,-0.0020248605704267196,2021-05-06,15181.0,-0.03208803119423698,-0.005701649383213825,-0.026386381811023152,2021-05-21,14706.0,-0.027131319807018658,0.029424920932928478,-0.05655624073994714,2021-06-18,14781.0,0.10346150287489264,0.032253695046810194,0.07120780782808245,2021-07-16,16757.0,-0.06780781177714623,0.07104619655012878,v6
4113,16115,13960916385.0,0.025222124182876282,0.24692872134565058,0.6327414420970476,0.013713278513216798,True,True,bull,0.006413819376354546,-0.07064590542099192,2004-12-29,000880,한화,0.57,0.77,0.92,2004-12-30,15881.0,-0.014520632950667078,-0.022386751464013584,-0.016835928684269974,-0.00555082277974361,2005-01-06,15589.0,-0.10330105157105973,-0.0007447528774543466,-0.10255629869360539,2005-01-13,14304.0,-0.000347837037969919,0.04363574813811777,-0.04398358517608769,2005-01-27,15939.0,0.31959423210125304,0.13685398329948084,0.1827402488017722,2005-03-02,21020.0,0.3490004407782885,0.07814263146016698,0.27085780931812153,2005-03-30,21487.0,-0.15811346892513067,0.029406208677035472,v6
4620,40989,16503758977.0,0.048502032771305714,0.21536774369913791,0.39810353055410785,0.0026612648221353563,True,True,mixed,0.0017865915206558558,-0.05133427453884787,2007-01-15,000880,한화,0.8384615384615385,0.8615384615384616,0.9153846153846154,2007-01-16,40872.0,-0.0028544243577545148,-0.09826991583480138,-0.020538793103448194,-0.07773112273135319,2007-01-22,37019.0,-0.03402055196711684,-0.020761494252873658,-0.013259057714243183,2007-01-29,39645.0,0.02313348991974951,0.016012931034482758,0.007120558885266751,2007-02-12,41981.0,-0.01828851047171653,0.011041666666666616,-0.029330177138383148,2007-03-14,40288.0,0.17886357408494802,0.08722701149425283,0.09163656259069519,2007-04-11,48346.0,-0.12000880798590718,0.05142885104717165,v6
7558,6350,17166513585.5,0.08044075848627563,0.5437708738598318,0.4453478936376515,0.021433453268063785,True,True,mixed,-0.028309104820198883,-0.14189189189189189,2018-11-30,000890,보해양조,0.6330645161290323,0.9758064516129032,0.9516129032258065,2018-12-03,6325.0,-0.003937007874015741,0.22524901185770752,-0.024448016242280657,0.24969702809998817,2018-12-07,7775.0,0.5928379446640317,-0.02744644653112638,0.6202843911951581,2018-12-14,10100.0,0.6521264822134387,-0.0553534669937682,0.7074799492072069,2019-01-02,10475.0,0.6560790513833992,0.036855313989228033,0.6192237373941711,2019-01-30,10500.0,0.41101976284584985,0.024180131404562433,0.3868396314412874,2019-03-05,8950.0,-0.015810276679841917,0.9683794466403162,v6
5522,5790,3549130734.25,0.14568789738689403,0.45467865733263824,0.45431097270994325,0.008286688135771714,True,True,mixed,0.039870689655172376,-0.14601769911504425,2018-05-28,000910,유니온,0.7661971830985915,0.819718309859155,0.7605633802816901,2018-05-29,5740.0,-0.008635578583765069,-0.07020209059233451,-0.011684903298744165,-0.058517187293590345,2018-06-04,5360.0,-0.13640418118466902,-0.0031776153752977043,-0.1332265658093713,2018-06-12,4980.0,-0.24267595818815335,-0.05437477288327197,-0.18830118530488138,2018-06-27,4370.0,-0.3045226480836237,-0.08223442483950405,-0.22228822324411968,2018-07-25,4015.0,-0.2435470383275261,-0.07837041224209629,-0.16517662608542982,2018-08-23,4365.0,-0.25087108013937287,0.012195121951219523,v6
6937,19050,8727583037.5,0.09324128823696787,0.39477284481459063,0.663443875968401,0.03158001770480112,True,True,mixed,0.0151878497202238,-0.023076923076923106,2016-05-20,000990,DB하이텍,0.7580071174377224,0.900355871886121,0.9252669039145908,2016-05-23,19050.0,0.0,0.037994750656167975,0.007629486352890735,0.03036526430327724,2016-05-27,19850.0,0.04586876640419946,0.016159569351058778,0.02970919705314068,2016-06-03,20000.0,-0.04074540682414696,0.013744332893268929,-0.054489739717415886,2016-06-20,18350.0,-0.053868766404199464,0.03420732144136385,-0.08807608784556331,2016-07-18,18100.0,0.003874015748031482,0.04784419678036689,-0.04397018103233541,2016-08-16,19200.0,-0.055118110236220486,0.09973753280839892,v6
8009,37950,44690586697.5,0.07528728023241127,0.25459949544928695,0.425240957817687,0.061808603992367095,True,True,mixed,0.033496732026143894,-0.059479553903345694,2020-09-28,000990,DB하이텍,0.7336683417085427,0.7989949748743719,0.7713567839195979,2020-09-29,38600.0,0.017127799736495364,-0.05840414507772018,0.025927403270841642,-0.08433154834856182,2020-10-08,36500.0,-0.06876683937823835,0.0042976440161097695,-0.07306448339434812,2020-10-16,36100.0,-0.17627979274611394,-0.027604428031619,-0.14867536471449494,2020-10-30,31950.0,-0.05581347150259064,0.12950405531179343,-0.18531752681438407,2020-11-27,36600.0,0.19418652849740936,0.20462704427602696,-0.010440515778617598,2020-12-28,46250.0,-0.2137305699481865,0.0038860103626943143,v6
8100,64900,141789498660.0,0.09352277199340464,0.6328168554199585,0.5410067953452156,0.03199308955713542,True,True,mixed,0.006591702210158923,-0.126514131897712,2021-02-15,000990,DB하이텍,0.721030042918455,0.944206008583691,0.8669527896995708,2021-02-16,66200.0,0.02003081664098616,-0.11729305135951662,-0.02287545409838665,-0.09441759726112997,2021-02-22,58700.0,-0.15203625377643504,-0.034259244570648995,-0.11777700920578604,2021-03-02,56400.0,-0.14750453172205436,-0.026866760791281252,-0.1206377709307731,2021-03-16,56700.0,-0.17016314199395766,0.005466630708948816,-0.17562977270290647,2021-04-13,55200.0,-0.12937764350453174,0.003112457762901144,-0.13249010126743288,2021-05-12,57900.0,-0.26132930513595165,0.025679758308157163,v6
4381,63240,31882732876.75,0.23408080528780828,0.5156812772100037,0.5716260773632356,0.03226913582620816,True,True,mixed,0.010837249448547137,-0.1428571428571429,2006-01-25,001040,CJ,0.9491525423728814,0.9491525423728814,0.8813559322033898,2006-01-26,65750.0,0.03969006957621768,-0.08034980988593154,0.01849601327918915,-0.0988458231651207,2006-02-02,60730.0,-0.0994220532319392,-0.020615348134096045,-0.07880670509784315,2006-02-09,59476.0,-0.04217490494296583,0.008707057533272167,-0.050881962476237996,2006-02-23,63240.0,-0.11470722433460079,-0.020933989388505214,-0.09377323494609557,2006-03-24,58471.0,0.007437262357414379,0.07545869520111448,-0.0680214328437001,2006-04-21,66502.0,-0.14504942965779466,0.019072243346007545,v6
6128,124943,17056243250.0,0.07216203356649098,0.22533584262244832,0.7255206112010322,0.044316592038802005,True,True,mixed,0.03840053256850018,-0.03284411623550543,2013-02-04,001040,CJ,0.7313432835820896,0.9154228855721394,0.9353233830845771,2013-02-05,124471.0,-0.003777722641524539,-0.034296213575852996,0.004579435392272124,-0.03887564896812512,2013-02-12,120700.0,-0.004,0.025251430105528216,-0.029251430105528217,2013-02-19,124471.0,0.09828085256806807,0.04327489003159646,0.05500596253647161,2013-03-06,137202.0,0.10206486651509183,0.023903929950643166,0.07816093656444867,2013-04-03,137673.0,0.0679766049923276,0.010475393924374687,0.05750121106795292,2013-05-02,133430.0,-0.05681644720456969,0.13636108009094494,v6
6465,136259,11353574244.75,0.045404690648391144,0.048698530671467344,0.40837312523320035,0.03126020276314123,True,True,mixed,0.010492483359493265,-0.03665761714883631,2014-06-19,001040,CJ,0.616504854368932,0.6116504854368932,0.7864077669902912,2014-06-20,136258.0,-7.338964765679634e-06,-0.017834050110819174,0.0021801266884677872,-0.02001417679928696,2014-06-26,134373.0,-0.021298066902493803,0.010177273435105993,-0.0314753403375998,2014-07-03,133901.0,0.023682778258891316,0.015165443484987717,0.008517334773903599,2014-07-17,140030.0,0.12749319672973325,0.036424190364241715,0.09106900636549153,2014-08-14,154175.0,0.25205835987611747,0.036117767027844305,0.21594059284827316,2014-09-17,171148.0,-0.05536555651778241,0.10381041847084216,v6
6491,142859,12513659075.0,0.0366380638038708,0.18045251910582638,0.2253504149875014,0.023297649891730776,True,True,bull,0.02589973314643057,-0.050158573964615094,2014-07-25,001040,CJ,0.5947136563876652,0.7709251101321586,0.7092511013215859,2014-07-28,142859.0,0.0,-0.020498785515788317,0.018242008683864164,-0.038740794199652484,2014-08-01,140502.0,0.03230852798913619,-0.002387080296273103,0.034695608285409296,2014-08-08,148046.0,0.20392529697113937,0.012244837816067111,0.19168045915507226,2014-08-25,172563.0,0.21052621115925496,-0.0009086622526965904,0.21143487341195155,2014-09-25,173506.0,0.17421768317011876,-0.05107664197724904,0.2252943251473678,2014-10-27,168319.0,-0.08250792739694379,0.25412469637894697,v6
6706,236213,24898509466.0,0.1504516245071882,0.49353706656660723,0.5474879910995067,0.03886518304792408,True,True,mixed,0.0290646852670835,-0.045712000258556595,2015-06-12,001040,CJ,0.7828746177370031,0.8470948012232415,0.7737003058103975,2015-06-15,234798.0,-0.00599035616159993,0.09037899811753092,0.002885741302356193,0.08749325681517472,2015-06-19,256958.0,0.18074177803899527,0.024100104357028584,0.1566416736819667,2015-06-26,278175.0,0.11849252548999556,-0.004850397095640946,0.1233429225856365,2015-07-10,263559.0,0.29519760815679863,-0.015109721861572556,0.3103073300183712,2015-08-07,305049.0,0.09841143450966361,-0.07733688702494279,0.1757483215346064,2015-09-07,258844.0,-0.01003841600013633,0.20883482823533428,v6
8886,122500,31626224665.0,0.06417239087619198,0.2912444749239169,0.3799395812835191,0.0642398344967603,True,True,mixed,0.009767959444421548,-0.09594095940959413,2024-04-22,001040,CJ,0.7342192691029901,0.8837209302325582,0.8737541528239202,2024-04-23,122600.0,0.0008163265306122547,0.03759869494290369,0.021005641775734718,0.01659305316716897,2024-04-29,127700.0,0.0840913539967374,0.04289269228577397,0.041198661710963425,2024-05-08,133400.0,0.11508646003262646,0.034063408240411874,0.08102305179221458,2024-05-23,137200.0,0.019654159869494373,0.05778925973063842,-0.03813509986114405,2024-06-21,125500.0,-0.04967699836867867,0.06204433637900575,-0.11172133474768442,2024-07-19,117000.0,-0.01631321370309946,0.2471451876019577,v6
3298,4464,2362919497.5,0.028055894220093913,0.17821634305764245,0.4951683420778352,0.045259995775267736,True,True,bear,0.016729111386956097,-0.08505841360934618,2001-09-07,001120,LX인터내셔널,0.52,0.7066666666666667,0.72,2001-09-10,4508.0,0.009856630824372825,-0.09605856255545697,-0.11989269877187536,0.02383413621641839,2001-09-14,4093.0,-0.06522448979591833,-0.13810470993996238,0.07288022014404405,2001-09-21,4232.0,-0.057016858917479984,-0.08126060694538229,0.0242437480279023,2001-10-10,4269.0,0.001545696539485334,0.025620905490975954,-0.02407520895149062,2001-11-07,4533.0,0.16170541259982252,0.25606306684428537,-0.09435765424446285,2001-12-05,5255.0,-0.1393078970718722,0.01952085181898844,v6
3757,8715,4543744554.0,0.0503748573397651,0.12918168910167593,0.4500417181689853,0.057489001553844954,True,True,bull,0.02210754705916851,-0.02940193785499501,2003-07-23,001120,LX인터내셔널,0.7978723404255319,0.7553191489361702,0.8617021276595744,2003-07-24,8728.0,0.0014916810097533872,0.043433547204399625,0.030296472624973037,0.013137074579426589,2003-07-30,9142.0,0.03907974335472053,0.02125081151265973,0.017828931842060802,2003-08-06,9104.0,0.0965957836846929,0.08827815047248078,0.008317633212212128,2003-08-21,9606.0,0.05351604032997259,0.03706268484455033,0.01645335548542226,2003-09-23,9230.0,0.07070210815765354,0.1242588184375677,-0.053556710279914155,2003-10-22,9380.0,-0.014436296975252061,0.19420256645279554,v6
8410,38850,19827863127.5,0.08272632338846331,0.48128968059732524,0.6445224721497287,0.03344861701078128,True,True,bear,0.012245961438249076,-0.08588235294117652,2022-05-17,001120,LX인터내셔널,0.7864321608040201,0.9296482412060302,0.9271356783919598,2022-05-18,39050.0,0.005148005148005064,-0.04241229193341867,-0.010961191763924516,-0.03145110016949415,2022-05-24,37550.0,-0.029608194622279146,0.019413606604042233,-0.04902180122632138,2022-05-31,38050.0,-0.00912163892445583,-0.06958534965366736,0.06046371072921153,2022-06-16,38850.0,-0.26520358514724707,-0.11858051048486562,-0.14662307466238145,2022-07-14,28850.0,-0.1333213828425096,-0.0421178479931682,-0.0912035348493414,2022-08-11,34000.0,-0.04865556978233032,0.07554417413572345,v6
4421,12215,23405512582.5,0.07456359174994331,0.15924757166842674,0.7271436027303317,0.05414780582658829,True,True,mixed,0.026979763075810625,-0.15857270785975064,2006-03-24,001200,유진투자증권,0.762589928057554,0.7985611510791367,0.9064748201438849,2006-03-27,11914.0,-0.024641833810888247,0.002211180124223503,0.03198579083994946,-0.029774610715725954,2006-03-31,11988.0,0.04652878965922436,0.0644421842029359,-0.017913394543711547,2006-04-07,12516.0,0.13516400872922607,0.101597012433015,0.03356699629621107,2006-04-21,13572.0,-0.09271915393654528,0.0094120504607349,-0.10213120439728018,2006-05-23,10857.0,-0.20342924290750375,-0.05968302642964496,-0.1437462164778588,2006-06-22,9538.0,-0.056739969783448085,0.18969279838845066,v6
3640,82745,2158172900.0,0.10285970515091336,0.39871245726839777,0.31508073063600406,0.04638489660649703,True,True,bear,-0.0033484697011672004,-0.11108126980716548,2003-02-03,001210,금호전기,0.7567567567567568,0.9459459459459459,0.8513513513513513,2003-02-04,82515.0,-0.0027796241464741467,-0.09398363933830212,-0.04157465672682592,-0.052408982611476196,2003-02-10,75090.0,-0.001212628007029034,-0.000697338491424282,-0.000515289515604752,2003-02-17,82745.0,0.069501787553778,-0.020339039333211573,0.08984082688698958,2003-03-03,88580.0,-0.1701516087984003,-0.11056135748559648,-0.05959025131280382,2003-03-31,68805.0,-0.07756238259710357,-0.05523917049926108,-0.022323212097842493,2003-04-28,76445.0,-0.11167666484881533,0.07901593649639449,v6
3790,191570,11811493015.0,0.06995902266015075,0.40394747956007593,1.6898017709082849,0.030181014992380018,True,True,bull,-0.0033789495862802665,-0.1270647740994737,2003-09-09,001210,금호전기,0.6822429906542056,0.9158878504672897,0.9626168224299065,2003-09-15,197190.0,0.029336534948060766,-0.08042375374004762,-0.021486111837631383,-0.05893764190241624,2003-09-19,182120.0,-0.046167452710583756,-0.0879845163990165,0.04181706368843274,2003-09-26,188875.0,0.010833409402099429,-0.010017262122717918,0.020850671524817347,2003-10-13,200115.0,-0.1397066788376693,0.041690641837108355,-0.18139732067477765,2003-11-10,170430.0,-0.23088777321365184,0.026311659779254093,-0.25719943299290593,2003-12-08,152450.0,-0.16760484811603027,0.05357776763527555,v6
4222,235675,3587018230.0,0.04419808901568123,0.17952458939227534,0.5768930265085375,0.005766579043017694,True,True,bull,0.021638978989588553,-0.032572554492836914,2005-06-10,001210,금호전기,0.5175438596491229,0.868421052631579,0.7982456140350878,2005-06-13,235675.0,0.0,-0.04558268802376153,0.010612803834303186,-0.05619549185806472,2005-06-17,225875.0,-0.041615360135780155,0.00935416960347979,-0.050969529739259944,2005-06-24,226810.0,0.037603903680916595,0.029009001752018815,0.00859490192889778,2005-07-08,245480.0,0.04155001591174279,0.09688462855186564,-0.05533461264012285,2005-08-05,246410.0,0.24551734379972423,0.12219828020218704,0.12331906359753719,2005-09-05,294480.0,-0.10295958417311979,0.07921926381669664,v6
3459,1058,5439089799.0,0.10434768589681465,0.26720349495127893,0.7770480542741807,0.06251916898345722,True,True,mixed,0.006899833452296056,-0.07919930374238471,2002-05-08,001230,동국홀딩스,0.9,0.8384615384615385,0.8538461538461538,2002-05-09,1097.0,0.036862003780718355,-0.019496809480401108,-0.0030971917254131176,-0.01639961775498799,2002-05-15,1080.0,-0.04410938924339103,-0.0025886975615393437,-0.041520691681851685,2002-05-22,1053.0,-0.19087329079307203,-0.06438229515774863,-0.1264909956353234,2002-06-05,892.0,-0.042286235186873244,-0.09470703802149538,0.05242080283462214,2002-07-08,1055.0,-0.18449225159525984,-0.2213336415116145,0.03684138991635466,2002-08-06,899.0,-0.227894257064722,0.02096627164995435,v6
3920,1758,8846402131.0,0.06299399518867999,0.04938722273088736,0.8748261679205664,0.05372855429213441,True,True,mixed,0.03384398247522702,-0.02872928176795575,2004-03-24,001230,동국홀딩스,0.7217391304347827,0.6086956521739131,0.9043478260869565,2004-03-25,1750.0,-0.004550625711035261,0.07428571428571429,0.021106343499942115,0.05317937078577217,2004-03-31,1887.0,0.1428571428571428,0.06327264293169432,0.07958449992544847,2004-04-08,2007.0,0.01542857142857135,0.0855386756349299,-0.07011010420635855,2004-04-23,1784.0,-0.21599999999999997,-0.07266612547837181,-0.14333387452162816,2004-05-24,1379.0,-0.272,-0.13431520352545512,-0.1376847964745449,2004-06-22,1281.0,-0.005142857142857116,0.16628571428571437,v6
4687,4581,11460326942.0,0.048917285927842835,0.2400732065869513,0.3976095721746553,0.0013764523357795433,True,True,bull,0.024099078959134435,-0.03780718336483935,2007-04-20,001230,동국홀딩스,0.5576923076923077,0.7051282051282052,0.8397435897435898,2007-04-23,4589.0,0.0017463435931019955,-0.01903595554587056,-0.0018958879290822406,-0.01714006761678832,2007-04-27,4520.0,0.022149487905861912,0.02524183894658516,-0.003092351040723248,2007-05-07,4709.0,0.20345260405317056,0.053544275130220864,0.1499083289229497,2007-05-21,5541.0,0.21107953802571355,0.15422045358956926,0.05685908443614429,2007-06-20,5576.0,0.3756033994334278,0.253938982173477,0.12166441725995081,2007-07-19,6331.0,-0.052298975811723714,0.21507953802571356,v6
6298,2685,7872579320.0,0.04111139107733619,0.16391296798394595,0.40233701534261157,0.051191490109480986,True,True,bull,0.03687970650704764,-0.021857923497267784,2013-10-15,001230,동국홀딩스,0.75,0.8404255319148937,0.9414893617021277,2013-10-16,2668.0,-0.0063314711359404585,0.0023718140929536204,0.007887138914623781,-0.005515324821670161,2013-10-22,2685.0,-0.0010014992503748453,0.005749915442420095,-0.00675141469279494,2013-10-29,2676.0,-0.13593403298350826,-0.02183791414832137,-0.11409611883518689,2013-11-12,2316.0,-0.1906566716641679,-0.022832997553957513,-0.16782367411021037,2013-12-10,2170.0,-0.23900749625187412,-0.04974926839311189,-0.18925822785876223,2014-01-10,2041.0,-0.1577961019490255,0.05434782608695654,v6
7092,2241,8040647242.5,0.14152858467386364,0.47962028935458423,0.30288537285391137,0.0459646154022908,True,True,bull,0.01630348518174185,-0.032801035822183855,2017-01-03,001230,동국홀딩스,0.8533333333333334,0.9866666666666667,0.8755555555555555,2017-01-04,2250.0,0.004016064257028162,-0.020888888888888842,-0.0005717664651637699,-0.020317122423725072,2017-01-10,2212.0,0.07200000000000006,0.012500671947768938,0.059499328052231126,2017-01-17,2421.0,0.029777777777777684,0.01208039916140935,0.017697378616368335,2017-02-02,2326.0,0.000444444444444473,0.01586285423864653,-0.015418409794202056,2017-03-03,2260.0,0.07644444444444454,0.05568125729979623,0.02076318714464831,2017-03-31,2431.0,-0.02533333333333332,0.13955555555555565,v6
7135,2421,5922332717.5,0.031108693687385447,0.05348571969417004,0.38672664712603155,0.009880571690241702,True,True,bull,0.03437226292965323,-0.05577223088923555,2017-03-08,001230,동국홀딩스,0.6311111111111111,0.6088888888888889,0.9511111111111111,2017-03-09,2412.0,-0.0037174721189591198,0.03124046434494199,0.016542041376549577,0.014698422968392414,2017-03-15,2497.0,0.019631840796019876,0.033365264096002045,-0.013733423299982169,2017-03-22,2469.0,-0.04753233830845771,0.02981475391866706,-0.07734709222712477,2017-04-05,2307.0,-0.1221592039800995,0.09268023009212278,-0.21483943407222228,2017-05-08,2127.0,-0.027631840796019876,0.12479209260874335,-0.15242393340476323,2017-06-07,2355.0,-0.06716417910447758,0.0945273631840795,v6
8861,2810,10204229277.5,0.07096984117904448,0.08485251855024445,0.12224752838207964,0.030742787302766805,True,True,bull,0.037378864790032384,-0.10793650793650789,2024-03-15,001250,GS글로벌,0.7859424920127795,0.6773162939297125,0.7092651757188498,2024-03-18,2785.0,-0.008896797153024938,-0.012976660682226245,0.026148768723026183,-0.03912542940525243,2024-03-22,2760.0,-0.032725314183123855,0.025428221555187314,-0.05815353573831117,2024-03-29,2705.0,-0.12608258527827654,-0.003020324656900164,-0.12306226062137637,2024-04-15,2445.0,-0.11531059245960507,0.027806400549557297,-0.14311699300916236,2024-05-16,2475.0,-0.13326391382405745,0.029829906067529777,-0.16309381989158722,2024-06-14,2425.0,-0.1328545780969479,0.04308797127468589,v6
8170,16650,9381166845.0,0.05614707798670149,0.20722872638147694,0.4351437952519004,0.001988602076454127,True,True,mixed,-0.0009000900090009312,-0.15051020408163263,2021-05-27,001260,남광토건,0.6622983870967742,0.6713709677419355,0.8084677419354839,2021-05-28,16650.0,0.0,0.07107507507507504,0.023750902401886265,0.04732417267318878,2021-06-03,17900.0,0.01101501501501501,0.016566364762664376,-0.005551349747649367,2021-06-10,16900.0,0.0020060060060060926,0.035941603170149605,-0.033935597164143516,2021-06-24,16750.0,-0.06406006006006004,0.02462729619903592,-0.08868735625909596,2021-07-22,15650.0,-0.18718318318318317,-0.03517554672156209,-0.15200763646162108,2021-08-20,13600.0,-0.033033033033033066,0.11111111111111116,v6
8555,3546,3989334094.25,0.07464194233882626,0.3594472880050811,0.5256144692460691,0.06113958948702436,True,True,mixed,0.023524318083417484,-0.0993141986283973,2022-12-15,001380,SG글로벌,0.6825396825396826,0.9365079365079365,0.9047619047619048,2022-12-16,3496.0,-0.01410039481105474,0.04176659038901609,0.011580641699753258,0.03018594868926283,2022-12-22,3656.0,-0.026883295194508047,-0.040068676896662714,0.013185381702154667,2022-12-29,3416.0,0.010302059496567487,0.024182852237364605,-0.013880792740797118,2023-01-13,3546.0,-0.0729359267734554,0.0583281467968666,-0.131264073570322,2023-02-14,3255.0,-0.26772997711670476,0.02144865328897949,-0.28917863040568426,2023-03-15,2574.0,-0.10612128146453093,0.06292906178489699,v6
5297,2540,2929388540.0,0.1876928677515245,0.3889105200226819,0.41180225013276384,0.07794801348318647,True,True,bull,0.02295610149013294,-0.09608540925266906,2009-10-06,001390,KG케미칼,0.9285714285714286,0.9642857142857143,0.9081632653061225,2009-10-07,2560.0,0.007874015748031482,0.035062499999999996,0.006089915815869595,0.0289725841841304,2009-10-13,2660.0,-0.0274375,0.024754951916841295,-0.0521924519168413,2009-10-20,2500.0,-0.1836875,-0.04270970371880145,-0.14097779628119855,2009-11-03,2100.0,-0.13290625,-0.030480461005391923,-0.10242578899460808,2009-12-01,2230.0,-0.21884375,0.03934357378000963,-0.25818732378000964,2009-12-30,2010.0,-0.22265625,0.10546875,v6
7867,2730,4305843482.5,0.07142129573669664,0.2461658777758191,0.14906449882373907,0.09359346427643223,True,True,bear,0.011673151750972721,-0.11074918566775249,2020-03-05,001390,KG케미칼,0.8560885608856088,0.8782287822878229,0.8118081180811808,2020-03-06,2680.0,-0.01831501831501836,-0.16444776119402982,-0.10655158809404375,-0.05789617309998607,2020-03-12,2250.0,-0.3734029850746269,-0.29002625311116415,-0.08337673196346274,2020-03-19,1690.0,-0.22041791044776116,-0.15987121850479047,-0.06054669194297069,2020-04-02,2100.0,0.08928358208955234,-0.06055750113243952,0.14984108322199186,2020-05-06,2930.0,0.044507462686567134,0.045740810193415804,-0.00123334750684867,2020-06-03,2810.0,-0.3977611940298508,0.011194029850746245,v6
4669,25100,4023837902.5,0.14104174542371473,0.40774120403045766,0.6704247350046908,0.149971615183361,True,True,bear,0.024803511278962853,-0.04562737642585546,2008-08-21,001430,세아베스틸지주,0.951048951048951,0.965034965034965,0.958041958041958,2008-08-22,25300.0,0.007968127490039834,-0.019810276679841917,-0.022881080686962707,0.00307080400712079,2008-08-28,24900.0,-0.05933596837944666,-0.05451158967832592,-0.004824378701120735,2008-09-04,23900.0,-0.04352569169960474,-0.03505736841058682,-0.00846832328901792,2008-09-19,24300.0,-0.06131225296442688,-0.19953999217854135,0.13822773921411446,2008-10-20,23850.0,-0.2905612648221344,-0.28525124778778665,-0.005310017034347747,2008-11-17,18050.0,-0.12648221343873522,0.0,v6
5289,44450,5822234525.0,0.14184927134928882,0.4698023866147141,0.9039622151482383,0.05907694034457611,True,True,mixed,0.030425963488843744,-0.04099244875943908,2011-02-10,001430,세아베스틸지주,0.8774509803921569,0.9705882352941176,0.9803921568627451,2011-02-11,44600.0,0.003374578177727683,-0.02305829596412556,-0.016450362882967084,-0.006607933081158476,2011-02-17,43750.0,-0.06229596412556049,-0.03005039073964444,-0.03224557338591605,2011-02-24,42000.0,-0.04884304932735428,-0.027234876560098265,-0.021608172767256018,2011-03-11,42600.0,0.137255605381166,0.0585388177825088,0.07871678759865719,2011-04-08,50900.0,0.20676233183856496,0.06411015326146985,0.1426521785770951,2011-05-09,54000.0,-0.11210762331838564,0.06165919282511201,v6
5373,55200,3806782425.0,0.08069619662643324,0.2295878262468345,0.5827586579286275,0.08155284512879613,True,True,mixed,0.033611085104390925,-0.0383275261324042,2011-06-14,001430,세아베스틸지주,0.7471910112359551,0.7528089887640449,0.9213483146067416,2011-06-15,56000.0,0.01449275362318847,-0.004,-0.019056878484262185,0.015056878484262185,2011-06-21,56000.0,-0.004,-0.011997356271193027,0.007997356271193027,2011-06-28,56000.0,-0.009357142857142838,0.010426444951052716,-0.019783587808195554,2011-07-12,55700.0,0.02635714285714275,-0.13726795532481473,0.16362509818195747,2011-08-09,57700.0,0.19064285714285711,-0.12188930822429545,0.31253216536715256,2011-09-07,66900.0,-0.0267857142857143,0.06964285714285712,v6
6900,35000,6459504162.5,0.13744558163586484,0.21515066695513108,0.17566344199660566,0.012975196074443529,True,True,mixed,0.037575038909063885,-0.03978052126200271,2017-08-17,001430,세아베스틸지주,0.9344262295081968,0.9180327868852459,0.7909836065573771,2017-08-18,34800.0,-0.005714285714285672,-0.008310344827586188,0.015233805802093103,-0.02354415062967929,2017-08-24,34650.0,0.014678160919540332,0.00982826180780183,0.004849899111738502,2017-08-31,35450.0,-0.03704597701149426,0.016011520432101634,-0.05305749744359589,2017-09-14,33650.0,-0.06721839080459768,0.06381960439109635,-0.13103799519569403,2017-10-20,32600.0,-0.11894252873563216,0.08281378862400057,-0.20175631735963273,2017-11-17,30800.0,-0.06178160919540232,0.053160919540229834,v6
7831,32950,29416347475.0,0.10912770339518496,0.9967461959429831,2.0627598092083645,0.021347907809022626,True,True,bull,0.03763186899700832,-0.0960219478737997,2021-06-04,001430,세아베스틸지주,0.7793814432989691,0.9711340206185567,0.977319587628866,2021-06-07,32950.0,0.0,-0.058628224582701116,0.0014578113105199186,-0.060086035893221035,2021-06-11,31150.0,-0.09049468892261003,0.007193512893770793,-0.09768820181638083,2021-06-18,30100.0,-0.048006069802731366,0.011462157005969864,-0.05946822680870123,2021-07-02,31500.0,-0.05104097116843698,-0.013027840189361317,-0.03801313097907566,2021-07-30,31400.0,-0.11173899848254931,-0.03094381724655504,-0.08079518123599427,2021-08-30,29400.0,-0.1320182094081942,0.10622154779969661,v6
8305,24700,8497120792.5,0.09548137787556499,0.5131293242139785,0.27624234704142947,0.06237632139493021,True,True,bull,0.02288021534320328,-0.10181818181818181,2023-05-04,001430,세아베스틸지주,0.783625730994152,0.9122807017543859,0.7690058479532164,2023-05-08,24500.0,-0.0080971659919028,-0.05706122448979589,-0.017117127848387814,-0.03994409664140808,2023-05-12,23200.0,-0.0101224489795918,0.007647318078402687,-0.017769767057994486,2023-05-19,24350.0,0.03273469387755101,0.038466883459795875,-0.005732189582244862,2023-06-05,25400.0,0.03069387755102038,0.02969192346328997,0.001001954087730409,2023-07-04,25350.0,0.08171428571428563,0.058978848772895276,0.022735436941390352,2023-08-01,26600.0,-0.0714285714285714,0.0591836734693878,v6
4070,690365,2494767342.0,0.07657429112523495,0.16172736805128163,0.4531339803466483,0.005197782709107868,True,True,mixed,0.01231230068724587,-0.11388058858562833,2004-10-29,001440,대한전선,0.7340425531914894,0.6170212765957447,0.8085106382978723,2004-11-01,695224.0,0.007038305823730884,0.0197693175149305,0.03382501321289566,-0.014055695697965161,2004-11-05,711749.0,0.025688273132112863,0.05303175899678081,-0.027343485864667946,2004-11-12,715864.0,-0.018097614581775053,0.03075001201172345,-0.048847626593498505,2004-11-26,685423.0,-0.04531474172353078,0.05693556911545672,-0.1022503108389875,2004-12-24,666501.0,-0.015732909105554468,0.10881420266179798,-0.12454711176735245,2005-01-24,687067.0,-0.0416685845137682,0.07099006938770813,v6
3759,3470,2226001190.0,0.08503686057948245,0.1436430121949066,0.47295645050546264,0.06555771133799437,True,True,bull,0.03466269101751762,-0.049315068493150704,2003-07-25,001450,현대해상,0.8571428571428571,0.6813186813186813,0.8681318681318682,2003-07-28,3555.0,0.02449567723342949,-0.05041350210970463,0.016521301576652103,-0.06693480368635674,2003-08-01,3390.0,0.05366526019690587,-0.015794476126579582,0.06945973632348545,2003-08-08,3760.0,0.12398874824191286,0.05771273621827122,0.06627601202364164,2003-08-25,4010.0,-0.044787623066104065,-0.0026836632002684713,-0.042103959865835594,2003-09-25,3410.0,0.06491701828410679,0.045748071117074574,0.019168947167032213,2003-10-24,3800.0,-0.07735583684950775,0.18143459915611815,v6
5648,29800,22269382398.0,0.1274827389726204,0.29369740545843404,0.1962111946782661,0.022877579610121934,True,True,mixed,0.03661187929385168,-0.05696202531645567,2011-03-03,001450,현대해상,0.8983050847457628,0.903954802259887,0.768361581920904,2011-03-04,29550.0,-0.008389261744966459,0.028148900169204797,-0.004171105795324426,0.03232000596452922,2011-03-10,30500.0,-0.09029441624365486,-0.015503447444067064,-0.0747909687995878,2011-03-17,27000.0,0.03153299492385786,0.05870705771202278,-0.02717406278816492,2011-03-31,30600.0,-0.07845008460236891,0.10979054013307321,-0.18824062473544212,2011-04-28,27350.0,-0.12751945854483926,0.05221922930025924,-0.1797386878450985,2011-05-30,25900.0,-0.11505922165820648,0.05245346869712342,v6
6836,34650,8595890053.75,0.0460460686941524,0.18806821572417154,0.23834075849231873,0.020789782507712573,True,True,bear,0.03224845460639014,-0.023943661971830954,2015-12-17,001450,현대해상,0.7071129707112971,0.8200836820083682,0.7782426778242678,2015-12-18,34500.0,-0.0043290043290042934,0.03802898550724643,0.015471963761018781,0.022557021746227646,2015-12-24,35950.0,-0.03298550724637683,-0.015196498530852143,-0.01778900871552469,2016-01-05,33500.0,-0.10689855072463772,-0.036055337904015605,-0.07084321282062211,2016-01-19,30950.0,-0.06921739130434779,-0.022486124714332312,-0.046731266590015474,2016-02-19,32250.0,-0.03008695652173909,0.015017956252040499,-0.04510491277377959,2016-03-21,33600.0,-0.10289855072463772,0.0608695652173914,v6
8363,28600,16085041187.5,0.0853099522258739,0.2889139243726492,0.2852725483867421,0.06448533324874783,True,True,bear,0.02133738059101864,-0.03050847457627115,2022-03-10,001450,현대해상,0.6412429378531074,0.8785310734463276,0.8954802259887006,2022-03-11,28800.0,0.006993006993007089,-0.00747222222222221,0.010712879086254512,-0.018185101308476722,2022-03-17,28700.0,0.07238888888888884,0.023897672499484157,0.04849121638940468,2022-03-24,31000.0,0.14009722222222232,0.01121926517751648,0.12887795704470584,2022-04-07,32950.0,0.09843055555555558,-0.008042161330857556,0.10647271688641313,2022-05-06,31750.0,0.09495833333333326,-0.01485774301843612,0.10981607635176938,2022-06-07,31650.0,-0.015625,0.18576388888888884,v6
9422,37950,19569993282.85,0.07326289798029806,0.02142854597710575,-0.1874276248103457,0.2640496829277772,True,True,mixed,0.019476158495634666,-0.12254335260115612,2026-07-08,001450,현대해상,0.760655737704918,0.9114754098360656,0.8098360655737705,2026-07-09,38100.0,0.0039525691699604515,-0.03418372703412076,-0.02701211758545896,-0.007171609448661798,2026-07-15,36950.0,0.009123359580052396,-0.05205940181443214,0.06118276139448453,2026-07-23,38600.0,0.010435695538057791,-0.15898453778998323,0.16942023332804101,2026-08-06,38650.0,0.33720734908136474,-0.10678087900580235,0.4439882280871671,2026-09-04,51100.0,0.2571548556430445,-0.09119444770952001,0.34834930335256453,2026-10-07,48050.0,-0.0813648293963255,0.09973753280839892,v6
6513,1998,7543614573.65,0.04862499138942278,0.4388184984117045,0.43704606010876024,0.04828241244303211,True,True,bull,0.039271781534460315,-0.0575471698113208,2014-08-27,001510,SK증권,0.5283842794759825,0.9344978165938864,0.8558951965065502,2014-08-28,1998.0,0.0,-0.03703303303303307,-0.01528062485897963,-0.02175240817405344,2014-09-03,1932.0,-0.09659259259259256,-0.02266409989294449,-0.07392849269964807,2014-09-15,1813.0,-0.0895855855855856,-0.02709034435413815,-0.06249524123144745,2014-09-29,1827.0,-0.12462062062062063,-0.05850131779187051,-0.06611930282875011,2014-10-29,1757.0,-0.08057657657657658,-0.04905834289472555,-0.03151823368185103,2014-11-26,1845.0,-0.09659659659659658,0.028028028028028062,v6
8242,32003,17437981800.0,0.1368555565039793,1.058694950964771,1.0809287350744807,0.021691439089034592,True,True,bear,0.032586337904788376,-0.0773244918552688,2021-09-07,001530,DI동일,0.8611825192802056,0.9897172236503856,0.9537275064267352,2021-09-08,32695.0,0.02162297284629555,-0.10058969261354944,-0.009409388625681858,-0.09118030398786758,2021-09-14,29537.0,-0.13496803792628842,-0.016830568086726228,-0.11813746983956219,2021-09-24,28413.0,-0.2236054442575317,-0.08253584753707432,-0.14106959672045738,2021-10-12,25515.0,-0.2513772748126625,-0.06803953767845117,-0.1833377371342113,2021-11-09,24607.0,-0.3373843095274507,-0.05883463259027166,-0.278549676937179,2021-12-07,21795.0,-0.24077076005505427,0.017219758372839955,v6
2562,9530,2080649125.0,0.16863577980913314,1.2574966766870435,1.4122472431139779,0.029654114217527505,True,True,bull,0.03289438031756364,-0.14066726780883676,1999-07-16,001620,케이비아이동국실업,0.847953216374269,0.9824561403508771,0.9473684210526315,1999-07-19,9910.0,0.039874081846799525,-0.19522098890010087,-0.12514380178072526,-0.0700771871193756,1999-07-23,8015.0,-0.28048839556004035,-0.0625380651772508,-0.21795033038278955,1999-07-30,7170.0,-0.2976427850655903,-0.11304995117989969,-0.1845928338856906,1999-08-13,7000.0,-0.33144702320888,-0.07002059144826522,-0.26142643176061475,1999-09-10,6665.0,-0.28048839556004035,-0.17223344708577848,-0.10825494847426187,1999-10-12,7170.0,-0.3319878910191726,0.0,v6
6162,37029,4959998285.0,0.21880878090149225,0.4431194009353483,0.9119145043367038,0.010839792705326312,True,True,mixed,0.034608490836216976,-0.040052885363197954,2013-03-26,001630,종근당홀딩스,0.9238578680203046,0.9289340101522843,0.9796954314720813,2013-03-27,37239.0,0.005671230657052551,0.046968071108246745,-0.00289169691401725,0.049859768022263995,2013-04-02,39137.0,0.041301968366497466,-0.03572952593239653,0.077031494298894,2013-04-09,38926.0,0.16018271167324571,-0.03678881073944107,0.19697152241268678,2013-04-23,43353.0,0.05827342302424876,-0.01140613782751232,0.06967956085176108,2013-05-23,39558.0,-0.053034614248502865,-0.08488335316354667,0.031848738915043806,2013-06-21,35413.0,-0.028303660141249742,0.1641558581057494,v6
2060,8391,2787121000.0,0.15795349885636978,0.5145091420828725,0.6070048415456872,0.07464794794527352,True,True,bear,0.028126129548058376,-0.06506963788300835,1997-01-09,001680,대상,0.6153846153846154,1.0,0.7692307692307693,1997-01-10,8512.0,0.01442021213204625,0.04440225563909772,0.09681969936832857,-0.05241744372923085,1997-01-15,8924.0,0.020083646616541277,0.08236806219533221,-0.06228441557879094,1997-01-21,8717.0,0.29087781954887215,0.07075346008558125,0.2201243594632909,1997-02-01,11022.0,0.5231381578947369,0.049248420821642824,0.4738897370730941,1997-02-27,12999.0,0.6685798872180451,-0.03249267229893893,0.701072559516984,1997-03-24,14237.0,-0.07072368421052633,0.41212406015037595,v6
4104,7057,6967880204.0,0.11220905508049228,0.4318190519361127,0.8027996919340692,0.0034507710873019626,True,True,mixed,0.024126546457207132,-0.09906804544874248,2004-12-16,001680,대상,0.7830188679245284,0.8867924528301887,0.8584905660377359,2004-12-17,7167.0,0.015587360068017642,-0.03874257011301796,0.0030312389188200672,-0.04177380903183803,2004-12-23,6918.0,-0.023673503557974037,0.024810404584605816,-0.04848390814257986,2004-12-30,7026.0,0.054183340309753136,0.035311073744895616,0.01887226656485752,2005-01-14,7584.0,0.12994725826705733,0.1113322581014149,0.018615000165642437,2005-02-16,8127.0,0.2511974326775499,0.1210436612790684,0.1301537713984815,2005-03-17,8996.0,-0.06613645876935959,0.12111064601646437,v6
5819,13700,5292075895.0,0.03576668783634718,0.0601737823782702,0.6323799071677301,0.007085648814580958,True,True,mixed,-0.022998752005705114,-0.1490683229813664,2011-11-08,001680,대상,0.5927835051546392,0.6185567010309279,0.9278350515463918,2011-11-09,13950.0,0.018248175182481674,-0.025505376344086002,-0.02063493711900144,-0.004870439225084563,2011-11-15,13650.0,-0.03267383512544808,-0.051706769962510224,0.019032934837062143,2011-11-22,13550.0,0.031842293906809926,-0.011963486442420512,0.04380578034923044,2011-12-06,14450.0,0.11069534050179208,-0.030967983134807198,0.14166332363659928,2012-01-04,15550.0,0.006752688172043001,0.024134672302244198,-0.017381984130201197,2012-02-03,14100.0,-0.1362007168458781,0.03584229390680993,v6
6470,47850,7229240955.0,0.06109219491542661,0.1499605258459462,0.2968541268359476,0.013310015458992686,True,True,mixed,0.020092735703245657,-0.024464831804281384,2014-06-26,001680,대상,0.7142857142857143,0.7571428571428571,0.7333333333333333,2014-06-27,47000.0,-0.017763845350052265,0.02472340425531905,0.010080867949168626,0.014642536306150426,2014-07-03,48350.0,0.0811063829787233,0.005997287658847661,0.07510909531987564,2014-07-10,51000.0,0.03004255319148941,0.017941634436686726,0.012100918754802684,2014-07-24,48600.0,0.1938723404255318,0.03305037922547571,0.1608219612000561,2014-08-22,56300.0,0.07259574468085117,0.022472248731729483,0.05012349594912169,2014-09-24,50600.0,-0.051063829787234005,0.15531914893617027,v6
6495,51400,8805466690.0,0.030684395161824085,0.20958817661685147,0.30666801895062745,0.03239697127333696,True,True,bull,0.017620273213225124,-0.05340699815837935,2014-07-31,001680,대상,0.6512605042016807,0.8487394957983193,0.8151260504201681,2014-08-01,50900.0,-0.009727626459143934,-0.04427504911591351,-0.004457990706058457,-0.039817058409855055,2014-08-07,48850.0,0.035292730844793674,-0.00023743646151841435,0.03553016730631209,2014-08-14,52900.0,0.08244400785854622,0.0023404451206807675,0.08010356273786545,2014-08-29,55300.0,0.009752455795677854,-0.03497099883220034,0.04472345462787819,2014-10-01,51600.0,-0.1876935166994106,-0.048107534488857406,-0.13958598221055318,2014-10-31,41550.0,-0.05500982318271119,0.1257367387033399,v6
7949,26850,9952702265.0,0.09616346964582179,0.197235410574369,0.24159601305299738,0.0010697311385843289,True,True,mixed,0.024027459954233388,-0.05789473684210522,2020-07-03,001680,대상,0.7894736842105263,0.716374269005848,0.7660818713450293,2020-07-06,26900.0,0.0018621973929235924,0.025739776951672958,-0.004029736677551465,0.029769513629224423,2020-07-10,27700.0,-0.03373977695167285,0.019565066351698857,-0.05330484330337171,2020-07-17,26100.0,-0.05604460966542746,0.04188147015910526,-0.09792607982453272,2020-07-31,25500.0,0.07034944237918217,0.07745431807128478,-0.007104875692102608,2020-08-31,28900.0,-0.054185873605947954,0.06907524491072059,-0.12326111851666854,2020-09-28,25550.0,-0.07063197026022305,0.08178438661710041,v6
6346,7380,6081164131.0,0.022363379169776598,0.11713657736726424,0.10930116024945646,0.0088319374817456,True,True,mixed,0.005723630417007408,-0.02766798418972327,2013-12-20,001740,SK네트웍스,0.6647398843930635,0.8208092485549133,0.7341040462427746,2013-12-23,7380.0,0.0,0.020390243902439046,0.008974391130953885,0.011415852771485161,2013-12-30,7560.0,0.066460704607046,-0.017301662946148655,0.08376236755319466,2014-01-08,7900.0,0.1342113821138211,-0.011552835536381645,0.14576421765020275,2014-01-22,8400.0,0.05426558265582648,-0.017868519401038507,0.07213410205686499,2014-02-21,7810.0,0.2737777777777777,-0.029351124934159367,0.30312890271193704,2014-03-21,9430.0,-0.01897018970189701,0.14905149051490518,v6
6377,8170,7628718340.5,0.02285943128691692,0.2235032331456911,0.19675728212201848,0.004410343572559539,True,True,bear,0.0028846744000490254,-0.03655660377358494,2014-02-10,001740,SK네트웍스,0.6333333333333333,0.8555555555555555,0.8333333333333334,2014-02-11,8110.0,-0.007343941248470043,-0.010165228113440224,0.011385071059263563,-0.021550299172703787,2014-02-17,8060.0,-0.0335930949445129,0.012782873028657438,-0.04637596797317034,2014-02-24,7870.0,0.07984710234278669,0.015573280677596113,0.06427382166519058,2014-03-10,8790.0,0.1464315659679407,0.03390579126503668,0.11252577470290404,2014-04-07,9330.0,0.1131393341553637,0.013588297955259954,0.09955103620010375,2014-05-08,9060.0,-0.04192355117139335,0.08877928483353892,v6
6434,9520,7597818836.0,0.034848429410952786,0.1693309293953591,0.40148644707068815,0.06322208018587228,True,True,mixed,-0.000892060660124927,-0.02956167176350666,2014-04-30,001740,SK네트웍스,0.631578947368421,0.7894736842105263,0.8789473684210526,2014-05-02,9520.0,0.0,-0.04496638655462182,-0.0006865721739925945,-0.04427981438062922,2014-05-12,9130.0,0.0065042016806722315,0.024843741258919083,-0.01833953957824685,2014-05-19,9620.0,0.008605042016806678,0.0181611054320574,-0.009556063415250723,2014-06-02,9640.0,0.10944537815126054,0.024914941336221963,0.08453043681503858,2014-07-02,10600.0,0.16196638655462192,0.059157092799129396,0.10280929375549253,2014-07-30,11100.0,-0.057773109243697496,0.060924369747899165,v6
6456,9850,8046356107.0,0.022565754543146577,0.11646893609016917,0.3528877021698251,0.025388490243356765,True,True,bull,0.030819946627596684,-0.024752475247524774,2014-06-05,001740,SK네트웍스,0.6372549019607843,0.696078431372549,0.7843137254901961,2014-06-09,9890.0,0.004060913705583813,0.012177957532861553,-0.006923625625395946,0.0191015831582575,2014-06-13,10050.0,0.037456016177957574,-0.018286751831917525,0.0557427680098751,2014-06-20,10300.0,0.1082345803842264,0.0024591840297696343,0.10577539635445676,2014-07-04,11000.0,0.13351263902932264,0.034104343228265055,0.09940829580105759,2014-08-01,11250.0,0.007122345803842304,0.03149052490859128,-0.024368179104748974,2014-09-01,10000.0,-0.022244691607684497,0.14762386248736092,v6
7070,6940,6220346068.0,0.04050496427358452,0.14612211159751098,0.13036867852008482,0.03548118250575727,True,True,bear,0.016105417276720324,-0.0252808988764045,2016-12-01,001740,SK네트웍스,0.7359307359307359,0.8701298701298701,0.8138528138528138,2016-12-02,6940.0,0.0,0.07669164265129691,0.02572040360782557,0.05097123904347134,2016-12-08,7500.0,0.02049567723342949,0.028538386174714825,-0.008042708941285334,2016-12-15,7110.0,-0.006881844380403509,0.023392285393962098,-0.030274129774365607,2016-12-29,6920.0,-0.05155043227665701,0.04415344369590035,-0.09570387597255736,2017-01-31,6610.0,0.06372334293948123,0.05630914985809077,0.007414193081390463,2017-02-28,7410.0,-0.05475504322766567,0.08069164265129691,v6
8688,5080,8775361704.5,0.06913022918855882,0.08175528942083043,0.21440481685272195,0.014248961382230751,True,True,mixed,0.012809649603748197,-0.06959706959706957,2023-06-30,001740,SK네트웍스,0.6745562130177515,0.6597633136094675,0.7189349112426036,2023-07-03,5150.0,0.013779527559055094,-0.02341747572815533,-0.02099275831205505,-0.0024247174161002825,2023-07-07,5050.0,0.046485436893203946,0.018369632181146844,0.028115804712057102,2023-07-14,5410.0,0.12415533980582527,0.01062811665743224,0.11352722314839303,2023-07-28,5810.0,0.3765825242718446,-0.014522122213655009,0.3911046464854996,2023-08-28,7110.0,0.22124271844660193,-0.03298474557226372,0.25422746401886565,2023-09-25,6310.0,-0.03203883495145632,0.2233009708737863,v6
4373,11850,3036768872.5,0.013639742583972714,0.6927019192525605,1.0703028356428377,0.0649293276104359,True,True,bull,0.03516051539637477,-0.04435483870967738,2006-01-13,001750,한양증권,0.5833333333333334,0.9166666666666666,0.9333333333333333,2006-01-16,11900.0,0.00421940928270037,-0.20736134453781518,-0.06907552632318625,-0.13828581821462893,2006-01-20,9480.0,-0.12164705882352944,-0.027068049582595455,-0.09457900924093399,2006-01-27,10500.0,-0.26030252100840334,-0.07187930404474796,-0.18842321696365538,2006-02-13,8850.0,-0.2182857142857143,-0.06800742052449615,-0.15027829376121815,2006-03-14,9350.0,-0.24013445378151266,-0.025999943783905355,-0.2141345099976073,2006-04-11,9090.0,-0.3142857142857143,0.008403361344537785,v6
5381,5460,4558891040.0,0.12872659536309117,1.026922870218831,1.0926766257375378,0.02665068894680056,True,True,bull,0.038812785388127935,-0.06825938566552903,2015-03-17,001780,알루코,0.8510204081632653,0.9795918367346939,0.9836734693877551,2015-03-18,5470.0,0.001831501831501825,-0.06432906764168189,0.004517294150645279,-0.06884636179232717,2015-03-24,5140.0,0.06729798903107853,0.004349986959880647,0.06294800207119788,2015-03-31,5860.0,0.25376965265082263,0.039135120239741195,0.21463453241108144,2015-04-14,6880.0,0.12762705667276042,0.043371928805869375,0.08425512786689104,2015-05-14,6190.0,0.18978427787934193,0.009831757857287071,0.17995252002205486,2015-06-12,6530.0,-0.06764168190127973,0.41133455210237657,v6
4194,6656,4715535415.0,0.17609730695002968,0.14025793696646338,0.4958800290470824,0.03609628843165624,True,True,bear,0.036106506020345375,-0.04573476702508961,2005-04-29,001800,오리온홀딩스,0.9459459459459459,0.6576576576576577,0.7657657657657657,2005-05-02,6729.0,0.010967548076923128,-0.06953722692822117,0.0204259776536313,-0.08996320458185247,2005-05-09,6288.0,-0.13165641254272553,0.013704608938547524,-0.14536102148127306,2005-05-16,5870.0,0.07639827611829397,0.0573498603351954,0.01904841578309857,2005-05-30,7270.0,0.047270619705751304,0.085391934357542,-0.038121314651790694,2005-06-28,7074.0,0.11295645712587299,0.18998777932960875,-0.07703132220373576,2005-07-26,7516.0,-0.13493832664586125,0.08039827611829398,v6
5480,18102,7796486333.4,0.06497441222830536,0.36946020443514926,0.2948175806168579,0.03159718959488256,True,True,bull,0.030352187833511124,-0.027662888757587156,2010-06-30,001800,오리온홀딩스,0.6352941176470588,0.8764705882352941,0.7294117647058823,2010-07-01,17856.0,-0.013589658601259491,-0.06588396057347667,-0.006727919383521019,-0.059156041189955655,2010-07-07,16751.0,-0.06039560931899646,0.04209247184350917,-0.10248808116250563,2010-07-14,16849.0,-0.041130376344086006,0.05125666864256084,-0.09238704498664685,2010-07-28,17193.0,0.04550716845878133,0.02832839359810313,0.017178774860678203,2010-08-25,18740.0,0.10464695340501784,0.10304090100770602,0.001606052397311819,2010-09-27,19796.0,-0.08254928315412191,0.027497759856630832,v6
5779,26919,18483992372.3,0.05850038988620909,0.27597311781326506,0.5921776854200355,0.10080314683298153,True,True,bear,0.033805386203254795,-0.04694636218799786,2011-09-08,001800,오리온홀딩스,0.6904761904761905,0.780952380952381,0.9095238095238095,2011-09-09,26526.0,-0.014599353616404742,-0.035478549347809696,0.0021132573881459393,-0.037591806735955635,2011-09-19,25691.0,-0.02251014099374204,-0.09046832865554999,0.06795818766180795,2011-09-26,26035.0,-0.004,-0.012151229981839151,0.008151229981839151,2011-10-11,26526.0,0.12010465203950837,0.047350173353145175,0.0727544786863632,2011-11-08,29818.0,0.11267797632511489,0.04717406857079953,0.06550390775431536,2011-12-06,29621.0,-0.08240971122672092,0.02778406092136021,v6
6683,63860,14926262473.6,0.055674339921407245,0.1788113746431006,0.556858062374767,0.052249863428167176,True,True,bull,0.021093430208759756,-0.02766569727606316,2015-05-11,001800,오리온홀딩스,0.660436137071651,0.6448598130841121,0.822429906542056,2015-05-12,64743.0,0.013827121829000921,-0.009297870040004371,0.006231463894164957,-0.015529333934169328,2015-05-18,64400.0,-0.021438178644795577,0.020408163265306145,-0.041846341910101725,2015-05-26,63614.0,-0.0790969216749301,-0.017423344425243847,-0.06167357724968625,2015-06-09,59881.0,-0.11780380890598208,-0.028724715918557853,-0.08907909298742422,2015-07-07,57375.0,-0.13677111039031242,-0.03458010215982832,-0.1021910082304841,2015-08-04,56147.0,-0.09332283026736476,0.050847195835843184,v6
5209,12200,23095011252.5,0.0642597462146699,0.8544954712218087,1.4735648356820312,0.039303033470127424,True,True,bull,0.02434928631402178,-0.14982578397212543,2009-06-03,001820,삼화콘덴서,0.6745283018867925,0.9009433962264151,0.9009433962264151,2009-06-04,12150.0,-0.004098360655737654,0.02892181069958855,0.0032902201043794044,0.025631590595209145,2009-06-10,12550.0,-0.09453497942386835,-0.013522520989335152,-0.0810124584345332,2009-06-17,11050.0,0.024806584362139898,0.0010069208078058445,0.023799663554334053,2009-07-01,12500.0,-0.06572839506172845,0.08089403222146574,-0.1466224272831942,2009-07-29,11400.0,0.07418930041152261,0.144571136827774,-0.0703818364162514,2009-08-26,13100.0,-0.09465020576131689,0.1234567901234569,v6
6812,7940,9512847962.5,0.2944081328605064,0.6988214949109057,0.8009995152081911,0.07920222002424504,True,True,mixed,0.01301352385812704,-0.14162162162162162,2015-11-13,001820,삼화콘덴서,0.9799196787148594,0.9879518072289156,0.9678714859437751,2015-11-16,7780.0,-0.02015113350125941,0.04612853470437028,0.022706714362073832,0.02342182034229645,2015-11-20,8170.0,0.15152699228791766,0.0428179351177993,0.10870905717011836,2015-11-27,8990.0,0.2363598971722365,0.00151103984211165,0.23484885733012484,2015-12-11,9650.0,0.4998560411311055,-0.01511039842111761,0.5149664395522231,2016-01-13,11700.0,0.46772236503856046,-0.04290530816989435,0.5106276732084548,2016-02-15,11450.0,-0.03984575835475579,0.33033419023136257,v6
7200,15350,4474432540.0,0.0786374091515496,0.41501437957889875,0.40135464049857794,0.017942011149324477,True,True,bull,0.025041736227044975,-0.03459119496855345,2017-06-14,001820,삼화콘덴서,0.7148014440433214,0.9458483754512635,0.8989169675090253,2017-06-15,15500.0,0.009771986970684043,0.2992258064516129,-0.006669868877877794,0.3058956753294907,2017-06-21,20200.0,0.2669677419354839,0.0038763609397647336,0.26309138099571916,2017-06-28,19700.0,0.46696774193548385,0.007756935315333502,0.45921080662015035,2017-07-12,22800.0,0.28632258064516125,-0.0020940775946338697,0.2884166582397951,2017-08-09,20000.0,0.5669677419354839,-0.011447905079718268,0.5784156470152022,2017-09-07,24350.0,-0.009677419354838679,0.5387096774193549,v6
7846,60000,17798183865.0,0.112418362902728,0.24259164750697826,0.4203942692326965,0.0331811318680979,True,True,mixed,0.019108280254777066,-0.04761904761904767,2020-02-05,001820,삼화콘덴서,0.8595890410958904,0.9006849315068494,0.9075342465753424,2020-02-06,59800.0,-0.0033333333333332993,0.11138461538461542,0.02453805206039994,0.08684656332421548,2020-02-12,66700.0,0.13981270903010024,0.011703749136064756,0.12810895989403548,2020-02-19,68400.0,0.04282274247491635,-0.057415654737111965,0.10023839721202832,2020-03-04,62600.0,-0.3409565217391305,-0.22854121944186345,-0.11241530229726704,2020-04-01,39650.0,-0.20132441471571905,-0.13246245600223372,-0.06886195871348533,2020-05-04,48000.0,-0.03511705685618727,0.1688963210702341,v6
4966,25770,4597449825.0,0.11694623168217577,0.1070787080359108,0.2908745819612726,0.09431416849213514,True,True,mixed,0.02078002329137174,-0.021974268473186842,2008-06-13,001940,KISCO홀딩스,0.7544910179640718,0.7245508982035929,0.8502994011976048,2008-06-16,25797.0,0.0010477299185098765,-0.07458960344226073,-0.018629596453233144,-0.05596000698902759,2008-06-20,23976.0,-0.09598744040004648,-0.04502057986461505,-0.050966860535431424,2008-06-27,23424.0,-0.19863503508159863,-0.11131835859988881,-0.08731667648170982,2008-07-11,20776.0,-0.3943554676900415,-0.11063236311271862,-0.28372310457732286,2008-08-08,15727.0,,-0.16283038336375888,,2008-09-08,12747.0,-0.28879327053533355,0.005349459239446519,v6
8157,33000,12196618230.0,0.088367110585857,0.33218212056815166,0.30038914560480445,0.01271292055974027,True,True,bull,0.015072285450630662,-0.14948453608247425,2021-05-07,002020,코오롱,0.6407766990291263,0.8116504854368932,0.7242718446601941,2021-05-10,33450.0,0.013636363636363669,-0.023431988041853532,-0.015036889419202448,-0.008395098622651084,2021-05-14,32800.0,-0.10265470852017933,-0.01785435395100976,-0.08480035456916957,2021-05-24,30150.0,-0.08023318385650224,0.015824030286181845,-0.09605721414268409,2021-06-07,30900.0,-0.030905829596412523,0.028658799422763392,-0.05956462901917592,2021-07-05,32550.0,-0.08770702541106123,0.0067406745672287105,-0.09444769997828995,2021-08-02,30650.0,-0.1150971599402093,0.025411061285500747,v6
6331,120000,3415627075.0,0.15674796144797654,0.2356368913401159,0.476043727542357,0.014935103369694058,True,True,mixed,0.02607952116289014,-0.1208791208791209,2013-11-29,002030,아세아,0.9398907103825137,0.9344262295081968,0.9508196721311475,2013-12-02,120500.0,0.004166666666666652,-0.053792531120332,-0.03415835548294266,-0.01963417563738934,2013-12-06,114500.0,-0.09528630705394192,-0.042693067375454086,-0.052593239678487835,2013-12-13,109500.0,0.04164315352697101,-0.019073861835206873,0.060717015362177884,2013-12-30,126000.0,0.13292946058091282,-0.05330537199151397,0.1862348325724268,2014-01-29,137000.0,0.10803319502074693,-0.03436318856836296,0.1423963835891099,2014-02-28,134000.0,-0.10788381742738584,0.08298755186721984,v6
8803,3350,4827611889.0,0.04334704313028004,0.12910317930304105,0.16647804264087152,0.009445174665290379,True,True,bull,0.027134753947570145,-0.0821917808219178,2023-12-18,002200,한국수출포장,0.7068403908794788,0.7850162866449512,0.7719869706840391,2023-12-19,3330.0,-0.005970149253731294,-0.07757357357357353,0.014730135955489887,-0.09230370952906342,2023-12-26,3085.0,-0.0895855855855856,0.008659510840959062,-0.09824509642654466,2024-01-04,3045.0,-0.1181141141141141,-0.04864687832626979,-0.0694672357878443,2024-01-18,2950.0,-0.06556156156156157,0.04501308089098233,-0.11057464245254389,2024-02-19,3125.0,-0.10309909909909909,0.035620572284106755,-0.13871967138320584,2024-03-19,3000.0,-0.14564564564564564,0.033033033033033066,v6
6201,4710,2364386057.5,0.05522630631160652,0.4183829107216668,0.506178444356878,0.019943598369390525,True,True,mixed,0.01574293724390774,-0.04073319755600813,2013-05-22,002310,아세아제지,0.6926605504587156,0.9220183486238532,0.8990825688073395,2013-05-23,4730.0,0.00424628450106157,-0.061082452431289624,0.007699241153929393,-0.06878169358521902,2013-05-29,4460.0,-0.15833403805496826,-0.01345478898842345,-0.1448792490665448,2013-06-05,4000.0,-0.14353488372093026,-0.06819040137770593,-0.07534448234322433,2013-06-20,4070.0,-0.14353488372093026,-0.05560674955058387,-0.0879281341703464,2013-07-18,4070.0,-0.2407864693446089,-0.03313342497897698,-0.20765304436563192,2013-08-16,3610.0,-0.2198731501057083,0.02114164904862581,v6
8168,11640,4508348600.0,0.08642328683994327,0.24902238505183139,0.42254886653299106,0.00042864608839310314,True,True,mixed,0.03937851593892305,-0.04590163934426228,2021-05-25,002310,아세아제지,0.7544910179640718,0.7624750499001997,0.810379241516966,2021-05-26,11660.0,0.0017182130584192379,-0.03315951972555742,0.015750762159077558,-0.048910281884634976,2021-06-01,11320.0,-0.05374271012006859,0.0239351053466208,-0.07767781546668939,2021-06-08,11080.0,-0.09319382504288165,0.028995148033834628,-0.12218897307671628,2021-06-22,10620.0,-0.06403430531732424,0.01916510871998267,-0.0831994140373069,2021-07-20,10960.0,-0.1652349914236707,-0.004092171593771621,-0.1611428198298991,2021-08-18,9780.0,-0.10977701543739282,0.015437392795883298,v6
4326,29616,2995553675.0,0.004548114962573346,0.5582221481594405,1.130284984469613,0.028756879973925953,True,True,mixed,0.0346833430864768,-0.07162784865678196,2005-11-08,002320,한진,0.5432098765432098,0.9259259259259259,0.9074074074074074,2005-11-09,29711.0,0.0032077255537548144,0.0024285954696914337,0.02395204690779318,-0.021523451438101745,2005-11-15,29902.0,0.10818067382450947,0.016308297877553057,0.09187237594695641,2005-11-22,33044.0,0.16748530847160992,0.07883024507362002,0.0886550633979899,2005-12-06,34806.0,0.15466177510013135,0.14501890521261207,0.009642869887519279,2006-01-04,34425.0,-0.17706721416310456,0.12242248046189164,-0.2994896946249962,2006-02-02,24569.0,-0.05768907138770152,0.21635084648783276,v6
6414,26093,2790699455.0,0.10976101793960691,0.3272899844935131,0.4298459309701069,0.013092912549077962,True,True,bull,0.039367130457643285,-0.036874354052856884,2014-04-02,002320,한진,0.8768472906403941,0.916256157635468,0.9014778325123153,2014-04-03,26140.0,0.0018012493772276983,-0.009470543228768166,-0.00023506816976925915,-0.009235475058998906,2014-04-09,25997.0,-0.02037337413925022,-0.0036060457532685053,-0.016767328385981713,2014-04-16,25712.0,-0.08051109410864576,-0.018820457932800516,-0.06169063617584525,2014-04-30,24140.0,0.2619525631216526,0.0012903742085204062,0.2606621889131322,2014-06-02,33092.0,0.3329931140015303,0.007932300367106349,0.32506081363442396,2014-07-02,34949.0,-0.09108645753634281,0.02000765110941094,v6
6563,50471,5109780062.5,0.07811049444311569,0.6571234937784688,0.9023902027514893,0.004531143836909335,True,True,mixed,0.030327403675380893,-0.020322993905042885,2014-11-12,002320,한진,0.8130434782608695,0.9652173913043478,0.9478260869565217,2014-11-13,50375.0,-0.0019020823839432932,0.0054689826302729595,-0.0019130840742095367,0.007382066704482496,2014-11-19,50852.0,-0.06353349875930525,0.005175983436852993,-0.06870948219615824,2014-11-26,47376.0,-0.04179652605459061,-0.01272682986237983,-0.02906969619221078,2014-12-10,48471.0,0.12644168734491323,-0.025215158527179038,0.15165684587209227,2015-01-12,56946.0,0.07163275434243177,-0.011996102788941698,0.08362885713137347,2015-02-09,54185.0,-0.08978660049627796,0.03025310173697271,v6
7212,35044,5053011070.0,0.16124186741849145,0.3275084390217873,0.16800131617463832,0.008179325283301342,True,True,bull,0.031247287178709948,-0.039153323097170456,2017-06-30,002320,한진,0.9029850746268657,0.9402985074626866,0.7798507462686567,2017-07-03,34996.0,-0.0013697066544915426,-0.06929317636301291,-0.007419734240884823,-0.061873442122128086,2017-07-07,32711.0,-0.11827020230883534,0.007077734124104396,-0.12534793643293973,2017-07-14,30997.0,-0.1591034403931878,0.001388854132779338,-0.16049229452596714,2017-07-28,29568.0,-0.16861881357869468,-0.01141112584770132,-0.15720768773099336,2017-08-28,29235.0,-0.2665728654703394,-0.007198685384916859,-0.25937418008542257,2017-09-25,25807.0,-0.15647502571722482,0.0,v6
5208,4430,4176544984.0,0.014782809592240875,0.3745768429110097,1.2471078502551627,0.005149530395082147,True,True,bull,-0.011381388083017141,-0.1464354527938343,2009-06-02,002350,넥센타이어,0.5794392523364486,0.6869158878504673,0.8598130841121495,2009-06-03,4540.0,0.02483069977426644,-0.1471718061674009,-0.036493889591234785,-0.1106779165761661,2009-06-09,3890.0,0.009215859030837107,-0.01731282483494867,0.026528683865785777,2009-06-16,4600.0,0.16780616740088106,-0.023690125017558628,0.19149629241843968,2009-06-30,5320.0,0.43652863436123357,0.07180081472116862,0.36472781964006495,2009-07-28,6540.0,0.46516299559471364,0.12472257339513981,0.3404404221995738,2009-08-25,6670.0,-0.1651982378854625,0.19603524229074898,v6
5266,6760,9975121165.0,0.03991408652379569,0.43584906761163067,1.158447869452333,0.07838302624348681,True,True,bull,0.024863553668890148,-0.06500691562932226,2009-08-21,002350,넥센타이어,0.6878048780487804,0.9658536585365853,0.9463414634146341,2009-08-24,6890.0,0.019230769230769162,-0.07802031930333819,0.002262654973166134,-0.08028297427650433,2009-08-28,6380.0,-0.017062409288824406,0.0028610430652431518,-0.019923452354067558,2009-09-04,6800.0,-0.1302699564586357,0.0594648166501488,-0.1897347731087845,2009-09-18,6020.0,-0.09543686502177073,0.027899844793088713,-0.12333670981485945,2009-10-19,6260.0,-0.038833091436864975,-0.007380119802282592,-0.03145297163458238,2009-11-16,6650.0,-0.18867924528301883,0.06386066763425258,v6
5706,17950,20257377730.0,0.13643912865287045,0.63083046656501,1.006008822617414,0.05459767919511105,True,True,mixed,0.029685931449878078,-0.04774535809018565,2011-05-26,002350,넥센타이어,0.8615384615384616,0.9692307692307692,0.9743589743589743,2011-05-27,17950.0,0.0,0.018284122562674202,0.012858347386171864,0.005425775176502338,2011-06-02,18350.0,-0.02628412256267409,-0.019493522918902384,-0.006790599643771707,2011-06-10,17550.0,0.02942618384401108,0.0016528054576114837,0.027773378386399598,2011-06-24,18550.0,0.2049136490250696,0.04017994021155902,0.16473370881351057,2011-07-22,21700.0,-0.09313649025069637,-0.1804480300475242,0.08731153979682782,2011-08-22,16350.0,-0.10027855153203347,0.07520891364902504,v6
5835,21000,22518094350.0,0.12608325429629497,0.17105756253831572,0.27152983309507783,0.010866536534426263,True,True,mixed,0.021028321380819337,-0.07488986784140972,2011-11-30,002350,넥센타이어,0.8860103626943006,0.8082901554404145,0.7461139896373057,2011-12-01,21700.0,0.03333333333333344,-0.07773271889400923,0.00414334292440488,-0.08187606181841411,2011-12-07,20100.0,-0.12151152073732718,-0.028119278053884367,-0.09339224268344282,2011-12-14,19150.0,-0.16068202764976958,-0.045189641642689016,-0.11549238600708056,2011-12-28,18300.0,-0.16759447004608297,0.015197488883076149,-0.18279195892915912,2012-01-30,18150.0,-0.2666728110599078,0.041674077949254595,-0.3083468890091624,2012-02-27,16000.0,-0.21658986175115202,0.009216589861751112,v6
6565,10700,3982353972.9,0.02561721078106416,0.36051960264421645,0.37037491423286883,0.04107417686657189,True,True,mixed,0.015180265654648917,-0.15748031496062997,2014-11-14,002360,SH에너지화학,0.6651982378854625,0.8986784140969163,0.8414096916299559,2014-11-17,10800.0,0.009345794392523255,-0.06418518518518523,0.011849646982485584,-0.07603483216767082,2014-11-21,10150.0,0.056185185185185116,0.02005839852098279,0.036126786664202326,2014-11-28,11450.0,0.4311851851851851,-0.010361360160261124,0.44154654534544624,2014-12-12,15500.0,0.583962962962963,-0.014506934180643971,0.598469897143607,2015-01-14,17150.0,0.6626666666666667,0.001992965398618818,0.6606737012680479,2015-02-11,18000.0,-0.07777777777777772,0.4351851851851851,v6
6337,413951,11552316275.0,0.022318370165286705,0.07968058052367066,0.33614422564161694,0.041711041821974826,True,True,mixed,0.017425098571651088,-0.03578499652934686,2013-12-09,002380,KCC,0.6457142857142857,0.7657142857142857,0.9257142857142857,2013-12-10,413072.0,-0.0021234397307894337,-0.041192063369097864,-0.019439708404373923,-0.02175235496472394,2013-12-16,397709.0,-0.03906652593252513,-0.0015699764503531721,-0.03749654948217196,2013-12-23,398587.0,0.028945830266878362,-0.026959595606065978,0.055905425872944337,2014-01-09,426681.0,0.05444985862028906,-0.03836442453363198,0.09281428315392104,2014-02-10,437216.0,0.08633049928341796,-0.022804657930130978,0.10913515721354894,2014-03-10,450385.0,-0.06376128132625791,0.047822171437424954,v6
8174,325500,19796430350.0,0.06308989059937109,0.5392458888358573,0.7175495111552099,0.026859544236796484,True,True,bull,-0.00830223170081501,-0.136604774535809,2021-06-02,002380,KCC,0.6334012219959266,0.9144602851323829,0.8940936863543788,2021-06-03,326500.0,0.003072196620583778,-0.062192955589586485,-0.0027225143877753766,-0.05947044120181111,2021-06-09,307500.0,-0.062192955589586485,0.01665757094661635,-0.07885052653620284,2021-06-16,307500.0,0.0480673813169985,0.02223903552292117,0.025828345794077334,2021-06-30,343500.0,0.003656967840734996,0.003689968247668318,-3.300040693332215e-05,2021-07-28,329000.0,0.11085451761102605,-0.029901146060726247,0.1407556636717523,2021-08-26,364000.0,-0.08422664624808573,0.06278713629402755,v6
9213,384500,9805272050.0,0.025279362465447375,0.06895732755345851,0.19891801319752478,0.033146530721277045,True,True,mixed,0.022334485509173163,-0.055282555282555323,2025-08-27,002380,KCC,0.6643598615916955,0.740484429065744,0.7370242214532872,2025-08-28,384500.0,0.0,0.01420546163849146,0.0028626945860745767,0.011342767052416883,2025-09-03,391500.0,0.08312613784135237,0.04383796329830303,0.03928817454304934,2025-09-10,418000.0,-0.0469128738621587,0.09347374918512408,-0.14038662304728278,2025-09-24,368000.0,0.1741534460338101,0.28526798789417174,-0.11111454186036163,2025-10-29,453000.0,0.07532379713914183,0.2473884604119887,-0.17206466327284686,2025-11-26,415000.0,-0.10013003901170348,0.14694408322496755,v6
6689,32850,4001956425.0,0.05177126735196558,0.3346818658082822,0.4591040451201416,0.1435571523774517,True,True,mixed,0.03318131781726685,-0.07334273624823695,2015-05-19,002390,한독,0.6317460317460317,0.7682539682539683,0.7301587301587301,2015-05-20,33150.0,0.009132420091324311,0.10459728506787336,-0.00963811260285441,0.11423539767072777,2015-05-27,36750.0,0.1091221719457014,-0.030474480853003638,0.13959665279870503,2015-06-03,36900.0,0.18152036199095023,-0.043773290539048326,0.22529365252999856,2015-06-17,39300.0,0.08800603318250366,-0.025892735466468864,0.11389876864897253,2015-07-15,36200.0,-0.18952036199095024,-0.07168199397559227,-0.11783836801535796,2015-08-12,27000.0,-0.021116138763197623,0.2790346907993966,v6
7397,38750,7250808875.0,0.1157280884987375,0.17051938656382848,0.6118197886584043,0.06952502255931159,True,True,mixed,0.017527735836670333,-0.09037558685446012,2018-04-04,002390,한독,0.7472924187725631,0.6967509025270758,0.8339350180505415,2018-04-05,39300.0,0.014193548387096744,-0.024356234096692072,0.007128376707925987,-0.03148461080461806,2018-04-11,38500.0,-0.11087022900763355,0.02186310220361598,-0.13273333121124953,2018-04-18,35100.0,-0.15031043256997456,0.024858668600530764,-0.17516910117050533,2018-05-03,33550.0,-0.17702798982188295,0.008587015641224438,-0.18561500546310739,2018-06-04,32500.0,-0.3169770992366412,-0.06652876897466753,-0.25044833026197366,2018-07-04,27000.0,-0.2022900763358778,0.022900763358778553,v6
2085,378656,2457138850.0,0.09768932700601973,0.3145126040903252,0.646661719281197,0.07025478534400986,True,True,mixed,0.024712180594372413,-0.09733555509467517,1997-02-10,002410,범양건영,0.5483870967741935,0.7419354838709677,0.7419354838709677,1997-02-11,378646.0,-2.6409194625154342e-05,-0.06872536353216463,0.015764087131386217,-0.08448945066355085,1997-02-15,354138.0,-0.15508571066378618,-0.03429849109139227,-0.12078721957239391,1997-02-21,321438.0,-0.061573564754414445,-0.04640632250987897,-0.015167242244535473,1997-03-06,356846.0,-0.17661769568409547,-0.06176259650405702,-0.11485509918003844,1997-03-29,313285.0,-0.12632269718945932,-0.02539691468267924,-0.10092578250678008,1997-04-23,332329.0,-0.19429229412168625,0.0,v6
3640,344588,7762998877.5,0.25222976456423785,0.44597443847249685,1.1240330922189856,0.05809447819912572,True,True,bear,0.013395460618392807,-0.15946150975336681,2003-02-03,002410,범양건영,0.918918918918919,0.9594594594594594,0.9864864864864865,2003-02-04,358515.0,0.04041638130172842,-0.24443066538359626,-0.04157465672682592,-0.20285600865677034,2003-02-10,272317.0,-0.22256268217508335,-0.000697338491424282,-0.22186534368365907,2003-02-17,280157.0,-0.28116831931718334,-0.020339039333211573,-0.26082927998397176,2003-03-03,259146.0,-0.4069677977211553,-0.11056135748559648,-0.29640644023555884,2003-03-31,214045.0,-0.39058633529977826,-0.05523917049926108,-0.3353471648005172,2003-04-28,219918.0,-0.37719760679469483,0.03520075868513173,v6
6424,3050,12047687571.8,0.05726735101345093,0.3151225589231472,0.643728120484635,0.11284316047368148,True,True,bull,0.035653650254668934,-0.06153846153846154,2014-04-16,002450,삼익악기,0.7777777777777778,0.8939393939393939,0.9343434343434344,2014-04-17,3015.0,-0.011475409836065542,-0.06867661691542293,-4.998825276070207e-05,-0.06862662866266223,2014-04-23,2820.0,-0.05706799336650081,-0.019335456167800635,-0.03773253719870018,2014-04-30,2855.0,0.06565174129353224,0.007333276679980294,0.058318464613551946,2014-05-19,3225.0,0.38571807628524035,-0.005488710153114029,0.3912067864383544,2014-06-18,4190.0,0.39566832504145943,0.006503471684154327,0.3891648533573051,2014-07-16,4220.0,-0.12106135986733002,0.13598673300165842,v6
6473,4030,25872051683.25,0.05710761684490917,0.3672241675513368,0.7442671133628618,0.008939915378015417,True,True,mixed,0.02963719979560553,-0.0778032036613272,2014-07-01,002450,삼익악기,0.6716417910447762,0.900497512437811,0.9154228855721394,2014-07-02,4065.0,0.008684863523573227,0.023060270602706105,-0.000667330677290745,0.02372760127999685,2014-07-08,4175.0,0.01937023370233693,0.0023505976095616887,0.01701963609277524,2014-07-15,4160.0,-0.17251168511685122,0.026877490039840524,-0.19938917515669174,2014-07-29,3380.0,-0.09748093480934805,0.03333167330677278,-0.13081260811612083,2014-08-27,3685.0,0.02183025830258312,0.009262948207171329,0.012567310095411791,2014-09-29,4170.0,-0.1968019680196802,0.06150061500615012,v6
7324,2685,3655851884.0,0.13298194287064102,0.47063912534105756,0.1327413791687817,0.04157410476434853,True,True,mixed,0.009683181348124403,-0.08205128205128209,2017-12-14,002450,삼익악기,0.8333333333333334,0.9592592592592593,0.7222222222222222,2017-12-15,2675.0,-0.003724394785847296,-0.11801869158878509,-0.023533288592222257,-0.09448540299656283,2017-12-21,2370.0,-0.12549532710280376,-0.003512311173087701,-0.12198301592971605,2018-01-02,2350.0,-0.14605607476635518,0.013402240002571952,-0.15945831476892713,2018-01-16,2295.0,-0.13110280373831773,-0.037453936079151484,-0.09364886765916625,2018-02-13,2335.0,-0.192785046728972,0.0022424137695458146,-0.19502746049851782,2018-03-16,2170.0,-0.17009345794392527,0.0018691588785046953,v6
4263,9700,2448411659.5,0.12285402269285295,0.5099073769260367,0.7260766481474927,0.0486217291738511,True,True,bull,0.03505308648562133,-0.0717703349282297,2005-08-08,002460,HS화성,0.9194630872483222,0.9194630872483222,0.8993288590604027,2005-08-09,9800.0,0.010309278350515427,0.12865306122448983,0.03155824005319752,0.09709482117129231,2005-08-16,11100.0,0.14906122448979597,0.03055155343751137,0.1185096710522846,2005-08-23,11300.0,0.10824489795918368,0.03684103587129206,0.07140386208789162,2005-09-06,10900.0,0.1388571428571428,0.11057852155602355,0.028278621301119244,2005-10-06,11200.0,0.4143673469387754,0.12487531863016743,0.289492028308608,2005-11-03,13900.0,-0.0357142857142857,0.17346938775510212,v6
4283,10900,2231380744.0,0.09057249017305602,0.45317953357977303,0.5997427725298194,0.07584226444735043,True,True,bull,0.039382092114045975,-0.05217391304347829,2005-09-06,002460,HS화성,0.7401574803149606,0.905511811023622,0.9291338582677166,2005-09-07,11200.0,0.02752293577981657,-0.11560714285714291,0.019247524752475043,-0.13485466760961795,2005-09-13,9950.0,-0.11739285714285719,0.053174917491749296,-0.17056777463460648,2005-09-21,9930.0,-0.004,0.05829702970297035,-0.06229702970297035,2005-10-06,11200.0,0.2370714285714286,0.07192079207920798,0.16515063649222061,2005-11-03,13900.0,0.3352857142857142,0.14937733773377349,0.1859083765519407,2005-12-01,15000.0,-0.13660714285714282,0.0803571428571428,v6
6498,14600,2374364930.0,0.13364551819334047,0.32781306587024917,0.9443335628542984,0.07525367240160041,True,True,bull,0.03730017761989335,-0.04575163398692805,2014-08-05,002460,HS화성,0.885593220338983,0.9194915254237288,0.9491525423728814,2014-08-06,14600.0,0.0,-0.07934246575342463,-0.010402679683750637,-0.06893978606967399,2014-08-12,13500.0,-0.06906849315068497,0.004774762110202557,-0.07384325526088753,2014-08-20,13650.0,-0.18208219178082197,-0.005686087264231032,-0.17639610451659093,2014-09-03,12000.0,-0.07591780821917804,-0.04363696296044939,-0.03228084525872865,2014-10-07,13550.0,-0.1957808219178082,-0.0637442860397589,-0.1320365358780493,2014-11-05,11800.0,-0.18493150684931503,0.027397260273972712,v6
8365,21000,14145859217.5,0.16257798257316813,0.8284307422259202,0.539736458865481,0.11307533193656938,True,True,bear,0.015351142270034979,-0.1515151515151515,2022-03-14,002460,HS화성,0.8189415041782729,0.9916434540389972,0.9554317548746518,2022-03-15,21100.0,0.004761904761904745,0.0031090047393365107,0.02119141850200168,-0.01808241376266517,2022-03-21,21250.0,0.3941042654028435,0.03773319494660332,0.35637107045624017,2022-03-28,29500.0,0.1832037914691944,0.023871710939014745,0.15933208053017966,2022-04-11,25050.0,0.10974407582938395,-0.012831187198467098,0.12257526302785104,2022-05-10,23500.0,0.12159241706161139,-0.001851492789823217,0.12344390985143461,2022-06-09,23750.0,-0.08056872037914697,0.627962085308057,v6
6934,1945,2461803197.0,0.04147930453192161,0.5694567802790982,0.3531191498937818,0.025796232854391477,True,True,mixed,0.020327868852459074,-0.02749999999999997,2016-05-17,002700,신일전자,0.5729537366548043,0.9537366548042705,0.8647686832740213,2016-05-18,1965.0,0.010282776349614497,-0.02181170483460559,-0.01278798438948836,-0.00902372044511723,2016-05-24,1930.0,-0.03198982188295163,0.01050550749447221,-0.04249532937742384,2016-05-31,1910.0,0.03925699745547084,0.003082362771171576,0.03617463468429927,2016-06-15,2050.0,-0.06252417302798985,0.02179052160710837,-0.08431469463509822,2016-07-13,1850.0,-0.07524681933842237,0.04170615147902468,-0.11695297081744704,2016-08-10,1825.0,-0.07888040712468192,0.15776081424936383,v6
7646,2040,20089920893.25,0.07635293178119618,0.40722577956297723,0.5633279950265513,0.006595959451033417,True,True,bull,0.020765574180635404,-0.1482254697286013,2019-04-12,002700,신일전자,0.7739463601532567,0.9386973180076629,0.9425287356321839,2019-04-15,2035.0,-0.002450980392156854,-0.07033906633906639,-0.011666540308877815,-0.058672526030188576,2019-04-19,1900.0,-0.05559705159705164,-0.028096025973215144,-0.027501025623836495,2019-04-26,1930.0,0.05742506142506132,-0.071564591871775,0.12898965329683632,2019-05-14,2160.0,0.17536117936117934,-0.05956357506321608,0.23492475442439542,2019-06-12,2400.0,-0.008914004914004955,-0.08184862931530423,0.07293462440129928,2019-07-10,2025.0,-0.07862407862407861,0.12285012285012287,v6
8357,2160,2963860621.5,0.10294985968854564,0.1512939010285923,0.32073426925719595,0.02603123565460841,True,True,bear,0.02188054405677109,-0.02483069977426633,2022-02-28,002700,신일전자,0.6871345029239766,0.6140350877192983,0.8888888888888888,2022-03-02,2145.0,-0.00694444444444442,-0.006331002331002363,-0.028132423628122738,0.021801421297120375,2022-03-08,2140.0,0.035627039627039725,-0.014483139446542448,0.05011017907358217,2022-03-16,2230.0,0.04262004662004659,0.017948271325385123,0.02467177529466147,2022-03-30,2245.0,0.07525407925407923,-0.021958188644003118,0.09721226789808235,2022-04-27,2315.0,0.10089510489510478,-0.031819916910955426,0.1327150218060602,2022-05-26,2370.0,-0.011655011655011704,0.05594405594405605,v6
8421,2410,5159187989.75,0.05129986250017904,0.0950532048415591,0.289970971713173,0.0030196097205104078,True,True,bear,0.03200942083288738,-0.028225806451612878,2022-06-02,002700,신일전자,0.8104395604395604,0.6126373626373627,0.7527472527472527,2022-06-03,2420.0,0.004149377593360981,-0.05978512396694213,-0.031236355086823764,-0.02854876888011837,2022-06-10,2285.0,-0.10317355371900827,-0.0890590654470681,-0.014114488271940173,2022-06-17,2180.0,-0.026727272727272707,-0.13963061237437357,0.11290333964710086,2022-07-01,2365.0,-0.15482644628099174,-0.08511440268401282,-0.06971204359697891,2022-07-29,2055.0,-0.21474380165289253,-0.0942987121067933,-0.12044508954609923,2022-08-29,1910.0,-0.16322314049586772,0.0020661157024792765,v6
8445,12600,13862745202.5,0.13529355915626318,0.2632853465582946,0.3478825194322406,0.05808416234928204,True,True,bear,0.016949152542372836,-0.10320284697508897,2022-07-07,002710,TCC스틸,0.93125,0.91875,0.884375,2022-07-08,12800.0,0.015873015873015817,-0.043062500000000004,-0.012824709137977064,-0.03023779086202294,2022-07-14,12300.0,0.0038125,0.024089369136532035,-0.020276869136532035,2022-07-21,12900.0,0.058499999999999996,0.05127333166134629,0.007226668338653708,2022-08-04,13600.0,-0.082125,0.02419563951387671,-0.10632063951387671,2022-09-02,11800.0,-0.36103125,-0.05835093879251341,-0.3026803112074866,2022-10-05,8230.0,-0.10546875,0.17578125,v6
8378,23550,8843619595.5,0.03131724038079464,0.1540652089557205,0.1798930344983577,0.00047076221597830425,True,True,mixed,0.027150801439319583,-0.04268292682926833,2022-03-31,002780,진흥기업,0.5267379679144385,0.6577540106951871,0.7593582887700535,2022-04-01,23350.0,-0.00849256900212314,0.0773704496788008,-0.01820565580785538,0.09557610548665618,2022-04-07,25250.0,0.03026124197002145,-0.010612378680554202,0.04087362065057565,2022-04-14,24150.0,0.023837259100642386,-0.028537611304332078,0.05237487040497446,2022-04-28,24000.0,-0.10464239828693789,-0.03925924577089057,-0.06538315251604732,2022-05-27,21000.0,-0.282372591006424,-0.117908844255877,-0.16446374675054698,2022-06-28,16850.0,-0.025695931477516032,0.13276231263383287,v6
3263,4759,3984123720.0,0.2829410557889581,0.8546703369377178,1.5858498709825284,0.02898067637015922,True,True,bear,0.03754251329903191,-0.05575396825396828,2001-07-19,002790,아모레퍼시픽홀딩스,0.961038961038961,0.961038961038961,0.961038961038961,2001-07-20,4658.0,-0.021222945997058207,0.0032992700729928028,-0.020434605560285757,0.02373387563327856,2001-07-26,4692.0,0.2467513954486904,0.05034612964128393,0.19640526580740647,2001-08-02,5826.0,0.25512408759124083,0.07538962721652531,0.17973446037471552,2001-08-17,5865.0,0.24954229282954055,-0.10730018879798608,0.35684248162752663,2001-09-14,5839.0,0.2768072133963073,-0.022155998963462098,0.2989632123597694,2001-10-17,5966.0,-0.048948046371833365,0.33082868183769865,v6
3298,5799,3140888130.0,0.10363699367504875,0.5378545149305234,1.2250786700352063,0.036179400789783545,True,True,bear,0.02518319470348529,-0.06452653653815132,2001-09-07,002790,아모레퍼시픽홀딩스,0.7733333333333333,0.9733333333333334,0.96,2001-09-10,5797.0,-0.0003448870494913159,0.003245126789718892,-0.11989269877187536,0.12313782556159425,2001-09-14,5839.0,0.021702949801621466,-0.13810470993996238,0.15980765974158384,2001-09-21,5946.0,0.1465951354148698,-0.08126060694538229,0.22785574236025208,2001-10-10,6670.0,0.05982611695704665,0.025620905490975954,0.034205211466070695,2001-11-07,6167.0,0.12347973089529063,0.25606306684428537,-0.13258333594899474,2001-12-05,6536.0,-0.1561152320165603,0.19648093841642233,v6
4005,14680,3633316652.5,0.07023163284642653,0.3120468223878531,0.33060869370297563,0.07388831755646086,True,True,bear,0.03093145499682226,-0.04780437179736652,2004-07-27,002790,아모레퍼시픽홀딩스,0.6506024096385542,0.8554216867469879,0.8554216867469879,2004-07-28,14880.0,0.013623978201634968,-0.09398655913978493,-0.02754946320044971,-0.06643709593933522,2004-08-03,13541.0,-0.11878494623655911,0.0021418435918716394,-0.12092678982843075,2004-08-10,13172.0,-0.04895967741935481,0.060667719739766035,-0.10962739715912084,2004-08-24,14211.0,0.03208870967741939,0.14742577173301918,-0.11533706205559979,2004-09-21,15417.0,-0.024228494623655946,0.10863162967524298,-0.13286012429889893,2004-10-22,14579.0,-0.14637096774193548,0.009072580645161255,v6
5605,20553,2385075010.0,0.049710690196416385,0.03451340853066198,0.18510455827163108,0.03946478025957756,True,True,bull,0.03597405150383337,-0.030518867924528292,2010-12-27,002790,아모레퍼시픽홀딩스,0.8,0.7085714285714285,0.76,2010-12-28,20552.0,-4.865469761106134e-05,0.027578435188789333,0.027967718557885046,-0.000389283369095713,2011-01-04,21201.0,0.003298559750875899,0.029535448947697995,-0.026236889196822096,2011-01-11,20702.0,-0.07679096924873496,0.028722003934115836,-0.1055129731828508,2011-01-25,19056.0,-0.1787275204359673,-0.03203494362579562,-0.14669257681017167,2011-02-25,16961.0,-0.12048501362397823,0.013794055442440056,-0.1342790690664183,2011-03-28,18158.0,-0.08252238224990271,0.12621642662514598,v6
5967,31527,5193908250.0,0.08175402999461234,0.35172910476770824,0.19787205282871878,0.020765334975173744,True,True,bear,0.029389197078385276,-0.026193050193050182,2012-06-13,002790,아모레퍼시픽홀딩스,0.8100558659217877,0.9162011173184358,0.7988826815642458,2012-06-14,31676.0,0.004726107780632427,0.05273064780906678,0.025611746392541157,0.02711890141652562,2012-06-20,33473.0,0.019645662331102324,-0.02096338947629217,0.04060905180739449,2012-06-27,32425.0,0.06690541735067557,-0.01625578351476098,0.08316120086543655,2012-07-11,33922.0,0.150375552468746,0.025132367753437856,0.12524318471530815,2012-08-08,36566.0,0.3818757418866019,0.013287944973795707,0.3685877969128062,2012-09-06,43899.0,-0.00786084101527973,0.10711579744917277,v6
6391,49885,5869898575.0,0.03372901717227039,0.1824778899687698,0.334542493568853,0.0008255547489146586,True,True,mixed,0.029336662316291173,-0.0234329117888884,2014-02-28,002790,아모레퍼시픽홀딩스,0.6649214659685864,0.774869109947644,0.900523560209424,2014-03-03,49136.0,-0.01501453342688186,0.025448876587430783,0.0034452970171248154,0.022003579570305968,2014-03-07,50583.0,-0.002962064474112621,-0.024391483307078632,0.02142941883296601,2014-03-14,49187.0,0.057950504721589136,0.006656842319223477,0.05129366240236566,2014-03-28,52180.0,0.0295192119830674,0.0019106661923877777,0.02760854579067962,2014-04-25,50783.0,0.348307880169326,0.024980944153666362,0.32332693601565965,2014-05-28,66447.0,-0.01929338977531747,0.0619301530446108,v6
6428,52678,4406596700.0,0.0028391458358587585,0.07294650583779827,0.45017834263958234,0.001624202382656037,True,True,bull,0.026530427318282257,-0.020399814039981368,2014-04-22,002790,아모레퍼시픽홀딩스,0.6275510204081632,0.6683673469387755,0.9183673469387755,2014-04-23,52179.0,-0.00947264512699797,-0.0020835201901148147,-0.02253166572142118,0.020448145531306364,2014-04-29,52279.0,0.07248670921251854,-0.02662109588768491,0.09910780510020345,2014-05-09,56170.0,0.24840039096188127,0.003537207844541923,0.24486318311733934,2014-05-23,65349.0,0.4625478449184537,-0.007815687093917667,0.47036353201237135,2014-06-24,76523.0,0.5811012859579525,0.009387779469269608,0.5717135064886829,2014-07-22,82709.0,-0.03441997738553826,0.29255064297897615,v6
8606,41500,14189564665.0,0.049060165721676374,0.2602376809797332,0.2159416307599642,0.0067274301255049185,True,True,mixed,-0.018041999408459075,-0.08084163898117391,2023-03-02,002790,아모레퍼시픽홀딩스,0.6136363636363636,0.8863636363636364,0.8116883116883117,2023-03-03,41600.0,0.002409638554216942,-0.06289423076923073,-0.008053372042005402,-0.05484085872722533,2023-03-09,39150.0,-0.14101923076923073,-0.024939210162666647,-0.11608002060656408,2023-03-16,35900.0,-0.08332692307692313,0.005917014183611791,-0.08924393726053492,2023-03-30,38300.0,-0.13741346153846157,0.0234056250589445,-0.16081908659740607,2023-04-27,36050.0,-0.2900576923076923,0.06019116507362443,-0.3502488573813167,2023-05-30,29700.0,-0.15504807692307687,0.007211538461538547,v6
8206,7034,14918114778.0,0.04242295979457511,0.1760298563050513,0.2941240704109085,0.021206435911941046,True,True,bull,0.015197656125968795,-0.0755684058351952,2021-07-16,002900,TYM,0.6936170212765957,0.7702127659574468,0.7,2021-07-19,7101.0,0.009525163491612254,-0.013435290804112095,-0.0013655039937156,-0.012069786810396495,2021-07-23,7034.0,-0.0014651457541190425,-0.017352640639239914,0.01588749488512087,2021-07-30,7119.0,0.1271082946063935,-0.026874346015643424,0.15398264062203693,2021-08-13,8032.0,0.0819033938881848,-0.04020105128464768,0.12210444517283248,2021-09-13,7711.0,0.01754626108998725,-0.07738571958991924,0.09493198067990649,2021-10-18,7254.0,-0.042810871708210074,0.3668497394733137,v6
8400,8556,38945646459.0,0.15744055198516405,0.6037913133184079,0.45885291571157616,0.044379087156143804,True,True,bear,0.024051322254205587,-0.09641989650438276,2022-05-02,002900,TYM,0.855036855036855,0.9508599508599509,0.8943488943488943,2022-05-03,8555.0,-0.0001168770453482404,0.30447457627118646,-0.03479346953341067,0.33926804580459713,2022-05-10,11194.0,0.355906487434249,-0.025916674101168602,0.3818231615354176,2022-05-17,11634.0,0.20172764465225024,-0.0015835489338923425,0.20331119358614258,2022-05-31,10315.0,0.021832846288720068,-0.1328991584143694,0.15473200470308945,2022-06-30,8776.0,0.08904500292226758,-0.09474901121122903,0.1837940141334966,2022-07-28,9351.0,-0.011805961426066602,0.5080070134424313,v6
4113,375832,3526324892.5,0.05447393451838756,0.3016594929174645,0.6026804011581144,0.033442331045684615,True,True,bull,0.01637500882288756,-0.0721343044068633,2004-12-29,002990,금호건설,0.7,0.81,0.88,2004-12-30,373053.0,-0.0073942612656718865,0.02583758339967779,-0.016835928684269974,0.04267351208394776,2005-01-06,384184.0,0.08926824874749695,-0.0007447528774543466,0.0900130016249513,2005-01-13,407847.0,0.2758342326693526,0.04363574813811777,0.23219848453123482,2005-01-27,477446.0,0.186281273706417,0.13685398329948084,0.049427290406936164,2005-03-02,444038.0,0.10792511519810866,0.07814263146016698,0.02978248373794168,2005-03-30,414807.0,-0.01862201885522974,0.332127070416268,v6
4605,695985,7450878450.0,0.02562378494813089,0.3838482782467554,0.6213721312606912,0.020311065224123848,True,True,bull,0.020928981784019474,-0.031024588280992194,2006-12-20,002990,금호건설,0.5869565217391305,0.9565217391304348,0.9347826086956522,2006-12-21,704354.0,0.012024684440038236,-0.017858088404410274,-0.006888625805692272,-0.010969462598718002,2006-12-28,694593.0,-0.15817105603148418,-0.05095506123607574,-0.10721599479540844,2007-01-08,595763.0,-0.3281267885182735,-0.05607826032774632,-0.27204852819052716,2007-01-22,476054.0,-0.22536312138498538,0.00591937192348424,-0.23128249330846962,2007-02-20,548436.0,-0.24512449137791503,-0.001080025754460423,-0.2440444656234546,2007-03-21,534517.0,-0.3300314898474347,0.0039553974279977755,v6
4421,5728,2318979695.0,0.09347584416394816,0.27097958410585776,0.2357416054176542,0.03198973989907761,True,True,mixed,0.02957697112403279,-0.06144519088972633,2006-03-24,003000,부광약품,0.8201438848920863,0.8705035971223022,0.7266187050359713,2006-03-27,5929.0,0.03509078212290495,-0.016649687974363277,0.03198579083994946,-0.04863547881431274,2006-03-31,5854.0,-0.06185123966942152,0.0644421842029359,-0.12629342387235742,2006-04-07,5586.0,-0.06185123966942152,0.101597012433015,-0.16344825210243652,2006-04-21,5586.0,-0.11211266655422503,0.0094120504607349,-0.12152471701495993,2006-05-23,5288.0,-0.2576684095125653,-0.05968302642964496,-0.19798538308292035,2006-06-22,4425.0,-0.09512565356721203,0.02125147579693043,v6
5130,6660,6322783800.0,0.03085290509740579,0.30541583223652125,0.24532146572984892,0.0066747007246021894,True,True,mixed,-0.01255800851038591,-0.11811440677966101,2009-02-10,003000,부광약품,0.6756756756756757,0.8243243243243243,0.8986486486486487,2009-02-11,6501.0,-0.023873873873873852,0.05476019073988625,-0.03528696872699888,0.09004715946688513,2009-02-17,6883.0,-0.01661344408552534,-0.08947125177590243,0.07285780769037709,2009-02-24,6419.0,0.02045777572681118,-0.06523339210215506,0.08569116782896624,2009-03-10,6660.0,0.15812890324565454,0.11269920062991035,0.045429702615744194,2009-04-07,7555.0,-0.07768097215812952,0.1991236028140564,-0.2768045749721859,2009-05-07,6022.0,-0.21719735425319187,0.21196738963236417,v6
6540,7809,3931355372.5,0.16201260222404879,0.26769151884147113,0.4269202608195447,0.04453942959578128,True,True,bear,0.03617799067187688,-0.04988441416230682,2014-10-10,003000,부광약품,0.8444444444444444,0.8,0.8222222222222222,2014-10-13,7807.0,-0.0002561147394032348,0.029047265274753323,-0.009804738783420475,0.038852004058173795,2014-10-17,8065.0,0.07195747406173947,0.0032352512138704714,0.068722222847869,2014-10-24,8400.0,-0.07175970283079292,0.010622668639423072,-0.08238237147021599,2014-11-07,7278.0,-0.013862943512232603,0.034978223268801845,-0.04884116678103445,2014-12-05,7730.0,-0.01066068912514406,-0.01857273844999696,0.007912049324852902,2015-01-07,7755.0,-0.10080696810554635,0.1662610477776354,v6
6601,7862,2844977452.5,0.04433220343306532,0.06347861662671117,0.2353027804505985,0.0311891040734793,True,True,bear,0.0005663342899504542,-0.1365183964854475,2015-01-08,003000,부광약품,0.6532663316582915,0.6582914572864321,0.7839195979899497,2015-01-09,7903.0,0.005214958025947514,0.037376692395292954,-0.0029482237733096106,0.040324916168602565,2015-01-15,8230.0,0.05357307351638618,0.0005313053443067872,0.053041768172079395,2015-01-22,8358.0,0.08621890421358969,0.017210126054797437,0.06900877815879225,2015-02-05,8616.0,0.3153723902315577,0.03384206688196678,0.28153032334959094,2015-03-10,10427.0,0.38066405162596473,0.06627252838837383,0.3143915232375909,2015-04-07,10943.0,-0.01075540933822594,0.12526888523345558,v6
6963,16328,20055328727.5,0.12465103586241844,0.2577391130055089,0.34095025434300574,0.042001894613413526,True,True,bear,0.025628140703517488,-0.07974976046891735,2016-06-28,003000,부광약품,0.9035714285714286,0.8321428571428572,0.8321428571428572,2016-06-29,16350.0,0.001347378735913729,-0.03996330275229354,0.022370537067579077,-0.062333839819872616,2016-07-05,15762.0,-0.01977981651376148,0.02307957108579828,-0.04285938759955976,2016-07-12,16092.0,-0.09910703363914375,0.04163262789586453,-0.14073966153500828,2016-07-26,14795.0,-0.18711926605504592,0.050069105127138025,-0.23718837118218394,2016-08-24,13356.0,-0.13953516819571865,0.05179031089600317,-0.19132547909172182,2016-09-26,14134.0,-0.10685015290519873,0.04764525993883795,v6
7352,16303,10663041745.0,0.0881215976241243,0.2902945424407606,0.2562052656036562,0.033409794731354525,True,True,bull,0.02836633382324183,-0.07652656621728782,2018-01-26,003000,부광약품,0.6101694915254238,0.7762711864406779,0.7728813559322034,2018-01-29,16517.0,0.013126418450591926,-0.05237440213113764,-0.024520350577665218,-0.027854051553472425,2018-02-02,15718.0,-0.11382623963189442,-0.0869491322468876,-0.026877107385006815,2018-02-09,14703.0,-0.09336247502573103,-0.05126947278156113,-0.0420930022441699,2018-02-27,15041.0,-0.11013307501362235,-0.06550348221424784,-0.04462959279937451,2018-03-28,14764.0,-0.029973239692438144,-0.05410082391159077,0.024127584219152624,2018-04-25,16088.0,-0.14342798328994366,0.06696131258703164,v6
6208,103585,3585279675.0,0.06728097041848913,0.3537644038619282,0.3129709254036457,0.011167964124136454,True,True,bull,0.03074933690631898,-0.061772564648340245,2013-05-31,003030,세아제강지주,0.7361111111111112,0.8703703703703703,0.7777777777777778,2013-06-03,103159.0,-0.004112564560505905,-0.05771320001163249,-0.030309415937906037,-0.027403784073726456,2013-06-10,97618.0,-0.045324557236886776,-0.055195147282387835,0.00987059004550106,2013-06-17,98896.0,-0.1197048827538072,-0.0689274550827601,-0.05077742767104709,2013-07-01,91223.0,-0.10317699861379037,-0.04677112653089888,-0.056405872082891495,2013-07-29,92928.0,-0.20647385104547344,-0.053820411316987005,-0.15265343972848644,2013-08-27,82272.0,-0.17852053625956044,0.0,v6
7084,80311,3887226425.0,0.071478874229852,0.46574946881595725,0.3314795920596021,0.033476409540200924,True,True,mixed,0.03030186403930779,-0.051347775756573455,2016-12-21,003030,세아제강지주,0.8045454545454546,0.9681818181818181,0.8909090909090909,2016-12-22,79713.0,-0.007446053467146441,-0.01360947398793166,-0.008385538863935782,-0.0052239351239958785,2016-12-28,78947.0,-0.02324403798627572,0.0001665352344473181,-0.023410573220723038,2017-01-05,78179.0,0.10295871438786652,0.015272260617845701,0.08768645377002082,2017-01-19,88239.0,0.19921653933486372,0.02095405096957781,0.1782624883652859,2017-02-20,95912.0,0.03238051509791373,0.06699124710400128,-0.03461073200608755,2017-03-21,82613.0,-0.04705631452837056,0.1711264160174626,v6
8705,205000,2683208720.0,0.018220284907590978,0.43642110612073526,0.17204962442232952,0.06155771385182418,True,True,bull,0.03592905149325376,-0.046511627906976716,2023-07-25,003030,세아제강지주,0.7083333333333334,0.8988095238095238,0.7202380952380952,2023-07-26,203500.0,-0.007317073170731714,-0.018742014742014753,0.010728524003698725,-0.029470538745713478,2023-08-01,200500.0,-0.061493857493857496,-0.02454940957116225,-0.036944447922695245,2023-08-08,191800.0,-0.12046191646191651,-0.05050099289060017,-0.06996092357131634,2023-08-23,179800.0,0.07216707616707607,-0.029945883672634288,0.10211295983971036,2023-09-20,219000.0,-0.011371007371007377,-0.10443920629386538,0.093068198922858,2023-10-25,202000.0,-0.1459459459459459,0.029484029484029506,v6
8759,212500,2704581770.0,0.1254840615414229,0.1571365125298929,0.4986206878730661,0.051827662567362376,True,True,bear,0.02624779658561316,-0.1273100616016427,2023-10-17,003030,세아제강지주,0.9003436426116839,0.7663230240549829,0.9140893470790378,2023-10-18,213500.0,0.004705882352941115,-0.05552224824355967,-0.02795212169409267,-0.027570126549467,2023-10-24,202500.0,-0.06723185011709598,-0.07098550192695918,0.003753651809863201,2023-10-31,200000.0,-0.16465573770491804,-0.00766705409759183,-0.1569886836073262,2023-11-14,179200.0,-0.07940983606557372,0.03393894904263761,-0.11334878510821134,2023-12-12,197400.0,-0.006341920374707263,0.029771007932138494,-0.03611292830684576,2024-01-12,213000.0,-0.17658079625292744,0.025761124121779888,v6
5874,22838,12934166517.25,0.17324393320190978,0.8264842415980493,0.4476190039544099,0.007558109530152235,True,True,bull,0.032772132607977955,-0.1559924609187331,2012-01-27,003060,에이프로젠바이오로직스,0.8990384615384616,0.9663461538461539,0.9134615384615384,2012-01-30,24084.0,0.0545581924862073,-0.050130210928417185,0.008029111278064827,-0.05815932220648201,2012-02-03,22973.0,-0.1593728616508886,0.01895095138069025,-0.17832381303157885,2012-02-10,20342.0,-0.20649958478658026,0.03233109990136107,-0.23883068468794133,2012-02-24,19207.0,-0.1902232187344295,0.031973341919524945,-0.22219656065395443,2012-03-26,19599.0,-0.41709583125726624,0.0034702524238103827,-0.4205660836810766,2012-04-24,14135.0,-0.2598820793888058,0.025286497259591423,v6
4265,37415,2841585475.5,0.06735140888774138,0.5529538254914736,0.32412180427624615,0.03157270485360586,True,True,bull,0.02570499227602885,-0.06277397860775036,2005-08-10,003070,코오롱글로벌,0.7986577181208053,0.9328859060402684,0.7651006711409396,2005-08-11,37415.0,0.0,-0.004,-0.010844671355764945,0.006844671355764945,2005-08-18,37415.0,-0.047431778698383,-0.006698711855814832,-0.040733066842568166,2005-08-25,35790.0,-0.10449445409595082,0.036725235133838297,-0.1412196892297891,2005-09-08,33655.0,0.4228074301750635,0.11088178584037145,0.31192564433469205,2005-10-10,53384.0,0.8384428705064813,0.10299722093981112,0.7354456495666701,2005-11-07,68935.0,-0.13155151677134835,0.05826540157690774,v6
5902,28734,2419128326.0,0.2247782465292676,0.36397562357320634,0.3619612815809934,0.029682589669850712,True,True,bull,0.036750260233912924,-0.04028056112224454,2012-03-08,003070,코오롱글로벌,0.9236641221374046,0.8969465648854962,0.8282442748091603,2012-03-09,29152.0,0.014547226282452863,-0.03425521405049392,0.012930756763990026,-0.047185970814483946,2012-03-15,28270.0,-0.01991657519209655,0.0041879990285824675,-0.024104574220679017,2012-03-22,28688.0,-0.0533619648737651,0.0055013951736408995,-0.058863360047406,2012-04-05,27713.0,-0.13774725576289792,-0.03034688526865148,-0.10740037049424644,2012-05-07,25253.0,-0.23647118551042812,-0.10696496453830417,-0.12950622097212394,2012-06-05,22375.0,-0.07646130625686054,0.02545279912184406,v6
8263,27254,12961557680.0,0.07441719138070402,0.33371958260134127,0.43661064200184707,0.02952800478477502,True,True,bear,-0.006001411453194994,-0.15302380508421898,2021-10-13,003070,코오롱글로벌,0.6763990267639902,0.8880778588807786,0.8564476885644768,2021-10-14,27779.0,0.019263227416159046,-0.07110104755390767,0.014908028980723298,-0.08600907653463097,2021-10-20,25915.0,-0.09003621440656606,0.019071229120843913,-0.10910744352740998,2021-10-27,25389.0,-0.1330543216098492,-0.013035262574649598,-0.1200190590351996,2021-11-10,24194.0,-0.20019136757982647,0.011091762185612808,-0.21128312976543928,2021-12-08,22329.0,-0.21567068648979448,-0.01628228922115138,-0.1993883972686431,2022-01-06,21899.0,-0.17210842722920194,0.0017279239713452466,v6
7248,15650,7902953875.0,0.19442097459621221,0.09785419518341332,0.3097025534358251,0.026190258717034398,True,True,mixed,0.019710050496823506,-0.0794117647058824,2017-08-22,003090,대웅,0.9714285714285714,0.7836734693877551,0.8938775510204081,2017-08-23,15800.0,0.009584664536741228,0.021316455696202444,-0.004961014588496848,0.026277470284699293,2017-08-29,16200.0,-0.07994936708860756,-0.021001207643076336,-0.05894815944553122,2017-09-05,14600.0,-0.05779746835443034,0.016629287238115964,-0.0744267555925463,2017-09-19,14950.0,-0.08311392405063289,0.0487980374748056,-0.1319119615254385,2017-10-25,14550.0,0.09726582278481022,0.06899976015451093,0.028266062630299293,2017-11-22,17400.0,-0.1392405063291139,0.05063291139240511,v6
8985,25500,2596573245.0,0.10325614062055344,0.6626359791977908,0.30904186534732503,0.06971428480981223,True,True,bear,0.037745447146199984,-0.037735849056603765,2024-09-13,003090,대웅,0.7445255474452555,0.9927007299270073,0.8540145985401459,2024-09-19,25800.0,0.0117647058823529,-0.03306976744186052,0.0006359190186036034,-0.033705686460464124,2024-09-25,25050.0,-0.1396589147286822,-0.009619720426875089,-0.1300391943018071,2024-10-04,22300.0,0.015379844961240344,0.003950406024658237,0.011429438936582107,2024-10-21,26300.0,-0.191984496124031,-0.04840692650703171,-0.1435775696169993,2024-11-18,20950.0,-0.1803565891472868,-0.04073735773720755,-0.13961923141007926,2024-12-16,21250.0,-0.1472868217054264,0.08914728682170536,v6
2626,2670,2113109682.25,0.13444703987739004,0.48920232727157287,0.22867765665030482,0.027277175867320924,True,True,bull,0.035084318666408265,-0.046428571428571375,2006-10-17,003160,디아이,0.8992805755395683,0.9640287769784173,0.8705035971223022,2006-10-18,2680.0,0.0037453183520599342,0.06689552238805963,0.015532104637336674,0.05136341775072295,2006-10-24,2870.0,-0.05437313432835822,0.01408293697978591,-0.06845607130814413,2006-10-31,2545.0,0.051970149253731446,0.045905172413793105,0.006064976839938341,2006-11-14,2830.0,-0.10847761194029848,0.0233204518430441,-0.13179806378334258,2006-12-12,2400.0,-0.17564179104477617,0.03178507728894164,-0.20742686833371782,2007-01-12,2220.0,-0.10634328358208955,0.1455223880597014,v6
4487,13200,18065059435.0,0.08983107553708991,0.18445329934589427,0.5505653063385174,0.015660141231533142,True,True,bull,0.02683780630105015,-0.04347826086956519,2014-04-10,003160,디아이,0.8905472636815921,0.845771144278607,0.9303482587064676,2014-04-11,13100.0,-0.007575757575757569,-0.08415267175572516,0.003410098323662236,-0.0875627700793874,2014-04-17,12050.0,-0.13758778625954193,0.006578417150225668,-0.1441662034097676,2014-04-24,11350.0,-0.06125190839694661,-0.0011837121212120438,-0.060068196275734564,2014-05-13,12350.0,-0.19865648854961837,0.01328276112185689,-0.21193924967147526,2014-06-12,10550.0,-0.2956030534351145,0.008845099935525402,-0.3044481533706399,2014-07-10,9280.0,-0.17938931297709926,0.03816793893129766,v6
4882,9100,8910556634.5,0.10105107288706416,0.24267958072983942,0.32011734386917357,0.05580770665699042,True,True,mixed,0.02489019033674955,-0.08080808080808077,2015-11-18,003160,디아이,0.8292682926829268,0.8373983739837398,0.8780487804878049,2015-11-19,9160.0,0.00659340659340657,-0.005091703056768534,0.016429431343389256,-0.02152113440015779,2015-11-25,9150.0,0.20779039301310043,0.016363673151436053,0.19142671986166437,2015-12-02,11100.0,-0.2452663755458515,-0.00381397513328674,-0.24145240041256477,2015-12-16,6950.0,-0.31622707423580787,-0.049819417888251505,-0.26640765634755637,2016-01-18,6300.0,-0.44504803493449785,-0.03444717593857183,-0.410600858995926,2016-02-18,5120.0,-0.2652838427947598,0.2445414847161571,v6
6277,8700,5257588072.0,0.1220328724695603,0.10313672867869239,0.604451885525952,0.033653322178357925,True,True,mixed,0.027154663518299982,-0.067524115755627,2021-07-22,003160,디아이,0.8396436525612472,0.6792873051224945,0.8574610244988864,2021-07-23,8770.0,0.008045977011494232,0.03704903078677302,-0.003316489623291008,0.040365520410064026,2021-07-29,9130.0,0.11572633979475477,0.006974156585030089,0.10875218320972468,2021-08-05,9820.0,0.07923831242873436,-0.05930030982590728,0.13853862225464164,2021-08-20,9500.0,-0.06443329532497155,-0.034710952099931136,-0.029722343225040415,2021-09-17,8240.0,-0.1431106043329533,-0.07600570473099244,-0.06710489960196087,2021-10-22,7550.0,-0.015963511972634015,0.22576966932725195,v6
6936,10560,26532421955.5,0.21512493574402414,0.6061933141056417,0.3460195607349936,0.046799789673703796,True,True,bull,0.02350375575478547,-0.15856573705179278,2024-03-27,003160,디아이,0.9123376623376623,0.974025974025974,0.8701298701298701,2024-03-28,10550.0,-0.0009469696969697239,0.2945781990521328,-0.016798512287430678,0.31137671133956346,2024-04-03,13700.0,0.662350710900474,-0.016802144398195495,0.6791528552986695,2024-04-11,17580.0,0.7903127962085308,-0.045256100130029564,0.8355688963385604,2024-04-25,18930.0,0.6888909952606634,-0.011030720392849025,0.6999217156535125,2024-05-28,17860.0,1.7116398104265405,0.014103486099912299,1.6975363243266282,2024-06-26,28650.0,-0.006635071090047351,1.4028436018957344,v6
4256,18384,3007870540.0,0.056644005789123986,0.25425628446837667,0.5628982765622867,0.04307239041774835,True,True,mixed,0.033366309919956816,-0.07715476130716326,2015-06-18,003220,대원제약,0.6527331189710611,0.6720257234726688,0.7234726688102894,2015-06-19,18656.0,0.014795474325500546,0.006774013722126829,0.0138679529695509,-0.007093939247424071,2015-06-25,18857.0,0.15728859348198965,0.02469682087389491,0.13259177260809474,2015-07-02,21665.0,0.06396740994854211,0.01524405068707635,0.04872335926146576,2015-07-16,19924.0,0.01958490566037741,-0.03553541385044778,0.05512031951082519,2015-08-13,19096.0,-0.08006132075471695,-0.05600182831357525,-0.024059492441141694,2015-09-11,17237.0,-0.08688893653516294,0.35816895368782165,v6
4909,18705,2022807480.0,0.06081593831767296,0.20782026000856946,0.18938943986157675,0.05639609972083104,True,True,mixed,0.011753760608404384,-0.038599917763157854,2018-02-12,003220,대원제약,0.6538461538461539,0.717948717948718,0.7051282051282052,2018-02-13,19246.0,0.02892274792836136,-0.07009165540891615,0.011136589689915155,-0.08122824509883131,2018-02-21,17974.0,0.06661207523641277,0.010183570617048776,0.056428504619363995,2018-02-28,20605.0,0.005040839654993249,0.03724265363791113,-0.03220181398291788,2018-03-15,19420.0,-0.05637451938065052,0.016571711563991842,-0.07294623094464237,2018-04-12,18238.0,-0.12017998545152242,0.030471640399685418,-0.15065162585120784,2018-05-14,17010.0,-0.09123973812740305,0.12516886625792378,v6
6398,30950,2024563847.5,0.03446949407888522,0.2553195583270683,0.46819160889061173,0.036908597243548114,True,True,mixed,0.02153643039854769,-0.046224961479198745,2014-03-11,003230,삼양식품,0.5894736842105263,0.7894736842105263,0.9263157894736842,2014-03-12,30950.0,0.0,-0.028232633279482996,-0.008918765675522411,-0.019313867603960585,2014-03-18,30200.0,-0.04115670436187402,-0.008387521901035422,-0.0327691824608386,2014-03-25,29800.0,-0.09769951534733445,0.018062288332558518,-0.11576180367989297,2014-04-08,28050.0,0.01053957996768973,-0.0005721086802168429,0.011111688647906574,2014-05-09,31400.0,-0.06054281098546044,0.02765021683940594,-0.08819302782486638,2014-06-10,29200.0,-0.11147011308562194,0.024232633279483107,v6
7953,129500,14430058600.0,0.0569249485161083,0.2023770845287698,0.2978824130572003,0.016388948564797667,True,True,mixed,0.0062160062160061536,-0.07499999999999996,2020-07-09,003230,삼양식품,0.7051671732522796,0.7082066869300911,0.78419452887538,2020-07-10,130500.0,0.007722007722007707,-0.030819923371647514,0.005673654349187762,-0.03649357772083528,2020-07-16,127000.0,-0.06530268199233713,0.02060844416608343,-0.08591112615842056,2020-07-23,122500.0,-0.07679693486590033,0.07882787459013385,-0.15562480945603419,2020-08-06,121000.0,-0.1764137931034483,0.09063570718048841,-0.2670495002839367,2020-09-04,108000.0,-0.2070651340996169,0.09924289872158565,-0.30630803282120256,2020-10-07,104000.0,-0.10727969348659006,0.03831417624521083,v6
8749,195200,15752068055.0,0.07049063511313758,0.7363615440662935,0.5992407839247236,0.063036667675062,True,True,bear,0.022846363445818474,-0.05700483091787445,2023-09-26,003230,삼양식품,0.7857142857142857,0.9772727272727273,0.935064935064935,2023-09-27,193200.0,-0.010245901639344246,0.002211180124223503,-0.018549912377093025,0.02076109250131653,2023-10-10,194400.0,-0.0029648033126294902,0.004975510520876414,-0.007940313833505904,2023-10-17,193400.0,-0.05472463768115943,-0.06944472812388935,0.014720090442729927,2023-10-31,183400.0,0.12695238095238093,0.030134927021760793,0.09681745393062013,2023-11-28,218500.0,0.12436438923395454,0.06761057030461726,0.056753818929337285,2023-12-27,218000.0,-0.05797101449275366,0.10766045548654235,v6
9062,761000,67648692100.0,0.09493907849264804,0.3837112367535055,0.3263452790882151,0.03640160438054707,True,True,mixed,0.029979021452256838,-0.04874999999999996,2025-01-13,003230,삼양식품,0.7661870503597122,0.9028776978417267,0.8201438848920863,2025-01-14,761000.0,0.0,-0.03553745072273329,0.007419577931552901,-0.04295702865428619,2025-01-20,737000.0,-0.1051826544021025,0.006348216462987999,-0.1115308708650905,2025-01-31,684000.0,0.1418607095926412,0.0358026616136784,0.10605804797896279,2025-02-14,872000.0,0.21281997371879102,0.04365398222659311,0.1691659914921979,2025-03-17,926000.0,0.20493561103810776,-0.018229135435280486,0.22316474647338824,2025-04-14,920000.0,-0.1235216819973719,0.1590013140604467,v6
9101,917000,52121460750.0,0.1484751296363246,0.3092758131175106,0.7931185676620955,0.011005443258086611,True,True,bull,0.034696755994358286,-0.024468085106382986,2025-03-14,003230,삼양식품,0.831081081081081,0.8243243243243243,0.9358108108108109,2025-03-17,919000.0,0.0021810250817884125,-0.006176278563656098,0.02117589787970564,-0.02735217644336174,2025-03-21,917000.0,-0.08561044613710556,-0.011721889101811267,-0.07388855703529429,2025-03-28,844000.0,-0.021410228509249226,-0.060116214378438615,0.038705985869189385,2025-04-11,903000.0,0.0830511425462459,0.020186839339803475,0.06286430320644243,2025-05-14,999000.0,0.2974145810663764,0.11833930889534505,0.17907527217103136,2025-06-13,1196000.0,-0.18607181719260069,0.042437431991294794,v6
6564,22572,4151397828.25,0.01464206644863597,0.23197017588844981,0.6603948730397433,0.03147511741472786,True,True,mixed,0.017295190021745732,-0.048197343453510455,2014-11-13,003280,흥아해운,0.6260869565217392,0.8,0.9260869565217391,2014-11-14,22544.0,-0.0012404749246854863,-0.012516678495386842,-0.0008164764956829496,-0.011700201999703893,2014-11-20,22352.0,-0.06614513839602554,0.01145618583005037,-0.07760132422607591,2014-11-27,21143.0,0.23570901348474105,-0.021968320711967637,0.2576773341967087,2014-12-11,27948.0,0.23814868701206526,-0.02168765691657648,0.25983634392864174,2015-01-13,28003.0,0.28499041873669273,-0.012134881917086893,0.2971253006537796,2015-02-10,29059.0,-0.09093328601845285,0.32793647977288853,v6
4315,7358,21125968969.5,0.2974255612227963,0.4056973926174319,0.8509966551010297,0.03145373150805186,True,True,mixed,0.02893261176602202,-0.08698349671175087,2005-10-24,003470,유안타증권,0.8938547486033519,0.9106145251396648,0.8659217877094972,2005-10-25,7633.0,0.03737428649089436,-0.08954958731822349,-0.03465090690850903,-0.05489868040971446,2005-10-31,6980.0,-0.018935150006550546,0.015662510002667274,-0.03459766000921782,2005-11-07,7519.0,0.03543403642080434,0.05761536409709245,-0.02218132767628811,2005-11-21,7934.0,0.1653960434953492,0.11646439050413449,0.048931652991214714,2005-12-19,8926.0,0.4376350058954539,0.15829221125633497,0.27934279463911893,2006-01-17,11004.0,-0.09288615223372199,0.1186951395257434,v6
5240,14000,36999836432.5,0.07449871387277529,0.3011776205309362,0.6901225535028352,0.009891639280354081,True,True,bull,0.033973412112259904,-0.09967845659163987,2009-07-16,003470,유안타증권,0.8734939759036144,0.9156626506024096,0.8313253012048193,2009-07-17,14350.0,0.02499999999999991,0.0726550522648084,0.036716568871277167,0.03593848339353123,2009-07-23,15450.0,0.07962369337979092,0.06321484734913296,0.016408846030657953,2009-07-30,15550.0,0.10749825783972122,0.08392853431613667,0.02356972352358455,2009-08-13,15950.0,0.07613937282229966,0.13937748096626934,-0.06323810814396968,2009-09-10,15500.0,-0.07368641114982577,0.1408392160666163,-0.21452562721644208,2009-10-09,13350.0,-0.017421602787456414,0.13937282229965153,v6
5260,15950,42430531332.5,0.04682785166684278,0.14066482457702123,1.2840573848921242,0.04961036942750563,True,True,bull,0.03370058327932601,-0.024464831804281384,2009-08-13,003470,유안타증권,0.5891089108910891,0.8267326732673267,0.9554455445544554,2009-08-14,16200.0,0.01567398119122254,-0.05029629629629628,-0.003678399201117344,-0.04661789709517894,2009-08-20,15450.0,-0.0132592592592593,0.010820308302943227,-0.024079567562202527,2009-08-27,16050.0,-0.04720987654320985,0.03948274881336866,-0.08669262535657851,2009-09-10,15500.0,-0.17992592592592593,0.04081632653061229,-0.22074225245653822,2009-10-09,13350.0,-0.2632592592592593,-0.006162266702902874,-0.25709699255635643,2009-11-06,12000.0,-0.08950617283950613,0.024691358024691468,v6
8192,4910,6928002809.5,0.04735816695349526,0.25219621435311557,0.49108498661351163,0.013489514731261476,True,True,bull,0.01404378356051228,-0.04660194174757282,2021-06-28,003470,유안타증권,0.714867617107943,0.8024439918533605,0.8004073319755601,2021-06-29,4905.0,-0.0010183299389001643,-0.05394903160040776,-0.003645704120099569,-0.05030332748030819,2021-07-05,4660.0,-0.0845300713557594,-0.017786800433248984,-0.06674327092251042,2021-07-12,4510.0,-0.05191029561671767,-0.02429763467926893,-0.02761266093744874,2021-07-26,4670.0,-0.13549847094801226,-0.05051342405741155,-0.08498504689060071,2021-08-24,4260.0,-0.16302140672782872,-0.05446470171786799,-0.10855670500996073,2021-09-24,4125.0,-0.13353720693170235,0.011213047910295648,v6
3472,13879,41417398252.5,0.07697257430934312,0.18515021282884292,1.5522785410444602,0.03252096561606366,True,True,mixed,0.022740670871897795,-0.06852348993288593,2002-05-27,003490,대한항공,0.7815126050420168,0.7899159663865546,0.9495798319327731,2002-05-28,13912.0,0.0023776929173571215,-0.1755066129959747,-0.04829861193218099,-0.1272080010637937,2002-06-03,11526.0,-0.13381598619896495,-0.0360022700938778,-0.09781371610508716,2002-06-11,12106.0,-0.3152420931569868,-0.1701506301875192,-0.14509146296946762,2002-06-26,9582.0,-0.15595514663599774,-0.17491546264986157,0.01896031601386383,2002-07-26,11798.0,-0.24904025301897648,-0.1312279789070444,-0.11781227411193207,2002-08-26,10503.0,-0.3186457734330075,0.002372052903967692,v6
4413,21961,17252459622.5,0.10811553144983721,0.1285093062955036,0.6804664466252734,0.04463562794941223,True,True,mixed,0.037802944560879626,-0.11654195832327618,2006-03-14,003490,대한항공,0.7222222222222222,0.7708333333333334,0.8611111111111112,2006-03-15,21856.0,-0.004781203041755888,0.0023598096632504485,-0.00041878239020043395,0.0027785920534508825,2006-03-21,21995.0,-0.03355710102489018,-0.004412171611041016,-0.029144929413849163,2006-03-28,21210.0,0.08348169838945818,0.036546241801960644,0.04693545658749754,2006-04-11,23768.0,0.18336273792093705,0.09534029808332267,0.08802243983761437,2006-05-11,25951.0,0.06943521229868233,-0.07281578809611067,0.142251000394793,2006-06-12,23461.0,-0.05769582723279654,0.11397327964860904,v6
4450,24792,24544220997.5,0.014098941907268348,0.2093766682203535,0.35054683697052,0.017025736313356576,True,True,bull,0.020454783999209747,-0.03574345610828056,2006-05-08,003490,대한항공,0.58125,0.70625,0.81875,2006-05-09,25097.0,0.012302355598580172,0.023214408096585263,-0.026191279674382395,0.049405687770967655,2006-05-15,25780.0,-0.06643774156273663,-0.07811240969414812,0.011674668131411492,2006-05-22,23530.0,-0.16154871100131485,-0.12752666992651573,-0.034022041074799114,2006-06-07,21143.0,-0.08683858628521335,-0.11856667653804043,0.03172809025282708,2006-07-05,23018.0,-0.14393704426823928,-0.11016453054731035,-0.03377251372092893,2006-08-03,21585.0,-0.15762840180101212,0.051599792803920685,v6
5380,39899,45458198070.0,0.08130318480522081,0.23376522364978713,0.24813334541586496,0.03685550871314325,True,True,mixed,0.007450014455628873,-0.056895003072850225,2010-02-03,003490,대한항공,0.7988165680473372,0.8816568047337278,0.8757396449704142,2010-02-04,39829.0,-0.0017544299355873871,0.00815194958447352,-0.028078342040755766,0.03623029162522928,2010-02-10,40313.0,0.01332406035803069,0.003534553197811263,0.009789507160219427,2010-02-18,40519.0,0.04440693966707676,0.01181692128655265,0.03259001838052411,2010-03-05,41757.0,0.17049597027291674,0.06685938544581171,0.10363658482710503,2010-04-02,46779.0,0.20850847372517523,0.078044915443088,0.13046355828208722,2010-04-30,48293.0,-0.031082879309046185,0.05699364784453542,v6
5439,48293,39894074550.0,0.02243629311012607,0.17725554672672472,0.5002467535848851,0.04204665473439917,True,True,bull,0.02310692487442334,-0.03435244246265823,2010-04-29,003490,대한항공,0.6033519553072626,0.7262569832402235,0.8770949720670391,2010-04-30,48842.0,0.011368107179094311,-0.06878031202653456,-0.05442169061940394,-0.014358621407130623,2010-05-07,45678.0,0.062193030588427956,-0.026797603195738873,0.08899063378416683,2010-05-14,52075.0,0.010106711436878028,-0.05800886174755493,0.06811557318443295,2010-05-31,49531.0,0.16503484705785998,-0.019835621470223552,0.18487046852808353,2010-06-29,57098.0,0.09462413496580813,0.014916892419303052,0.07970724254650507,2010-07-27,53659.0,-0.07747430490151919,0.09151959379222796,v6
5464,50976,51689340204.5,0.11357003225255413,0.1609113703060263,0.3704529683912743,0.022798490527074167,True,True,bear,0.03060727304340083,-0.043817527010804325,2010-06-08,003490,대한항공,0.8352941176470589,0.7058823529411765,0.8294117647058824,2010-06-09,51249.0,0.005355461393596883,0.036312981716716486,0.022327477739063184,0.013985503977653302,2010-06-15,53315.0,0.08462611953403965,0.04740127758420454,0.03722484194983511,2010-06-22,55791.0,0.0859724872680443,0.019248451413085732,0.06672403585495856,2010-07-06,55860.0,-0.01738562703662516,0.08316395663956633,-0.10054958367619149,2010-08-03,50563.0,-0.025444320864797417,0.05421868950832365,-0.07966301037312107,2010-08-31,50150.0,-0.02684930437667077,0.15034439696384316,v6
6818,2425,11776024391.75,0.05799386175152754,0.06481570696609307,0.22769861053546525,0.00709266016328014,True,True,mixed,0.02623783326280149,-0.1001855287569573,2015-11-23,003520,영진약품,0.6846473029045643,0.6721991701244814,0.8049792531120332,2015-11-24,2425.0,0.0,-0.02668041237113405,-0.006146815081649826,-0.020533597289484225,2015-11-30,2370.0,-0.0637938144329897,-0.02026652829680331,-0.043527286136186394,2015-12-07,2280.0,-0.14214432989690717,-0.011525278278093465,-0.1306190516188137,2015-12-21,2090.0,0.006309278350515427,-0.08170474332556665,0.08801402167608208,2016-01-21,2450.0,0.004247422680412342,-0.044938606688652794,0.04918602936906513,2016-02-23,2445.0,-0.19999999999999996,0.03298969072164959,v6
4601,7134,5254589232.0,0.06399641615193596,0.13190003657448668,0.3550648595852537,0.027725321857898777,True,True,mixed,0.035654143197259236,-0.048165443629086035,2006-12-14,003530,한화투자증권,0.7111111111111111,0.674074074074074,0.8222222222222222,2006-12-15,7167.0,0.004625735912531459,-0.03637058741453891,0.012646895025131721,-0.049017482439670634,2006-12-21,6935.0,-0.008604437002930117,0.011793899318308432,-0.02039833632123855,2007-01-02,7134.0,-0.07320608343797963,-0.02031680683524484,-0.05288927660273479,2007-01-16,6671.0,-0.10083270545556022,-6.34459616645211e-05,-0.1007692594938957,2007-02-13,6473.0,-0.06860164643504951,0.005921623088690486,-0.07452326952374,2007-03-15,6704.0,-0.09892563136598298,0.01827821961769227,v6
8304,5750,28345134838.0,0.07212105097971899,0.21534821416015282,0.18816443419851536,0.04291082956997139,True,True,mixed,0.03324348607367478,-0.0770465489566613,2021-12-09,003530,한화투자증권,0.8465909090909091,0.9119318181818182,0.8125,2021-12-10,5740.0,-0.0017391304347825765,0.13014634146341453,-0.000761126067736928,0.13090746753115146,2021-12-16,6510.0,0.09181881533101044,-0.0034998504337420133,0.09531866576475245,2021-12-23,6290.0,0.02910104529616731,-0.0178848007445076,0.046985846040674906,2022-01-07,5930.0,-0.09633449477351919,-0.07971881543523773,-0.016615679338281453,2022-02-09,5210.0,-0.14337282229965154,-0.11547179845115818,-0.027901023848493356,2022-03-11,4940.0,-0.015679442508710784,0.2526132404181185,v6
3743,22000,27166946105.0,0.004370558896888088,0.2187153345192736,0.39033055531239924,0.029639350636725847,True,True,bull,0.03798065581505061,-0.06779661016949157,2003-07-02,003540,대신증권,0.6428571428571429,0.7448979591836735,0.8469387755102041,2003-07-03,22550.0,0.02499999999999991,-0.030607538802660757,0.012863582852384647,-0.04347112165504541,2003-07-09,21950.0,-0.052780487804878096,0.028627214517472188,-0.08140770232235028,2003-07-16,21450.0,-0.10821286031042132,0.024377638039452254,-0.13259049834987358,2003-07-31,20200.0,-0.06164966740576494,0.09034657018979542,-0.15199623759556036,2003-08-29,21250.0,-0.28559645232815967,0.011126424900221199,-0.29672287722838087,2003-10-01,16200.0,-0.13968957871396892,0.03325942350332589,v6
4601,23900,12258898055.0,0.09344210404101494,0.20948393089846906,0.3303735015605622,0.002694105826918536,True,True,mixed,0.02995044171514749,-0.051587301587301626,2006-12-14,003540,대신증권,0.7851851851851852,0.7851851851851852,0.7925925925925926,2006-12-15,24100.0,0.008368200836819994,-0.028896265560165998,0.012646895025131721,-0.04154316058529772,2006-12-21,23500.0,-0.03304564315352698,0.011793899318308432,-0.044839542471835414,2007-01-02,23400.0,-0.10980912863070535,-0.02031680683524484,-0.08949232179546052,2007-01-16,21550.0,-0.14507883817427392,-6.34459616645211e-05,-0.1450153922126094,2007-02-13,20700.0,-0.11188381742738585,0.005921623088690486,-0.11780544051607633,2007-03-15,21500.0,-0.11203319502074693,0.0,v6
8243,19500,2746756055.0,0.09615731072537492,0.06934975741339167,0.3042094643262112,0.0297628786369859,True,True,bear,0.03461997612415435,-0.03703703703703709,2021-09-08,003540,대신증권,0.7783375314861462,0.6372795969773299,0.7380352644836272,2021-09-09,19400.0,-0.00512820512820511,0.093938144329897,0.0021483232908754424,0.09178982103902156,2021-09-15,21300.0,0.0630103092783505,-0.0041313909439910645,0.06714170022234156,2021-09-27,20700.0,0.006309278350515427,-0.06426855312333157,0.070577831473847,2021-10-13,19600.0,0.026927835051546282,-0.06879401520351858,0.09572185025506486,2021-11-10,20000.0,0.07074226804123707,-0.04603005110212788,0.11677231914336494,2021-12-08,20850.0,-0.005154639175257714,0.13144329896907214,v6
8264,19950,3113377237.5,0.05832974053910256,0.1542950087139724,0.267518549269291,0.005895077442818364,True,True,bear,-0.022418228592429257,-0.09111617312072895,2021-10-14,003540,대신증권,0.6528117359413202,0.7506112469437652,0.7383863080684596,2021-10-15,20000.0,0.0025062656641603454,0.03849999999999998,-0.001755946651087692,0.04025594665108767,2021-10-21,20850.0,0.04849999999999999,-0.0010190465442039276,0.049519046544203915,2021-10-28,21050.0,-0.006499999999999947,-0.029110873591757236,0.02261087359175729,2021-11-11,19950.0,0.040999999999999925,0.005626331897152781,0.035373668102847144,2021-12-09,20900.0,-0.11150000000000004,-0.019162722148827305,-0.09233727785117274,2022-01-07,17850.0,-0.015000000000000013,0.07499999999999996,v6
5241,60647,35699781940.0,0.03977011279345399,0.058411057978954295,0.37146871604713017,0.007713887281147747,True,True,bull,0.039414882449472666,-0.03167760374255557,2009-07-17,003550,LG,0.793939393939394,0.6727272727272727,0.7090909090909091,2009-07-20,60741.0,0.001549953006743987,0.020892576678026357,0.0378077839555202,-0.016915207277493845,2009-07-24,62253.0,0.025568166477338176,0.07558794073971753,-0.05001977426237936,2009-07-31,62537.0,0.15775235837408008,0.09915391787823347,0.058598440495846615,2009-08-14,70566.0,0.20908506610032762,0.14079497185481937,0.06829009424550825,2009-09-11,73684.0,0.14998165983437883,0.13258279517905858,0.017398864655320256,2009-10-12,70094.0,-0.006206680825142863,0.18508091733754806,v6
5513,79919,53819430252.15,0.13979182859899408,0.1676162261854388,0.2641476430960632,0.03421734547693833,True,True,bull,0.03664088867904458,-0.03534225741426966,2010-08-16,003550,LG,0.9081081081081082,0.745945945945946,0.7297297297297297,2010-08-17,79446.0,-0.005918492473629522,0.06853983838078692,0.017469033476078755,0.05107080490470817,2010-08-23,85209.0,0.03048883518364676,0.01310609200165791,0.01738274318198885,2010-08-30,82186.0,0.0744809807919844,0.046910254639222826,0.02757072615276157,2010-09-13,85681.0,-0.05393328801953523,0.09347515771054948,-0.14740844573008471,2010-10-14,75479.0,-0.08484736802356319,0.10209167932955765,-0.18693904735312084,2010-11-11,73023.0,-0.0011957807819147348,0.12127734561840753,v6
6814,65182,25086956560.9,0.10198048925713843,0.18705665989320996,0.17228320961618782,0.019768023027504578,True,True,mixed,0.016278194111286837,-0.029524305814040086,2015-11-17,003550,LG,0.8145161290322581,0.8145161290322581,0.7741935483870968,2015-11-18,64520.0,-0.010156178085974688,0.08532114073155617,0.02492819926293044,0.06039294146862573,2015-11-24,70283.0,0.09849535027898315,0.02881179311221249,0.06968355716677066,2015-12-01,71133.0,0.03408121512709239,-0.017425339941542717,0.05150655506863511,2015-12-15,66977.0,0.013575945443273344,-0.0449256576439192,0.058501603087192544,2016-01-15,65654.0,0.013575945443273344,-0.04234845596645065,0.05592440140972399,2016-02-17,65654.0,-0.02196218226906388,0.11419714817110971,v6
7264,78785,19953058014.2,0.04662456321145059,0.04893548084867083,0.16503803512559645,0.019575064486101246,True,True,mixed,0.020496719022416343,-0.0302310409768467,2017-09-13,003550,LG,0.679324894514768,0.6666666666666666,0.7721518987341772,2017-09-14,78407.0,-0.004797867614393603,-0.023271238537375446,0.019724883113369396,-0.042996121650744845,2017-09-20,76896.0,-0.06785909421352687,0.0029718372971923035,-0.07083093151071918,2017-09-27,73400.0,0.027323733850294078,0.04545262392519245,-0.01812889007489837,2017-10-19,80863.0,0.06709059140127804,0.0715481454551603,-0.004457554053882262,2017-11-16,83981.0,0.040575101712857276,0.04393922740684997,-0.0033641256939926922,2017-12-14,81902.0,-0.0795209611386738,0.034933105462522374,v6
8859,99800,33356884245.0,0.05653866875483815,0.11306147987862136,0.12904036820591913,0.0378618612848205,True,True,bull,0.03360778830718236,-0.03667953667953672,2024-03-13,003550,LG,0.7611464968152867,0.767515923566879,0.7133757961783439,2024-03-14,100200.0,0.004008016032064132,-0.1147784431137725,-0.0030499894380682235,-0.11172845367570428,2024-03-20,89100.0,-0.1137804391217565,0.021027509199998518,-0.13480794832175502,2024-03-27,89200.0,-0.20958882235528942,0.003183403313852473,-0.2127722256691419,2024-04-11,79600.0,-0.19561676646706583,0.010687933826717622,-0.20630470029378345,2024-05-13,81000.0,-0.1756566866267465,0.01104370416214251,-0.186700390788889,2024-06-12,83000.0,-0.22654690618762474,0.012974051896207595,v6
5225,15051,6273451935.0,0.029712047721879964,0.4009128927654766,0.6085190102746452,0.004093202564724674,True,True,mixed,-0.008844079471594157,-0.060955827302221155,2009-06-25,003570,SNT다이내믹스,0.6612903225806451,0.8279569892473119,0.7580645161290323,2009-06-26,15148.0,0.006444754501361949,-0.055557961447055715,0.007070642208380606,-0.06262860365543632,2009-07-02,14367.0,-0.013638236070768413,0.020919397532766837,-0.034557633603535254,2009-07-09,15002.0,0.0024695009242143885,0.06772405231276357,-0.06525455138854919,2009-07-23,15246.0,0.008939001848428777,0.12473155104632672,-0.11579254919789794,2009-08-20,15344.0,-0.13946342751518348,0.20969341524147933,-0.3491568427566628,2009-09-17,13096.0,-0.10324795352521787,0.02904673884341169,v6
5512,18374,2870559582.5,0.008977353122999965,0.11484775650347223,0.23686682922089108,0.040900805796719286,True,True,bull,0.014983911284197182,-0.03583984887442937,2010-08-13,003570,SNT다이내믹스,0.5597826086956522,0.6793478260869565,0.7119565217391305,2010-08-16,18618.0,0.013279634265810358,0.04326608658287667,0.023153697215563485,0.020112389367313188,2010-08-20,19498.0,0.05637168331721987,-0.0033422459893047707,0.05971392930652464,2010-08-27,19742.0,0.1692194650338381,0.03873547851742587,0.13048398651641224,2010-09-10,21843.0,0.1850106348694811,0.08113014014383202,0.10388049472564909,2010-10-13,22137.0,0.2847528198517564,0.133972201733358,0.15078061811839838,2010-11-10,23994.0,-0.031528628209259835,0.1811150499516596,v6
4570,1960,2674642282.5,0.15419840386051464,0.3935518452923936,0.18985975292171864,0.08356548706429545,True,True,bull,0.0276576222309608,-0.12107623318385652,2006-11-01,003610,방림,0.9242424242424242,0.9242424242424242,0.8181818181818182,2006-11-02,1960.0,0.0,-0.08053061224489799,0.006241296089711357,-0.08677190833460935,2006-11-08,1810.0,-0.06012244897959185,0.029915932074866314,-0.09003838105445816,2006-11-15,1850.0,-0.03461224489795922,0.03721445705827886,-0.07182670195623808,2006-11-29,1900.0,-0.1825714285714286,0.04589831645412734,-0.22846974502555595,2006-12-28,1610.0,-0.014204081632653073,-0.006131927583466479,-0.008072154049186594,2007-01-29,1940.0,-0.11479591836734693,0.028061224489795977,v6
8381,3780,2788403034.0,0.08430690866024726,0.49800864715481274,0.4957827079997754,0.017659236682248114,True,True,mixed,0.02072503881725507,-0.07125307125307123,2022-04-05,003610,방림,0.7597911227154047,0.9712793733681462,0.9451697127937336,2022-04-06,3780.0,0.0,0.05420105820105814,-0.026399471353415582,0.08060052955447372,2022-04-12,4000.0,0.0952063492063493,-0.007367464139288238,0.10257381334563753,2022-04-19,4155.0,0.039650793650793714,-0.02139777369691176,0.061048567347705474,2022-05-03,3945.0,0.011873015873015817,-0.02923620060823573,0.04110921648125154,2022-06-02,3840.0,-0.2103492063492064,-0.1583201597622551,-0.05202904658695129,2022-07-01,3000.0,-0.0092592592592593,0.15873015873015883,v6
2010,15709969,4541867810.0,0.15362037160746433,0.7518731487787755,0.5712628837764182,0.08217884647166795,True,True,mixed,0.015434699290362008,-0.07014037889338787,1996-11-04,003620,KG모빌리티,0.68,0.88,0.76,1996-11-05,15799722.0,0.005713123940600973,-0.01195349437160986,-0.018546123578152884,0.006592629206543025,1996-11-09,15674059.0,-0.06649920093530759,0.00760109047446389,-0.07410029140977148,1996-11-15,14812252.0,-0.003998987323954092,-0.010354135610974646,0.006355148287020555,1996-11-28,15799738.0,0.16645578396885718,-0.06914843613606758,0.23560422010492477,1996-12-21,18492876.0,0.0323646904673387,-0.07264010313847147,0.10500479360581016,1997-01-21,16374274.0,-0.12272405805621134,0.12159201282149135,v6
6627,47227,4115516758.5,0.09604639773658841,0.16588795009256396,0.2689612406542964,0.02545709791600448,True,True,mixed,0.03499663599246983,-0.056780507289794335,2015-02-13,003620,KG모빌리티,0.6779661016949152,0.6864406779661016,0.7457627118644068,2015-02-16,47176.0,-0.0010798907404662161,0.09397354587078177,0.015530374535083658,0.07844317133569811,2015-02-25,51798.0,0.0649121587247754,0.01952010938608084,0.04539204933869456,2015-03-04,50427.0,0.028283364422587724,0.03490762896486288,-0.006624264542275157,2015-03-18,48699.0,-0.002918941834831209,0.08159568986188992,-0.08451463169672113,2015-04-15,47227.0,0.03582957435984402,0.07472844803395873,-0.03889887367411471,2015-05-15,49055.0,-0.03342801424453112,0.1301933186365949,v6
5273,221973,253490315750.0,0.03723303816448875,0.1036911207356579,0.34588140389075517,0.05591202955860286,True,True,mixed,0.01766552142446498,-0.05954801972647317,2023-03-03,003670,포스코퓨처엠,0.5422077922077922,0.6818181818181818,0.8993506493506493,2023-03-06,228273.0,0.02838183022259466,0.04483188112479364,-0.023596715135007273,0.06842859625980091,2023-03-10,239420.0,0.06818987790934528,-0.023148185903133944,0.09133806381247922,2023-03-17,244752.0,0.15311450762902323,0.00994919387064419,0.14316531375837904,2023-03-31,264138.0,0.418507261042699,0.020008481280020973,0.398498779762678,2023-04-28,324720.0,0.4822029236922456,0.05083059458665984,0.43137232910558576,2023-05-31,339260.0,-0.02760291405466264,0.19108260722906345,v6
5296,14350,2005110695.0,0.14013197422669732,0.09130993783499486,1.890613645404526,0.15307782896183864,True,True,bull,0.027752909579230156,-0.13293051359516617,2009-10-05,003680,한성기업,0.8793969849246231,0.7336683417085427,0.9949748743718593,2009-10-06,14350.0,0.0,-0.05974912891986062,0.012034734094093169,-0.07178386301395379,2009-10-12,13550.0,-0.052780487804878096,0.017749689874159813,-0.07053017767903791,2009-10-19,13650.0,-0.07368641114982577,-0.03778289339694263,-0.03590351775288314,2009-11-02,13350.0,-0.09110801393728218,-0.0399368022168598,-0.05117121172042238,2009-11-30,13100.0,-0.10504529616724734,0.03219754244558137,-0.1372428386128287,2009-12-29,12900.0,-0.09407665505226481,0.04181184668989557,v6
7832,5751,4762510767.5,0.04917917346589107,0.12417804646852804,0.057907685181038504,0.015315925651259832,True,True,bull,0.03398987765082384,-0.04500166057788113,2020-01-14,003690,코리안리,0.7007575757575758,0.7803030303030303,0.7121212121212122,2020-01-15,5743.0,-0.0013910624239262814,-0.023153752394219015,0.0044353753699883924,-0.027589127764207407,2020-01-21,5633.0,-0.059720006965000905,-0.0366849044757378,-0.023035102489263104,2020-01-30,5423.0,-0.06424725753090721,0.0014171674589649186,-0.06566442498987213,2020-02-13,5397.0,-0.1845676475709559,-0.17735671360660155,-0.007210933964354349,2020-03-12,4706.0,-0.22566115270764409,-0.17651358866266043,-0.04914756404498366,2020-04-09,4470.0,-0.09785826223228278,0.01184050148006266,v6
8593,5621,2757835107.0,0.029497200292565973,0.1668382577657721,0.07814008362858349,0.04194988266771271,True,True,bull,0.029760650722261417,-0.028517110266159662,2023-02-10,003690,코리안리,0.6612377850162866,0.8143322475570033,0.7133550488599348,2023-02-13,5621.0,0.0,-0.0015093399750933899,-0.004366439747193307,0.002857099772099917,2023-02-17,5635.0,0.025532111723892473,-0.015577019935336,0.04110913165922847,2023-02-24,5787.0,-0.0002640099626400848,-0.02086142748054398,0.020597417517903897,2023-03-13,5642.0,-0.0813883650595979,0.02035776373296061,-0.10174612879255851,2023-04-10,5186.0,-0.0015093399750933899,0.014033534257258617,-0.015542874232352007,2023-05-10,5635.0,-0.024728695961572678,0.07169542785981142,v6
9043,8170,2533817315.3,0.005412840776400474,0.18493637587605138,0.31143110465255164,0.018688167278076095,True,True,bear,0.014906832298136719,-0.0444444444444444,2024-12-12,003690,코리안리,0.5611510791366906,0.7769784172661871,0.841726618705036,2024-12-13,8180.0,0.001223990208078396,-0.026004889975550168,-0.015288529560384068,-0.0107163604151661,2024-12-19,8000.0,-0.011334963325183352,-0.027884790298130402,0.01654982697294705,2024-12-27,8120.0,-0.016224938875305624,0.009560384032339497,-0.02578532290764512,2025-01-14,8080.0,0.015559902200489088,0.0552481051035878,-0.03968820290309871,2025-02-17,8340.0,-0.012557457212713948,0.0560242546740779,-0.06858171188679185,2025-03-18,8110.0,-0.0488997555012225,0.014669926650366705,v6
9460,14850,3813777869.0,0.04874142764293521,0.28694108705687016,-0.0296510288999019,0.06171538096851026,True,True,mixed,0.016079370509750168,-0.041935483870967794,2026-09-02,003690,코리안리,0.6267605633802817,0.7992957746478874,0.7323943661971831,2026-09-03,14860.0,0.0006734006734006037,-0.03495558546433375,0.06034437388821323,-0.09529995935254698,2026-09-09,14400.0,0.013496635262449489,0.010170923848891844,0.003325711413557645,2026-09-16,15120.0,-0.03495558546433375,0.0531417237941576,-0.08809730925849135,2026-10-02,14400.0,,,,,,,,,,,-0.04979811574697168,0.053835800807537026,v6
5288,2349,4122521642.5,0.03151760087639377,0.19142148119063251,0.5880370473028078,0.02194294325129964,True,True,bull,0.039679553853984695,-0.06711675933280381,2009-09-22,003850,보령,0.6618357487922706,0.8357487922705314,0.9082125603864735,2009-09-23,2369.0,0.008514261387824629,-0.011176023638666096,-0.019140699813700257,0.007964676175034161,2009-09-29,2352.0,-0.07533811734909246,-0.07256402964545017,-0.0027740877036422917,2009-10-07,2200.0,-0.020040523427606535,-0.04014439678937687,0.020103873361770334,2009-10-21,2331.0,-0.20408442380751368,-0.06909920314794282,-0.13498522065957086,2009-11-18,1895.0,-0.11417306880540312,-0.03412012559270583,-0.08005294321269729,2009-12-16,2108.0,-0.1646264246517518,0.06205149852258329,v6
6965,9655,4549728870.0,0.054555950820080135,0.1955229917709007,0.16922285362236655,0.052222910330913086,True,True,mixed,0.012723286866588968,-0.04811199842255742,2016-06-30,003850,보령,0.8086642599277978,0.7942238267148014,0.7148014440433214,2016-07-01,9668.0,0.0013464526152253686,0.04533802234174589,-0.0016587773597118716,0.04699679970145776,2016-07-07,10145.0,0.015549027720314527,0.015884816118461043,-0.0003357883981465158,2016-07-14,9857.0,0.005102192800992892,0.02212040296152451,-0.017018210160531618,2016-07-28,9756.0,-0.045477037649979346,0.030414289760084312,-0.07589132741006366,2016-08-26,9267.0,0.04533802234174589,0.038283367722619976,0.007054654619125911,2016-09-28,10145.0,-0.034236657012825855,0.07592056268100955,v6
8184,26150,3330617947.5,0.18582448211039004,0.3488355074710907,0.3973522294090799,0.0039731635591879755,True,True,bull,0.009262832883056626,-0.12395309882747063,2021-06-16,003960,사조대림,0.9043659043659044,0.8378378378378378,0.7713097713097713,2021-06-17,26200.0,0.0019120458891013214,-0.0459847328244275,-3.0523167082741054e-06,-0.045981680507719225,2021-06-23,25100.0,0.05325190839694649,0.006251144618765636,0.047000763778180854,2021-06-30,27700.0,0.02844274809160297,-0.0034765887308466636,0.03191933682244963,2021-07-14,27050.0,0.02653435114503822,-0.016964776265185222,0.04349912741022344,2021-08-11,27000.0,0.2307328244274809,-0.04929491484036386,0.28002773926784474,2021-09-09,32350.0,-0.059160305343511466,0.07633587786259532,v6
4816,67500,32675482055.0,0.0530723116348204,0.20868206942748246,0.8638499781736171,0.044654355258030964,True,True,bull,0.030377041673027128,-0.09395973154362414,2007-10-31,004000,롯데정밀화학,0.6614583333333334,0.7760416666666666,0.8645833333333334,2007-11-01,68700.0,0.01777777777777767,-0.1306375545851528,-0.020207832813031956,-0.11042972177212085,2007-11-07,60000.0,-0.2208850072780204,-0.054068181055276665,-0.16681682622274374,2007-11-14,53800.0,-0.37517903930131,-0.12019200797955232,-0.2549870313217577,2007-11-28,43200.0,-0.36353420669577874,-0.09024950487452821,-0.27328470182125053,2007-12-28,44000.0,-0.2871149927219796,-0.21455596955877476,-0.07255902316320484,2008-01-29,49250.0,-0.4272197962154294,0.15429403202328973,v6
7199,41150,4712712882.5,0.025242842044412184,0.14166556076254477,0.25310809875124507,0.026116067292710543,True,True,bull,0.0014602092966657931,-0.0583524027459954,2017-06-13,004000,롯데정밀화학,0.5236363636363637,0.7490909090909091,0.8218181818181818,2017-06-14,41000.0,-0.0036452004860266785,-0.021073170731707332,-0.006420525552098044,-0.014652645179609288,2017-06-20,40300.0,-0.03326829268292686,0.0031075175924915044,-0.03637581027541836,2017-06-27,39800.0,-0.016195121951219523,0.004805958381910225,-0.021001080333129748,2017-07-11,40500.0,0.07039024390243909,0.004273360899796241,0.06611688300264285,2017-08-08,44050.0,0.03868292682926833,-0.02714150318300379,0.06582443001227212,2017-09-06,42750.0,-0.06341463414634141,0.0012195121951219523,v6
7370,73000,10005351675.0,0.09358060527871837,0.2331984980038868,0.6367174316692803,0.011443305494597267,True,True,bear,0.00877496027084912,-0.0641025641025641,2018-02-23,004000,롯데정밀화학,0.7813504823151125,0.7781350482315113,0.9035369774919614,2018-02-26,73900.0,0.012328767123287676,-0.1027821380243572,-0.03662360313951363,-0.06615853488484358,2018-03-05,66600.0,0.012238159675236785,0.0076135234348064795,0.0046246362404303056,2018-03-12,75100.0,-0.044595399188091966,-0.011466931672987624,-0.03312846751510434,2018-03-26,70900.0,-0.07571853856562927,0.003553248017522881,-0.07927178658315215,2018-04-23,68600.0,-0.1190202976995941,0.00026771046707385615,-0.11928800816666796,2018-05-24,65400.0,-0.10960757780784847,0.05953991880920162,v6
3442,8000,8410382694.0,0.13912746261902598,0.45410180959631985,0.8143555026227349,0.0724579074348648,True,True,bull,0.020538333971169775,-0.08045977011494254,2002-04-12,004020,현대제철,0.8373493975903614,0.8253012048192772,0.8373493975903614,2002-04-15,8300.0,0.03750000000000009,-0.046168674698795154,0.05107844921732818,-0.09724712391612333,2002-04-19,7950.0,-0.17026506024096388,-0.010682107753913317,-0.15958295248705057,2002-04-26,6920.0,-0.21484337349397586,-0.06501410629777937,-0.1498292671961965,2002-05-13,6550.0,-0.15580722891566268,-0.07247679286494346,-0.08333043605071921,2002-06-11,7040.0,-0.11725301204819283,-0.1298689479432108,0.012615935895017971,2002-07-11,7360.0,-0.308433734939759,0.00120481927710836,v6
4820,89500,104730950360.0,0.06757050623251981,0.2039425339596157,0.7047320575226159,0.004702551084257767,True,True,bull,0.021339723838867952,-0.10320641282565135,2007-11-06,004020,현대제철,0.6736842105263158,0.7631578947368421,0.8052631578947368,2007-11-07,91000.0,0.016759776536312776,-0.20180219780219777,-0.06811848537735377,-0.133683712424844,2007-11-13,73000.0,-0.17872527472527477,-0.09735895631044544,-0.08136631841482933,2007-11-20,75100.0,-0.125978021978022,-0.07537918599157256,-0.05059883598644943,2007-12-04,79900.0,-0.1007032967032967,-0.1171740157556238,0.01647071905232711,2008-01-07,82200.0,-0.23147252747252745,-0.1851575080272685,-0.046315019445258954,2008-02-04,70300.0,-0.29450549450549446,0.00219780219780219,v6
5300,81000,83591585050.0,0.013754669647097373,0.2812790373668337,0.29642151486226087,0.06020651304495428,True,True,mixed,-0.004547130392036358,-0.0847457627118644,2009-10-09,004020,현대제철,0.5854922279792746,0.917098445595855,0.8186528497409327,2009-10-12,81300.0,0.0037037037037037646,0.0033800738007379073,-0.011944416000578384,0.015324489801316291,2009-10-16,81900.0,0.020600246002460135,-0.012058860732807708,0.03265910673526784,2009-10-23,83300.0,-0.040900369003690096,-0.05284334925520573,0.011942980251515634,2009-11-06,78300.0,-0.03352029520295208,-0.02134093085731159,-0.012179364345640487,2009-12-04,78900.0,0.15221156211562126,0.027183635607972434,0.12502792650764882,2010-01-06,94000.0,-0.09102091020910208,0.05904059040590415,v6
7117,61400,28562445598.0,0.07465466012551869,0.16950852094933966,0.2142588765148803,0.017396176555821485,True,True,bull,0.01731422417363926,-0.02848101265822789,2017-02-09,004020,현대제철,0.7309417040358744,0.8565022421524664,0.8565022421524664,2017-02-10,62000.0,0.009771986970684043,0.018580645161290214,0.0029097215531361798,0.015670923608154034,2017-02-16,63400.0,0.029870967741935543,0.01533384719144415,0.014537120550491393,2017-02-23,64100.0,-0.004,0.010381539647364768,-0.014381539647364768,2017-03-10,62000.0,-0.08464516129032262,0.03657866846516988,-0.12122382975549251,2017-04-07,57000.0,-0.10077419354838713,0.10625782830715846,-0.2070320218555456,2017-05-11,56000.0,-0.012903225806451646,0.05483870967741944,v6
8031,30450,59017868287.5,0.14030806810051133,0.18295451918636818,0.3072196637407887,0.014672004675600814,True,True,mixed,0.0330788804071247,-0.07022900763358775,2020-11-03,004020,현대제철,0.8760806916426513,0.7838616714697406,0.7492795389048992,2020-11-04,30700.0,0.008210180623973828,0.043231270358306206,0.038753747903714775,0.004477522454591432,2020-11-10,32150.0,0.05137459283387624,0.07530957261192883,-0.02393497977805259,2020-11-17,32400.0,0.09209120521172642,0.1155836565988515,-0.02349245138712508,2020-12-01,33650.0,0.28590228013029306,0.21689139972557703,0.06901088040471604,2020-12-30,39600.0,0.25984364820846895,0.26040096217369935,-0.0005573139652303993,2021-01-29,38800.0,-0.04723127035830621,0.12214983713355054,v6
8070,39500,58514942977.5,0.15370149428044155,0.39407452863818504,0.5523692461620091,0.002932194356749296,True,True,bull,0.031870428422152486,-0.0716803760282021,2020-12-29,004020,현대제철,0.9071925754060325,0.9164733178654292,0.8631090487238979,2020-12-30,39650.0,0.0037974683544304,0.11705926860025229,0.07492660511424054,0.042132663486011745,2021-01-07,44450.0,0.10318789407313989,0.11685387681005244,-0.013665982736912552,2021-01-14,43900.0,0.023742749054224358,0.08817668666411382,-0.06443393760988947,2021-01-28,40750.0,0.02248171500630525,0.0792487483867308,-0.05676703338042555,2021-03-02,40700.0,0.20280958385876424,0.0885135230963423,0.11429606076242194,2021-03-30,47850.0,-0.015132408575031508,0.2496847414880201,v6
8955,3160,17681924425.75,0.31181152607100215,0.38238725872919477,0.19715515337104694,0.06335999578909335,True,True,mixed,0.024726388325901905,-0.1584553928095872,2024-08-01,004100,태양금속,0.9407894736842105,0.9342105263157895,0.7368421052631579,2024-08-02,3155.0,-0.0015822784810126667,-0.021432646592709933,-0.059814884955817216,0.03838223836310728,2024-08-08,3100.0,-0.05154358161648176,-0.008148886331125649,-0.04339469528535611,2024-08-16,3005.0,-0.005584786053882681,-0.016577247103210624,0.010992461049327943,2024-08-30,3150.0,-0.07690015847860543,-0.05504175568785641,-0.02185840279074902,2024-10-04,2925.0,0.060976228209191685,-0.04795928498670665,0.10893551319589834,2024-11-04,3360.0,-0.13629160063391443,0.04912836767036444,v6
4089,6998,4889489640.0,0.04551444801857696,0.15085012371374606,0.31061202148823375,0.01794948843744626,True,True,bull,0.03172731025535169,-0.04763200870985307,2004-11-25,004150,한솔홀딩스,0.6391752577319587,0.711340206185567,0.7525773195876289,2004-11-26,6997.0,-0.00014289797084876543,-0.017720165785336525,0.007154086259141934,-0.02487425204447846,2004-12-02,6901.0,-0.0360137201657853,-0.01880795607299912,-0.01720576409278618,2004-12-09,6773.0,-0.08646391310561674,-0.0010708345674512731,-0.08539307853816547,2004-12-23,6420.0,-0.14234500500214375,0.047606570823175653,-0.1899515758253194,2005-01-21,6029.0,0.014436472774046031,0.1032216171880338,-0.08878514441398777,2005-02-23,7126.0,-0.11404887809061026,0.009146777190224276,v6
3056,35844,10497678900.0,0.1607595583082283,0.7877858474182298,0.4518916054383505,0.10112166731160621,True,True,bear,-0.00716979407442897,-0.14326688656245523,2000-09-08,004170,신세계,0.7317073170731707,0.9390243902439024,0.8780487804878049,2000-09-14,35843.0,-2.7898672023241033e-05,-0.016164160366040844,-0.048091722946442594,0.03192756258040175,2000-09-20,35407.0,0.0935922774321345,-0.0587246741008326,0.1523169515329671,2000-09-27,39341.0,0.006490193343191123,-0.16018533061096274,0.16667552395415386,2000-10-12,36219.0,-0.04579337667047956,-0.11942830218313194,0.07363492551265238,2000-11-09,34345.0,-0.04752314259409085,-0.17735197110098955,0.1298288285068987,2000-12-07,34283.0,-0.12367826353820832,0.12892336020980388,v6
3255,62366,9350293325.0,0.10440497162279416,0.2780117883388429,0.7988566766498941,0.03962767911509446,True,True,mixed,0.02299466161670427,-0.0686220337211213,2001-07-06,004170,신세계,0.6382978723404256,0.6382978723404256,0.851063829787234,2001-07-09,62431.0,0.0010422345508771524,0.01599006903621603,-0.029805073053383868,0.045795142089599894,2001-07-13,63679.0,0.00652361807435398,-0.07275267980330424,0.07927629787765822,2001-07-23,63088.0,0.0685601063574186,0.007128453673895363,0.06143165268352324,2001-08-06,66961.0,-0.047103586359340754,-0.011585948278911906,-0.03551763808042885,2001-09-04,59740.0,-0.012409283849369675,-0.11218028089291399,0.09977099704354431,2001-10-05,61906.0,-0.049430571350771224,0.1303679261905144,v6
3807,145411,14421710825.0,0.04521598365815571,0.1423724341937238,0.34173650935596145,0.05044389919517078,True,True,mixed,0.030594797449222666,-0.028501372956432847,2003-10-08,004170,신세계,0.6309523809523809,0.7142857142857143,0.7857142857142857,2003-10-09,145738.0,0.002248798233971394,-0.017510546322853312,0.05683625350905097,-0.07434679983190429,2003-10-15,143769.0,-0.015253070578709723,0.0776485555847497,-0.09290162616345943,2003-10-22,144098.0,0.09961058886494945,0.11392142491668156,-0.014310836051732112,2003-11-05,160838.0,0.13113977137054156,0.11783496743324173,0.013304803937299825,2003-12-03,165433.0,0.30456742922230307,0.1396291123311162,0.16493831689118688,2004-01-05,190708.0,-0.036030410737076135,0.10811181709643325,v6
7332,293000,18223669450.0,0.08668884779361719,0.6086730934947382,0.257924263995277,0.020662673418376798,True,True,bear,0.02108381251089031,-0.047154471544715415,2017-12-27,004170,신세계,0.7976653696498055,0.953307392996109,0.8482490272373541,2017-12-28,293000.0,0.0,-0.019358361774744034,0.02386330560691352,-0.04322166738165756,2018-01-05,288500.0,0.04036860068259385,0.023412358412829848,0.016956242269764,2018-01-12,306000.0,0.15811604095563148,0.05552799767147287,0.1025880432841586,2018-01-26,340500.0,0.13593174061433455,0.006899492069478708,0.12903224854485584,2018-02-27,334000.0,0.16835494880546076,-0.008207238932321004,0.17656218773778176,2018-03-28,343500.0,-0.05119453924914674,0.2098976109215016,v6
7370,335500,28734213275.0,0.09076698745990075,0.30972196831215815,0.6842585350671613,0.07087821839166497,True,True,bear,0.016666666666666607,-0.08333333333333337,2018-02-23,004170,신세계,0.77491961414791,0.8456591639871383,0.909967845659164,2018-02-26,340000.0,0.013412816691505292,-0.046647058823529375,-0.03662360313951363,-0.010023455684015747,2018-03-05,325500.0,-0.011352941176470562,0.0076135234348064795,-0.01896646461127704,2018-03-12,337500.0,0.007764705882352899,-0.011466931672987624,0.019231637555340523,2018-03-26,344000.0,0.13570588235294112,0.003553248017522881,0.13215263433541824,2018-04-23,387500.0,0.36511764705882355,0.00026771046707385615,0.3648499365917497,2018-05-24,465500.0,-0.07647058823529407,0.03382352941176481,v6
7800,5270,4236579941.5,0.08651347656133312,0.04413572989826342,0.13876860117208767,0.04070491782681129,True,True,bull,0.028041940990002345,-0.06725663716814156,2019-11-26,004310,현대약품,0.8366533864541833,0.6653386454183267,0.8047808764940239,2019-11-27,5280.0,0.00189753320683117,0.003575757575757569,-0.023612419007997154,0.027188176583754723,2019-12-03,5320.0,-0.043772727272727296,-0.017086208754397925,-0.026686518518329372,2019-12-10,5070.0,-0.08733333333333337,0.026053305972911334,-0.11338663930624471,2019-12-24,4840.0,0.03766666666666674,0.019794140934283444,0.017872525732383293,2020-01-28,5500.0,-0.09017424242424243,-0.014457921638626803,-0.07571632078561563,2020-02-25,4825.0,-0.08522727272727271,0.14962121212121215,v6
7838,5460,4801148896.25,0.0766493423261354,0.07333076000630001,0.10537080530824383,0.01947902262288914,True,True,bull,0.039010466222645146,-0.10049423393739698,2020-01-22,004310,현대약품,0.7692307692307693,0.6776556776556777,0.73992673992674,2020-01-23,5470.0,0.001831501831501825,-0.10180621572212067,-0.060114258340947524,-0.04169195738117315,2020-01-31,4935.0,-0.04421937842778789,-0.018890771509931126,-0.025328606917856766,2020-02-07,5250.0,-0.10089213893967097,-0.04067348550036809,-0.06021865343930288,2020-02-21,4940.0,-0.43727239488117,-0.30533501290728926,-0.13193738197388072,2020-03-20,3100.0,-0.21880804387568553,-0.15798344673414533,-0.060824597141540204,2020-04-20,4295.0,-0.1261425959780622,0.054844606946983454,v6
8627,46000,7089910750.0,0.04886897211876362,0.2754640715757801,1.802105577525268,0.006742969604549787,True,True,mixed,0.03081232492997188,-0.13043478260869568,2023-03-31,004360,세방,0.7263513513513513,0.8445945945945946,0.9864864864864865,2023-04-03,46000.0,0.0,-0.007260869565217428,0.0018505034576254964,-0.009111373022842924,2023-04-07,45850.0,-0.012695652173912993,0.03446763831507638,-0.04716329048898937,2023-04-14,45600.0,-0.6113913043478261,0.0063238944247550055,-0.6177151987725811,2023-04-28,18060.0,-0.6842173913043479,0.03673249363386577,-0.7209498849382137,2023-05-31,14710.0,-0.742695652173913,0.02583061456828961,-0.7685262667422026,2023-06-29,12020.0,-0.6771739130434782,0.03695652173913033,v6
2437,58940,2138251100.0,0.1786820210420509,0.38983166948402326,0.9200101501272356,0.10614198828971988,True,True,bear,0.03162976148593888,-0.11465609180899161,1998-04-22,004370,농심,0.9375,0.8125,0.9375,1998-04-23,58940.0,0.0,-0.015486257210722717,-0.06150293870696899,0.04601668149624627,1998-04-28,58263.0,-0.12530980658296575,-0.12251609291911558,-0.0027937136638501725,1998-05-06,51790.0,-0.10237122497455042,-0.1627017445657244,0.06033051959117397,1998-05-18,53142.0,-0.15318561248727525,-0.2954333426625618,0.14224773017528658,1998-06-12,50147.0,-0.10713878520529352,-0.2778943931336878,0.17075560792839428,1998-07-06,52861.0,-0.17704445198506957,0.008194774346793388,v6
3999,252000,3703447675.0,0.09180745123503553,0.2931507348690121,0.3336681008535807,0.0398882145290147,True,True,bear,0.013778537664688617,-0.040000000000000036,2004-07-19,004370,농심,0.6707317073170732,0.8414634146341463,0.7682926829268293,2004-07-20,251500.0,-0.001984126984126977,-0.0755705765407555,-0.008124056908816568,-0.06744651963193893,2004-07-26,233500.0,-0.13322465208747514,-0.030515736150032335,-0.1027089159374428,2004-08-02,219000.0,-0.025868787276341895,0.042587303298124546,-0.06845609057446644,2004-08-16,246000.0,-0.0755705765407555,0.1477554429834016,-0.2233260195241571,2004-09-13,233500.0,-0.10539165009940354,0.14064184091399,-0.24603349101339356,2004-10-14,226000.0,-0.14314115308151099,0.005964214711729587,v6
6810,368500,7223807836.85,0.0680704750092086,0.10465129577868404,0.40649560185834344,0.04624268618376792,True,True,mixed,0.008828964478817314,-0.05391527599486523,2015-11-11,004370,농심,0.7734375,0.78515625,0.90234375,2015-11-12,367500.0,-0.0027137042062415073,0.05586394557823127,-0.017243105761720612,0.07310705133995188,2015-11-18,389500.0,0.07627210884353741,0.006058117877956626,0.07021399096558079,2015-11-25,397000.0,0.08035374149659869,-0.024572927723149007,0.10492666921974769,2015-12-09,398500.0,0.23545578231292508,-0.05130875372999821,0.2867645360429233,2016-01-11,455500.0,0.24361904761904762,-0.06798109466685354,0.31160014228590116,2016-02-11,458500.0,-0.03129251700680269,0.16598639455782305,v6
6837,418500,7733020718.85,0.05225086695162462,0.13295515837793748,0.4844382763992695,0.029534215309184653,True,True,bear,0.03743182944967782,-0.023337222870478458,2015-12-18,004370,농심,0.7024793388429752,0.731404958677686,0.8884297520661157,2015-12-21,423500.0,0.01194743130227005,0.03023848878394331,-0.0051664927618449985,0.035404981545788305,2015-12-28,438000.0,0.07746399055489972,-0.02473331780008703,0.10219730835498675,2016-01-06,458000.0,0.17663754427390788,-0.06524469927973009,0.24188224355363797,2016-01-20,500000.0,-0.015806375442739103,-0.029327444206943443,0.01352106876420434,2016-02-22,418500.0,-0.03587721369539554,0.011422001154863137,-0.047299214850258675,2016-03-22,410000.0,-0.016528925619834656,0.22314049586776852,v6
7174,19252,2709290712.5,0.031760026552306586,0.29337182029711606,0.30887447637375787,0.007565533834676952,True,True,bull,0.03150173729710337,-0.03908160718742204,2017-05-04,004380,삼익THK,0.7245762711864406,0.9533898305084746,0.923728813559322,2017-05-08,19513.0,0.013557033035528798,-0.04750945523497152,0.020056911039761927,-0.06756636627473345,2017-05-15,18664.0,-0.06088515348741863,0.026015202996067854,-0.08690035648348649,2017-05-22,18403.0,0.11971239686362933,0.05477798905419906,0.06493440780943027,2017-06-05,21927.0,0.20334894685594218,0.06007721732624982,0.14327172952969236,2017-07-04,23559.0,0.4642006867216728,0.07897631378556369,0.3852243729361091,2017-08-01,28649.0,-0.10034336083636552,0.15384615384615374,v6
6201,14800,4070699127.5,0.025880428175405923,0.1870159360711101,0.3400139091871779,0.05139766250826239,True,True,mixed,0.013872238396985814,-0.0326797385620915,2013-05-22,004430,송원산업,0.5779816513761468,0.7247706422018348,0.7935779816513762,2013-05-23,14700.0,-0.006756756756756799,-0.03461224489795922,0.007699241153929393,-0.042311486051888614,2013-05-29,14250.0,-0.11624489795918369,-0.01345478898842345,-0.10279010897076024,2013-06-05,13050.0,-0.13325170068027214,-0.06819040137770593,-0.06506129930256621,2013-06-20,12800.0,-0.13325170068027214,-0.05560674955058387,-0.07764495112968828,2013-07-18,12800.0,-0.20808163265306123,-0.03313342497897698,-0.17494820767408426,2013-08-16,11700.0,-0.13265306122448983,0.010204081632652962,v6
6801,11500,2823634175.0,0.05369644752707381,0.12548069233604298,0.3021277335768009,0.03971887435331811,True,True,bull,0.01792431953972118,-0.04958677685950408,2015-10-29,004430,송원산업,0.7584905660377359,0.7547169811320755,0.7622641509433963,2015-10-30,11500.0,0.0,-0.025739130434782594,0.007189966482862964,-0.03292909691764556,2015-11-05,11250.0,-0.08226086956521739,-0.020356009003430375,-0.06190486056178701,2015-11-12,10600.0,0.052521739130434675,-0.002014959848239073,0.05453669897867375,2015-11-26,12150.0,0.22643478260869565,-0.021687848317754166,0.24812263092644982,2015-12-24,14150.0,0.29165217391304354,-0.08015117113398007,0.3718033450470236,2016-01-26,14900.0,-0.13043478260869568,0.05652173913043468,v6
6859,14600,4823862755.0,0.09592211496517933,0.3902230462766276,0.40490741872648217,0.024256122446979278,True,True,bear,0.011605750909405854,-0.0641025641025641,2016-01-22,004430,송원산업,0.6770428015564203,0.9221789883268483,0.9066147859922179,2016-01-25,14800.0,0.013698630136986356,0.006135135135135087,0.011591672618575188,-0.005456537483440101,2016-01-29,14950.0,0.08721621621621622,0.014623178054651742,0.07259303816156448,2016-02-05,16150.0,0.13789189189189188,0.011840330132529164,0.12605156175936272,2016-02-24,16900.0,0.13789189189189188,0.0506943893341798,0.08719750255771208,2016-03-24,16900.0,0.468972972972973,0.06631219744464723,0.4026607755283258,2016-04-22,21800.0,-0.060810810810810856,0.14189189189189189,v6
7253,21100,5944640360.0,0.05011671461497624,0.07947362406754133,0.13111590469664058,0.012242898155067294,True,True,mixed,-0.009970674486803555,-0.09829059829059827,2017-08-29,004430,송원산업,0.6738197424892703,0.7296137339055794,0.7296137339055794,2017-08-30,21350.0,0.011848341232227444,-0.10001873536299766,-0.017528598514439775,-0.08249013684855788,2017-09-05,19300.0,-0.08830913348946134,-0.0011232491459507443,-0.0871858843435106,2017-09-12,19550.0,-0.15622482435597185,0.0026138767719676714,-0.15883870112793952,2017-09-26,18100.0,0.017077283372365363,0.07953110682268272,-0.06245382345031736,2017-11-01,21800.0,0.15290866510538637,0.06113262363130412,0.09177604147408225,2017-11-29,24700.0,-0.19672131147540983,0.0,v6
7333,27000,8355311630.0,0.11118816381157459,0.45247199826355655,0.22240926947136952,0.03060565305518681,True,True,mixed,0.03956107421311006,-0.06574394463667821,2017-12-28,004430,송원산업,0.8488372093023255,0.9186046511627907,0.7790697674418605,2018-01-02,27150.0,0.005555555555555536,-0.05740699815837935,0.015524110454732787,-0.07293110861311214,2018-01-08,25700.0,-0.12554696132596688,0.01166530632035756,-0.13721226764632444,2018-01-15,23850.0,-0.09055616942909761,0.04983312187356059,-0.1403892913026582,2018-01-29,24800.0,-0.12186372007366486,-0.01919300485684039,-0.10267071521682447,2018-02-28,23950.0,0.11938858195211788,-0.015552394882943021,0.1349409768350609,2018-03-29,30500.0,-0.1675874769797422,0.005524861878453136,v6
5696,45900,2169306882.5,0.05277085745633503,0.20389554093300322,0.35818824673196525,0.10670686433533327,True,True,bull,0.005586592178770999,-0.07459677419354838,2011-05-12,004490,세방전지,0.7162162162162162,0.8108108108108109,0.8378378378378378,2011-05-13,45900.0,0.0,-0.09005664488017429,-0.01803194954053189,-0.0720246953396424,2011-05-19,41950.0,-0.056287581699346445,-0.01971893026677718,-0.036568651432569266,2011-05-26,43500.0,-0.06500217864923752,-0.04091865472659184,-0.024083523922645678,2011-06-10,43100.0,0.05918082788671031,0.02172456290797986,0.03745626497873045,2011-07-08,48800.0,-0.12382570806100224,-0.08914755926691309,-0.03467814879408915,2011-08-05,40400.0,-0.10784313725490191,0.0010893246187364536,v6
8816,60400,3606121205.0,0.04697705391965967,0.03430478098361944,0.24675658961485347,0.0817926679737011,True,True,bull,0.03842516977563837,-0.03514376996805113,2024-01-09,004490,세방전지,0.7241379310344828,0.603448275862069,0.8526645768025078,2024-01-10,60100.0,-0.004966887417218513,-0.02729450915141429,-0.025889538489139774,-0.001404970662274515,2024-01-16,58700.0,-0.08386688851913482,-0.033292121202666,-0.050574767316468816,2024-01-23,55300.0,0.09416971713810307,0.004769946606239639,0.08939977053186343,2024-02-06,66000.0,0.4269484193011648,0.04539054669126408,0.3815578726099007,2024-03-08,86000.0,0.3254509151414309,0.05859662944574251,0.26685428569568836,2024-04-05,79900.0,-0.10482529118136441,0.1547420965058237,v6
6437,159000,2842164350.0,0.11999722446029581,0.2998552333218605,0.22262873730914312,0.03561961083934495,True,True,mixed,0.024649589173513675,-0.02752293577981646,2014-05-08,004690,삼천리,0.890625,0.9114583333333334,0.7083333333333334,2014-05-09,157500.0,-0.009433962264150941,-0.06749206349206349,0.02903536253250616,-0.09652742602456965,2014-05-15,147500.0,-0.06749206349206349,0.0317945410242233,-0.09928660451628679,2014-05-22,147500.0,-0.09923809523809524,0.018715318303745176,-0.11795341354184041,2014-06-09,142500.0,0.0023492063492063266,0.026434875197084207,-0.02408566884787788,2014-07-07,158500.0,0.103936507936508,0.06498146896820045,0.03895503896830754,2014-08-04,174500.0,-0.10476190476190472,0.00952380952380949,v6
8616,501000,9505816125.0,0.06980446980983934,0.27048078025627253,1.169927177901351,0.0296488525765497,True,True,mixed,0.014324037050159388,-0.030947775628626717,2023-03-16,004690,삼천리,0.7467105263157895,0.8651315789473685,0.9835526315789473,2023-03-17,503000.0,0.003992015968063978,0.00594035785288272,0.008645005616341628,-0.002704647763458908,2023-03-23,508000.0,0.0039522862823062645,0.020576611057952388,-0.016624324775646123,2023-03-30,507000.0,0.017868787276341894,0.06571535549361407,-0.04784656821727218,2023-04-13,514000.0,-0.7425685884691848,0.03147231351666191,-0.7740409019858467,2023-05-15,131500.0,-0.778155069582505,0.089603527894496,-0.867758597477001,2023-06-14,113600.0,-0.006958250497017926,0.041749502982107334,v6
5407,22365,2783438275.0,0.07725568401104232,0.16419833928434613,0.31217342388258695,0.07364260001279255,True,True,mixed,0.03181248832204164,-0.08355187674151776,2010-03-16,004710,한솔테크닉스,0.8397435897435898,0.8589743589743589,0.8653846153846154,2010-03-17,22397.0,0.0014308070646098514,0.040782783408492174,0.011134491673179703,0.02964829173531247,2010-03-23,23400.0,0.12284734562664634,0.022178801178380336,0.100668544448266,2010-03-30,25238.0,0.23487127740322356,0.02843143149161298,0.20643984591161058,2010-04-13,27747.0,0.6109930794302809,-0.00016232790236281325,0.6111554073326437,2010-05-12,36171.0,0.7249815600303613,0.007238622016473295,0.717742938013888,2010-06-11,38724.0,-0.005938295307407193,0.29557530026342804,v6
5917,18821,2596071590.0,0.014111143093207268,0.12862130899970192,0.21010779495483534,0.03360134674117421,True,True,bull,0.007742391467306264,-0.11513869299482837,2012-03-29,004710,한솔테크닉스,0.6651376146788991,0.7706422018348624,0.7201834862385321,2012-03-30,18821.0,0.0,-0.04124562988151537,0.008585632612478244,-0.04983126249399361,2012-04-05,18120.0,-0.07631284203814892,-0.0012875963211532726,-0.07502524571699565,2012-04-13,17460.0,-0.1528231231071675,-0.017971662938105926,-0.13485146016906158,2012-04-27,16020.0,-0.39043005153817545,-0.08033308476261491,-0.31009696677556053,2012-05-29,11548.0,-0.47512268211040865,-0.09637086751180701,-0.37875181459860163,2012-06-27,9954.0,-0.19425110249189736,0.014451941979703564,v6
7823,8807,7933652325.0,0.005353787857475645,0.21414028305935084,0.2544600940125654,0.010882163374211995,True,True,bull,0.012316304304097248,-0.07265452248078341,2019-12-30,004710,한솔테크닉스,0.6583333333333333,0.8625,0.9,2020-01-02,8807.0,0.0,0.03857976609515168,-0.0226693500392966,0.06124911613444828,2020-01-08,9182.0,0.09001612353809474,0.013524379772942963,0.07649174376515178,2020-01-15,9635.0,-0.02523311002611561,-0.037343097659923274,0.012109987633807665,2020-01-31,8620.0,-0.22212194845009647,-0.09731011579994642,-0.12481183265015006,2020-02-28,6886.0,-0.48225593278074264,-0.21964283280559327,-0.26261309997514937,2020-03-27,4595.0,-0.03803792437833542,0.17463381401158173,v6
8010,9015,7215180002.5,0.049131117871573426,0.1692729942824045,0.3963166817069581,0.01656552404034195,True,True,mixed,-0.004719715161049964,-0.11591644601353335,2020-09-29,004710,한솔테크닉스,0.6843434343434344,0.7070707070707071,0.75,2020-10-05,9004.0,-0.0012201885745979357,0.0670795202132386,0.031400313230782295,0.0356792069824563,2020-10-12,9644.0,0.033205686361617026,0.0069468580378020395,0.026258828323814987,2020-10-19,9339.0,-0.0663056419369169,-0.013039840381026124,-0.05326580155589078,2020-11-02,8443.0,-0.04220524211461574,0.11190062431614844,-0.15410586643076418,2020-11-30,8660.0,0.10650644158151934,0.21023363583703425,-0.10372719425551491,2020-12-29,9999.0,-0.07330075521990231,0.09418036428254117,v6
8689,8088,2360435138.0,0.08129056640320598,0.31451503865460384,0.4703724985735871,0.04180248648144991,True,True,mixed,0.02715196464402725,-0.021415607985480922,2023-07-03,004710,한솔테크닉스,0.7130177514792899,0.8727810650887574,0.8313609467455622,2023-07-04,8058.0,-0.0037091988130564246,-0.06629833705634147,-0.03225682606959668,-0.034041510986744794,2023-07-10,7556.0,-0.05041350210970463,0.0054823551091864875,-0.05589585721889112,2023-07-17,7684.0,-0.1580084388185654,0.010695967320863753,-0.16870440613942916,2023-07-31,6817.0,-0.21546686522710345,-0.020178752418686052,-0.1952881128084174,2023-08-29,6354.0,-0.25095954331099524,-0.054420436745600265,-0.19653910656539497,2023-09-26,6068.0,-0.21767187887813355,0.007446016381235987,v6
6798,8640,11525289342.0,0.15877125084154686,0.2513792895880431,0.2754589046306273,0.06168405151553169,True,True,bull,0.036717062634989306,-0.09433962264150941,2016-05-11,004720,팜젠사이언스,0.8772563176895307,0.851985559566787,0.8158844765342961,2016-05-12,8600.0,-0.00462962962962965,0.3215813953488371,-0.008387051001378376,0.3299684463502155,2016-05-18,11400.0,0.5308837209302326,-0.00647145868807264,0.5373551796183053,2016-05-25,13200.0,0.565767441860465,0.025789548366172088,0.5399778934942929,2016-06-09,13500.0,0.8622790697674418,0.00040541636260438274,0.8618736534048375,2016-07-07,16050.0,0.868093023255814,0.013556109624584423,0.8545369136312295,2016-08-04,16100.0,-0.010465116279069764,0.8023255813953489,v6
7639,2965,2525561881.0,0.048104567456726866,0.22448029679139503,0.407404688412789,0.04806491344736674,True,True,mixed,0.03589833173202894,-0.08204334365325072,2019-04-03,004770,써니전자,0.7490494296577946,0.8783269961977186,0.9429657794676806,2019-04-04,3000.0,0.01180438448566612,0.0009999999999998933,0.01060862137898444,-0.009608621378984546,2019-04-10,3015.0,0.04933333333333323,0.020376730999891013,0.028956602333442216,2019-04-17,3160.0,0.03766666666666674,0.005320212263293822,0.032346454403372915,2019-05-02,3125.0,0.07433333333333336,-0.07237487733071635,0.1467082106640497,2019-05-31,3235.0,0.1293333333333333,-0.032393777487006226,0.16172711082033953,2019-07-01,3400.0,-0.050000000000000044,0.09333333333333327,v6
3264,5737,3154128200.0,0.1828204942618621,0.26153843300198054,0.5596817054949491,0.05273756377694716,True,True,bear,-0.0015836828457562735,-0.1544583640383198,2001-07-20,004800,효성,0.9459459459459459,0.6351351351351351,0.7972972972972973,2001-07-23,5592.0,-0.02527453372842947,-0.047991416309012824,0.011457943925233582,-0.05944936023424641,2001-07-27,5346.0,-0.05156795422031479,0.06297196261682259,-0.11453991683713738,2001-08-03,5326.0,-0.025995708154506466,0.05998130841121507,-0.08597701656572154,2001-08-20,5469.0,-0.20982975679542204,-0.12381308411214953,-0.08601667268327251,2001-09-17,4441.0,-0.20607439198855504,-0.020168224299065396,-0.18590616768948964,2001-10-18,4462.0,-0.09942775393419168,0.07349785407725329,v6
4598,11282,7749758925.0,0.062020841412956274,0.3432994943182688,0.6076694722931213,0.053327142854560305,True,True,bull,-0.010914829264016102,-0.07296631059983572,2006-12-11,004800,효성,0.6397058823529411,0.9117647058823529,0.9632352941176471,2006-12-12,11304.0,0.0019500088636765778,0.060667374380750205,0.029456551407105236,0.03121082297364497,2006-12-18,12035.0,0.07075230007077149,0.029952162732901355,0.040800137337870135,2006-12-26,12149.0,0.02236234961075723,-0.019328841706052313,0.04169119131680954,2007-01-11,11602.0,0.165409058740269,0.022525175618795856,0.14288388312147315,2007-02-08,13219.0,0.11701910828025475,0.035274597405582364,0.08174451087467238,2007-03-12,12672.0,-0.06042108987968864,0.11296886058032563,v6
6729,68381,30861168831.0,0.07618524158738271,0.5527125355303576,0.9328644448889059,0.10528599321778587,True,True,mixed,0.038420858013437975,-0.025967181357187674,2015-07-15,004800,효성,0.5909090909090909,0.8766233766233766,0.8376623376623377,2015-07-16,68609.0,0.003334259516532434,-0.060479470623387654,-0.004128703654577959,-0.056350766968809696,2015-07-22,64734.0,-0.13689801629523823,-0.017204539644719352,-0.11969347665051888,2015-07-29,59491.0,-0.07377218732236301,-0.04718105040780596,-0.026591136914557056,2015-08-12,63822.0,-0.16346887434593127,-0.053624914990184736,-0.10984395935574653,2015-09-10,57668.0,-0.190054307743882,-0.026161318484148377,-0.1638929892597336,2015-10-13,55844.0,-0.14288212916672738,0.016615895873719255,v6
7088,68381,19196267800.0,0.03159376908499478,0.10507158083440038,0.17371007055316467,0.009990081830195452,True,True,bull,0.0097607796810395,-0.032253042739881166,2016-12-27,004800,효성,0.6244343891402715,0.7828054298642534,0.8144796380090498,2016-12-28,67469.0,-0.013337038066129514,-0.024261156975796335,0.011761447380135293,-0.03602260435593163,2017-01-04,66102.0,-0.044537135573374464,0.02636681075841074,-0.0709039463317852,2017-01-11,64734.0,-0.08845360091301191,0.022296301425420273,-0.11074990233843218,2017-01-25,61771.0,-0.1222468985756422,0.03573936870010774,-0.15798626727574994,2017-02-24,59491.0,-0.15602537461649058,0.06617668879150873,-0.2222020634079993,2017-03-27,57212.0,-0.08784775230105679,0.010123167677007272,v6
7667,62166,6576885977.7,0.13580183947029778,0.2115489177062182,0.6582448974341508,0.05557623463649786,True,True,bear,0.0290118235554091,-0.021808912386706902,2019-05-15,004800,효성,0.8602941176470589,0.8198529411764706,0.9485294117647058,2019-05-16,61780.0,-0.006209181867902092,-0.0526241502104241,-0.014330176430153552,-0.03829397378027055,2019-05-22,58776.0,-0.06882680479119452,-0.03415947452837398,-0.03466733026282054,2019-05-29,57775.0,-0.0526241502104241,0.003947720155808465,-0.05657187036623257,2019-06-13,58776.0,-0.09626286824214958,-0.006826166653937316,-0.08943670158821226,2019-07-11,56080.0,0.045886694723211496,-0.083188535858856,0.1290752305820675,2019-08-08,64862.0,-0.07979928779540302,0.007478148268047935,v6
7733,65478,6168038015.0,0.16488678314975758,0.20211378757263965,0.2859834714071702,0.011982337184299752,True,True,bear,0.03412087170144762,-0.02746297919111207,2019-08-19,004800,효성,0.937007874015748,0.8622047244094488,0.8779527559055118,2019-08-20,65555.0,0.0011759675005345027,-0.0004762413240790818,-0.013731413954781058,0.013255172630701976,2019-08-26,65786.0,0.019506978872702255,0.013484372024560098,0.006022606848142157,2019-09-02,67096.0,0.0218561513233162,0.06574403368004988,-0.04388788235673369,2019-09-18,67250.0,-0.01222210357714892,0.06057673997292845,-0.07279884355007737,2019-10-18,65016.0,-0.045125772252307184,0.11281066809401996,-0.15793644034632714,2019-11-15,62859.0,-0.00822210357714892,0.15040805430554505,v6
9215,86800,4346750780.0,0.016012996201071106,0.1437562252800031,0.5906401122519358,0.027728831150352073,True,True,mixed,0.015620429415550197,-0.03555555555555556,2025-08-29,004800,효성,0.5842293906810035,0.8207885304659498,0.9175627240143369,2025-09-01,85700.0,-0.012672811059907807,-0.018002333722287097,0.012810546739219664,-0.03081288046150676,2025-09-05,84500.0,0.03684014002333713,0.07298282868500716,-0.03614268866167003,2025-09-12,89200.0,-0.005166861143523934,0.06998401051640357,-0.07515087165992751,2025-09-26,85600.0,0.4744130688448074,0.29796055084718986,0.17645251799761752,2025-10-31,126700.0,0.5210875145857643,0.24079340702399699,0.2802941075617673,2025-11-28,130700.0,-0.03617269544924151,0.1073512252042006,v6
6549,15416,2261933127.5,0.1921514242932887,0.18077295869031795,0.6884308977946375,0.05691813716935923,True,True,bear,0.036686852112747026,-0.05400098183603341,2014-10-23,004840,DRB동일,0.8283261802575107,0.6351931330472103,0.8755364806866953,2014-10-24,15635.0,0.014206019719771756,-0.04339878477774228,0.008478939077252612,-0.051877723854994895,2014-10-30,15019.0,-0.1931269587464023,-0.0030785704724936025,-0.19004838827390869,2014-11-06,12678.0,-0.2977000319795331,0.008020757184189042,-0.30572078916372214,2014-11-20,11043.0,-0.23265366165653978,-0.023145907766440543,-0.20950775389009924,2014-12-18,12060.0,-0.28701886792452835,-0.012432688446608942,-0.2745861794779194,2015-01-20,11210.0,-0.3135913015669971,0.014070994563479378,v6
739,101500,2230556865.0,0.1436549871173164,0.4336232679489014,1.2504750748122389,0.032757650538579375,True,True,bear,-0.010865857818057822,-0.12121212121212122,2008-06-26,004890,동일산업,0.8313953488372093,0.9244186046511628,0.9825581395348837,2008-06-27,99000.0,-0.024630541871921152,0.026303030303030276,-0.039879995457995476,0.06618302576102575,2008-07-03,102000.0,-0.05147474747474745,-0.08118235550747932,0.02970760803273187,2008-07-10,94300.0,-0.02420202020202022,-0.028166404704560444,0.003964384502540223,2008-07-24,97000.0,-0.32420202020202016,-0.10539841149366203,-0.21880360870835813,2008-08-22,67300.0,-0.3959191919191919,-0.12725382036371902,-0.2686653715554729,2008-09-22,60200.0,-0.16161616161616166,0.09595959595959602,v6
8157,8110,3975799393.0,0.06417280572823558,0.19451037202683796,0.3009348327943273,0.04698680998018934,True,True,bull,0.029645146956135404,-0.12982832618025753,2021-05-07,004910,조광페인트,0.570873786407767,0.6485436893203883,0.7262135922330097,2021-05-10,8290.0,0.022194821208384674,0.034600723763570596,-0.015036889419202448,0.049637613182773044,2021-05-14,8610.0,-0.0196815440289505,-0.01785435395100976,-0.00182719007794074,2021-05-24,8160.0,0.029775633293124274,0.015824030286181845,0.01395160300694243,2021-06-07,8570.0,0.06958262967430628,0.028658799422763392,0.04092383025154289,2021-07-05,8900.0,-0.012443908323281013,0.0067406745672287105,-0.019184582890509724,2021-08-02,8220.0,-0.026537997587454787,0.3027744270205066,v6
3463,17000,3389683170.0,0.21228643547156767,0.9866347721641824,2.439974834483203,0.035560043445844736,True,True,mixed,0.03563813585135556,-0.08108108108108103,2002-05-14,004980,성신양회,0.9384615384615385,0.9692307692307692,0.9846153846153847,2002-05-15,17350.0,0.020588235294117574,-0.20284726224783867,-0.015307202144419163,-0.1875400601034195,2002-05-21,13900.0,-0.17402881844380402,-0.0020926896940911544,-0.17193612874971287,2002-05-28,14400.0,-0.19420172910662825,-0.03235439347268931,-0.16184733563393894,2002-06-12,14050.0,-0.19708357348703165,-0.06777728138446715,-0.1293062921025645,2002-07-12,14000.0,-0.2316657060518732,-0.18245197394718904,-0.04921373210468416,2002-08-12,13400.0,-0.28530259365994237,0.0028818443804035088,v6
5275,9110,2440238973.0,0.034513842368021797,0.25406262845199223,0.7622478262363819,0.034344411837161415,True,True,bull,-0.0019172829361818744,-0.07979797979797976,2009-09-03,004980,성신양회,0.6872037914691943,0.8862559241706162,0.8862559241706162,2009-09-04,9200.0,0.009879253567508295,-0.03552173913043477,0.013314274800224402,-0.04883601393065917,2009-09-10,8910.0,-0.021391304347826098,0.04460682533716964,-0.06599812968499574,2009-09-17,9040.0,-0.045304347826086944,0.01328346898162125,-0.05858781680770819,2009-10-01,8820.0,-0.20943478260869564,-0.026111011847917753,-0.18332377076077788,2009-10-30,7310.0,-0.17465217391304344,-0.060730590793989125,-0.11392158311905431,2009-11-27,7630.0,-0.06521739130434778,0.059782608695652106,v6
6649,12900,2743467535.0,0.0879977727910719,0.5150256819642125,0.4453325494582552,0.005937091358897417,True,True,bull,0.02686567164179099,-0.08510638297872342,2015-03-20,004980,성신양회,0.7628458498023716,0.9407114624505929,0.849802371541502,2015-03-23,13200.0,0.023255813953488413,0.04145454545454541,-0.011462299703409395,0.052916845157954806,2015-03-27,13800.0,0.10963636363636353,0.0010767318252562497,0.10855963181110728,2015-04-03,14700.0,0.0073636363636364645,0.04907939428940589,-0.041715757925769426,2015-04-17,13350.0,-0.07218181818181824,0.037993950724836134,-0.11017576890665437,2015-05-19,12300.0,0.23084848484848486,-0.0040915809359737265,0.23494006578445858,2015-06-17,16300.0,-0.011363636363636354,0.16666666666666674,v6
6361,73698,2053344850.0,0.11796705796755325,0.12314227150076862,0.14855749357559422,0.006075035637601589,True,True,bear,0.03960259865384019,-0.03532861238006724,2014-01-15,004990,롯데지주,0.8529411764705882,0.711764705882353,0.7764705882352941,2014-01-16,74044.0,0.0046948356807512415,-0.04724455729025989,0.00638946631867654,-0.05363402360893643,2014-01-22,70842.0,-0.03473847982280809,-0.008560148321424377,-0.02617833150138371,2014-01-29,71768.0,-0.06026384312030686,-0.009004499696104618,-0.05125934342420224,2014-02-14,69878.0,-0.097268867160067,-0.01941355833516356,-0.07785530882490344,2014-03-14,67138.0,-0.04567792123602188,0.020189896369087412,-0.06586781760510929,2014-04-11,70958.0,-0.07973637296742475,0.008859596996380503,v6
6044,5270,2021538517.5,0.05093513564637653,0.0907243883088138,0.2871468613707262,0.019576751138596915,True,True,bull,0.02529182879377423,-0.030001840603718022,2012-10-02,005010,휴스틸,0.7207207207207207,0.6531531531531531,0.7477477477477478,2012-10-04,5270.0,0.0,0.02199620493358623,-0.02527104711491801,0.04726725204850424,2012-10-10,5407.0,0.04780265654648952,-0.02180384544185554,0.06960650198834506,2012-10-17,5543.0,-0.057510436432637535,-0.04336253520985833,-0.014147901222779202,2012-10-31,4988.0,-0.11633396584440225,-0.04300230646460501,-0.07333165937979724,2012-11-28,4678.0,-0.14726375711574957,-0.0008405337389242318,-0.14642322337682534,2012-12-28,4515.0,-0.07779886148007586,0.08804554079696403,v6
8387,3431,2693908095.0,0.04333399362444079,0.3383097885576929,0.25259824264602737,0.05413992038787274,True,True,mixed,0.03657154941917562,-0.08506666666666662,2022-04-13,005010,휴스틸,0.6086956521739131,0.9053708439897699,0.8516624040920716,2022-04-14,3485.0,0.015738851646750263,0.27060545193687235,-0.0002390285878191012,0.27084448052469146,2022-04-20,4442.0,0.21838163558106172,-0.029521869277104096,0.2479035048581658,2022-04-27,4260.0,0.21838163558106172,-0.06224304426809457,0.2806246798491563,2022-05-12,4260.0,0.16615781922525108,-0.07900078695565838,0.24515860618090946,2022-06-13,4078.0,,-0.13939779505321148,,2022-07-11,3996.0,-0.0022955523672884004,0.41032998565279777,v6
7457,19798,11241594067.5,0.05244503671542122,0.7822813270839698,0.9064180506487185,0.05283694099099012,True,True,bear,0.010509337947438135,-0.08274647887323938,2018-07-04,005070,코스모신소재,0.7741935483870968,0.9806451612903225,0.9419354838709677,2018-07-05,19708.0,-0.004545913728659423,0.025480414045057746,0.007011842418997327,0.01846857162606042,2018-07-11,20289.0,0.15928394560584525,0.011202168902390675,0.14808177670345457,2018-07-18,22926.0,0.17059914755429273,0.018690887254166233,0.1519082603001265,2018-08-01,23149.0,0.1660832149380962,0.018814521755256663,0.14726869318283953,2018-08-30,23060.0,0.025480414045057746,0.019794766728189694,0.005685647316868051,2018-10-02,20289.0,-0.061294905622082396,0.26065557134158723,v6
7985,15706,28850739157.5,0.060533256276614544,0.15194470604224475,0.516493992937501,0.11095012429243845,True,True,bull,0.038876854133249594,-0.08616977948449411,2020-08-25,005070,코스모신소재,0.7575757575757576,0.7424242424242424,0.8308080808080808,2020-08-26,15903.0,0.012542977206163153,0.027063321385901954,-0.007682431348036367,0.03474575273393832,2020-09-01,16397.0,-0.04745092120983463,0.01443148318649845,-0.06188240439633308,2020-09-08,15212.0,-0.1188839841539332,-0.014845379982599272,-0.10403860417133393,2020-09-22,14076.0,-0.1965422876186883,-0.010064449643964246,-0.18647783797472406,2020-10-26,12841.0,-0.10335232346098222,0.09918741077990001,-0.20253973424088223,2020-11-23,14323.0,-0.12110922467458973,0.043450921209834625,v6
8166,25535,35215494415.0,0.05992674395267106,0.19993782254077042,0.5709472730432774,0.06096937153853732,True,True,mixed,-0.0035569135433922705,-0.13399579461439326,2021-05-21,005070,코스모신소재,0.6356435643564357,0.7168316831683168,0.8633663366336634,2021-05-24,25633.0,0.0038378695907577143,-0.002049389458900649,0.01039953610844413,-0.012448925567344778,2021-05-28,25683.0,-0.0791375180431475,0.026670595802795516,-0.10580811384594302,2021-06-04,23707.0,0.026858658760192004,0.03549530880158169,-0.00863665004138969,2021-06-18,26424.0,0.4758111808996215,0.03834076383673812,0.43747041706288337,2021-07-16,37932.0,0.9189898958373972,0.004873396262884633,0.9141164995745126,2021-08-13,49292.0,-0.08672414465727774,0.06550150197011662,v6
8412,53342,83901143525.0,0.10528877731602726,0.454151773637542,0.28649079022469903,0.09074407961463482,True,True,bear,0.0044127352650700225,-0.14285255174186917,2022-05-19,005070,코스모신소재,0.8571428571428571,0.9209183673469388,0.7857142857142857,2022-05-20,53737.0,0.007405046679914484,-0.0334024601298919,0.0025596942182377624,-0.03596215434812966,2022-05-26,52157.0,-0.0334024601298919,0.024894657261933073,-0.05829711739182497,2022-06-03,52157.0,0.09343751977222392,-0.08241294353322226,0.17585046330544618,2022-06-20,58973.0,-0.04994599624095131,-0.08846871186362637,0.03852271562267506,2022-07-18,51268.0,0.12101628300798328,-0.0277306603013302,0.14874694330931348,2022-08-16,60455.0,-0.08731414109459035,0.13419059493458874,v6
9264,55900,86544552622.5,0.03519230992884026,-0.12279065448996285,0.04942200956957343,0.01633746319483964,True,True,bull,0.007297954770700166,-0.14395099540581935,2025-11-13,005070,코스모신소재,0.7435897435897436,0.657051282051282,0.7628205128205128,2025-11-14,54000.0,-0.03398926654740608,-0.10770370370370375,-0.01404757860218464,-0.0936561251015191,2025-11-20,48400.0,-0.11788888888888893,-0.018464220034417278,-0.09942466885447165,2025-11-27,47850.0,-0.041037037037037094,0.011991895438352884,-0.05302893247538998,2025-12-11,52000.0,-0.1743703703703704,0.15527916669744046,-0.32964953706781086,2026-01-13,44800.0,-0.03918518518518521,0.3052209428569317,-0.3444061280421169,2026-02-10,52100.0,-0.187037037037037,0.07037037037037042,v6
7518,76800,3008268227.55,0.11640964441013668,0.28108689425297584,0.3238393639232686,0.04476154326450432,True,True,mixed,0.018432568624850765,-0.04239401496259354,2018-10-04,005180,빙그레,0.7664233576642335,0.8795620437956204,0.8029197080291971,2018-10-05,76700.0,-0.0013020833333333703,-0.0470247718383312,-0.04761799871362249,0.0005932268752912861,2018-10-12,73400.0,-0.07701173402868322,-0.05008061887098325,-0.02693111515769997,2018-10-19,71100.0,-0.09787222946544982,-0.07662757605927917,-0.021244653406170655,2018-11-02,69500.0,-0.04311342894393744,-0.07624871141968503,0.033135282475747596,2018-11-30,73700.0,-0.07701173402868322,-0.11451404001867893,0.03750230598999571,2019-01-02,71100.0,-0.12385919165580184,0.003911342894393766,v6
7287,38450,5458278330.0,0.06711440237733535,0.2119328680977206,0.05124195164985412,0.02009348348351181,True,True,bull,0.017263046497784318,-0.04944375772558718,2017-10-24,005250,녹십자홀딩스,0.8296943231441049,0.9213973799126638,0.7205240174672489,2017-10-25,38100.0,-0.00910273081924573,-0.010561679790026198,0.011042241783426165,-0.021603921573452364,2017-10-31,37850.0,-0.01449868766404205,0.01986081005821627,-0.034359497722258325,2017-11-07,37700.0,0.07998950131233595,0.013955053748792912,0.06603444756354304,2017-11-21,41300.0,-0.01843569553805779,-0.006947477232387755,-0.011488218305670036,2017-12-19,37550.0,0.00649868766404205,0.009772143581196158,-0.0032734559171541076,2018-01-19,38500.0,-0.044619422572178435,0.1482939632545932,v6
6703,252023,19090280540.0,0.06853170997444169,0.5129517350050692,0.5628205734423211,0.04523855312117164,True,True,mixed,0.0018494759155700535,-0.15718700046149836,2015-06-09,005300,롯데칠성,0.6338461538461538,0.84,0.7630769230769231,2015-06-10,255022.0,0.01189970756637293,-0.03929107292704159,-0.02424571816096155,-0.015045354766080044,2015-06-16,246022.0,-0.03419347350424673,0.0009956087401941094,-0.03518908224444084,2015-06-23,247322.0,-0.029095874081451752,-0.0186808905648036,-0.010414983516648154,2015-07-07,248622.0,-0.17380103677329795,-0.02459682655726203,-0.14920421021603592,2015-08-04,211719.0,-0.08831037322270241,-0.07883585922958158,-0.009474513993120826,2015-09-02,233521.0,-0.06274360643395471,0.05490506701382625,v6
8787,157100,4396998440.0,0.025296541412914264,0.17350193457069107,0.15337539579064996,0.004621029406204347,True,True,mixed,0.02188831430708693,-0.03678724708767622,2023-11-24,005300,롯데칠성,0.5789473684210527,0.8256578947368421,0.7467105263157895,2023-11-27,156800.0,-0.0019096117122852085,-0.059484693877551065,0.0012710695770696834,-0.06075576345462075,2023-12-01,148100.0,-0.0441785714285714,0.006403312775048686,-0.05058188420362009,2023-12-08,150500.0,-0.05119387755102045,0.039043420216401614,-0.09023729776742206,2023-12-22,149400.0,-0.17491836734693877,-0.012846596291514523,-0.16207177105542425,2024-01-24,130000.0,-0.19086224489795922,0.06629946878884652,-0.25716171368680574,2024-02-23,127500.0,-0.0669642857142857,0.0,v6
5880,6880,20948207454.0,0.02535314910010711,0.6035657491936364,1.8880987800227433,0.05810519018658766,True,True,bull,0.02350490925319848,-0.1335012594458438,2020-06-09,005320,온타이드,0.6106666666666667,0.936,0.992,2020-06-10,6780.0,-0.014534883720930258,-0.16919174041297935,-0.022788871571499558,-0.1464028688414798,2020-06-16,5660.0,-0.21491445427728617,-0.025901431046066792,-0.18901302323121938,2020-06-23,5350.0,-0.25473746312684364,-0.01085053772778577,-0.24388692539905787,2020-07-07,5080.0,-0.06889675516224192,0.042076685055600915,-0.11097344021784283,2020-08-04,6340.0,0.16414159292035402,0.08065231202380363,0.08348928089655039,2020-09-02,7920.0,-0.25811209439528027,0.07669616519174038,v6
2779,28604,61662966750.0,0.11256874641657566,0.3512460860646338,0.44321509331629905,0.10296433670553928,True,True,bull,0.03161679713351617,-0.09612589268785943,1999-07-27,005380,현대차,0.7528735632183908,0.9137931034482759,0.7931034482758621,1999-07-28,28559.0,-0.0015732065445391852,0.2582991001085473,0.05345585211160886,0.20484324799693843,1999-08-03,36050.0,0.18196589516439654,0.048401411347057,0.13356448381733954,1999-08-10,33870.0,0.20265989705521892,0.009167261943416216,0.1934926351118027,1999-08-24,34461.0,-0.051725760705907065,0.03623611922852121,-0.08796187993442828,1999-09-21,27196.0,-0.29973864631114533,-0.11410914128623073,-0.1856295050249146,1999-10-21,20113.0,-0.03021814489302843,0.3513428341328477,v6
3464,48400,106548277520.0,0.10430867802932753,0.2899482825363311,0.5942341094474859,0.0030234701492033444,True,True,mixed,-0.012949933720811657,-0.11029411764705888,2002-05-15,005380,현대차,0.9076923076923077,0.8538461538461538,0.8,2002-05-16,48000.0,-0.008264462809917328,-0.03733333333333333,0.001287777713324223,-0.03862111104665755,2002-05-22,46400.0,-0.13316666666666666,-0.03104588433203781,-0.10212078233462885,2002-05-29,41800.0,-0.129,-0.046336794477637944,-0.08266320552236206,2002-06-14,42000.0,-0.3060833333333334,-0.09099135680723947,-0.2150919765260939,2002-07-15,33500.0,-0.32899999999999996,-0.17787574685306573,-0.15112425314693423,2002-08-13,32400.0,-0.17291666666666672,0.06666666666666665,v6
5221,72500,121515916445.0,0.14206684217596466,0.2475426035427093,0.5935114340650174,0.03556742345150132,True,True,mixed,0.03571428571428581,-0.041005291005291045,2009-06-19,005380,현대차,0.9162303664921466,0.7277486910994765,0.7329842931937173,2009-06-22,72400.0,-0.0013793103448276334,0.023624309392265234,0.009176104497593762,0.014448204894671472,2009-06-26,74400.0,0.0015248618784531355,0.027636863624850738,-0.026112001746397603,2009-07-03,72800.0,0.07196685082872922,0.042153634620255565,0.02981321620847366,2009-07-17,77900.0,0.27914917127071814,0.15165177117632167,0.12749740009439647,2009-08-14,92900.0,0.41865193370165743,0.1952816875927199,0.22337024610893752,2009-09-11,103000.0,-0.015193370165745845,0.08839779005524862,v6
2049,4538789,4769636450.0,0.14676524415963832,0.8737410530501628,1.0904684698872473,0.0006077580502101831,True,True,bear,0.004497654237339166,-0.10666649871189848,1996-12-20,005420,코스모화학,0.6666666666666666,1.0,1.0,1996-12-21,4538788.0,-2.203230862196648e-07,-0.15822861786009834,-0.06896748920595885,-0.08926112865413949,1996-12-27,3838777.0,-0.025758451815771074,-0.11158608069081877,0.08582762887504769,1997-01-08,4440031.0,0.16785204508340112,0.027163812083607297,0.14068823299979383,1997-01-20,5318788.0,0.19842165970298686,0.03079518485688948,0.16762647484609738,1997-02-14,5457537.0,-0.015568506834864323,-0.06220512967146086,0.04663662283659653,1997-03-11,4486281.0,-0.15422927882950255,0.19732690753566806,v6
8430,14934,5679796917.5,0.05574298474813588,0.33591285095894885,0.4013172242794105,0.07415658091307376,True,True,bear,0.0017776287103807853,-0.12992309484968534,2022-06-16,005420,코스모화학,0.7790697674418605,0.9215116279069767,0.8604651162790697,2022-06-17,14625.0,-0.02069104057854565,-0.07223931623931623,-0.039589661869428694,-0.03264965436988754,2022-06-23,13627.0,0.018632478632478525,-0.0319871188353833,0.05061959746786182,2022-06-30,14956.0,-0.0015384615384614851,-0.0362697740816359,0.03473131254317441,2022-07-14,14661.0,0.4895384615384615,0.04733330013445558,0.4422051614040059,2022-08-11,21843.0,0.9201709401709401,0.016524741463738613,0.9036461987072015,2022-09-13,28141.0,-0.085059829059829,0.1656068376068376,v6
7659,51800,2153371085.0,0.15065828550903393,0.10325459665550829,0.24932108566462774,0.0004978122158323384,True,True,bull,0.03766025641025639,-0.11452991452991457,2019-05-02,005430,한국공항,0.8928571428571429,0.6857142857142857,0.775,2019-05-03,51700.0,-0.0019305019305019266,-0.027210831721469982,-0.0458939821855312,0.01868315046406122,2019-05-10,50500.0,-0.06976402321083175,-0.06953798247519727,-0.00022604073563448068,2019-05-17,48300.0,-0.07653384912959382,-0.07590158592222462,-0.0006322632073691992,2019-05-31,47950.0,-0.1413307543520309,-0.036072488956477744,-0.10525826539555316,2019-07-01,44600.0,-0.18388394584139267,-0.08145050329495263,-0.10243344254644005,2019-07-29,42400.0,-0.12572533849129597,0.030947775628626717,v6
4358,5085,2912714105.0,0.03404734748068128,0.5682132939058682,0.4733850665608954,0.03736087011746125,True,True,bull,-0.0029509514612602317,-0.14206175130757548,2005-12-22,005440,현대지에프홀딩스,0.6629213483146067,0.8932584269662921,0.7471910112359551,2005-12-23,5077.0,-0.0015732546705997663,-0.027242072089816768,0.015355058115140707,-0.04259713020495748,2005-12-29,4959.0,0.020817805790821268,0.03994817851911292,-0.019130372728291652,2006-01-06,5203.0,-0.0660445144770534,-0.024828672589822687,-0.04121584188723071,2006-01-20,4762.0,-0.09598345479613946,-0.007552391958837279,-0.08843106283730218,2006-02-20,4610.0,-0.2009667126255663,-0.016091158695924146,-0.18487555392964217,2006-03-21,4077.0,-0.09080165452038602,0.08055938546385666,v6
5995,10604,5012374411.0,0.025952099063606737,0.1577561395312953,0.13362435553334207,0.04511483377686987,True,True,bear,0.0014118358115222662,-0.03582469539916344,2012-07-23,005440,현대지에프홀딩스,0.6166666666666667,0.7444444444444445,0.7277777777777777,2012-07-24,10537.0,-0.006318370426254272,-0.01016873873018886,0.033242363278732645,-0.04341110200892151,2012-07-30,10472.0,-0.0039050963272277937,0.05682919858557445,-0.060734294912802245,2012-08-06,10538.0,0.0898597323716428,0.08896198871373584,0.0008977436579069575,2012-08-21,11526.0,0.1367421467210781,0.12356049695427784,0.013181649766800252,2012-09-18,12020.0,0.1210830407136756,0.0978721973471115,0.023210843366564093,2012-10-18,11855.0,-0.07497390148998762,0.0937648286988706,v6
6758,16795,13691352290.0,0.18713570554194303,0.4203466860558116,0.426911017290462,0.036126343077026,True,True,bear,0.0249259301073137,-0.057255122088127997,2015-08-26,005440,현대지에프홀딩스,0.9210526315789473,0.9046052631578947,0.7236842105263158,2015-08-27,17124.0,0.019589163441500412,0.009489838822704936,0.001464113531546296,0.00802572529115864,2015-09-02,17355.0,-0.04242560149497776,0.011388711684671815,-0.053814313179649576,2015-09-09,16466.0,-0.05206120065405284,0.016847763566580687,-0.06890896422063353,2015-09-23,16301.0,-0.06169679981312781,0.07093630060342382,-0.13263310041655163,2015-10-26,16136.0,-0.048206960990422765,0.04773010112841325,-0.09593706211883601,2015-11-23,16367.0,-0.07118663863583274,0.09612240130810568,v6
3642,124000,35509536100.0,0.08712425486720377,0.18433783242687463,0.2547013702085422,0.0038480006060608307,True,True,bear,-0.01057251147017757,-0.08823529411764708,2003-02-05,005490,POSCO홀딩스,0.6619718309859155,0.7605633802816901,0.7887323943661971,2003-02-06,125000.0,0.008064516129032251,-0.012000000000000007,-0.030661082859706923,0.018661082859706916,2003-02-12,124000.0,-0.08399999999999996,-0.0015122810516169372,-0.08248771894838303,2003-02-19,115000.0,-0.20879999999999999,-0.06893342639678268,-0.1398665736032173,2003-03-05,99400.0,-0.21120000000000005,-0.09774985874297881,-0.11345014125702124,2003-04-02,99100.0,-0.18400000000000005,-0.003971815069631401,-0.18002818493036865,2003-04-30,102500.0,-0.21919999999999995,0.020000000000000018,v6
4620,304000,76391118730.0,0.030223106485565143,0.14891580321896192,0.21231546968793524,0.0207704771496533,True,True,mixed,0.0019775873434411118,-0.04851330203442883,2007-01-15,005490,POSCO홀딩스,0.7692307692307693,0.7846153846153846,0.7230769230769231,2007-01-16,302000.0,-0.006578947368421018,0.019178807947019875,-0.020538793103448194,0.039717601050468065,2007-01-22,309000.0,0.07215894039735105,-0.020761494252873658,0.0929204346502247,2007-01-29,325000.0,0.1516291390728477,0.016012931034482758,0.13561620803836494,2007-02-12,349000.0,0.22447682119205292,0.011041666666666616,0.2134351545253863,2007-03-14,371000.0,0.2807682119205297,0.08722701149425283,0.19354120042627687,2007-04-11,388000.0,-0.026490066225165587,0.19370860927152322,v6
4656,367000,114061836109.65,0.05185440887354653,0.25806668848982617,0.4812034058395651,0.03487754300019619,True,True,bull,0.02335308469850128,-0.04427083333333337,2007-03-08,005490,POSCO홀딩스,0.6538461538461539,0.9076923076923077,0.9076923076923077,2007-03-09,373000.0,0.016348773841961872,0.0375549597855227,-0.004423451268776968,0.04197841105429967,2007-03-15,388500.0,0.01878820375335111,0.010646982075952272,0.008141221677398839,2007-03-22,381500.0,0.04157640750670244,0.03402708491770556,0.007549322588996876,2007-04-05,390000.0,0.05230026809651478,0.09382042462341356,-0.04152015652689878,2007-05-04,394000.0,0.2654369973190349,0.21232566090129557,0.05311133641773935,2007-06-04,473500.0,-0.012064343163538882,0.07238605898123329,v6
5320,523000,177802445982.4,0.09428373778663268,0.1054054422264965,0.16487894053249352,0.04312955748842828,True,True,mixed,0.002395783421178743,-0.05253623188405798,2009-11-06,005490,POSCO홀딩스,0.8846153846153846,0.7307692307692307,0.7564102564102564,2009-11-09,529000.0,0.011472275334607929,0.022465028355387554,-0.003758111944838771,0.026223140300226325,2009-11-13,543000.0,0.04514933837429114,0.02704826607179056,0.018101072302500576,2009-11-20,555000.0,0.09051795841209831,0.029684648144392645,0.060833310267705665,2009-12-04,579000.0,0.15289981096408312,0.08073920097343334,0.07216060999064977,2010-01-06,612000.0,0.05082041587901709,0.023511965118637068,0.02730845076038002,2010-02-03,558000.0,-0.005671077504725952,0.11531190926275992,v6
7118,275500,80288536927.8,0.02420693871401025,0.029983224500153893,0.22009634536004707,0.03670466796969074,True,True,bull,0.01980381269664999,-0.024778761061946875,2017-02-10,005490,POSCO홀딩스,0.5110132158590308,0.6475770925110133,0.8810572687224669,2017-02-13,279000.0,0.012704174228675091,0.017505376344086002,0.0027181508862905712,0.014787225457795431,2017-02-17,285000.0,-0.0004157706093190737,0.009243640779974305,-0.009659411389293378,2017-02-24,280000.0,0.0031684587813620747,0.020554811223457037,-0.017386352442094962,2017-03-13,281000.0,-0.027297491039426577,0.02813575332298779,-0.05543324436241437,2017-04-10,272500.0,-0.027297491039426577,0.10172824274436842,-0.129025733783795,2017-05-12,272500.0,-0.007168458781361964,0.057347670250896154,v6
8624,339000,254369596975.0,0.04925237933153359,0.09720305248127681,0.42150351601003333,0.04236236289691986,True,True,mixed,0.03876206526735104,-0.030042918454935674,2023-03-28,005490,POSCO홀딩스,0.7288135593220338,0.6983050847457627,0.8779661016949153,2023-03-29,344000.0,0.014749262536873253,0.06286046511627896,0.01968240135162369,0.04317806376465527,2023-04-04,367000.0,0.1500697674418605,0.04736848595964038,0.10270128148222013,2023-04-11,397000.0,0.09919767441860472,0.023180672769800514,0.0760170016488042,2023-04-25,379500.0,0.05704651162790708,0.05017614680407623,0.0068703648238308546,2023-05-25,365000.0,0.15879069767441867,0.06148489494908782,0.09730580272533085,2023-06-26,400000.0,-0.026162790697674465,0.2674418604651163,v6
8682,396000,306945266100.0,0.04021307145646125,0.15580001633708918,0.23681035229896663,0.03177651867088871,True,True,bull,0.03889289696333709,-0.09174311926605505,2023-06-22,005490,POSCO홀딩스,0.6538461538461539,0.6982248520710059,0.7307692307692307,2023-06-23,398000.0,0.005050505050504972,-0.03038190954773867,-0.0188608101452844,-0.011521099402454268,2023-06-29,387500.0,-0.01405025125628145,-0.01644838094065504,0.002398129684373588,2023-07-06,394000.0,0.246,0.00045786136419612156,0.24554213863580387,2023-07-20,497500.0,0.37539698492462303,-0.036374969219404085,0.4117719541440271,2023-08-18,549000.0,0.46333668341708534,0.0008618566855456145,0.4624748267315397,2023-09-15,584000.0,-0.035175879396984966,0.2989949748743719,v6
6058,11450,2310217197.5,0.037735283688828725,0.13710758642471865,0.35001160624634997,0.012064254553271647,True,True,mixed,0.017325633051976874,-0.049792531120331995,2012-10-23,005500,삼진제약,0.6232558139534884,0.6744186046511628,0.7627906976744186,2012-10-24,11300.0,-0.013100436681222738,-0.021699115044247815,-0.003974496109398373,-0.017724618934849442,2012-10-30,11100.0,0.00927433628318575,0.011016380377105284,-0.0017420440939195335,2012-11-06,11450.0,0.09776991150442482,-0.008903290756937077,0.1066732022613619,2012-11-20,12450.0,-0.11019469026548678,0.045056523836489726,-0.1552512141019765,2012-12-18,10100.0,-0.039398230088495634,0.04178988653285498,-0.08118811662135061,2013-01-21,10900.0,-0.07964601769911506,0.19469026548672574,v6
7363,40500,3106830830.0,0.08974051641591663,0.1856299641984145,0.2185114045199248,0.07512059138992844,True,True,mixed,0.03626943005181338,-0.031100478468899517,2018-02-12,005500,삼진제약,0.7467948717948718,0.6987179487179487,0.7339743589743589,2018-02-13,40900.0,0.009876543209876631,-0.06390220048899753,0.011136589689915155,-0.07503879017891268,2018-02-21,38450.0,0.010669926650366705,0.010183570617048776,0.00048635603331792857,2018-02-28,41500.0,0.026562347188264116,0.03724265363791113,-0.010680306449647011,2018-03-15,42150.0,0.16225916870415658,0.016571711563991842,0.14568745714016473,2018-04-12,47700.0,0.08157457212713926,0.030471640399685418,0.05110293172745384,2018-05-14,44400.0,-0.07457212713936434,0.09290953545232283,v6
7399,43500,2043655270.0,0.08094106056252048,0.21741463359724933,0.352612143984812,0.018402405468875394,True,True,mixed,0.035159735855791574,-0.02684563758389258,2018-04-06,005500,삼진제약,0.7188612099644128,0.7544483985765125,0.7153024911032029,2018-04-09,43700.0,0.0045977011494253706,0.08181235697940492,0.012754986283852077,0.06905737069555284,2018-04-13,47450.0,0.04176659038901609,0.0215250706433181,0.02024151974569799,2018-04-20,45700.0,0.016594965675057253,0.010585153558979377,0.006009812116077876,2018-05-08,44600.0,0.1127048054919908,0.01915310521213609,0.09355170027985471,2018-06-07,48800.0,-0.005144164759725452,-0.06240537920508227,0.05726121444535681,2018-07-06,43650.0,-0.0022883295194507935,0.3203661327231122,v6
6068,25950,2796131705.0,0.3103578472690829,0.7480108536838465,0.3911219611522061,0.0005959129778072558,True,True,mixed,0.03603154007385956,-0.12331081081081086,2012-11-06,005610,삼립,0.9333333333333333,0.9571428571428572,0.7714285714285715,2012-11-07,26400.0,0.01734104046242768,0.045242424242424306,-0.022799786946876344,0.06804221118930065,2012-11-13,27700.0,-0.0172575757575758,-0.022551569715429265,0.0052939939578534635,2012-11-20,26050.0,-0.04566666666666663,0.000718795732732147,-0.04638546239939878,2012-12-04,25300.0,-0.03240909090909094,0.04005605572476845,-0.07246514663385939,2013-01-07,25650.0,-0.12331818181818177,0.01004245548896221,-0.13336063730714398,2013-02-04,23250.0,-0.07386363636363635,0.07007575757575757,v6
6208,37600,2898025387.5,0.1169947078347302,0.726638932353684,0.4521278305779648,0.04015125579407419,True,True,bull,-0.00824266402901419,-0.12252042007001163,2013-05-31,005610,삼립,0.8472222222222222,0.9675925925925926,0.8657407407407407,2013-06-03,37800.0,0.005319148936170137,-0.027809523809523836,-0.030309415937906037,0.002499892128382201,2013-06-10,36900.0,-0.014582010582010582,-0.055195147282387835,0.04061313670037725,2013-06-17,37400.0,-0.03839153439153442,-0.0689274550827601,0.030535920691225682,2013-07-01,36500.0,0.07404232804232813,-0.04677112653089888,0.12081345457322701,2013-07-29,40750.0,0.0145185185185186,-0.053820411316987005,0.0683389298355056,2013-08-27,38500.0,-0.11507936507936511,0.04497354497354489,v6
6696,290500,6087113250.0,0.08136000426833379,0.291356945146364,0.9768899177905184,0.01780207866045691,True,True,mixed,0.03833437583772681,-0.036484245439469265,2015-05-29,005610,삼립,0.6178343949044586,0.7165605095541401,0.910828025477707,2015-06-01,289500.0,-0.0034423407917383297,-0.052359240069084656,-0.019913559418421656,-0.032445680650663,2015-06-05,275500.0,-0.09553713298791022,-0.027462893105605235,-0.06807423988230499,2015-06-12,263000.0,-0.05408635578583765,-0.009411787007373884,-0.044674568778463764,2015-06-26,275000.0,0.27406563039723664,-0.0304058536955244,0.30447148409276104,2015-07-24,370000.0,0.2187979274611398,-0.13284078630599205,0.35163871376713185,2015-08-24,354000.0,-0.14162348877374786,0.0,v6
5694,8216,3224766490.0,0.2195429694559501,0.2245349690436269,0.2739127108924453,0.05742673180775748,True,True,bull,0.029083894887146355,-0.10227272727272729,2011-05-09,005690,파미셀,0.9315068493150684,0.8401826484018264,0.8310502283105022,2011-05-11,8206.0,-0.0012171372930867008,0.014401169875700729,-0.02731049670589991,0.04171166658160064,2011-05-17,8357.0,-0.05640068242749208,-0.04611740321267299,-0.010283279214819085,2011-05-24,7776.0,-0.04616427004630763,-0.03612869198312241,-0.010035578063185224,2011-06-08,7860.0,0.39448891055325364,0.004510881634465891,0.38997802891878774,2011-07-06,11476.0,0.4344596636607361,-0.04403545784291951,0.4784951215036556,2011-08-03,11804.0,-0.10967584694126253,0.03887399463806962,v6
2784,8663,19219896850.0,0.02641658453925133,0.024813583202357048,0.8899086832183005,0.07813137863073183,True,True,bull,0.02882320107359604,-0.13946558060991354,1999-08-03,005810,풍산홀딩스,0.5384615384615384,0.7159763313609467,0.8520710059171598,1999-08-04,8750.0,0.010042710377467401,-0.10754285714285716,-0.008658097265433096,-0.09888475987742407,1999-08-10,7844.0,-0.23142857142857143,-0.10584165711478621,-0.12558691431378521,1999-08-17,6760.0,-0.17451428571428573,-0.040158834124774834,-0.1343554515895109,1999-08-31,7258.0,-0.3182857142857143,-0.14424021614540694,-0.17404549814030734,1999-09-30,6000.0,-0.41200000000000003,-0.15982683805469133,-0.2521731619453087,1999-10-28,5180.0,-0.31120000000000003,0.036799999999999944,v6
4414,12556,5796868100.0,0.049718937057281254,0.5733593965844344,0.618275363194358,0.03579349895880024,True,True,mixed,0.026924461020054302,-0.09870073935826573,2006-03-15,005810,풍산홀딩스,0.5416666666666666,0.9652777777777778,0.8611111111111112,2006-03-16,12555.0,-7.964319847086898e-05,0.007708482676224596,-0.02293783287830642,0.030646315554531015,2006-03-22,12702.0,-0.036576662684189576,-0.005863133867430426,-0.03071352881675915,2006-03-29,12146.0,0.03574512146555153,0.03208312819824255,0.0036619932673089828,2006-04-12,13054.0,0.03574512146555153,0.07804084799116806,-0.04229572652561653,2006-05-12,13054.0,-0.25569255276782155,-0.10198570767876591,-0.15370684508905563,2006-06-13,9395.0,-0.06061330147351651,0.06754281162883324,v6
3799,3700,2587889645.5,0.1203193383023844,0.16321692719237468,0.3729328564303509,0.0982086763490908,True,True,mixed,0.03961787018825502,-0.07960199004975121,2003-09-25,005830,DB손해보험,0.8969072164948454,0.7731958762886598,0.7628865979381443,2003-09-26,3660.0,-0.010810810810810811,-0.061377049180327825,0.015951477961960725,-0.07732852714228855,2003-10-02,3450.0,0.02605464480874309,0.07653300379255978,-0.050478358983816696,2003-10-10,3770.0,-0.050448087431694044,0.06272638172753231,-0.11317446915922635,2003-10-24,3490.0,-0.006732240437158473,0.09484240280677825,-0.10157464324393672,2003-11-21,3650.0,0.0766010928961749,0.15225635999488651,-0.07565526709871162,2003-12-19,3955.0,-0.07513661202185795,0.12021857923497259,v6
4265,11550,2799982372.5,0.04791269901729289,0.4125061118541209,0.23570122840579222,0.038049707655268605,True,True,bull,0.03913630229419707,-0.045454545454545414,2005-08-10,005830,DB손해보험,0.7181208053691275,0.87248322147651,0.7046979865771812,2005-08-11,11500.0,-0.0043290043290042934,-0.0344347826086957,-0.010844671355764945,-0.023590111252930757,2005-08-18,11150.0,0.013391304347825986,-0.006698711855814832,0.020090016203640818,2005-08-25,11700.0,0.07426086956521738,0.036725235133838297,0.037535634431379084,2005-09-08,12400.0,0.32643478260869574,0.11088178584037145,0.2155529967683243,2005-10-10,15300.0,0.30904347826086953,0.10299722093981112,0.2060462573210584,2005-11-07,15100.0,-0.05217391304347829,0.12608695652173907,v6
6811,68900,12211575725.0,0.09787574157720447,0.1651591607456928,0.38598049283732405,0.035633837967783855,True,True,mixed,0.03757247195241331,-0.043055555555555514,2015-11-12,005830,DB손해보험,0.8260869565217391,0.83399209486166,0.8853754940711462,2015-11-13,68900.0,0.0,-0.11430478955007262,0.0065486824192675375,-0.12085347196934015,2015-11-19,61300.0,-0.08527721335268501,0.027687667322884524,-0.11296488067556953,2015-11-26,63300.0,-0.06205515239477499,-0.012095325333886686,-0.04995982706088831,2015-12-10,64900.0,-0.0025486211901306587,-0.043072516283142015,0.04052389509301135,2016-01-12,69000.0,-0.05189550072568938,-0.07120047369140226,0.019304972965712874,2016-02-12,65600.0,-0.11611030478955009,0.029027576197387495,v6
6853,70000,13173694330.0,0.09467253422947752,0.13613445193067253,0.37963358972432704,0.013860651113701161,True,True,bear,0.008645533141210304,-0.04240766073871405,2016-01-14,005830,DB손해보험,0.6224899598393574,0.6867469879518072,0.8714859437751004,2016-01-15,71300.0,0.01857142857142846,-0.10778681626928477,-0.03930411362177222,-0.06848270264751255,2016-01-21,63900.0,-0.08674894810659184,-0.004640286455478759,-0.08210866165111308,2016-01-28,65400.0,-0.04327068723702665,-0.014369750969553619,-0.028900936267473032,2016-02-16,68500.0,0.01984291725105192,0.03083258953038648,-0.010989672279334558,2016-03-16,73000.0,0.05911360448807845,0.052248894734919116,0.006864709753159337,2016-04-14,75800.0,-0.12201963534361848,0.0,v6
7528,71700,12156274839.55,0.21159572926261494,0.26229155981071794,0.3296686572333829,0.02110623281430901,True,True,bear,0.02876820431881777,-0.04016064257028118,2018-10-19,005830,DB손해보험,0.9662921348314607,0.8801498127340824,0.8651685393258427,2018-10-22,71500.0,-0.002789400278940035,-0.0012027972027972532,-0.05409504078242522,0.05289224357962796,2018-10-26,71700.0,-0.061342657342657314,-0.021968381954943328,-0.039374275387713986,2018-11-02,67400.0,0.002993006993007089,-0.02364820725311223,0.02664121424611932,2018-11-16,72000.0,-0.0026013986013986266,-0.034389756798626214,0.031788358197227584,2018-12-14,71600.0,-0.04455944055944061,-0.01725553875730257,-0.027303901802138042,2019-01-16,68600.0,-0.07412587412587412,0.04475524475524484,v6
8234,60000,9225900775.0,0.10873643705810987,0.20155650535166525,0.3117348942122635,0.017315497947764547,True,True,bear,0.02607952116289014,-0.05660377358490565,2021-08-26,005830,DB손해보험,0.8875,0.8675,0.7675,2021-08-27,60100.0,0.0016666666666667052,-0.013983361064891838,0.019112470277156568,-0.03309583134204841,2021-09-02,59500.0,-0.004,-0.0005102220910121469,-0.003489777908987853,2021-09-09,60100.0,0.0758668885191347,-0.005894830070372059,0.08176171858950676,2021-09-28,64900.0,0.007647254575707144,-0.03425226792114977,0.04189952249685691,2021-10-28,60800.0,-0.08719467554076543,-0.04364805586129661,-0.04354661967946882,2021-11-25,55100.0,-0.0532445923460898,0.09816971713810307,v6
8596,67100,10279368554.9,0.03675348509913068,0.1537911756248579,0.084226200017811,0.036865397458472726,True,True,bull,0.009477959981946782,-0.053596614950634724,2023-02-15,005830,DB손해보험,0.6786885245901639,0.780327868852459,0.7180327868852459,2023-02-16,67100.0,0.0,0.015374068554396384,-0.010793515707470447,0.02616758426186683,2023-02-22,68400.0,0.15546348733233972,-0.006632406733058982,0.1620958940653987,2023-03-02,77800.0,0.09734128166915057,-0.02706562032028681,0.12440690198943738,2023-03-16,73900.0,0.14056035767511177,0.04811665834717638,0.09244369932793539,2023-04-13,76800.0,0.1316184798807749,0.014439089056733412,0.1171793908240415,2023-05-15,76200.0,-0.023845007451564815,0.17585692995529056,v6
8851,98800,21153837079.9,0.11594932964813331,0.13817435753133367,0.17562434946776095,0.06430804281021496,True,True,bull,0.02298612549182022,-0.06261859582542695,2024-02-29,005830,DB손해보험,0.8652037617554859,0.7899686520376176,0.7272727272727273,2024-03-04,98600.0,-0.002024291497975672,-0.018198782961460488,0.005941032531187496,-0.024139815492647983,2024-03-08,97200.0,0.02946855983772823,0.0008707009142359112,0.028597858923492318,2024-03-15,101900.0,-0.04355375253549698,0.03081605692582534,-0.07436980946132232,2024-03-29,94700.0,0.007156186612576002,0.008601924549262119,-0.0014457379366861166,2024-04-29,99700.0,0.03453955375253548,-0.010913785597405856,0.045453339349941335,2024-05-30,102400.0,-0.04158215010141986,0.11561866125760645,v6
3844,5691,2425048233.5,0.10041015391343766,0.24879848490023626,0.9352835534472905,0.07669412140646004,True,True,mixed,0.02637630190720963,-0.15085049239033121,2003-11-28,005850,에스엘,0.6372549019607843,0.8235294117647058,0.9607843137254902,2003-12-01,5834.0,0.025127394131084113,-0.058508056222146054,-0.008727208800040187,-0.04978084742210587,2003-12-05,5516.0,-0.04205279396640382,0.012205535185092264,-0.05425832915149609,2003-12-12,5612.0,-0.012056222146040404,-0.004922396905921889,-0.007133825240118515,2003-12-29,5787.0,-0.0010860473088789534,0.07349691094479871,-0.07458295825367767,2004-02-02,5851.0,-0.07084950291395264,0.12915013310563062,-0.19999963601958326,2004-03-02,5444.0,-0.10644497771683237,0.13387041480973605,v6
5579,14667,6874031722.5,0.013604104930345473,0.5259139500916779,0.5781334827914411,0.03639150424672821,True,True,bull,-0.00349561264942988,-0.11109090909090913,2010-11-19,005850,에스엘,0.6794258373205742,0.9665071770334929,0.8899521531100478,2010-11-22,14905.0,0.016226903934001502,-0.15099765179469982,-0.023220219721521773,-0.12777743207317804,2010-11-26,12714.0,-0.1322791009728279,0.0052644824628533815,-0.1375435834356813,2010-12-03,12993.0,-0.08149077490774903,0.040723981900452566,-0.1222147568082016,2010-12-17,13750.0,0.06289030526668893,0.0784998536217072,-0.015609548355018266,2011-01-17,15902.0,0.04953908084535397,0.015516099044175391,0.034022981801178576,2011-02-17,15703.0,-0.18980207983898023,0.0,v6
5640,16620,6994032547.5,0.10904398933086146,0.12620316503052087,0.7350774997566965,0.04215063782528938,True,True,mixed,0.0224546293448169,-0.05439235320892122,2011-02-18,005850,에스엘,0.8201058201058201,0.7513227513227513,0.9365079365079365,2011-02-21,16619.0,-6.0168471720856154e-05,-0.02072784162705332,-0.02518183849266442,0.004453996865611102,2011-02-25,16341.0,0.09197448703291422,-0.016820991485241965,0.10879547851815619,2011-03-07,18214.0,0.10635561706480523,-0.005327309286795923,0.11168292635160115,2011-03-21,18453.0,0.4636575004512906,0.061350942084750226,0.4023065583665404,2011-04-18,24391.0,0.27182887056982974,0.06038775662190021,0.21144111394792953,2011-05-18,21203.0,-0.057524520127564815,0.1726939045670619,v6
6423,15145,2484263990.0,0.07462239841891538,0.09636122968711724,0.41289670069527873,0.021905937526375707,True,True,bull,0.027173120551261976,-0.02560638229428036,2014-04-15,005850,에스엘,0.8258706467661692,0.6865671641791045,0.8656716417910447,2014-04-16,15184.0,0.0025751072961373023,-0.03284615384615386,0.004969137195320661,-0.03781529104147452,2014-04-22,14746.0,-0.0590579557428873,-0.014812140539835816,-0.044245815203051486,2014-04-29,14348.0,-0.06696101159114853,0.009592290065235654,-0.07655330165638419,2014-05-16,14228.0,0.1404283456269757,0.0036303282839678097,0.1367980173430079,2014-06-17,17377.0,0.13252528977871436,0.009231262943073082,0.12329402683564128,2014-07-15,17257.0,-0.0839699683877766,0.026277660695468885,v6
7634,18014,2084899510.0,0.18646831170672684,0.08305079305527308,0.1729498804649009,0.02600600070317216,True,True,mixed,0.027129351928932177,-0.04843906819502408,2019-03-27,005850,에스엘,0.9166666666666666,0.6811594202898551,0.7789855072463768,2019-03-28,18014.0,0.0,0.01592894415454649,0.03379237536656898,-0.017863431212022492,2019-04-03,18373.0,0.046904851781947476,0.04370205278592376,0.0032027989960237147,2019-04-10,18931.0,0.08232174975019424,0.03274134897360703,0.04958040077658721,2019-04-24,19569.0,-0.015046963472854499,-0.04032375366568919,0.02527679019283469,2019-05-24,17815.0,0.07343976906850225,-0.002308504398827016,0.07574827346732926,2019-06-24,19409.0,-0.03980237592983238,0.1548795381370045,v6
7659,19808,2313933642.5,0.07380104364359252,0.2266511367652959,0.69703465376483,0.006851929559928749,True,True,bull,0.03639250854809295,-0.04787540857527395,2019-05-02,005850,에스엘,0.75,0.85,0.9571428571428572,2019-05-03,20206.0,0.020092891760904674,-0.1105030189052757,-0.0458939821855312,-0.0646090367197445,2019-05-10,18054.0,-0.13020013857270119,-0.06953798247519727,-0.060662156097503916,2019-05-17,17656.0,-0.12431079877264184,-0.07590158592222462,-0.048409212850417216,2019-05-31,17775.0,-0.0671000692863506,-0.036072488956477744,-0.03102758032987285,2019-07-01,18931.0,-0.11639235870533504,-0.08145050329495263,-0.034941855410382416,2019-07-29,17935.0,-0.15975452835791348,0.0,v6
7909,9250,6195021991.0,0.12743813093511047,0.22564454016911817,0.3810447616565338,0.051777705015678244,True,True,mixed,0.021196732170457144,-0.08415841584158412,2022-04-27,005870,휴니드,0.7469287469287469,0.6560196560196561,0.8869778869778869,2022-04-28,9250.0,0.0,0.11491891891891881,0.007916312195562769,0.10700260672335604,2022-05-04,10350.0,0.06627027027027022,-0.04007468361101285,0.10634495388128307,2022-05-12,9900.0,0.0014054054054053501,-0.016596776257839174,0.018002181663244524,2022-05-26,9300.0,-0.2321081081081081,-0.09584647699639381,-0.1362616311117143,2022-06-27,7140.0,-0.18670270270270273,-0.09518019679733791,-0.09152250590536481,2022-07-25,7560.0,-0.07783783783783782,0.2648648648648648,v6
2062,58467,2737594925.0,0.1288255643888192,0.7693255429876682,2.8250571748082853,0.027819199869945965,True,True,mixed,-0.00035306598914475185,-0.1470772731914397,1999-05-26,005880,대한해운,0.657608695652174,0.907608695652174,0.9728260869565217,1999-05-27,58464.0,-5.1310995946463045e-05,0.02364094143404483,0.06715503352932273,-0.0435140920952779,1999-06-02,60080.0,0.030534072249589487,0.10634372030899297,-0.07580964805940349,1999-06-09,60483.0,-0.038431444991789854,0.22362061605827344,-0.2620520610500633,1999-06-23,56451.0,0.3064474548440066,0.3289316056896576,-0.02248415084565103,1999-07-21,76614.0,0.1788304597701149,0.19650799333544477,-0.01767753356532986,1999-08-18,69153.0,-0.10344827586206895,0.15866174055829219,v6
3125,37241,3959302442.0,0.1884808442876037,0.5191144436015269,1.0762783605210189,0.12031538970781352,True,True,mixed,0.02959451819228609,-0.11273914182927125,2003-09-24,005880,대한해운,0.9494949494949495,0.9494949494949495,0.9393939393939394,2003-09-25,35784.0,-0.039123546628715644,-0.057375810418063944,-0.004649650922863957,-0.05272615949519999,2003-10-01,33874.0,0.13662150681869,0.04039119251533374,0.09623031430335627,2003-10-09,40816.0,0.7034111334674715,0.06580174679894846,0.6376093866685231,2003-10-23,61098.0,0.5524218645204562,0.0874388761694791,0.46498298835097707,2003-11-20,55695.0,0.9008736865638274,0.1412137143503207,0.7596599722135067,2003-12-18,68164.0,-0.08126536999776435,0.835093896713615,v6
4756,254783,26252228020.0,0.07148686397519777,0.2943399665782662,0.15633003348560837,0.03645775482758218,True,True,bull,0.038716797472993836,-0.09586012576473757,2010-04-15,005880,대한해운,0.7848837209302325,0.8837209302325582,0.7267441860465116,2010-04-16,257689.0,0.011405784530365004,-0.0346299453992992,-0.001561208559096361,-0.03306873684020284,2010-04-22,249796.0,-0.03785864355870838,-0.00793231701717323,-0.029926326541535153,2010-04-29,248964.0,-0.08947124634734116,-0.026752915786573572,-0.06271833056076759,2010-05-14,235664.0,-0.23543789606851673,-0.02996716870236016,-0.20547072736615657,2010-06-15,198050.0,-0.22495626899091536,-0.004109651942327153,-0.2208466170485882,2010-07-13,200751.0,-0.17418671344139636,0.008063984104870636,v6
4956,14600,415659730010.4,0.009652734204157687,0.22785368748403756,0.3383525803205092,0.02061772475908663,True,True,bull,0.010101010101010166,-0.04450261780104714,2008-05-29,005930,삼성전자,0.5416666666666666,0.8869047619047619,0.875,2008-05-30,14579.0,-0.0014383561643835918,-0.031368132245009894,-0.007942695643699538,-0.023425436601310357,2008-06-05,14180.0,-0.07938239934151858,-0.05394211090536993,-0.02544028843614865,2008-06-13,13480.0,-0.12190932162699775,-0.08799770436063192,-0.03391161726636582,2008-06-27,12860.0,-0.21382234721174287,-0.13484174165394314,-0.07898060555779973,2008-07-25,11520.0,-0.2357717264558612,-0.18672102567434412,-0.049050700781517076,2008-08-25,11200.0,-0.12614033884354203,0.016530626243226543,v6
5850,21140,376575157133.1,0.0938540611690808,0.24974641544167442,0.39975489086676996,0.02148174231241562,True,True,mixed,0.02651257647858607,-0.024907749077490826,2011-12-21,005930,삼성전자,0.7941176470588235,0.7990196078431373,0.8333333333333334,2011-12-22,20900.0,-0.011352885525070966,0.011311004784688942,-0.008749585874659904,0.020060590659348846,2011-12-28,21220.0,0.005569377990430672,0.012225523155716456,-0.006656145165285784,2012-01-05,21100.0,0.02183732057416266,0.040049314860175045,-0.018211994286012386,2012-01-19,21440.0,0.12040191387559807,0.09975396881432519,0.020647945061272877,2012-02-20,23500.0,0.20844019138755976,0.10912270601717333,0.09931748537038643,2012-03-20,25340.0,-0.032535885167464085,0.062200956937799035,v6
5935,26100,373801321747.25,0.033555278051736526,0.159360326512767,0.31027156194722494,0.031169291573886815,True,True,mixed,0.007760917409938672,-0.03404885270170244,2012-04-25,005930,삼성전자,0.7039106145251397,0.8435754189944135,0.8379888268156425,2012-04-26,26400.0,0.011494252873563315,0.05736363636363628,0.009252233384931419,0.048111402978704865,2012-05-03,28020.0,0.0013030303030303649,-0.016131969526815726,0.01743499982984609,2012-05-10,26540.0,-0.07596969696969702,-0.08212685019374544,0.006157153224048417,2012-05-24,24500.0,-0.14642424242424246,-0.07660788539168961,-0.06981635703255284,2012-06-25,22640.0,-0.12369696969696975,-0.09478859987252253,-0.028908369824447222,2012-07-23,23240.0,-0.11742424242424243,0.07424242424242422,v6
7188,46080,671851834326.45,0.03383753614488949,0.08093084498448055,0.18336843367179867,0.0011786153969195468,True,True,bull,0.018950534020299337,-0.02414231257941546,2017-05-26,005930,삼성전자,0.6398467432950191,0.7739463601532567,0.8314176245210728,2017-05-29,46220.0,0.0030381944444444198,-0.009625270445694497,0.003864403049195886,-0.013489673494890383,2017-06-02,45960.0,-0.022173950670705374,-0.0019978074909317023,-0.020176143179773672,2017-06-12,45380.0,0.04056945045434879,0.011034500273005454,0.029534950181343333,2017-06-26,48280.0,0.09638944180008657,0.03764512674649434,0.05874431505359223,2017-07-24,50860.0,0.01287581133708349,0.0011597441790576202,0.01171606715802587,2017-08-22,47000.0,-0.03937689311986148,0.04630030289917775,v6
7845,58900,992736590416.6,0.06978887031449454,0.11052500378861918,0.22865141093077956,0.01043695479952933,True,True,mixed,-0.003131082339003166,-0.06210191082802552,2020-02-04,005930,삼성전자,0.8118466898954704,0.7926829268292683,0.8153310104529616,2020-02-05,60000.0,0.018675721561969505,-0.005666666666666705,0.02106317114170997,-0.026729837808376674,2020-02-11,59900.0,-0.007333333333333299,0.014522840634558998,-0.021856173967892297,2020-02-18,59800.0,-0.08066666666666666,-0.0749152604649882,-0.005751406201678466,2020-03-03,55400.0,-0.20816666666666672,-0.1941063538576009,-0.014060312809065834,2020-03-31,47750.0,-0.17066666666666663,-0.10549957285762857,-0.06516709380903807,2020-04-29,50000.0,-0.10666666666666669,0.03333333333333344,v6
6571,12300,12888206510.0,0.03623989842064024,0.13329179788020373,0.4026741545907002,0.028338282537585746,True,True,mixed,0.031230350031439924,-0.03149606299212604,2014-11-24,005940,NH투자증권,0.7453703703703703,0.7777777777777778,0.8796296296296297,2014-11-25,12350.0,0.004065040650406582,-0.07687449392712553,-0.00822600831684761,-0.06864848561027792,2014-12-01,11450.0,-0.08497165991902833,-0.0012969841333925203,-0.08367467578563581,2014-12-08,11350.0,-0.14974898785425106,-0.019379062537849823,-0.13036992531640124,2014-12-22,10550.0,-0.14974898785425106,-0.030633049376236454,-0.1191159384780146,2015-01-22,10550.0,-0.07687449392712553,-0.0027251806693852076,-0.07414931325774032,2015-02-24,11450.0,-0.1740890688259109,0.03238866396761142,v6
8967,13820,9266603405.0,0.05708600940381381,0.12480339032472632,0.18362390515766758,0.00815667878174997,True,True,bear,0.02453851286233233,-0.040277777777777746,2024-08-20,005940,NH투자증권,0.6612377850162866,0.7296416938110749,0.7100977198697068,2024-08-21,13850.0,0.0021707670043416005,-0.00472202166064983,0.0007628758559095061,-0.005484897516559336,2024-08-27,13840.0,0.003942238267147905,-0.008399077106281516,0.012341315373429421,2024-09-03,13960.0,0.021270758122743597,-0.03491738612682338,0.056188144249566974,2024-09-20,14200.0,-0.007610108303249149,-0.03259154510270912,0.02498143679945997,2024-10-23,13800.0,-0.029992779783393538,-0.0762540934802024,0.04626131369680886,2024-11-20,13490.0,-0.03971119133574008,0.036101083032491044,v6
5005,7362,2563729362.5,0.09952616478742216,0.3921668927505604,0.3632104936326144,0.029115523953051392,True,True,mixed,0.03636862739577551,-0.03258869908015771,2008-08-07,005950,이수화학,0.7814569536423841,0.9602649006622517,0.9006622516556292,2008-08-08,7270.0,-0.012496604183645732,-0.08488033012379648,0.01582348000258449,-0.10070381012638097,2008-08-14,6682.0,-0.14100137551581848,-0.03281643729404926,-0.10818493822176922,2008-08-22,6274.0,-0.30606327372764786,-0.09260192543774626,-0.2134613482899016,2008-09-05,5074.0,-0.27800275103163685,-0.1173354009174905,-0.16066735011414635,2008-10-07,5278.0,-0.3185804676753783,-0.2547974413646056,-0.0637830263107727,2008-11-04,4983.0,-0.38390646492434666,0.025034387895460863,v6
6901,7226,3462646597.5,0.14037467235626822,0.530478777893751,0.6446309332712736,0.04289841747851919,True,True,bull,0.035406725988336385,-0.04481163251817577,2016-03-28,005950,이수화학,0.9098039215686274,0.9607843137254902,0.9490196078431372,2016-03-29,7248.0,0.003044561306393634,-0.038354304635761616,-0.004006180388841041,-0.034348124246920575,2016-04-04,6999.0,-0.032007726269315695,-0.008334465733568996,-0.0236732605357467,2016-04-11,7045.0,0.033527593818984514,0.01645755008983718,0.017070043729147333,2016-04-26,7520.0,0.0648465783664458,-0.015033242238025601,0.07987982060447141,2016-05-26,7747.0,-0.022625827814569562,-0.03104789801351837,0.008422070198948809,2016-06-24,7113.0,-0.07505518763796915,0.11561810154525376,v6
7011,8608,2291769055.0,0.061748433243530076,0.09659224746634343,0.16565624461037842,0.04428563588751144,True,True,bull,0.017439970687138207,-0.049889624724061776,2016-09-05,005950,이수화학,0.7613636363636364,0.75,0.7159090909090909,2016-09-06,8607.0,-0.00011617100371752453,-0.06185988149180899,-0.03242137585571925,-0.02943850563608974,2016-09-12,8109.0,-0.04861484837922625,-0.004134660700317427,-0.04448018767890882,2016-09-22,8223.0,-0.02502939467874987,-0.00214263850627483,-0.02288675617247504,2016-10-07,8426.0,-0.19605298013245032,-0.037017602674168315,-0.159035377458282,2016-11-04,6954.0,-0.23288346694550943,-0.042561254682466854,-0.19032221226304258,2016-12-02,6637.0,-0.09213430928314159,0.018357151156035867,v6
3298,97324,2300813192.5,0.19434971080946584,0.28773751748002674,0.7455863004144461,0.0951248613061928,True,True,bear,0.03277536891656441,-0.1153730787060182,2001-09-07,005960,동부건설,0.8533333333333334,0.8266666666666667,0.84,2001-09-10,101131.0,0.03911676462126512,0.0022888728480881006,-0.11989269877187536,0.12218157161996346,2001-09-14,101767.0,0.04413558651649829,-0.13810470993996238,0.18224029645646067,2001-09-21,105999.0,0.05668366771810818,-0.08126060694538229,0.13794427466349046,2001-10-10,107268.0,0.1759349358752509,0.025620905490975954,0.15031403038427493,2001-11-07,119328.0,0.42280285965727615,0.25606306684428537,0.16673979281299078,2001-12-05,144294.0,-0.10668341062582198,0.2740702652994631,v6
4251,357561,2085887115.0,0.13541427164260722,0.33813575669859697,1.0376888206050856,0.02768909697159261,True,True,bull,0.034588419794737923,-0.03976958401589814,2005-07-21,005960,동부건설,0.8278145695364238,0.8278145695364238,0.9072847682119205,2005-07-22,349097.0,-0.023671485424864525,0.16570068490992473,0.03486651053864165,0.13083417437128309,2005-07-28,408339.0,0.13539678656648446,0.04111475409836074,0.09428203246812372,2005-08-04,397760.0,0.23842832221416965,0.02096487119437951,0.21746345101979014,2005-08-19,433728.0,0.19903239500769132,0.09988758782201423,0.09914480718567709,2005-09-16,419975.0,0.49903497308770906,0.11121311475409845,0.3878218583336106,2005-10-18,524705.0,0.0,0.30302752530099086,v6
4787,652707,2542651632.5,0.16283871482429513,0.7145171381310553,1.1371256581512121,0.04522583330187602,True,True,mixed,0.0322901547192922,-0.049305375510881766,2007-09-14,005960,동부건설,0.7391304347826086,0.9239130434782609,0.842391304347826,2007-09-17,651647.0,-0.0016240058709344751,-0.0023733524438844765,0.024342860192672067,-0.026716212636556543,2007-09-21,652707.0,0.039835082490980556,0.0693566034211297,-0.029521520930149148,2007-10-04,680212.0,0.0024973827854650778,0.07015184266004848,-0.0676544598745834,2007-10-18,655881.0,-0.20691967890591068,0.03954313772582929,-0.24646281663173997,2007-11-15,519415.0,-0.2783479214973751,0.02254956902302996,-0.30089749052040504,2007-12-13,472869.0,-0.06980466418168119,0.16234096067349357,v6
9142,43450,3196596347.5,0.1395676482524324,0.2587698759709396,0.3812608683901979,0.011972158451378778,True,True,mixed,0.03483179517713597,-0.02578475336322872,2025-05-15,006040,동원산업,0.8422939068100358,0.8494623655913979,0.7992831541218638,2025-05-16,43750.0,0.0069044879171460405,0.02914285714285714,-0.014053614329592734,0.04319647147244987,2025-05-22,45200.0,0.07257142857142851,0.03421220691542737,0.03835922165600114,2025-05-29,47100.0,0.0794285714285714,0.12013046254903759,-0.04070189112046618,2025-06-16,47400.0,0.13085714285714278,0.21720569899340103,-0.08634855613625825,2025-07-14,49650.0,0.06914285714285717,0.21900754189094673,-0.14986468474808956,2025-08-11,46950.0,-0.02400000000000002,0.17028571428571437,v6
6187,1635,5788999592.25,0.11054672444580449,0.2081277126757488,0.34077248134506655,0.0019063107480243868,True,True,bull,-0.005625665196898333,-0.10655737704918034,2014-08-14,006060,화승인더,0.7974137931034483,0.8017241379310345,0.8232758620689655,2014-08-18,1635.0,0.0,-0.019290519877675823,-0.006880900070016183,-0.01240961980765964,2014-08-22,1610.0,-0.059045871559633034,-0.0011637171346482456,-0.05788215442498479,2014-08-29,1545.0,0.029639143730886944,-0.0040271373041356195,0.03366628103502256,2014-09-17,1690.0,-0.27922935779816516,-0.08222796301214408,-0.19700139478602108,2014-10-17,1185.0,-0.34344954128440364,-0.060749897390086516,-0.2826996438943171,2014-11-14,1080.0,-0.1009174311926605,0.07033639143730896,v6
6452,6200,18722993184.25,0.16936864162923682,1.7685224899378937,4.323350368832005,0.11542536112813817,True,True,bear,0.03350558426404393,-0.10662824207492794,2015-09-11,006060,화승인더,0.9278350515463918,0.993127147766323,1.0,2015-09-14,6220.0,0.003225806451612856,-0.06830868167202575,0.024799116884450356,-0.0931077985564761,2015-09-18,5820.0,0.010469453376205754,-0.002464508510256036,0.01293396188646179,2015-09-25,6310.0,0.1423022508038585,0.031781890996842366,0.11052035980701613,2015-10-14,7130.0,-0.02168488745980712,0.025476856724770736,-0.04716174418457786,2015-11-11,6110.0,-0.023292604501607746,0.0003029291710523463,-0.023595533672660093,2015-12-09,6100.0,-0.10771704180064312,0.2363344051446945,v6
6744,22250,7845083820.0,0.40597788259490186,0.6099728636991371,1.712040331957028,0.046190184204239815,True,True,bear,0.03440260344026025,-0.10821643286573146,2015-08-05,006090,사조오양,0.9625,0.896875,0.95,2015-08-06,22450.0,0.008988764044943753,-0.17549220489977724,-0.030329952976056007,-0.14516225192372123,2015-08-12,18600.0,-0.18885523385300673,-0.06023286178494647,-0.12862237206806026,2015-08-20,18300.0,-0.08195100222717144,-0.05975182352767938,-0.02219917869949206,2015-09-03,20700.0,-0.32916703786191537,-0.02896537506258401,-0.30020166279933136,2015-10-05,15150.0,-0.41157238307349664,0.005468128761179303,-0.41704051183467594,2015-11-03,13300.0,-0.32071269487750553,0.013363028953229383,v6
5146,22079,13802614630.0,0.22767152019044046,0.6477132920146709,0.43494857785789987,0.02696456226389987,True,True,bear,0.0028570001044689874,-0.12409251398421073,2009-03-04,006120,SK디스커버리,0.9032258064516129,0.9483870967741935,0.9290322580645162,2009-03-05,22740.0,0.029937950088319232,0.06350219876868946,0.055473905920898625,0.00802829284779083,2009-03-11,24275.0,0.19314160070360598,0.09520243388719862,0.09793916681640735,2009-03-18,27223.0,0.26587686895338614,0.15456119822139014,0.111315670731996,2009-04-01,28877.0,0.4405030782761654,0.25290896325766443,0.18759411501850098,2009-04-29,32848.0,0.46961477572559374,0.3067072314533117,0.16290754427228205,2009-05-29,33510.0,-0.02115215479331578,0.31750219876868946,v6
6350,33329,9204202780.0,0.07248070394435746,0.18712942047141579,0.3069281891520992,0.03920776404328685,True,True,mixed,0.01827791908220866,-0.036511332099907534,2013-12-27,006120,SK디스커버리,0.8622754491017964,0.9161676646706587,0.9101796407185628,2013-12-30,33328.0,-3.000390050711399e-05,-0.016602016322611598,-0.022391634070407895,0.0057896177477962975,2014-01-07,32908.0,0.01949375900144013,-0.02906222559271976,0.048555984594159884,2014-01-14,34111.0,0.037556649063850145,-0.04360082222399608,0.08115747128784623,2014-01-28,34713.0,0.1296113778204513,-0.012917099066017346,0.14252847688646864,2014-02-27,37781.0,0.16753744599135856,-0.013146603336792517,0.18068404932815108,2014-03-27,39045.0,-0.0649903984637542,0.0649903984637541,v6
6864,49530,17012276785.0,0.1298034254889403,0.3042213762659183,0.23410853888529948,0.025114809193683474,True,True,bear,0.027419637550911924,-0.037205505015162066,2016-01-29,006120,SK디스커버리,0.7938931297709924,0.8740458015267175,0.7862595419847328,2016-02-01,49838.0,0.006218453462548013,0.025756410770897634,-0.0009533136766651795,0.026709724447562814,2016-02-05,51321.0,-0.0820528913680324,-0.018587012012794113,-0.06346587935523829,2016-02-17,45948.0,0.01460026485814048,0.02008209958220908,-0.005481834724068598,2016-03-03,50765.0,-0.013912115253421061,0.03971098446567556,-0.05362309971909662,2016-03-31,49344.0,-0.10312115253421084,0.03882539252560413,-0.14194654505981497,2016-04-29,44898.0,-0.11400939042497693,0.06938480677394754,v6
3438,24745,5582553952.5,0.16886128143834167,0.6195935685200111,1.508135123995912,0.03729388787689247,True,True,bull,0.03981510662884746,-0.11355901844886263,2002-04-08,006200,한국전자홀딩스,0.8023952095808383,0.8323353293413174,0.9341317365269461,2002-04-09,25280.0,0.021620529399878796,0.059884493670885997,-0.01052235585700212,0.07040684952788812,2002-04-15,26895.0,0.13860284810126577,0.018920324411644263,0.11968252368962151,2002-04-22,28885.0,0.16629272151898733,-0.08569468571238892,0.25198740723137625,2002-05-07,29585.0,-0.004,-0.10783478462917262,0.10383478462917262,2002-06-04,25280.0,0.03852373417721511,-0.12830414144878777,0.16682787562600288,2002-07-05,26355.0,-0.10640822784810122,0.2660205696202531,v6
2738,17500,6939701325.0,0.14381217205131958,0.4501020847840038,1.3879259995785083,0.09168004923097661,True,True,mixed,0.021450459652706755,-0.125,1999-05-31,006260,LS,0.8125,0.7613636363636364,0.8522727272727273,1999-06-01,17700.0,0.011428571428571344,0.1654915254237288,0.1487017237617283,0.016789801662000503,1999-06-07,20700.0,0.06379661016949156,0.12086788130045822,-0.05707127113096666,1999-06-14,18900.0,0.35193220338983044,0.23152138337333628,0.12041082001649417,1999-06-28,24000.0,0.42820338983050843,0.1904593061313551,0.23774408369915334,1999-07-26,25350.0,0.5101242937853108,0.25133646083351535,0.2587878329517954,1999-08-23,26800.0,-0.02259887005649719,0.4689265536723164,v6
4737,69500,10177898620.4,0.04969912008213706,0.2887769778313187,0.6881480647488785,0.06361717356408425,True,True,bull,0.03553602026372649,-0.03203342618384397,2007-07-04,006260,LS,0.5665024630541872,0.645320197044335,0.7733990147783252,2007-07-05,70000.0,0.007194244604316502,0.11171428571428565,0.026282065205586624,0.08543222050869903,2007-07-11,78100.0,0.1617142857142857,0.0523143421881449,0.1093999435261408,2007-07-19,81600.0,0.15742857142857147,0.006250135754469088,0.15117843567410238,2007-08-02,81300.0,0.3731428571428572,0.017202806316384045,0.3559400508264732,2007-08-31,96400.0,0.8959999999999999,0.0879906166511002,0.8080093833488997,2007-10-04,133000.0,-0.010000000000000009,0.2542857142857142,v6
4774,88000,14690778090.0,0.11376421472256337,0.2680224474361974,1.269178335749538,0.031110225666278746,True,True,mixed,0.03963612735542554,-0.053763440860215006,2007-08-28,006260,LS,0.7846153846153846,0.7846153846153846,0.8871794871794871,2007-08-29,87000.0,-0.011363636363636354,0.05347126436781613,0.05703121916564724,-0.003559954797831111,2007-09-04,92000.0,0.037379310344827665,0.04159360393326539,-0.004214293588437723,2007-09-11,90600.0,0.30634482758620685,0.09748025191842546,0.20886457566778138,2007-09-28,114000.0,0.6224367816091954,0.16313240376862748,0.4593043778405679,2007-10-29,141500.0,0.14542528735632176,0.046087314430054205,0.09933797292626756,2007-11-26,100000.0,-0.0367816091954023,0.3390804597701149,v6
6371,84100,8598566290.0,0.07445213943491691,0.12363283869309316,0.12739824438717462,0.031015916283501754,True,True,bear,0.015393902807123494,-0.020954598370197863,2014-01-29,006260,LS,0.6795580110497238,0.7458563535911602,0.7569060773480663,2014-02-03,84500.0,0.0047562425683709275,0.00546745562130169,-0.003932459108124453,0.009399914729426143,2014-02-07,85300.0,-0.11050887573964496,0.0052795465496426885,-0.11578842228928765,2014-02-14,75500.0,-0.13772781065088757,0.025853716666062176,-0.16358152731694975,2014-02-28,73200.0,-0.09512426035502963,0.02637700832603662,-0.12150126868106625,2014-03-28,76800.0,-0.07263905325443787,0.02153785574765954,-0.09417690900209741,2014-04-25,78700.0,-0.14792899408284022,0.022485207100591653,v6
7116,63700,5522948590.0,0.027816403448350346,0.021025273420243407,0.15740862515410803,0.01542772854847585,True,True,bull,0.01667863698028893,-0.027480916030534375,2017-02-08,006260,LS,0.6143497757847534,0.6322869955156951,0.8161434977578476,2017-02-09,63700.0,0.0,0.11059968602825743,0.008083593353167329,0.1025160926750901,2017-02-15,71000.0,0.07449293563579285,0.01908908400454723,0.055403851631245615,2017-02-22,68700.0,-0.0008602825745682684,0.011566649735142542,-0.01242693230971081,2017-03-09,63900.0,0.011698587127158658,0.041409670319038305,-0.029711083191879647,2017-04-06,64700.0,0.044665620094191505,0.09818832692354196,-0.05352270682935045,2017-05-10,66800.0,-0.014128728414442682,0.12244897959183665,v6
8438,64100,13354708880.0,0.15736685336395395,0.3356984688324326,0.38006614807487993,0.016773906289941687,True,True,bear,0.007782407043471329,-0.0723589001447178,2022-06-28,006260,LS,0.907185628742515,0.907185628742515,0.8622754491017964,2022-06-29,63500.0,-0.009360374414976613,-0.026047244094488217,-0.018985379749486664,-0.007061864345001553,2022-07-05,62100.0,-0.1803779527559055,-0.029047798584055817,-0.1513301541718497,2022-07-12,52300.0,-0.13470866141732285,0.010833228603745138,-0.145541890021068,2022-07-26,55200.0,0.05269291338582671,0.025281722592266798,0.027411190793559914,2022-08-24,67100.0,-0.021322834645669305,-0.0406769720581458,0.019354137412476494,2022-09-23,62400.0,-0.21259842519685035,0.055118110236220375,v6
8556,71700,10590807470.0,0.09051596952002561,0.12724387859007202,0.22424543667112917,0.080084218414614,True,True,mixed,0.009006473402758175,-0.06518904823989569,2022-12-16,006260,LS,0.7047619047619048,0.8222222222222222,0.8031746031746032,2022-12-19,71300.0,-0.00557880055788007,0.0016100981767182033,-0.015777741855894645,0.017387840032612848,2022-12-23,71700.0,-0.06010098176718093,-0.05322063315154979,-0.006880348615631138,2023-01-02,67300.0,-0.033453015427770016,0.020878176605211962,-0.05433119203298198,2023-01-16,69200.0,-0.0769312762973352,0.03280613243263941,-0.10973740872997462,2023-02-15,66100.0,-0.02363534361851338,0.011540850270973735,-0.03517619388948712,2023-03-16,69900.0,-0.10659186535764376,0.04207573632538564,v6
8695,94500,30267947830.0,0.11481244252492306,0.054771147563210665,0.2684010683225011,0.03279250430747105,True,True,mixed,0.03544622801731223,-0.08252427184466016,2023-07-11,006260,LS,0.7908309455587392,0.6160458452722063,0.7449856733524355,2023-07-12,95300.0,0.00846560846560851,-0.1005372507869885,0.01955341119248044,-0.12009066197946894,2023-07-18,86100.0,0.2562308499475341,0.03082956353783417,0.22540128640969992,2023-07-25,120100.0,0.20271563483735577,0.0064005067230734625,0.1963151281142823,2023-08-08,115000.0,0.029578174186778664,0.0022403728480886453,0.02733780133869002,2023-09-06,98500.0,-0.027084994753410304,-0.04204315747905274,0.014958162725642436,2023-10-11,93100.0,-0.12486883525708292,0.5876180482686253,v6
4335,62328,4013089715.0,0.06507019144134829,0.5792725958789486,0.9493578414519639,0.018300772988991243,True,True,bull,0.03968112975746951,-0.09137559041343524,2005-11-21,006280,녹십자,0.6235294117647059,0.9117647058823529,0.8647058823529412,2005-11-22,62142.0,-0.0029842125529456753,0.10879006147211223,0.02172591077450381,0.08706415069760842,2005-11-28,69151.0,0.034589038009719575,0.0386343713227455,-0.004045333313025923,2005-12-05,64540.0,-0.112284252196582,0.05778571033698454,-0.17006996253356654,2005-12-19,55413.0,-0.08112979949148724,0.0974151615425316,-0.17854496103401885,2006-01-17,57349.0,-0.1567952109684272,0.02970234475569211,-0.1864975557241193,2006-02-15,52647.0,-0.1736023945157864,0.2314698593543818,v6
8986,162300,18077743510.0,0.08888017485139788,0.4917813657182467,0.36569797624283007,0.08120839944518576,True,True,bear,0.01450181272659079,-0.08563380281690136,2024-09-19,006280,녹십자,0.7472924187725631,0.9747292418772563,0.8664259927797834,2024-09-20,162300.0,0.0,-0.05760443622920519,0.02601552328685064,-0.08361995951605583,2024-09-26,153600.0,-0.06869500924214422,0.0025155252070987455,-0.07121053444924297,2024-10-07,151800.0,0.041594577942082545,-0.012723564902470619,0.05431814284455316,2024-10-22,169700.0,-0.20239802834257548,-0.05064846783392163,-0.15174956050865385,2024-11-19,130100.0,0.04529143561306226,-0.05646297953399415,0.10175441514705641,2024-12-17,170300.0,-0.11460258780036969,0.12014787430683915,v6
7404,1760,13801367847.75,0.24207845769990222,0.6191982753271664,0.5245157681242028,0.03366565638727459,True,True,bear,0.015873015873015817,-0.10432569974554706,2018-04-13,006340,대원전선,0.9217081850533808,0.9288256227758007,0.8042704626334519,2018-04-16,1800.0,0.022727272727272707,0.1293333333333333,0.004172681708325854,0.12516065162500745,2018-04-20,2040.0,-0.0484444444444444,0.010689202121620056,-0.05913364656606446,2018-04-27,1720.0,0.5182222222222221,-0.003041313198488216,0.5212635354207104,2018-05-15,2740.0,0.2821111111111112,-0.02514152244083634,0.30725263355194754,2018-06-15,2315.0,-0.02066666666666672,-0.06291057728179583,0.04224391061512911,2018-07-13,1770.0,-0.06944444444444442,0.6333333333333333,v6
3320,11374,9330815275.0,0.08714630386710476,0.36017694322732063,1.1322090287128848,0.0004588116125912034,True,True,bear,0.007391136835672274,-0.08547077269437964,2001-10-12,006360,GS건설,0.7435897435897436,0.8717948717948718,0.9743589743589743,2001-10-15,11281.0,-0.00817654299279058,0.012399255385160849,0.02821536364521471,-0.01581610826005386,2001-10-19,11466.0,0.028798510770321698,0.0581442897478337,-0.029345778977512,2001-10-26,11651.0,-0.04495381615105043,0.12306494012267555,-0.16801875627372598,2001-11-09,10819.0,0.15999255385160893,0.37182358095609014,-0.2118310271044812,2001-12-07,13131.0,0.16814785923233755,0.46355758932917945,-0.2954097300968419,2002-01-09,13223.0,-0.06559702154064351,0.09422923499689739,v6
5320,101255,48280459042.6,0.1031048870987169,0.19303086746160902,0.19593271945782753,0.03354913342310928,True,True,mixed,0.03180240100026377,-0.02231427302396538,2009-11-06,006360,GS건설,0.9038461538461539,0.8846153846153846,0.7948717948717948,2009-11-09,100792.0,-0.004572613698089034,0.00517731565997304,-0.003758111944838771,0.008935427604811811,2009-11-13,101717.0,0.06023128819747603,0.02704826607179056,0.03318302212568547,2009-11-20,107266.0,0.01435463131994608,0.029684648144392645,-0.015330016824446565,2009-12-04,102642.0,0.009770934201127183,0.08073920097343334,-0.07096826677230617,2010-01-06,102180.0,-0.16271299309469,0.023511965118637068,-0.18622495821332707,2010-02-03,84795.0,-0.04586673545519482,0.1238590364314629,v6
8093,42050,48726579597.5,0.01572499974921171,0.1873139278951299,0.23258005484995437,0.02748588588420353,True,True,bull,0.0010117240968874341,-0.06969026548672563,2021-02-02,006360,GS건설,0.6307053941908713,0.8070539419087137,0.7883817427385892,2021-02-03,42800.0,0.017835909631391145,-0.07409345794392519,-0.0076405376364840905,-0.0664529203074411,2021-02-09,39800.0,-0.10680373831775702,-0.007000341009258837,-0.09980339730849819,2021-02-18,38400.0,-0.16287850467289722,-0.026431434619517247,-0.13644707005337997,2021-03-05,36000.0,-0.02619626168224298,0.0014090759935916353,-0.027605337675834615,2021-04-02,41850.0,0.027542056074766345,0.012688118079281496,0.014853937995484848,2021-04-30,44150.0,-0.1728971962616822,0.02336448598130847,v6
3172,64028,17410231155.0,0.08644538427276172,0.3082264203076521,0.4954063230030261,0.01819067866146229,True,True,mixed,-0.004267336833461921,-0.06837196443901228,2001-03-08,006400,삼성SDI,0.6145833333333334,0.7291666666666666,0.875,2001-03-09,63538.0,-0.00765290185543821,-0.04097000220340585,-0.05292688469000717,0.011956882486601317,2001-03-15,61189.0,-0.0024418773017722516,-0.07876107741518246,0.0763192001134102,2001-03-22,63637.0,-0.17194674053322423,-0.11517015958469523,-0.056776580948529,2001-04-06,52867.0,-0.08873669300261267,0.042631661743371074,-0.13136835474598374,2001-05-07,58154.0,-0.07641335893481072,0.0678191256926115,-0.14423248462742222,2001-06-04,58937.0,-0.19415153136705599,0.03544335673140475,v6
3757,96434,41733285845.0,0.08440124957539008,0.08356578285766436,0.4225812661689654,0.04888331478560248,True,True,bull,0.03249278366410002,-0.034308031243741266,2003-07-23,006400,삼성SDI,0.8297872340425532,0.6595744680851063,0.8297872340425532,2003-07-24,97021.0,0.006087064728207858,0.0959062058729554,0.030296472624973037,0.06560973324798236,2003-07-30,106714.0,0.06563440904546436,0.02125081151265973,0.04438359753280463,2003-08-06,103777.0,0.1362686016429433,0.08827815047248078,0.04799045117046252,2003-08-21,110630.0,0.0050908153904825094,0.03706268484455033,-0.031971869454067825,2003-09-23,97903.0,0.17159085146514674,0.1242588184375677,0.047332033027579046,2003-10-22,114057.0,0.0,0.1907215963554283,v6
3924,164477,48705442160.0,0.025665956344791185,0.1422034334364488,0.40985656007683224,0.04123499372913453,True,True,mixed,0.029096211426567598,-0.0454532264710491,2004-03-30,006400,삼성SDI,0.6181818181818182,0.8,0.8,2004-03-31,165945.0,0.00892526006675709,0.0019055711229625273,0.03195917210093557,-0.030053600977973046,2004-04-07,166925.0,-0.01579306396697699,0.03919478310178626,-0.05498784706876325,2004-04-14,163988.0,-0.10429226550965687,-0.007190246668556832,-0.09710201884110004,2004-04-29,149302.0,-0.25768646238211457,-0.08835837822512049,-0.16932808415699407,2004-05-31,123847.0,-0.3048828226219531,-0.12565920045364332,-0.17922362216830978,2004-06-28,116015.0,-0.10619783663261928,0.026550965681400474,v6
4890,69511,41807173275.0,0.11641871329757003,0.14152623230974115,0.16552677547426142,0.004442363394330684,True,True,bear,0.0337814574904205,-0.03661663409698834,2008-02-21,006400,삼성SDI,0.8223684210526315,0.8092105263157895,0.7302631578947368,2008-02-22,69021.0,-0.007049244004546096,-0.062156213326378884,0.028762228687567726,-0.09091844201394661,2008-02-28,65007.0,-0.011084800278176262,0.005812885525855682,-0.016897685804031944,2008-03-06,68532.0,0.06267535967314286,-0.03806521571671517,0.10074057538985803,2008-03-20,73623.0,0.1364355196244622,0.049933931015684774,0.08650158860877744,2008-04-18,78714.0,0.0910435374741021,0.09473640549172502,-0.003692868017622919,2008-05-21,75581.0,-0.08368467567841675,0.07518001767577975,v6
4957,78028,38433969765.0,0.030476387047651432,0.11641032509815563,0.26674251627390544,0.016317331498458154,True,True,bull,0.030376619372184388,-0.03158626338848003,2008-05-30,006400,삼성SDI,0.6352941176470588,0.7647058823529411,0.8470588235294118,2008-06-02,78322.0,0.0037678781975700737,0.0597496488853706,-0.021284423524319585,0.08103407240969018,2008-06-09,83315.0,0.08725150021705264,-0.04732997889952928,0.13458147911658191,2008-06-16,85469.0,0.04100651158039881,-0.09380511821673965,0.13481162979713845,2008-06-30,81847.0,0.04975245780240556,-0.13526483795920574,0.1850172957616113,2008-07-28,82532.0,0.03600153213656454,-0.1937185521830871,0.22972008431965163,2008-08-26,81455.0,-0.036247797553688565,0.12998901968795495,v6
5221,96924,64654253490.0,0.050107765325462794,0.3631701271467709,0.6351059551055871,0.0594696060782951,True,True,mixed,0.016480952256102466,-0.07475538160469664,2009-06-19,006400,삼성SDI,0.7120418848167539,0.8115183246073299,0.7591623036649214,2009-06-22,98391.0,0.015135570137427168,0.03581055177810977,0.009176104497593762,0.026634447280516005,2009-06-26,102308.0,0.030840585012856806,0.027636863624850738,0.003203721388006068,2009-07-03,101819.0,0.01094039088941057,0.042153634620255565,-0.031213243730844994,2009-07-17,99861.0,0.18507217123517394,0.15165177117632167,0.03342040005885227,2009-08-14,116994.0,0.5830862172353162,0.1952816875927199,0.38780452964259626,2009-09-11,156155.0,-0.04675224359951624,0.08956103708672547,v6
7949,373011,256337954513.65,0.03907475087750134,0.38630168770051854,0.6542770177696592,0.021232230495801918,True,True,mixed,0.014106402180291688,-0.04511139611860748,2020-07-03,006400,삼성SDI,0.7017543859649122,0.8450292397660819,0.9210526315789473,2020-07-06,375947.0,0.007871081549873926,0.014231293240802637,-0.004029736677551465,0.018261029918354103,2020-07-10,382801.0,-0.005298055310988033,0.019565066351698857,-0.02486312166268689,2020-07-17,375459.0,0.03115921127180155,0.04188147015910526,-0.010722258887303712,2020-07-31,389165.0,0.17438950703157619,0.07745431807128478,0.09693518896029141,2020-08-31,443012.0,0.09235666729618797,0.06907524491072059,0.023281422385467376,2020-09-28,412172.0,-0.04036207231338462,0.050781094143589334,v6
7985,434690,345749532275.0,0.10747965428918649,0.06704137571231716,0.26650555279822274,0.017392388496860978,True,True,bull,0.016075730354832896,-0.12770128851135898,2020-08-25,006400,삼성SDI,0.8232323232323232,0.6767676767676768,0.7121212121212122,2020-08-26,433221.0,-0.00337941981642087,0.023120107289351214,-0.007682431348036367,0.03080253863738758,2020-09-01,444970.0,-0.019818716082553697,0.01443148318649845,-0.03425019926905215,2020-09-08,426368.0,0.005041574623575466,-0.014845379982599272,0.019886954606174737,2020-09-22,437138.0,-0.06049541458054897,-0.010064449643964246,-0.05043096493658472,2020-10-26,408746.0,0.18470276371644023,0.09918741077990001,0.08551535293654022,2020-11-23,514971.0,-0.04406757751817203,0.07231643895379025,v6
8508,587419,154397491338.6,0.16062177628667518,0.19059210409318195,0.1608572889340779,0.08056183587513144,True,True,bear,0.011377456189050283,-0.05511794558337424,2022-10-11,006400,삼성SDI,0.9387096774193548,0.8354838709677419,0.7741935483870968,2022-10-12,586440.0,-0.0016666127585249768,0.0060180751654048716,0.02674150637734729,-0.02072343121194242,2022-10-18,592315.0,0.08948953004569948,0.01995117165217808,0.0695383583935214,2022-10-25,641266.0,0.21469927017256674,0.09477719214183034,0.1199220780307364,2022-11-08,714694.0,0.1746320851237979,0.09209391471011008,0.08253817041368783,2022-12-06,691197.0,0.002679285178364358,0.029493234763958265,-0.026813949585593907,2023-01-04,590357.0,-0.03839779005524857,0.26878111997817333,v6
8225,29762,27332133587.75,0.14386443972230056,0.24167956135784974,0.46220047312935053,0.029278315177150516,True,True,mixed,0.02378876143988129,-0.07248815756669158,2021-08-12,006490,프리티,0.9328358208955224,0.8482587064676617,0.8308457711442786,2021-08-13,29762.0,0.0,0.10066366507627178,-0.04530609061841995,0.14596975569469173,2021-08-20,32877.0,0.17085384046771046,-0.022412851906730036,0.1932666923744405,2021-08-27,34966.0,0.4211730394462738,-0.02495203930437484,0.44612507875064866,2021-09-10,42416.0,-0.03047671527451112,-0.05948374015441005,0.029007024879898927,2021-10-15,28974.0,-0.1298315973388885,-0.0739140606722295,-0.055917536666658996,2021-11-12,26017.0,-0.01589274914320271,0.6662522679927425,v6
2929,142500,4865337025.0,0.15213154977681076,0.23639079968370358,0.6871433421590423,0.031034936515150324,True,True,mixed,0.0388190267905959,-0.07166123778501632,2011-06-15,006650,대한유화,0.8555555555555555,0.75,0.9333333333333333,2011-06-16,139500.0,-0.021052631578947323,-0.014752688172043001,0.0032763615858757422,-0.018029049757918744,2011-06-22,138000.0,0.07843727598566308,0.018112349063757804,0.060324926921905275,2011-06-29,151000.0,0.18237992831541217,0.03523303972466896,0.1471468885907432,2011-07-13,165500.0,-0.050594982078853046,-0.121973983550137,0.07137900147128395,2011-08-10,133000.0,-0.10794265232974909,-0.10233525831729173,-0.005607394012457356,2011-09-08,125000.0,-0.03584229390681004,0.2544802867383513,v6
3774,77900,4068324745.0,0.001931518127049614,0.10924911596555464,0.3189837424889277,0.0031965912709155386,True,True,mixed,0.01247725500389918,-0.06818181818181823,2014-11-13,006650,대한유화,0.5956521739130435,0.6478260869565218,0.7782608695652173,2014-11-14,78800.0,0.011553273427471034,-0.012883248730964466,-0.0008164764956829496,-0.012066772235281516,2014-11-20,78100.0,-0.004,0.01145618583005037,-0.01545618583005037,2014-11-27,78800.0,-0.10552284263959388,-0.021968320711967637,-0.08355452192762625,2014-12-11,70800.0,-0.0598375634517766,-0.02168765691657648,-0.03814990653520012,2015-01-13,74400.0,0.04929949238578679,-0.012134881917086893,0.061434374302873684,2015-02-10,83000.0,-0.10659898477157359,0.06598984771573613,v6
5771,169000,9139583950.0,0.10389351745682263,0.5742111407128105,0.3430263469549204,0.11575472520597518,True,True,mixed,0.03824297342958061,-0.04249291784702547,2022-12-23,006650,대한유화,0.7738853503184714,0.9681528662420382,0.8949044585987261,2022-12-26,169000.0,0.0,-0.027668639053254448,-0.037564755636659175,0.009896116583404727,2023-01-02,165000.0,0.06404733727810652,0.01628079946725247,0.04776653781085405,2023-01-09,180500.0,0.011976331360946672,0.05017426725591778,-0.03819793589497111,2023-01-25,171700.0,0.11671005917159771,0.045465159521564935,0.07124489965003278,2023-02-22,189400.0,-0.00044970414201172745,0.04840564919958146,-0.04885535334159319,2023-03-23,169600.0,-0.053254437869822535,0.10355029585798814,v6
4265,9553,124091570075.5,0.1183366147242273,0.6985254364814786,0.6722201482774013,0.01576587633630555,True,True,bull,0.03022852027996148,-0.08434774273938461,2005-08-10,006800,미래에셋증권,0.8791946308724832,0.9463087248322147,0.8993288590604027,2005-08-11,9597.0,0.004605882968701014,0.005273731374387806,-0.010844671355764945,0.01611840273015275,2005-08-18,9686.0,0.07394102323642815,-0.006698711855814832,0.08063973509224298,2005-08-25,10345.0,0.06477149109096603,0.036725235133838297,0.02804625595712773,2005-09-08,10257.0,0.11989288319266445,0.11088178584037145,0.009011097352292996,2005-10-10,10786.0,0.1244776492653954,0.10299722093981112,0.021480428325584278,2005-11-07,10830.0,-0.07335625716369698,0.13754298218193184,v6
6527,11631,23379536349.75,0.06122757552947278,0.3400917294039538,0.43435761315101074,0.011128826020027516,True,True,mixed,0.02997564755368609,-0.02046488125315815,2014-09-19,006800,미래에셋증권,0.6051502145922747,0.871244635193133,0.8626609442060086,2014-09-22,11582.0,-0.004212879374086542,-0.050192367466758814,-0.010548872546632282,-0.03964349492012653,2014-09-26,11047.0,-0.0922403729925747,-0.04135294404129941,-0.05088742895127529,2014-10-06,10560.0,-0.1216826109480228,-0.06721862367895592,-0.05446398726906687,2014-10-21,10219.0,-0.0544230702814712,-0.04202503287391035,-0.012398037407560847,2014-11-18,10998.0,-0.1594999136591262,-0.07264890663809476,-0.08685100702103143,2014-12-16,9781.0,-0.1470385080297013,0.00846140562942499,v6
6571,11339,16049977955.0,0.04470457220119739,0.07557815584287919,0.344520830535868,0.03569790932484285,True,True,mixed,0.030083077076813236,-0.045056425804278266,2014-11-24,006800,미래에셋증권,0.7638888888888888,0.6435185185185185,0.8564814814814815,2014-11-25,11339.0,0.0,-0.08981003615839145,-0.00822600831684761,-0.08158402784154384,2014-12-01,10366.0,-0.07693412117470677,-0.0012969841333925203,-0.07563713704131425,2014-12-08,10512.0,-0.1370805185642473,-0.019379062537849823,-0.11770145602639748,2014-12-22,9830.0,-0.1971387247552694,-0.030633049376236454,-0.16650567537903294,2015-01-22,9149.0,-0.1370805185642473,-0.0027251806693852076,-0.1343553378948621,2015-02-24,9830.0,-0.14172325601904934,0.017109092512567203,v6
3478,39738,2720979770.0,0.11848142249756566,0.45448833179152126,0.8768975666311561,0.057819344568324604,True,True,mixed,0.028138094123095758,-0.04317256988755391,2013-08-27,006840,AK홀딩스,0.8717948717948718,0.9435897435897436,0.9846153846153847,2013-08-28,38963.0,-0.019502742966430064,0.01465872751071529,0.0382440899646177,-0.02358536245390241,2013-09-03,39690.0,-0.030127351589969927,0.07063049325909665,-0.10075784484906658,2013-09-10,37945.0,-0.015190103431460652,0.08015527433409741,-0.09534537776555807,2013-09-27,38527.0,0.012169186150963632,0.10161019269695215,-0.08944100654598852,2013-10-29,39593.0,0.06193434797115205,0.08597537731341043,-0.02404102934225838,2013-11-26,41532.0,-0.06467674460385497,0.06092959987680624,v6
3805,79900,5865139385.0,0.07803253742146243,0.31860971587755005,0.24128025604626957,0.03343492540804727,True,True,bear,0.02193515380188016,-0.022031823745410017,2014-12-29,006840,AK홀딩스,0.7704081632653061,0.9081632653061225,0.8112244897959183,2014-12-30,80700.0,0.01001251564455563,0.06911028500619576,-0.026197848550795877,0.09530813355699164,2015-01-07,86600.0,0.160807930607187,-0.01077792309163561,0.17158585369882262,2015-01-14,94000.0,0.1409814126394051,0.01399320758228173,0.12698820505712338,2015-01-28,92400.0,0.26613630731102855,0.03220453758316055,0.233931769727868,2015-03-02,102500.0,0.15461214374225518,0.04938201405006959,0.10523012969218559,2015-03-30,93500.0,-0.022304832713754608,0.20817843866171004,v6
3854,98200,5836400585.0,0.10815703729458237,0.2277294717774947,0.5866950325382374,0.02621241446248801,True,True,bull,0.026606032094506293,-0.060287081339712945,2015-03-13,006840,AK홀딩스,0.8016528925619835,0.7520661157024794,0.8884297520661157,2015-03-16,99500.0,0.01323828920570258,-0.03917587939698497,0.02601241948237054,-0.06518829887935551,2015-03-20,96000.0,-0.09043216080402006,0.017229135924334837,-0.1076612967283549,2015-03-27,90900.0,-0.09344723618090456,0.051455738596588585,-0.14490297477749314,2015-04-10,90600.0,-0.1718391959798995,0.05599343268247736,-0.22783262866237686,2015-05-12,82800.0,-0.18389949748743717,0.03310351079528018,-0.21700300828271735,2015-06-10,81600.0,-0.10351758793969845,0.11557788944723613,v6
4183,69900,2872568090.0,0.057439412318681216,0.1562785961372497,0.2885098028516966,0.009415557450634715,True,True,mixed,0.0374768089053803,-0.026462395543175532,2016-07-12,006840,AK홀딩스,0.774074074074074,0.7148148148148148,0.7666666666666667,2016-07-13,71500.0,0.022889842632331847,-0.061342657342657314,0.004602395835927586,-0.0659450531785849,2016-07-19,67400.0,-0.0627412587412588,0.009807486364655116,-0.07254874510591391,2016-07-26,67300.0,-0.04455944055944061,0.01799616467013676,-0.06255560522957737,2016-08-09,68600.0,-0.16483916083916084,0.027011680322765352,-0.1918508411619262,2016-09-07,60000.0,-0.155048951048951,0.012093741438995886,-0.1671426924879469,2016-10-11,60700.0,-0.09090909090909094,0.020979020979021046,v6
4579,85000,2084430290.0,0.11472140213571924,0.29842835464990236,0.18202981773112104,0.022156301320275684,True,True,bear,0.02403469670501779,-0.03189066059225509,2018-02-22,006840,AK홀딩스,0.8349514563106796,0.8511326860841424,0.7055016181229773,2018-02-23,85000.0,0.0,-0.06752941176470584,-0.01028787085982219,-0.05724154090488365,2018-03-02,79600.0,-0.08282352941176474,0.013316138814154943,-0.09613966822591968,2018-03-09,78300.0,-0.15576470588235292,-0.004272535875704975,-0.15149217000664794,2018-03-23,72100.0,-0.13458823529411768,0.020270854877983302,-0.15485909017210098,2018-04-20,73900.0,-0.10517647058823532,0.0184497740129288,-0.12362624460116411,2018-05-23,76400.0,-0.15294117647058825,0.02941176470588225,v6
5316,31650,6077379825.0,0.11008932773387015,0.24648974182013839,0.5659962997573889,0.0622280084034077,True,True,mixed,0.030692827485142127,-0.050974512743628186,2021-02-23,006840,AK홀딩스,0.7737068965517241,0.834051724137931,0.8793103448275862,2021-02-24,32450.0,0.025276461295418606,-0.036357473035439125,0.004041581720717113,-0.04039905475615624,2021-03-03,31400.0,-0.12110323574730353,-0.036625002442535304,-0.08447823330476822,2021-03-10,28650.0,-0.11031741140215712,-0.02417458590885113,-0.08614282549330599,2021-03-24,29000.0,-0.12110323574730353,0.03291886223449647,-0.1540220979818,2021-04-21,28650.0,0.029898305084745672,0.027955630532342512,0.0019426745524031598,2021-05-21,33550.0,-0.13713405238828968,0.05238828967642517,v6
847,35024,9159900102.5,0.13467820293261656,0.3871386648402577,0.5801009065425906,0.0418681805624872,True,True,mixed,0.03220786799150632,-0.03189783846536565,2015-06-03,007070,GS리테일,0.7012578616352201,0.7735849056603774,0.7830188679245284,2015-06-04,34467.0,-0.01590338053905893,-0.04865140569240145,-0.009258677897502343,-0.03939272779489911,2015-06-10,32928.0,0.0853608379029216,-0.017208486879917273,0.10256932478283887,2015-06-17,37547.0,0.2590632198914904,0.013233582388709975,0.24582963750278042,2015-07-01,43534.0,0.29379209098558046,-0.01587546909185744,0.3096675600774379,2015-07-29,44731.0,0.5890890416920533,-0.07847900738472524,0.6675680490767786,2015-08-27,54909.0,-0.045898975831955235,0.3176371601822032,v6
5449,5775,3516651858.5,0.10712416726898533,0.2558462446511274,0.6036635936169423,0.10563116912908166,True,True,mixed,0.02144594295821367,-0.15073529411764708,2010-05-14,007110,일신석재,0.6666666666666666,0.7513227513227513,0.8571428571428571,2010-05-17,5650.0,-0.02164502164502169,-0.06594690265486725,-0.038140443613393415,-0.02780645904147383,2010-05-24,5300.0,-0.004,-0.0163733016894706,0.012373301689470598,2010-05-31,5650.0,-0.04382300884955748,0.012861312381260648,-0.056684321230818124,2010-06-15,5425.0,-0.15886725663716816,0.03986047933260206,-0.19872773596977023,2010-07-13,4775.0,-0.17656637168141598,0.06745896186554967,-0.24402533354696565,2010-08-10,4675.0,-0.14601769911504425,0.12389380530973448,v6
6830,7375,5777599017.25,0.17689225871439518,0.31933121704932566,0.42436437082263767,0.04551241455324262,True,True,bear,0.029488745419647522,-0.13235294117647056,2015-12-09,007110,일신석재,0.885593220338983,0.902542372881356,0.885593220338983,2015-12-10,7350.0,-0.003389830508474523,-0.15706122448979587,0.011395791927937937,-0.1684570164177338,2015-12-16,6225.0,-0.13325170068027214,0.02671001073330559,-0.15996171141357773,2015-12-23,6400.0,-0.221687074829932,-0.02689489063840067,-0.19479218419153133,2016-01-11,5750.0,-0.09243537414965985,-0.043996281859686515,-0.04843909228997334,2016-02-11,6700.0,-0.17406802721088432,0.012428038064718372,-0.1864960652756027,2016-03-11,6100.0,-0.26190476190476186,0.023809523809523725,v6
6747,109000,5610944800.0,0.032912652880349835,0.29476721711708664,1.3462344383363871,0.12091775561376239,True,True,bear,0.03293058516939107,-0.08403361344537819,2015-08-10,007160,사조산업,0.5157232704402516,0.7610062893081762,0.9308176100628931,2015-08-11,111500.0,0.022935779816513735,-0.3833721973094171,-0.031626364378882776,-0.3517458329305343,2015-08-18,69200.0,-0.4318026905829596,-0.08589461178625346,-0.34590807879670615,2015-08-25,63800.0,-0.3761973094170403,-0.07002945325842147,-0.30616785615861886,2015-09-08,70000.0,-0.2694708520179372,-0.0003069079028785726,-0.2691639441150586,2015-10-08,81900.0,-0.3878565022421525,0.010355666658416363,-0.3982121689005689,2015-11-06,68700.0,-0.45739910313901344,0.004484304932735439,v6
8196,64700,4813050760.0,0.05655143501201154,0.2377144961294786,0.9076807773576014,0.07985399704263973,True,True,bull,0.005986161859597328,-0.1542483660130719,2021-07-02,007160,사조산업,0.7207392197125256,0.7885010266940452,0.9055441478439425,2021-07-05,65100.0,0.0061823802163833985,-0.04086635944700456,-0.020497429450672566,-0.020368929996331997,2021-07-09,62700.0,0.03286635944700467,-0.0025507641638942147,0.03541712361089888,2021-07-16,67500.0,0.060516129032258004,-0.02525500031960648,0.08577112935186448,2021-07-30,69300.0,-0.08234101382488479,-0.042949024287049165,-0.039391989537835626,2021-08-30,60000.0,-0.2236620583717358,-0.06589068240551055,-0.15777137596622526,2021-09-30,50800.0,-0.07219662058371734,0.15053763440860224,v6
6322,2650,2148641251.25,0.13869864474179383,0.3995016700286089,0.39597670564239973,0.04442402641378651,True,True,mixed,0.03142940546852202,-0.036363636363636376,2013-11-18,007210,벽산,0.9095744680851063,0.973404255319149,0.9361702127659575,2013-11-19,2665.0,0.005660377358490676,0.011009380863039379,0.0030000746287222047,0.008009306234317174,2013-11-25,2705.0,-0.013380863039399667,0.010363441876663604,-0.02374430491606327,2013-12-02,2640.0,-0.030266416510318913,-0.02427921092564489,-0.005987205584674023,2013-12-16,2595.0,0.09543714821763594,-0.02618473096345686,0.1216218791810928,2014-01-16,2930.0,-0.0021238273921200222,-0.03163760292544593,0.029513775533325907,2014-02-17,2670.0,-0.08442776735459667,0.02814258911819878,v6
5134,525000,2031785375.0,0.11905714274403367,0.24653178657746633,0.34386385013656184,0.002228634838380872,True,True,bull,0.015228426395939021,-0.0773286467486819,2014-07-23,007310,오뚜기,0.7802690582959642,0.8295964125560538,0.7623318385650224,2014-07-24,517000.0,-0.015238095238095273,-0.013671179883945835,0.024432595157751757,-0.038103775041697596,2014-07-30,512000.0,0.03468471953578334,0.013669857447834222,0.021014862087949115,2014-08-06,537000.0,0.11592263056092844,0.005543695337786536,0.1103789352231419,2014-08-21,579000.0,0.1275280464216635,-0.0019823506842306937,0.12951039710589418,2014-09-23,585000.0,0.18942359767891692,-0.049824392259486205,0.23924798993840313,2014-10-23,617000.0,-0.021276595744680882,0.14700193423597674,v6
5169,596000,2453298900.0,0.1425059422860605,0.32768932558778197,0.4977709597731994,0.016765765984017023,True,True,mixed,0.0015123508654006912,-0.12094395280235992,2014-09-16,007310,오뚜기,0.8209606986899564,0.8864628820960698,0.8995633187772926,2014-09-17,599000.0,0.005033557046979942,-0.027372287145242088,-0.011281346549321114,-0.016090940595920974,2014-09-23,585000.0,0.026050083472454192,-0.015579466487334659,0.04162954995978885,2014-09-30,617000.0,-0.022363939899833093,-0.0649250021929183,0.042561062293085206,2014-10-16,588000.0,-0.173449081803005,-0.04461370525228303,-0.12883537655072197,2014-11-13,497500.0,-0.1692754590984975,-0.06601658820892176,-0.10325887088957575,2014-12-11,500000.0,-0.08013355592654425,0.046744574290484175,v6
5194,617000,2156649600.0,0.10263792435894703,0.22289822776156276,0.5157462015985624,0.04235558898837133,True,True,bear,0.0363651633492903,-0.08997050147492625,2014-10-23,007310,오뚜기,0.6952789699570815,0.7167381974248928,0.8197424892703863,2014-10-24,624000.0,0.011345218800648205,-0.06329487179487181,0.008478939077252612,-0.07177381087212442,2014-10-30,587000.0,-0.15944871794871796,-0.0030785704724936025,-0.15637014747622435,2014-11-06,527000.0,-0.16585897435897434,0.008020757184189042,-0.17387973154316338,2014-11-20,523000.0,-0.1931025641025641,-0.023145907766440543,-0.16995665633612356,2014-12-18,506000.0,-0.2211474358974359,-0.012432688446608942,-0.20871474745082697,2015-01-20,488500.0,-0.24439102564102566,0.012820512820512775,v6
3113,113343,3000639410.5,0.055923721251400105,0.30710771386120594,1.87929595861654,0.05053466558640629,True,True,bull,-0.0010391244913445785,-0.1420623566546313,2007-06-29,007460,에이프로젠,0.6523809523809524,0.7,0.9809523809523809,2007-07-02,113447.0,0.0009175687956026746,-0.07979750896894588,0.06867997771920442,-0.1484774866881503,2007-07-06,104848.0,0.10727663137852916,0.12720726307991792,-0.019930631701388757,2007-07-13,126071.0,0.08049760681199158,0.09492307957344903,-0.014425472761457447,2007-07-30,123033.0,-0.04222930531437585,0.05047633813978325,-0.0927056434541591,2007-08-28,109110.0,-0.19720034906167638,0.11776089490700059,-0.314961243968677,2007-09-28,91529.0,-0.08128906008973358,0.2287147302264494,v6
2617,4082,4726838669.25,0.024308797692665696,0.29807681546715037,0.3118082776389628,0.03890645754166977,True,True,mixed,0.024521245890118726,-0.07647058823529407,2011-03-21,007660,이수페타시스,0.6022727272727273,0.875,0.8409090909090909,2011-03-22,4081.0,-0.0002449779519843043,-0.032424405782896404,0.021818850373668264,-0.05424325615656467,2011-03-28,3965.0,0.02172898799313883,0.05137442359675615,-0.029645435603617317,2011-04-04,4186.0,0.07465719186473896,0.06223167435204324,0.012425517512695716,2011-04-18,4402.0,-0.05447782406272972,0.06126768961679141,-0.11574551367952113,2011-05-18,3875.0,-0.21130213183043367,0.016969112736524128,-0.2282712445669578,2011-06-16,3235.0,-0.06983582455280568,0.15510904190149466,v6
2740,4524,6353197444.5,0.01662803531865431,0.5628285571468544,0.26404805561213174,0.036008997492479544,True,True,bear,0.0012282973143444842,-0.12069970845481048,2011-09-16,007660,이수페타시스,0.6715686274509803,0.946078431372549,0.7450980392156863,2011-09-19,4497.0,-0.005968169761273234,-0.09984167222592844,-0.06677662323382261,-0.03306504899210583,2011-09-23,4066.0,-0.028683122081387565,-0.02707680466215845,-0.0016063174192291162,2011-09-30,4386.0,-0.05781365354680901,0.02544394963989216,-0.08325760318670117,2011-10-17,4255.0,0.18857282632866346,0.04613227775028861,0.14244054857837485,2011-11-14,5363.0,0.10963130976206359,0.04445544010116009,0.0651758696609035,2011-12-12,5008.0,-0.20969535245719373,0.08450077829664226,v6
3156,5812,7577644512.0,0.030161851556796293,0.5226569363120771,0.2729025162554648,0.020317010347498998,True,True,mixed,0.021405223015008357,-0.04266183495305553,2013-05-20,007660,이수페타시스,0.6113744075829384,0.9620853080568721,0.7772511848341233,2013-05-21,5960.0,0.025464556090846635,-0.014234899328859015,-0.007046067742550233,-0.0071888315863087825,2013-05-27,5899.0,-0.07950335570469802,-0.002231672701377141,-0.07727168300332088,2013-06-03,5510.0,-0.1056778523489933,-0.0468400517547467,-0.05883780059424659,2013-06-18,5354.0,-0.0620536912751678,-0.06402142405793321,0.001967732782765408,2013-07-16,5614.0,0.07720805369127515,-0.04061644316506352,0.11782449685633867,2013-08-13,6444.0,-0.1686241610738255,0.04043624161073822,v6
4515,5674,11278584953.0,0.08220751568300999,0.7272930073551028,0.7263920142917711,0.03986545711477074,True,True,mixed,0.025066618490583004,-0.06953099376844862,2018-11-30,007660,이수페타시스,0.6370967741935484,0.9798387096774194,0.9838709677419355,2018-12-03,5725.0,0.008988367994360313,-0.04312663755458512,-0.024448016242280657,-0.018678621312304466,2018-12-07,5501.0,-0.14443668122270747,-0.02744644653112638,-0.1169902346915811,2018-12-14,4921.0,0.03250655021834059,-0.0553534669937682,0.08786001721210879,2019-01-02,5934.0,-0.07631441048034937,0.036855313989228033,-0.1131697244695774,2019-01-30,5311.0,-0.20924017467248912,0.024180131404562433,-0.23342030607705155,2019-03-05,4550.0,-0.22969432314410476,0.04262008733624456,v6
5326,6895,15520455220.5,0.07613469849624654,0.463040483909373,0.8816161484401158,0.10651265127133569,True,True,bear,0.014216684930902224,-0.07796202193099755,2022-03-18,007660,이수페타시스,0.5415472779369628,0.9512893982808023,0.9742120343839542,2022-03-21,6904.0,0.0013052936910804558,0.041191193511008084,0.004477870049782728,0.036713323461225356,2022-03-25,7216.0,0.05104055619930481,0.00810947049278643,0.04293108570651838,2022-04-01,7284.0,0.08058864426419476,-0.008002766933670857,0.08859141119786562,2022-04-15,7488.0,0.018595596755504044,-0.04460576714339859,0.06320136389890263,2022-05-16,7060.0,-0.013849362688296615,-0.09950290859184407,0.08565354590354746,2022-06-15,6836.0,-0.02534762456546924,0.13093858632676714,v6
5358,7828,18523194434.5,0.1236687624921653,0.19881668445038836,0.9238997639779113,0.018230394581557174,True,True,bear,0.02102572129180369,-0.0767779219247553,2022-05-03,007660,이수페타시스,0.7667493796526055,0.6625310173697271,0.9652605459057072,2022-05-04,7973.0,0.0185232498722534,-0.1257860278439734,-0.036492036648144266,-0.08929399119582915,2022-05-11,7002.0,-0.1221487520381287,-0.02396253414856242,-0.09818621788956627,2022-05-18,7031.0,-0.09894544086291235,-0.011693211172852158,-0.08725222969006019,2022-06-02,7216.0,-0.2014162799448137,-0.14310988868033225,-0.05830639126448145,2022-07-01,6399.0,-0.11236573435344288,-0.08881413889869716,-0.023551595454745722,2022-07-29,7109.0,-0.17070111626740248,0.00739997491533928,v6
5877,49404,198497908492.5,0.17931872845635266,0.5168623076229519,0.6017392285679448,0.013178470172848789,True,True,mixed,0.023169601482854407,-0.07467550710793958,2024-06-13,007660,이수페타시스,0.8760806916426513,0.9077809798270894,0.9193083573487032,2024-06-14,50084.0,0.01376406768682692,0.036791470329845755,0.01754481338929126,0.019246656940554496,2024-06-20,52127.0,0.0018302052551713056,0.009002544197273199,-0.007172338942101893,2024-06-27,50376.0,0.0930968772462264,0.04788672160973029,0.04521015563649611,2024-07-11,54947.0,-0.26613960546282245,-0.07338668174339114,-0.1927529237194313,2024-08-08,36955.0,-0.3603014136251098,-0.07789882647994706,-0.28240258714516275,2024-09-06,32239.0,-0.05534701701142086,0.15923248941777812,v6
2874,12597,11769983525.0,0.024325455241864358,0.6398924839674416,0.716118447280186,0.15018165629691604,True,True,bull,0.030370449135836752,-0.1354745727815524,1999-12-09,007810,코리아써키트,0.7372262773722628,0.927007299270073,0.8978102189781022,1999-12-10,12221.0,-0.029848376597602644,-0.10399181736355456,-0.04181944907421431,-0.06217236828934025,1999-12-16,10999.0,-0.21167531298584408,-0.01597018091457325,-0.19570513207127083,1999-12-23,9683.0,-0.30397545209066357,-0.03531420144044772,-0.26866125065021584,2000-01-12,8555.0,-0.32786875051141473,-0.024031031243371137,-0.3038377192680436,2000-02-10,8263.0,-0.2578253825382538,-0.09960907906300187,-0.15821630347525195,2000-03-10,9119.0,-0.30774895671385316,0.0384583912936749,v6
6887,12200,2262829525.0,0.013406815175500464,0.1762281006405806,0.33952522830861454,0.02258031364972357,True,True,mixed,0.03741496598639449,-0.02400000000000002,2016-03-08,007810,코리아써키트,0.5533596837944664,0.8102766798418972,0.8379446640316206,2016-03-09,12200.0,0.0,-0.061377049180327825,0.015160650331091707,-0.07653769951141953,2016-03-15,11500.0,-0.06957377049180324,0.028991780680734935,-0.09856555117253818,2016-03-22,11400.0,-0.08596721311475408,0.011434902476102238,-0.09740211559085632,2016-04-05,11200.0,-0.18022950819672134,0.018633892453170597,-0.19886340064989194,2016-05-04,10050.0,-0.2203934426229508,0.023338744170467107,-0.2437321867934179,2016-06-03,9560.0,-0.10655737704918034,0.0,v6
7821,11200,5992226396.0,0.0870653476513854,0.6901069641616993,1.0177999449386963,0.0651282494589609,True,True,bull,0.03636531877486804,-0.09311740890688258,2019-12-26,007810,코리아써키트,0.8954918032786885,0.9754098360655737,0.9918032786885246,2019-12-27,11150.0,-0.004464285714285698,0.05429596412556048,-0.013110775289645882,0.06740673941520636,2020-01-06,11800.0,0.04981165919282504,0.020863671749782764,0.028947987443042278,2020-01-13,11750.0,-0.017452914798206317,0.0007235426111646959,-0.018176457409371013,2020-01-29,11000.0,0.13052914798206272,-0.048967348994825244,0.17949649697688796,2020-02-26,12650.0,-0.3681255605381166,-0.219324998855154,-0.14880056168296263,2020-03-25,7090.0,-0.058295964125560484,0.12107623318385641,v6
8367,29700,19578572500.0,0.11877231369386176,0.42127350597748636,1.1622430802483392,0.04230102302779071,True,True,bear,0.015731874145006763,-0.10407239819004521,2022-03-16,007810,코리아써키트,0.702247191011236,0.9353932584269663,0.9887640449438202,2022-03-17,30450.0,0.025252525252525304,0.04361904761904767,0.011756132387811924,0.031862915231235744,2022-03-23,31900.0,0.03376683087027921,0.016080524697865917,0.01768630617241329,2022-03-30,31600.0,-0.013852216748768461,0.004890373510600066,-0.018742590259368527,2022-04-13,30150.0,-0.06311330049261088,-0.05666840530172723,-0.006444895190883648,2022-05-12,28650.0,-0.27986206896551724,-0.07352576694151891,-0.20633630202399833,2022-06-13,22050.0,-0.05582922824302139,0.16420361247947457,v6
5322,2003,2412764767.75,0.09974914801688495,0.2855165419724548,0.2653586104913457,0.0337254188474756,True,True,mixed,0.00906801007556668,-0.1283724978241949,2009-11-10,007860,서연,0.9119496855345912,0.949685534591195,0.8490566037735849,2009-11-11,2003.0,0.0,0.03344383424862696,-0.0028042554261713537,0.03624808967479831,2009-11-17,2078.0,0.16274987518721917,0.010047534015743986,0.1527023411714752,2009-11-24,2337.0,0.31502146779830253,0.023477779733910076,0.29154368806439246,2009-12-08,2642.0,0.21267498751872194,0.06590629008324744,0.1467686974354745,2010-01-08,2437.0,0.3714368447329006,-0.01466260908930872,0.38609945382220934,2010-02-05,2755.0,-0.043434847728407444,0.3185222166749875,v6
6203,6977,3803023230.0,0.02647639860609141,0.49964550667233887,1.1066211396355057,0.10426558452467671,True,True,mixed,0.0379814630227473,-0.028543581175160093,2013-05-24,007860,서연,0.6497695852534562,0.9539170506912442,0.9861751152073732,2013-05-27,7053.0,0.010892933925755965,0.017976463916064004,0.01340025017851798,0.004576213737546023,2013-05-31,7208.0,-0.054758542464199644,-0.02121453061141798,-0.03354401185278166,2013-06-10,6695.0,-0.10934524315893945,-0.08891972510749069,-0.020425518051448766,2013-06-24,6310.0,-0.10565886856656748,-0.04772636344760184,-0.05793250511896564,2013-07-22,6336.0,0.03612476960158806,-0.04392810659428037,0.08005287619586843,2013-08-20,7336.0,-0.17084928399262722,0.10548702679710753,v6
8628,8540,3414817784.0,0.013931410918508913,0.122354523559568,0.5401124315430164,0.07518989583961067,True,True,mixed,0.03899263945495468,-0.09629629629629632,2023-04-03,007860,서연,0.5953177257525084,0.6722408026755853,0.8862876254180602,2023-04-04,8520.0,-0.0023419203747072626,-0.007521126760563376,0.014625162064244135,-0.02214628882480751,2023-04-10,8490.0,0.011258215962441257,0.04040599869944694,-0.029147782737005686,2023-04-17,8650.0,-0.021605633802816878,0.019597151708288463,-0.041202785511105344,2023-05-02,8370.0,0.05351173708920198,0.037683723297265326,0.015828013791936657,2023-06-01,9010.0,0.064075117370892,0.035708659986186886,0.028366457384705113,2023-06-30,9100.0,-0.057511737089201875,0.096244131455399,v6
7336,2785,13531164885.75,0.02455333683657379,0.3549945067077893,0.7594677220435945,0.018577396588897788,True,True,bull,0.004146385433567712,-0.1200631911532386,2023-12-18,007980,TP,0.6254071661237784,0.9446254071661238,0.9739413680781759,2023-12-19,2745.0,-0.014362657091561926,-0.16793442622950816,0.014730135955489887,-0.18266456218499805,2023-12-26,2295.0,-0.20982877959927138,0.008659510840959062,-0.21848829044023044,2024-01-04,2180.0,-0.3012677595628416,-0.04864687832626979,-0.2526208812365718,2024-01-18,1929.0,-0.2626520947176685,0.04501308089098233,-0.3076651756086508,2024-02-19,2035.0,-0.3322331511839709,0.035620572284106755,-0.36785372346807765,2024-03-19,1844.0,-0.3038251366120218,0.0018214936247722413,v6
5293,5969,3222134312.0,0.06083098438656842,0.3027493042178089,0.16816364161304787,0.04166492497358831,True,True,bull,0.018088163808321678,-0.05253968253968255,2009-09-29,008060,대덕,0.7439613526570048,0.9420289855072463,0.7439613526570048,2009-09-30,6019.0,0.008376612497905889,-0.14422262834357868,-0.05365391448537249,-0.0905687138582062,2009-10-07,5175.0,-0.0940481807609237,-0.023398081250740277,-0.07065009951018342,2009-10-14,5477.0,-0.13259278949991693,-0.04671917564846606,-0.08587361385145087,2009-10-28,5245.0,-0.09919853796311684,-0.04543408740968835,-0.05376445055342849,2009-11-25,5446.0,0.06278850307360018,-0.016137628804927195,0.07892613187852737,2009-12-23,6421.0,-0.15368001329124437,0.006645622196378209,v6
5834,11456,6021134287.5,0.06417859632320877,0.5832475935254154,0.252305016752999,0.005837066002564173,True,True,mixed,0.01608475651128871,-0.05773975982891921,2011-11-29,008060,대덕,0.7409326424870466,0.9896373056994818,0.7202072538860104,2011-11-30,11505.0,0.004277234636871574,-0.012691873098652714,0.030127167504885755,-0.04281904060353847,2011-12-06,11405.0,-0.025729682746631895,0.009143717145687624,-0.03487339989231952,2011-12-13,11255.0,-0.047633202955236875,-0.0027880487448367353,-0.04484515421040014,2011-12-27,11003.0,-0.05197913950456323,0.06369743986747278,-0.11567657937203601,2012-01-27,10953.0,0.031028248587570587,0.09350519984625127,-0.06247695125868069,2012-02-24,11908.0,-0.1266405910473707,0.08300738809213382,v6
6183,11405,3401089002.5,0.06091385842905073,0.1510395326214291,0.2284565457242438,0.0028665189714338624,True,True,bear,0.019970129765598976,-0.02993961044484139,2013-04-24,008060,대덕,0.5925925925925926,0.6759259259259259,0.7037037037037037,2013-04-25,11455.0,0.004384042086803985,0.04427586206896561,0.009974817842177908,0.0343010442267877,2013-05-02,12008.0,0.04427586206896561,0.021451276652837192,0.022824585416128418,2013-05-09,12008.0,0.004817110432125741,0.018355109707515416,-0.013537999275389675,2013-05-24,11556.0,-0.18645307725883897,-0.07166078394947062,-0.11479229330936835,2013-06-24,9365.0,-0.20923788738542126,-0.0296870807273929,-0.17955080665802836,2013-07-22,9104.0,-0.017546922741161097,0.06582278481012649,v6
7243,11857,2080852490.0,0.08630269554307934,0.22340639072527613,0.2928393294514793,0.040812269955825986,True,True,mixed,0.025807400486213883,-0.032792234276857846,2017-08-14,008060,대덕,0.803347280334728,0.9163179916317992,0.8786610878661087,2017-08-16,11706.0,-0.012735093193893876,-0.042527250982402176,0.004070907655344014,-0.04659815863774619,2017-08-22,11255.0,-0.038255937126260076,0.0038204555681018437,-0.04207639269436192,2017-08-29,11305.0,0.03896941739278992,0.0041303369641811916,0.034839080428608726,2017-09-12,12209.0,-0.1241093456347172,0.05398303717727759,-0.1780923828119948,2017-10-18,10300.0,-0.08122535451905011,0.06898469270802399,-0.1502100472270741,2017-11-15,10802.0,-0.051512045105074344,0.08158209465231514,v6
7604,10501,4675703827.0,0.06205794877989801,0.14408011926069286,0.23468716264647282,0.026207473494738398,True,True,bull,0.03165909370011044,-0.027865210146269193,2019-02-12,008060,대덕,0.7070707070707071,0.622895622895623,0.7777777777777778,2019-02-13,10551.0,0.004761451290353325,0.0007388873092597538,0.0025590909090908998,-0.001820203599831146,2019-02-19,10601.0,-0.008738887309259754,0.012090909090909152,-0.020829796400168906,2019-02-26,10501.0,-0.04683954127570844,-0.023450000000000082,-0.02338954127570836,2019-03-13,10099.0,-0.07157653303004452,0.011086363636363616,-0.08266289666640814,2019-04-10,9838.0,-0.03252810160174391,-0.04180000000000006,0.009271898398256151,2019-05-10,10250.0,-0.087669415221306,0.0475784285849683,v6
6414,18200,2104163127.5,0.1314593476838446,0.14790715289220513,0.6350381988550867,0.011290015296456568,True,True,bull,0.03189227498228209,-0.04960835509138384,2014-04-02,008250,이건산업,0.916256157635468,0.729064039408867,0.9359605911330049,2014-04-03,18000.0,-0.01098901098901095,-0.06511111111111112,-0.00023506816976925915,-0.06487604294134186,2014-04-09,16900.0,0.015444444444444375,-0.0036060457532685053,0.01905049019771288,2014-04-16,18350.0,-0.02066666666666672,-0.018820457932800516,-0.0018462087338662024,2014-04-30,17700.0,-0.031777777777777794,0.0012903742085204062,-0.0330681519862982,2014-06-02,17500.0,-0.07066666666666666,0.007932300367106349,-0.078598967033773,2014-07-02,16800.0,-0.061111111111111116,0.06388888888888888,v6
7138,4295,4345296606.0,0.10977720072682029,0.3727450565639927,0.29168099631408184,0.050128491369812345,True,True,bull,0.03925957292359805,-0.11443298969072169,2017-03-13,008260,NI스틸,0.8616071428571429,0.9419642857142857,0.90625,2017-03-14,4360.0,0.015133876600698537,-0.038403669724770606,0.014051863552597021,-0.05245553327736763,2017-03-20,4210.0,-0.05789908256880738,0.013417202602580058,-0.07131628517138744,2017-03-27,4125.0,-0.03955045871559637,0.002914739177855674,-0.042465197893452045,2017-04-10,4205.0,-0.06707339449541283,0.07470194441310318,-0.141775338908516,2017-05-12,4085.0,-0.00973394495412849,0.10848001053067069,-0.11821395548479918,2017-06-12,4335.0,-0.10206422018348627,0.002293577981651307,v6
8129,3565,2927881541.75,0.09947927162036252,0.32533178946995855,0.3662074268378257,0.03164079547523935,True,True,mixed,0.030868213691896296,-0.05562913907284772,2021-03-29,008260,NI스틸,0.6817102137767221,0.8123515439429929,0.7838479809976246,2021-03-30,3650.0,0.02384291725105192,0.009698630136986356,0.027115888416424205,-0.01741725827943785,2021-04-05,3700.0,0.09873972602739722,0.03197364437013728,0.06676608165725995,2021-04-12,4025.0,0.11517808219178072,0.0589414304708995,0.056236651720881214,2021-04-26,4085.0,0.3905205479452054,0.04278182225089178,0.34773872569431363,2021-05-26,5090.0,0.5028493150684932,0.0782473901080818,0.4246019249604114,2021-06-23,5500.0,-0.0602739726027397,0.17260273972602747,v6
8410,5670,4216090121.0,0.0948164118188245,0.2514434541451287,0.7040138648434788,0.08882353504985674,True,True,bear,0.023327166899787866,-0.0928,2022-05-17,008260,NI스틸,0.8140703517587939,0.7814070351758794,0.949748743718593,2022-05-18,5770.0,0.01763668430335108,-0.06119237435008662,-0.010961191763924516,-0.050231182586162104,2022-05-24,5440.0,-0.047327556325823195,0.019413606604042233,-0.06674116292986543,2022-05-31,5520.0,-0.1400485268630849,-0.06958534965366736,-0.07046317720941753,2022-06-16,4985.0,-0.15737954939341425,-0.11858051048486562,-0.03879903890854863,2022-07-14,4885.0,-0.13051646447140386,-0.0421178479931682,-0.08839861647823566,2022-08-11,5040.0,-0.16377816291161174,0.05025996533795496,v6
7865,51700,5261456545.0,0.04078160744169712,0.2822577210405639,0.43729375240354473,0.0110707795727083,True,True,bull,0.018117369042930376,-0.04612546125461259,2020-06-10,008490,서흥,0.6710875331564987,0.76657824933687,0.8779840848806366,2020-06-11,52400.0,0.013539651837524147,0.0627938931297709,-0.019827317841381475,0.08262121097115238,2020-06-17,55900.0,0.05516030534351146,-0.010460729916314082,0.06562103525982554,2020-06-24,55500.0,0.03416793893129766,-0.01166474390668204,0.0458326828379797,2020-07-08,54400.0,0.13531297709923673,0.058369499533043934,0.0769434775661928,2020-08-05,59700.0,0.07042748091603057,0.09684301122525585,-0.026415530309225277,2020-09-03,56300.0,-0.06583969465648853,0.11068702290076327,v6
7887,55400,4092732655.0,0.011839686851081055,0.2668605823288377,0.5654823924324158,0.026956503765711792,True,True,mixed,0.015023818248442566,-0.04810996563573888,2020-07-10,008490,서흥,0.595166163141994,0.7401812688821753,0.8942598187311178,2020-07-13,56200.0,0.014440433212996373,-0.009338078291814985,0.014134926814435289,-0.023473005106250274,2020-07-17,55900.0,-0.023572953736654797,0.01378938590469514,-0.03736233964134994,2020-07-24,55100.0,0.024469750889679624,0.08346425494469045,-0.05899450405501083,2020-08-07,57800.0,-0.04848398576512458,0.09846073042741077,-0.14694471619253535,2020-09-07,53700.0,-0.004,0.10202671261592888,-0.10602671261592889,2020-10-08,56200.0,-0.0462633451957295,0.06761565836298922,v6
6966,26114,5854463184.0,0.10153418021601857,0.08418141692165038,0.196362404115203,0.05894724078493585,True,True,mixed,0.029052183593249792,-0.05250172344980231,2016-07-01,008600,윌비스,0.8992805755395683,0.658273381294964,0.737410071942446,2016-07-04,26476.0,0.013862296086390336,-0.03330956337815383,-0.013239906707415261,-0.020069656670738567,2016-07-08,25700.0,-0.00010968424233270477,0.013983834646935867,-0.014093518889268571,2016-07-15,26579.0,0.0037806315153345905,0.01344599485282294,-0.00966536333748835,2016-07-29,26682.0,-0.19152832754192473,0.021568883705967545,-0.21309721124789227,2016-08-29,21511.0,0.20498171929294462,0.0398504101656747,0.16513130912726992,2016-09-29,32009.0,-0.046910409427405986,0.0644357153648587,v6
7332,21600,4069606405.0,0.1797691621505273,0.5823090711691954,0.5296229076104291,0.10407388714637822,True,True,bear,0.016351017527349798,-0.136,2017-12-27,008730,율촌화학,0.914396887159533,0.9455252918287937,0.9416342412451362,2017-12-28,21400.0,-0.0092592592592593,0.010018691588784993,0.02386330560691352,-0.013844614018128528,2018-01-05,21700.0,-0.011009345794392496,0.023412358412829848,-0.03442170420722235,2018-01-12,21250.0,-0.07642990654205606,0.05552799767147287,-0.13195790421352893,2018-01-26,19850.0,-0.15820560747663548,0.006899492069478708,-0.1651050995461142,2018-02-27,18100.0,-0.2610093457943925,-0.008207238932321004,-0.2528021068620715,2018-03-28,15900.0,-0.07943925233644855,0.0981308411214954,v6
5433,31000,15072680592.5,0.10130805425814304,0.23834072338947443,0.4090004346411511,0.04225424902088726,True,True,bear,0.03523125730505927,-0.043209876543209846,2011-09-07,008770,호텔신라,0.7061611374407583,0.6966824644549763,0.7914691943127962,2011-09-08,31300.0,0.00967741935483879,0.03433865814696491,-0.00966066575172897,0.043999323898693876,2011-09-16,32500.0,0.07746964856230032,-0.08644008503538647,0.1639097335976868,2011-09-23,33850.0,0.07587220447284349,-0.04930437824601053,0.125176582718854,2011-10-10,33800.0,0.251591054313099,0.03285702752886088,0.21873402678423814,2011-11-07,39300.0,0.17331629392971237,0.03490218239552223,0.13841411153419014,2011-12-05,36850.0,-0.03194888178913735,0.17092651757188504,v6
5577,48600,12498285275.0,0.10195898807592041,0.043646361986905635,0.19584903852087,0.005333342370007488,True,True,bull,0.029933774834437044,-0.02409638554216864,2012-04-05,008770,호텔신라,0.8883495145631068,0.6893203883495146,0.7912621359223301,2012-04-06,48350.0,-0.005144032921810648,0.012546018614270963,-0.008591930198586506,0.02113794881285747,2012-04-13,49150.0,0.05287693898655643,-0.02549942753365697,0.0783763665202134,2012-04-20,51100.0,0.10871975180972071,-0.0344861621066761,0.1432059139163968,2012-05-07,53800.0,0.1025149948293691,-0.11077717241107032,0.21329216724043942,2012-06-05,53500.0,0.09837849017580136,-0.07494867543132377,0.17332716560712513,2012-07-04,53300.0,-0.009307135470527417,0.156153050672182,v6
5603,54200,12711505005.5,0.14639970604049157,0.3039374971607317,0.3867117386522245,0.04743057708256959,True,True,bear,0.03588322423431611,-0.030411449016100156,2012-05-15,008770,호텔신라,0.8864864864864865,0.9081081081081082,0.8810810810810811,2012-05-16,54000.0,-0.0036900369003689537,-0.06325925925925924,-0.030741669272641547,-0.03251758998661769,2012-05-22,50800.0,-0.03733333333333333,-0.022171103890941346,-0.015162229442391983,2012-05-30,52200.0,0.016370370370370372,-0.008061737752359965,0.024432108122730337,2012-06-14,55100.0,-0.052148148148148166,-0.05369191547101004,0.0015437673228618776,2012-07-12,51400.0,-0.11048148148148151,0.02856855127233393,-0.13905003275381544,2012-08-09,48250.0,-0.12962962962962965,0.05740740740740735,v6
5977,69600,23195957880.0,0.04862017744065772,0.017264161764941388,0.08714466095422924,0.029174754063310493,True,True,mixed,0.016726316558322907,-0.05177111716621252,2013-11-18,008770,호텔신라,0.6861702127659575,0.6436170212765957,0.7287234042553191,2013-11-19,69500.0,-0.001436781609195359,-0.024143884892086295,0.0030000746287222047,-0.0271439595208085,2013-11-25,68100.0,-0.02126618705035976,0.010363441876663604,-0.03162962892702337,2013-12-02,68300.0,-0.039971223021582736,-0.02427921092564489,-0.015692012095937846,2013-12-16,67000.0,0.06650359712230225,-0.02618473096345686,0.09268832808575911,2014-01-16,74400.0,0.17585611510791366,-0.03163760292544593,0.2074937180333596,2014-02-17,82000.0,-0.05035971223021585,0.02302158273381294,v6
6905,64200,23065933535.0,0.00725397615475587,0.042199042800885156,0.12048583605647156,0.02765053063967926,True,True,mixed,0.012538443340430527,-0.04179104477611939,2017-08-24,008770,호텔신라,0.5188284518828452,0.6820083682008368,0.7447698744769874,2017-08-25,65000.0,0.012461059190031154,-0.051692307692307704,-0.00767593125254562,-0.044016376439762084,2017-08-31,61900.0,-0.11630769230769233,-0.014814379353928375,-0.10149331295376396,2017-09-07,57700.0,-0.1470769230769231,0.010510315057506547,-0.15758723813442965,2017-09-21,55700.0,0.07446153846153836,0.04835668725619069,0.026104851205347668,2017-10-27,70100.0,0.3083076923076924,0.06838633281124684,0.23992135949644555,2017-11-24,85300.0,-0.14923076923076928,0.01846153846153853,v6
7011,97100,43589324835.7,0.11045142004732167,0.2077653894241469,0.4578439971961963,0.023905490785553596,True,True,bull,0.03967021789175007,-0.027054108216432837,2018-02-01,008770,호텔신라,0.7278688524590164,0.6918032786885245,0.8754098360655738,2018-02-02,97700.0,0.006179196704428458,-0.12989559877175028,-0.06171886874071997,-0.06817673003103031,2018-02-08,85400.0,-0.1442251791197543,-0.048000966488567665,-0.09622421263118663,2018-02-19,84000.0,-0.16981371545547597,-0.06024185596982057,-0.1095718594856554,2018-03-06,81500.0,0.06048311156601849,-0.04815295461011149,0.10863606617612998,2018-04-03,104000.0,0.22936745138178094,-0.02353087892002681,0.25289833030180775,2018-05-02,120500.0,-0.17911975435005123,0.004094165813715467,v6
2000,988,3871461950.0,0.13732373141006105,0.46617073523039154,0.996702827121216,0.10820565074880029,True,True,mixed,0.01374923045351939,-0.13181019332161692,1996-10-23,008930,한미사이언스,0.7941176470588235,0.8235294117647058,0.9117647058823529,1996-10-24,957.0,-0.03137651821862353,-0.05415673981191227,-0.05540695452808553,0.001250214716173259,1996-10-29,909.0,-0.14193103448275868,-0.07870376077015051,-0.06322727371260817,1996-11-04,825.0,-0.24642424242424243,-0.07516609760005921,-0.17125814482418322,1996-11-15,725.0,0.0033145245559038673,-0.133666966607911,0.13698149116381486,1996-12-10,964.0,0.010629049111807735,-0.21127368200475793,0.22190273111656567,1997-01-09,971.0,-0.3343782654127482,0.09508881922675028,v6
3714,1549,2683162940.0,0.055805823476722916,0.21896972397589376,0.3220091110904323,0.020262408731592352,True,True,mixed,-0.0015791678752135052,-0.07742703990470523,2003-05-21,008930,한미사이언스,0.5729166666666666,0.7708333333333334,0.7604166666666666,2003-05-22,1557.0,0.005164622336991664,-0.041893384714194015,0.048909958935666076,-0.09080334364986009,2003-05-28,1498.0,-0.0611612074502248,0.06879110606617034,-0.12995231351639513,2003-06-04,1468.0,-0.04638921001926788,0.15262244182552687,-0.19901165184479475,2003-06-19,1491.0,0.061510597302504744,0.16741227923747215,-0.1059016819349674,2003-07-18,1659.0,-0.004,0.21874269689179737,-0.22274269689179738,2003-08-18,1557.0,-0.0931278098908157,0.02633269107257541,v6
4862,13513,5715186225.0,0.13212886060248163,0.36525534785687996,0.19139824893344304,0.052700945008426814,True,True,bear,0.036964846178048294,-0.10456563514677619,2008-01-09,008930,한미사이언스,0.7924528301886793,0.9433962264150944,0.7044025157232704,2008-01-10,13507.0,-0.00044401687264117307,-0.03679780854371806,-0.07736723053778805,0.04056942199406999,2008-01-16,13064.0,-0.10668749537276967,-0.1187917356624133,0.01210424028964363,2008-01-23,12120.0,-0.07329740134744944,-0.11216273255625187,0.03886533120880242,2008-02-11,12571.0,-0.006591248982009353,-0.12055045077221116,0.1139592017902018,2008-03-10,13472.0,-0.051975124009772666,-0.04025022457439098,-0.011724899435381686,2008-04-07,12859.0,-0.1546605463833568,0.005996890501221541,v6
4909,13677,5959075840.0,0.13394805612309235,0.17792455454743972,0.3847795600864452,0.03497181405126537,True,True,bear,0.016612777344185536,-0.06405255594333814,2008-03-19,008930,한미사이언스,0.8553459119496856,0.7924528301886793,0.9245283018867925,2008-03-20,13672.0,-0.0003655772464721263,-0.04847045055588062,0.048293380099732275,-0.09676383065561289,2008-03-26,13064.0,-0.07253423054417785,0.08731253393580451,-0.15984676447998236,2008-04-02,12735.0,-0.02162726740784082,0.1038388806021382,-0.12546614800997902,2008-04-17,13431.0,-0.07253423054417785,0.16904555355147943,-0.24157978409565728,2008-05-20,12735.0,-0.09352603861907549,0.10724650344194875,-0.20077254206102424,2008-06-18,12448.0,-0.08989174956114687,0.01791983616149806,v6
5406,2294,7200265486.5,0.060550851822643637,0.11046864562789405,0.1823041524464608,0.010353713710739232,True,True,mixed,0.018152767298388994,-0.06861550954120987,2010-03-15,008970,KBI동양철관,0.7337662337662337,0.7727272727272727,0.7662337662337663,2010-03-16,2261.0,-0.014385353095030529,0.025632905793896436,0.01096994898822623,0.014662956805670205,2010-03-22,2328.0,0.1676054842989827,0.022647051712883615,0.14495843258609908,2010-03-29,2649.0,0.014133569217160472,0.03371370548557895,-0.019580136268418476,2010-04-12,2302.0,-0.004,0.009501245074100106,-0.013501245074100107,2010-05-11,2261.0,-0.08626448474126491,-0.0017044218262698418,-0.08456006291499507,2010-06-10,2075.0,-0.1043785935426802,0.23839009287925705,v6
5321,99000,102575491622.2,0.036415152640618564,0.3274291652912106,0.7624444727133952,0.014390586344717349,True,True,mixed,0.006916192026037438,-0.1277533039647577,2009-11-09,009150,삼성전기,0.7388535031847133,0.9745222929936306,0.9808917197452229,2009-11-10,100500.0,0.015151515151515138,-0.05773134328358209,-0.0017927325380955317,-0.05593861074548656,2009-11-16,95100.0,-0.05474626865671639,0.014868397134135236,-0.06961466579085163,2009-11-23,95400.0,-0.02091542288557213,0.023393279133471,-0.044308702019043134,2009-12-07,98800.0,-0.026885572139303534,0.055236220719224294,-0.08212179285852783,2010-01-07,98200.0,-0.05275621890547266,0.013219835394558066,-0.06597605430003073,2010-02-04,95600.0,-0.10049751243781091,0.004975124378109541,v6
5488,153000,109829777325.0,0.03312259483232549,0.1913990904655527,0.5246785928145208,0.005595253296959202,True,True,bull,0.01966011329556805,-0.034700315457413256,2010-07-12,009150,삼성전기,0.5344827586206896,0.7298850574712644,0.8735632183908046,2010-07-13,153500.0,0.0032679738562091387,0.03508794788273617,-0.0034351408580372,0.03852308874077337,2010-07-19,159500.0,-0.06263192182410426,0.01792372491253902,-0.08055564673664328,2010-07-26,144500.0,-0.1831530944625407,0.030064675013809605,-0.2132177694763503,2010-08-09,126000.0,-0.2059543973941368,0.03135932609095926,-0.23731372348509605,2010-09-06,122500.0,-0.24178501628664495,0.09375,-0.33553501628664495,2010-10-07,117000.0,-0.21824104234527686,0.04234527687296419,v6
7133,59800,28745201975.0,0.06390182826492596,0.2469898384810989,0.1188541982751774,0.032017329215605184,True,True,bull,0.0319240724762726,-0.024469820554649302,2017-03-06,009150,삼성전기,0.7739130434782608,0.9173913043478261,0.7608695652173914,2017-03-07,60000.0,0.0033444816053511683,0.016000000000000018,0.017695372386184127,-0.0016953723861841095,2017-03-13,61200.0,0.11099999999999999,0.03664028220322302,0.07435971779677697,2017-03-20,66900.0,0.1459999999999999,0.04168649105859856,0.10431350894140134,2017-04-03,69000.0,0.21266666666666656,0.06675413428682653,0.14591253237984003,2017-05-02,73000.0,0.3926666666666667,0.1398280444258615,0.2528386222408052,2017-06-02,83800.0,-0.03500000000000003,0.17333333333333334,v6
7277,107000,83890608189.8,0.05498109638892834,0.05487769604110371,0.44475231893243805,0.011129306871731082,True,True,mixed,0.01609610179953469,-0.06550218340611358,2017-10-10,009150,삼성전기,0.8927038626609443,0.7339055793991416,0.9399141630901288,2017-10-11,107500.0,0.004672897196261738,-0.08027906976744181,0.01714643662819504,-0.09742550639563685,2017-10-17,99300.0,-0.09702325581395355,0.01965207636469346,-0.116675332178647,2017-10-24,97500.0,-0.03655813953488374,0.042149609619691386,-0.07870774915457512,2017-11-07,104000.0,-0.07376744186046513,0.02768895676133787,-0.101456398621803,2017-12-05,100000.0,-0.00865116279069766,0.022530286715605863,-0.031181449506303523,2018-01-05,107000.0,-0.11441860465116283,0.013953488372093092,v6
7845,134000,97192968800.0,0.05950800121009603,0.1580953362694375,0.40082432219724207,0.03182193318426263,True,True,mixed,0.01862409730140624,-0.032490974729241895,2020-02-04,009150,삼성전기,0.794425087108014,0.8362369337979094,0.8885017421602788,2020-02-05,137500.0,0.026119402985074647,0.021454545454545396,0.02106317114170997,0.0003913743128354276,2020-02-11,141000.0,0.05418181818181811,0.014522840634558998,0.03965897754725911,2020-02-18,145500.0,-0.05127272727272725,-0.0749152604649882,0.02364253319226095,2020-03-03,131000.0,-0.2934545454545454,-0.1941063538576009,-0.09934819159694452,2020-03-31,97700.0,-0.17854545454545456,-0.10549957285762857,-0.073045881687826,2020-04-29,113500.0,-0.09090909090909094,0.08000000000000007,v6
6056,7390,5000753748.5,0.11865904219727219,0.3944348664663617,0.47365125954765697,0.05448743914189347,True,True,mixed,0.025818989450305363,-0.09547123623011011,2012-10-19,009160,SIMPAC,0.8418604651162791,0.9302325581395349,0.8651162790697674,2012-10-22,7320.0,-0.009472259810554773,-0.02175956284153002,-0.010230353012590343,-0.011529209828939676,2012-10-26,7190.0,0.02605464480874309,0.004050277867900354,0.022004366940842738,2012-11-02,7540.0,-0.0545464480874317,-0.02624307946707971,-0.028303368620351987,2012-11-16,6950.0,-0.024491803278688492,0.04398790149556775,-0.06847970477425624,2012-12-14,7170.0,-0.23897267759562846,0.03311913259165444,-0.2720918101872829,2013-01-17,5600.0,-0.12841530054644812,0.050546448087431584,v6
4314,4070,11824575582.75,0.055995531343682625,0.6430736620952724,1.6209834406552763,0.042007886816862516,True,True,mixed,0.032339885859226314,-0.05656003708854895,2005-10-21,009180,한솔로지스틱스,0.5714285714285714,0.9560439560439561,0.9560439560439561,2005-10-24,4126.0,0.01375921375921374,-0.09294813378574895,-0.04049257271672013,-0.05245556106902882,2005-10-28,3759.0,0.08179738245273871,0.027858620863684624,0.053938761589054085,2005-11-04,4480.0,0.10457973824527378,0.07014282590044263,0.03443691234483115,2005-11-18,4574.0,0.2037072224915173,0.11118214087445111,0.09252508161706618,2005-12-16,4983.0,0.24272806592341256,0.19592719075416798,0.04680087516924458,2006-01-16,5144.0,-0.1073679108095007,0.1917111003393117,v6
4351,5407,13056870407.0,0.13353072367365426,0.45342596422636117,1.929152739112712,0.004060731346200441,True,True,bull,0.03976770124225992,-0.07856169052488071,2005-12-13,009180,한솔로지스틱스,0.7336956521739131,0.8315217391304348,0.9565217391304348,2005-12-14,5398.0,-0.0016645089698539284,-0.0860674323823638,-0.0040994563764370495,-0.08196797600592676,2005-12-20,4955.0,-0.13997628751389402,0.020073968452009705,-0.16005025596590372,2005-12-27,4664.0,-0.07902778806965538,0.03532810504114314,-0.11435589311079852,2006-01-11,4993.0,-0.29892404594294186,-0.018462406796779796,-0.28046163914616207,2006-02-09,3806.0,-0.3076309744349759,-0.019643228470427543,-0.28798774596454835,2006-03-10,3759.0,-0.15894775842904785,0.07317525009262682,v6
7848,1715,2981113923.0,0.179559002405413,0.2692213682153417,0.2936421214916798,0.053166961394430556,True,True,bull,0.017804154302670572,-0.1316455696202532,2020-02-07,009180,한솔로지스틱스,0.8888888888888888,0.9201388888888888,0.875,2020-02-10,1715.0,0.0,-0.00108454810495617,0.026518669674190143,-0.027603217779146313,2020-02-14,1720.0,0.019323615160349753,-0.0104271994802414,0.029750814640591153,2020-02-21,1755.0,-0.13811078717201164,-0.06653001651697688,-0.07158077065503476,2020-03-06,1485.0,-0.330530612244898,-0.21055256379167564,-0.11997804845322235,2020-04-03,1155.0,-0.15851895043731778,-0.1175953843971762,-0.04092356604014158,2020-05-07,1450.0,-0.16326530612244894,0.18950437317784252,v6
7387,4045,3446926497.0,0.09396432185441161,0.21624464559457213,0.16427165007728495,0.07828532133210775,True,True,mixed,0.02788895241725431,-0.06473988439306355,2023-05-12,009190,대양금속,0.7635327635327636,0.8062678062678063,0.7122507122507122,2023-05-15,4045.0,0.0,0.0009443757725586845,0.027528544821442846,-0.026584169048884162,2023-05-19,4065.0,-0.006472187886279342,0.03603935541339376,-0.042511543299673105,2023-05-26,4035.0,-0.06951297898640296,0.06808243582476292,-0.13759541481116588,2023-06-13,3780.0,-0.0880543881334982,0.03752935460361151,-0.1255837427371097,2023-07-11,3705.0,-0.10412360939431398,0.0421815531621994,-0.14630516255651338,2023-08-08,3640.0,-0.08158220024721874,0.11742892459826937,v6
6617,4775,3336055756.0,0.13425915926327514,0.32951302712806085,1.0275813827715714,0.04433346617151601,True,True,bear,0.012779044488042901,-0.11737523105360448,2015-08-05,009200,무림페이퍼,0.75,0.775,0.884375,2015-08-06,4790.0,0.003141361256544517,-0.11255949895615869,-0.030329952976056007,-0.08222954598010268,2015-08-12,4270.0,-0.2002421711899791,-0.06023286178494647,-0.14000930940503264,2015-08-20,3850.0,-0.2378204592901879,-0.05975182352767938,-0.17806863576250853,2015-09-03,3670.0,-0.21589979123173275,-0.02896537506258401,-0.18693441616914874,2015-10-05,3775.0,-0.28792484342379954,0.005468128761179303,-0.29339297218497884,2015-11-03,3430.0,-0.2797494780793319,0.0020876826722338038,v6
2866,52500,2641712415.0,0.078634707807131,0.25786268771545107,0.36732664305317364,0.02091247604438773,True,True,bear,0.025440695346452546,-0.07243816254416957,2014-01-29,009240,한샘,0.7016574585635359,0.9281767955801105,0.9447513812154696,2014-02-03,51600.0,-0.017142857142857126,0.01731782945736438,-0.003932459108124453,0.021250288565488832,2014-02-07,52700.0,0.0870852713178294,0.0052795465496426885,0.0818057247681867,2014-02-14,56300.0,0.2518139534883721,0.025853716666062176,0.22596023682230992,2014-02-28,64800.0,0.3894108527131783,0.02637700832603662,0.3630338443871417,2014-03-28,71900.0,0.6084031007751938,0.02153785574765954,0.5868652450275342,2014-04-25,83200.0,-0.009689922480620172,0.2558139534883721,v6
2946,91000,7706874449.15,0.07072371757808149,0.38559867087494326,1.1055539095338607,0.006734939851951616,True,True,bull,0.03414966759474969,-0.05208333333333337,2014-05-28,009240,한샘,0.7397959183673469,0.9183673469387755,0.9642857142857143,2014-05-29,90500.0,-0.005494505494505475,-0.0216795580110497,-0.012466162213523257,-0.009213395797526443,2014-06-05,88900.0,-0.06587845303867401,-0.0147574814294269,-0.05112097160924711,2014-06-13,84900.0,-0.13328176795580116,-0.015915513171373852,-0.1173662547844273,2014-06-27,78800.0,0.04793370165745858,0.006522589042248228,0.041411112615210355,2014-07-25,95200.0,0.266718232044199,0.019904289171413403,0.24681394287278557,2014-08-25,115000.0,-0.15580110497237565,0.0033149171270718814,v6
3178,204000,14280220650.0,0.09910378422104271,0.27824495304984076,0.6268087205626298,0.0423047893770212,True,True,bull,0.026415094339622636,-0.033175355450236976,2015-05-11,009240,한샘,0.7663551401869159,0.7476635514018691,0.8598130841121495,2015-05-12,204000.0,0.0,0.05972549019607842,0.006231463894164957,0.053494026301913467,2015-05-18,217000.0,0.022960784313725394,0.020408163265306145,0.0025526210484192492,2015-05-26,209500.0,0.246,-0.017423344425243847,0.26342334442524384,2015-06-09,255000.0,0.3317843137254901,-0.028724715918557853,0.36050902964404796,2015-07-07,272500.0,0.5229607843137254,-0.03458010215982832,0.5575408864735537,2015-08-04,311500.0,-0.026960784313725505,0.2892156862745099,v6
3572,202500,14867272622.75,0.06488164407379426,0.402139453856003,0.19293645527291137,0.01092298156835847,True,True,mixed,0.037796284433055716,-0.03341288782816232,2016-12-12,009240,한샘,0.847926267281106,0.9539170506912442,0.8341013824884793,2016-12-13,205000.0,0.012345679012345734,-0.021073170731707332,0.005921861043530541,-0.026995031775237873,2016-12-19,201500.0,-0.09668292682926827,0.005606028454542278,-0.10228895528381055,2016-12-26,186000.0,-0.06985365853658532,0.00924303811211069,-0.07909669664869601,2017-01-10,191500.0,0.059414634146341516,0.019487857717418677,0.03992677642892284,2017-02-09,218000.0,0.02770731707317076,0.03501793830407762,-0.007310621230906863,2017-03-10,211500.0,-0.09268292682926826,0.007317073170731714,v6
4129,91900,14384164815.0,0.08068753419400154,0.3275495481846442,0.25089551129063137,0.016884774426767946,True,True,mixed,0.01963830023299673,-0.03567681007345225,2019-03-27,009240,한샘,0.7753623188405797,0.9057971014492754,0.8659420289855072,2019-03-28,92100.0,0.0021762785636560977,0.030744842562432154,0.03379237536656898,-0.0030475328041368287,2019-04-03,95300.0,0.015543973941368087,0.04370205278592376,-0.028158078844555675,2019-04-10,93900.0,0.1523517915309447,0.03274134897360703,0.11961044255733766,2019-04-24,106500.0,-0.04525950054288819,-0.04032375366568919,-0.004935746877198999,2019-05-24,88300.0,-0.21246905537459282,-0.002308504398827016,-0.2101605509757658,2019-06-24,72900.0,-0.0228013029315961,0.2052117263843649,v6
4340,74400,7807097055.0,0.08057371856331963,0.14995415025280368,0.13351167115599694,0.054057237295310534,True,True,mixed,0.006357365075071009,-0.055837563451776595,2020-02-04,009240,한샘,0.8327526132404182,0.8257839721254355,0.7212543554006968,2020-02-05,75100.0,0.009408602150537737,-0.015984021304926817,0.02106317114170997,-0.03704719244663679,2020-02-11,74200.0,-0.05326764314247667,0.014522840634558998,-0.06779048377703567,2020-02-18,71400.0,-0.1677816245006658,-0.0749152604649882,-0.0928663640356776,2020-03-03,62800.0,-0.33422636484687085,-0.1941063538576009,-0.14012001098926996,2020-03-31,50300.0,-0.03462583222370175,-0.10549957285762857,0.07087374063392682,2020-04-29,72800.0,-0.17043941411451402,0.055925432756325,v6
5853,3815,2101017576.75,0.0734469512192033,0.22672921454245198,0.3407980591661921,0.03724287684161043,True,True,mixed,0.018963675213675257,-0.030495552731893305,2011-12-26,009290,광동제약,0.7093596059113301,0.7684729064039408,0.7832512315270936,2011-12-27,3820.0,0.001310615989515096,-0.009235602094240788,0.010033498852852762,-0.01926910094709355,2012-01-03,3800.0,0.10071204188481686,-0.0019172976873942371,0.1026293395722111,2012-01-10,4220.0,0.14652356020942414,0.05407210331864842,0.09245145689077572,2012-01-26,4395.0,0.10332984293193714,0.0813343530197439,0.021995489912193245,2012-02-23,4230.0,0.15568586387434546,0.09158327857904536,0.06410258529530011,2012-03-23,4430.0,-0.04450261780104714,0.19371727748691092,v6
6082,5640,10560992938.0,0.1734077428927412,0.28070088096525647,0.4923871266498643,0.04522275445035384,True,True,mixed,0.03249427917620129,-0.13230769230769235,2012-11-26,009290,광동제약,0.8962264150943396,0.8443396226415094,0.8584905660377359,2012-11-27,5750.0,0.019503546099290725,0.0029565217391305278,0.011934444015564871,-0.008977922276434343,2012-12-03,5790.0,-0.04226086956521735,0.021010463502926235,-0.06327133306814359,2012-12-10,5530.0,0.030782608695652195,0.033962047633453896,-0.0031794389378017006,2012-12-26,5950.0,0.22034782608695647,0.015413584819053305,0.20493424126790316,2013-01-25,7040.0,0.1333913043478261,0.04818636093347384,0.08520494341435225,2013-02-25,6540.0,-0.08869565217391306,0.08347826086956522,v6
6128,7170,7313873492.5,0.24824543067693217,0.3050282990821227,0.6825427595268694,6.223549375850013e-05,True,True,mixed,0.030320448340278805,-0.03629032258064513,2013-02-04,009290,광동제약,0.9502487562189055,0.9552238805970149,0.9303482587064676,2013-02-05,7160.0,-0.001394700139469962,-0.07662569832402233,0.004579435392272124,-0.08120513371629445,2013-02-12,6640.0,-0.0584692737430168,0.025251430105528216,-0.08372070384854502,2013-02-19,6770.0,-0.047296089385474915,0.04327489003159646,-0.09057097941707137,2013-03-06,6850.0,-0.09617877094972072,0.023903929950643166,-0.12008270090036388,2013-04-03,6500.0,-0.1045586592178771,0.010475393924374687,-0.11503405314225179,2013-05-02,6440.0,-0.12011173184357538,0.0013966480446927498,v6
6153,6880,2670079553.0,0.00842319008533532,0.2240061158426867,0.6076397841458263,0.014931993921369235,True,True,bull,0.024419297200714674,-0.07526881720430112,2013-03-13,009290,광동제약,0.5233160621761658,0.7979274611398963,0.9326424870466321,2013-03-14,6890.0,0.0014534883720929148,-0.022867924528301883,-0.02032928847490334,-0.002538636053398543,2013-03-20,6760.0,-0.06060377358490565,-0.0033148839790606566,-0.057288889605844995,2013-03-27,6500.0,-0.09398548621190128,-0.0322438714644987,-0.061741614747402584,2013-04-10,6270.0,-0.03593033381712629,-0.01030963916262928,-0.02562069465449701,2013-05-09,6670.0,-0.04173584905660377,-0.033683821066262665,-0.008052027990341104,2013-06-10,6630.0,-0.14658925979680693,0.036284470246734424,v6
5208,7772,9768136993.5,0.017634215509934048,0.6557102972499338,0.827505791821115,0.009429815104525785,True,True,bull,0.007349033738156541,-0.1257592800899887,2009-06-02,009410,태영건설,0.5934579439252337,0.8691588785046729,0.7757009345794392,2009-06-03,7833.0,0.007848687596500259,-0.024809396144516823,-0.036493889591234785,0.011684493446717962,2009-06-09,7670.0,-0.06502387335631299,-0.01731282483494867,-0.04771104852136432,2009-06-16,7355.0,-0.05468300778756541,-0.023690125017558628,-0.03099288277000678,2009-06-30,7436.0,-0.15987897357334357,0.07180081472116862,-0.2316797882945122,2009-07-28,6612.0,-0.17290080428954424,0.12472257339513981,-0.29762337768468405,2009-08-25,6510.0,-0.1299629771479638,0.07264138899527639,v6
7650,13225,3066506770.0,0.07471741772636831,0.13436953808982555,0.1988770713641328,0.024575349365211885,True,True,bull,0.03961135436400931,-0.0404846550097947,2019-04-18,009410,태영건설,0.7752808988764045,0.7565543071161048,0.7565543071161048,2019-04-19,13275.0,0.003780718336483968,-0.019291902071563057,-0.014806019555459682,-0.004485882516103375,2019-04-25,13072.0,-0.02313370998116759,-0.012188430435994935,-0.010945279545172656,2019-05-03,13021.0,-0.02313370998116759,-0.07542884385316317,0.05229513387199558,2019-05-20,13021.0,0.1378455743879472,-0.05608926788461022,0.19393484227255742,2019-06-18,15158.0,0.07652730696798482,-0.05916560973635221,0.13569291670433703,2019-07-16,14344.0,-0.057627118644067776,0.0076836158192090664,v6
3190,1982,3528942550.0,0.18846753846399666,2.9988464798726575,1.8194214339371082,0.07959458241728945,True,True,bear,0.029931407191851944,-0.06288416075650116,2001-04-03,009420,한올바이오파마,0.8529411764705882,1.0,0.9852941176470589,2001-04-04,2001.0,0.009586276488395606,-0.04897751124437777,0.023184081607967366,-0.07216159285234514,2001-04-11,1911.0,0.06196701649175407,0.08864383202628878,-0.026676815534534715,2001-04-18,2133.0,-0.4287876061969016,0.1781545471040058,-0.6069421533009074,2001-05-03,1151.0,-0.45477461269365316,0.23411890409854252,-0.6888935167921957,2001-05-31,1099.0,-0.5857091454272864,0.19978630324778757,-0.7854954486750739,2001-06-29,837.0,-0.4267866066966517,0.18890554722638675,v6
5587,7000,4248411710.5,0.08368188416346867,0.43786366836132284,0.42497749818054964,0.08507480445915161,True,True,mixed,0.0127314814814814,-0.06040268456375841,2010-12-01,009420,한올바이오파마,0.9326424870466321,0.9533678756476683,0.844559585492228,2010-12-02,7080.0,0.011428571428571344,0.005887005649717562,0.006178905289369263,-0.0002918996396517014,2010-12-08,7150.0,0.06803389830508477,0.037953192605892916,0.030080705699191856,2010-12-15,7590.0,0.027073446327683607,0.051334818465717635,-0.02426137213803403,2010-12-29,7300.0,0.012949152542372836,0.08813043097993023,-0.0751812784375574,2011-01-27,7200.0,0.3236836158192091,-0.007959006230353283,0.3316426220495624,2011-03-02,9400.0,-0.025423728813559365,0.0847457627118644,v6
7615,37800,18288384367.5,0.15875138281734702,0.19342378073170718,0.2649625674021736,0.01384195873784222,True,True,bull,0.037606368377710586,-0.02577319587628868,2019-02-27,009420,한올바이오파마,0.902027027027027,0.7972972972972973,0.8141891891891891,2019-02-28,37800.0,0.0,-0.05691005291005291,-0.029481354018229267,-0.027428698891823644,2019-03-07,35800.0,-0.014582010582010582,-0.03401177640953945,0.01942976582752887,2019-03-14,37400.0,-0.12172486772486768,-0.046370732843993956,-0.07535413488087372,2019-03-28,33350.0,-0.16934391534391535,-0.01840848188279154,-0.1509354334611238,2019-04-25,31550.0,-0.26061375661375663,-0.08396293209295647,-0.17665082452080016,2019-05-27,28100.0,-0.13227513227513232,0.05687830687830697,v6
9017,45500,62213978462.5,0.18457159169859827,0.43213281572013607,0.3852110999979861,0.027621491139102172,True,True,bear,-0.0014265335235378318,-0.125,2024-11-06,009420,한올바이오파마,0.9296296296296296,0.9296296296296296,0.8888888888888888,2024-11-07,45500.0,0.0,-0.11498901098901104,-0.0548053948999504,-0.06018361608906064,2024-11-13,40450.0,-0.18751648351648353,-0.029305146584390207,-0.15821133693209333,2024-11-20,37150.0,-0.2193846153846154,-0.03645741681428738,-0.18292719857032802,2024-12-04,35700.0,-0.11938461538461542,-0.02682199098243021,-0.09256262440218521,2025-01-06,40250.0,-0.08641758241758246,-0.013807909339402347,-0.07260967307818011,2025-02-07,41750.0,-0.25384615384615383,0.03076923076923066,v6
5887,52200,2012934655.0,0.04381813761941311,0.5076558583058999,0.6590268383196115,0.06459329119470736,True,True,mixed,0.02928127772848277,-0.049180327868852514,2016-06-24,009450,경동나비엔,0.7928571428571428,0.9535714285714286,0.9535714285714286,2016-06-27,52200.0,0.0,0.01898850574712641,0.04494045271709135,-0.025951946969964942,2016-07-01,53400.0,0.007494252873563315,0.0322054841338697,-0.024711231260306384,2016-07-08,52800.0,0.128183908045977,0.05704445671320024,0.07113945133277677,2016-07-22,59100.0,0.08795402298850585,0.07377553434813477,0.014178488640371079,2016-08-22,57000.0,0.06496551724137922,0.07774009517049185,-0.01277457792911263,2016-09-22,55800.0,-0.04214559386973182,0.2260536398467432,v6
5961,59400,3599871660.0,0.19900659021429223,0.1389872524365272,0.5724411751464524,0.05310549272419696,True,True,mixed,0.03673968060040145,-0.08615384615384614,2016-10-13,009450,경동나비엔,0.926923076923077,0.8346153846153846,0.9346153846153846,2016-10-14,59100.0,-0.005050505050505083,-0.025996615905245376,0.009368538725601727,-0.03536515463084711,2016-10-20,57800.0,0.002768189509306355,0.0012168218196926261,0.0015513676896137286,2016-10-27,59500.0,-0.1638984771573604,-0.009427895887538007,-0.15447058126982238,2016-11-10,49650.0,-0.19773942470389172,0.004654590781832724,-0.20239401548572444,2016-12-08,47650.0,-0.23073434856175978,0.013582897223074042,-0.24431724578483383,2017-01-06,45700.0,-0.26480541455160744,0.03384094754653133,v6
1044,34429,33475749557.5,0.18055386286393116,0.22371866213829117,0.3759619352877137,0.06467951485196033,True,True,bull,0.019639665520044813,-0.1356664072502699,2003-11-26,009540,HD한국조선해양,0.84375,0.8229166666666666,0.8125,2003-11-27,34519.0,0.0026140753434604758,0.02496955299979731,0.03219133477200464,-0.007221781772207333,2003-12-03,35519.0,-0.01975943683188974,0.014697432099396002,-0.034456868931285745,2003-12-10,33975.0,-0.08424566180943827,0.01202865424642141,-0.09627431605585968,2003-12-24,31749.0,-0.07239711463252119,0.08981905941542268,-0.16221617404794386,2004-01-29,32158.0,-0.08554929169442915,0.10436326025053311,-0.18991255194496226,2004-02-26,31704.0,-0.08685071989339199,0.07236594339349334,v6
1377,49963,26448637422.5,0.058707880031174775,0.5333525546273419,0.4941336282101687,0.06436520744642449,True,True,mixed,0.014529686308631273,-0.08484293433464607,2005-04-01,009540,HD한국조선해양,0.8187919463087249,0.8456375838926175,0.7114093959731543,2005-04-04,49326.0,-0.012749434581590391,-0.002155131168146692,0.005035677879714706,-0.007190809047861398,2005-04-11,49417.0,-0.050040627660868475,-0.05708460754332312,0.007043979882454643,2005-04-18,47055.0,-0.055554960872562176,-0.06379204892966361,0.008237088057101438,2005-05-02,46783.0,-0.018718404087094017,-0.010998980632008104,-0.007719423455085913,2005-05-31,48600.0,-0.0408162835016016,0.018430173292558694,-0.059246456794160296,2005-06-29,47510.0,-0.08380975550419656,0.05339982970441559,v6
1670,93567,39051199428.0,0.18831080102136344,0.3162387533570612,0.30868389196363333,0.05108922162231666,True,True,bear,0.018291637758641732,-0.10042975397306109,2006-06-02,009540,HD한국조선해양,0.9541984732824428,0.9465648854961832,0.8702290076335878,2006-06-05,94474.0,0.00969358855151925,-0.023211634947181255,-0.05770765407328038,0.03449601912609912,2006-06-12,92659.0,0.053708999301395055,-0.04871672100747082,0.10242572030886588,2006-06-19,99926.0,0.010437834748184608,-0.016081838011202665,0.026519672759387273,2006-07-03,95838.0,0.06332010923640374,-0.02159191956040951,0.08491202879681325,2006-08-01,100834.0,0.1690952431356776,0.019441087728098383,0.1496541554075792,2006-08-30,110827.0,-0.08173677413891656,0.05769841437855927,v6
2014,430589,139161095602.55,0.04977362635510896,0.27956873652176273,0.7572088713433711,0.022970124937469638,True,True,bull,0.029763336116666927,-0.0705863053674688,2007-10-25,009540,HD한국조선해양,0.6858638743455497,0.837696335078534,0.8167539267015707,2007-10-26,443306.0,0.0295339639424137,0.06977296946127498,0.03821457326892097,0.03155839619235401,2007-11-01,476010.0,0.03903348025968523,-0.003844605475040286,0.04287808573472551,2007-11-08,462383.0,-0.16588366500791774,-0.09469605475040266,-0.07118761025751508,2007-11-22,371542.0,-0.1392451805299274,-0.05479066022544288,-0.08445452030448453,2007-12-21,383351.0,-0.3246972159185755,-0.1805454911433172,-0.14415172477525828,2008-01-23,301139.0,-0.170083418676941,0.12704993841725587,v6
2602,198489,103555060725.0,0.0434516240752687,0.34690576737759504,0.12379680105017621,0.0009887274182494021,True,True,mixed,0.011809516430199452,-0.05818240482844683,2010-03-05,009540,HD한국조선해양,0.6558441558441559,0.9090909090909091,0.7077922077922078,2010-03-08,201213.0,0.013723682420688332,0.03212589643810282,0.005563820651450779,0.02656207578665204,2010-03-12,208482.0,0.04341244352999052,0.019697134632364444,0.023715308897626075,2010-03-19,210753.0,0.05695530606869337,0.04230317984445486,0.014652126224238504,2010-04-02,213478.0,0.14047376660553734,0.053231249319641405,0.08724251728589594,2010-04-30,230283.0,-0.037854671417850705,-0.01399421846462734,-0.023860452953223366,2010-06-01,194401.0,-0.02031677873696036,0.08352343039465637,v6
2781,361095,101236726351.6,0.13757831880975635,0.39187728618384576,0.6662287162767526,0.0020430293340232275,True,True,bull,0.03887596149862582,-0.025734351771159125,2010-11-19,009540,HD한국조선해양,0.9234449760765551,0.9186602870813397,0.9138755980861244,2010-11-22,360640.0,-0.0012600562178928243,-0.06445086512866016,-0.023220219721521773,-0.04123064540713839,2010-11-26,338839.0,-0.07704514196983137,0.0052644824628533815,-0.08230962443268475,2010-12-03,334297.0,0.11187178349600702,0.040723981900452566,0.07114780159555445,2010-12-17,402428.0,0.252929347826087,0.0784998536217072,0.1744294942043798,2011-01-17,453299.0,0.0791272182786158,0.015516099044175391,0.0636111192344404,2011-02-17,390619.0,-0.1146101375332742,0.11586901064773736,v6
4210,124907,38099634350.0,0.07494685145420044,0.2000108863587886,0.12837542829115578,0.026880081910104936,True,True,bull,0.02420858901239109,-0.028263575540687702,2016-08-31,009540,HD한국조선해양,0.8277153558052435,0.8838951310861424,0.7191011235955056,2016-09-01,124452.0,-0.003642710176371189,0.03980805451097602,0.01923913473326211,0.020568919777713912,2016-09-07,129904.0,-0.011295985600874189,-0.00354925455767785,-0.007746731043196339,2016-09-19,123544.0,0.017904027255488012,0.015768972199153852,0.00213505505633416,2016-10-04,127178.0,0.017904027255488012,-0.0076966425435994745,0.025600669799087487,2016-11-01,127178.0,0.03980805451097602,-0.02203207181555733,0.06184012632653335,2016-11-29,129904.0,-0.06569601131359881,0.051096004885417656,v6
4273,138079,43435956328.15,0.11524386882931448,0.11385168637957022,0.3393202771196502,0.022125436194283088,True,True,bear,0.019621279727015883,-0.08433247566248436,2016-12-02,009540,HD한국조선해양,0.8961038961038961,0.8398268398268398,0.9307359307359307,2016-12-05,139895.0,0.013151891308598618,-0.01373587333357162,0.030004425881742458,-0.04374029921531408,2016-12-09,138533.0,-0.033207620000714866,0.038932497672596655,-0.07214011767331152,2016-12-16,135809.0,-0.04620308088209013,0.030752247279608902,-0.07695532816169903,2017-01-02,133991.0,-0.09814918331605849,0.058386028457910966,-0.15653521177396945,2017-02-01,126724.0,0.07068458486722173,0.06966439607063091,0.0010201887965908263,2017-03-02,150343.0,-0.06493441509703701,0.03571249865970905,v6
4768,140000,32315447625.0,0.10851674176580106,0.1901226168282063,0.4370688735598587,0.016257479042479206,True,True,bear,0.03626943005181338,-0.04436860068259385,2018-12-12,009540,HD한국조선해양,0.7217741935483871,0.8790322580645161,0.9274193548387096,2018-12-13,140000.0,0.0,-0.05400000000000005,-0.004115108051527372,-0.049884891948472676,2018-12-19,133000.0,-0.07899999999999996,-0.028259630263050672,-0.05074036973694929,2018-12-27,129500.0,-0.0397142857142857,-0.010975218330674497,-0.028739067383611205,2019-01-14,135000.0,-0.11471428571428577,0.0663112056452193,-0.18102549135950508,2019-02-14,124500.0,-0.07899999999999996,0.04248286170075177,-0.12148286170075173,2019-03-15,129500.0,-0.125,0.03571428571428581,v6
4981,127500,22190865575.0,0.019028498158610407,0.17123588866150663,0.04221911595851735,0.03496723701156257,True,True,bull,0.021225470564677718,-0.026717557251908386,2019-10-28,009540,HD한국조선해양,0.696969696969697,0.8051948051948052,0.7012987012987013,2019-10-29,128000.0,0.0039215686274509665,-0.054781250000000004,0.012509981368112655,-0.06729123136811266,2019-11-04,121500.0,-0.082125,0.009586866420776552,-0.09171186642077656,2019-11-11,118000.0,-0.0899375,0.00930643750712945,-0.09924393750712945,2019-11-25,117000.0,-0.01571875,0.04743051066580484,-0.06314926066580484,2019-12-23,126500.0,-0.0274375,0.06759287425377392,-0.09503037425377392,2020-01-23,125000.0,-0.109375,0.0,v6
4942,6104,2276828842.5,0.03286504045427807,0.030129568435512954,1.6236439638916176,0.026500673227384475,True,True,bull,0.030602338440758103,-0.039345294302801426,2008-05-08,009580,무림P&P,0.5962732919254659,0.6024844720496895,0.9875776397515528,2008-05-09,5928.0,-0.028833551769331556,-0.0799109311740891,0.01841238347360541,-0.0983233146476945,2008-05-16,5478.0,0.013037786774628971,-0.014444150900670194,0.027481937675299165,2008-05-23,6029.0,0.04677597840755743,-0.024677446312940443,0.07145342472049787,2008-06-09,6229.0,-0.17522132253711198,-0.14827495107104538,-0.0269463714660666,2008-07-07,4913.0,-0.23257624831309043,-0.16804602287125348,-0.06453022544183695,2008-08-04,4573.0,-0.16447368421052633,0.11403508771929816,v6
7418,6790,3391800816.5,0.07142155345111112,0.2766202509248864,0.5563772401023264,0.01627051356014375,True,True,mixed,0.017152273237959648,-0.08243243243243248,2018-05-04,009580,무림P&P,0.5903614457831325,0.7680722891566265,0.7981927710843374,2018-05-08,6950.0,0.02356406480117812,0.047798561151079166,0.0031031619032186875,0.04469539924786048,2018-05-14,7310.0,0.14276258992805757,-0.0011667240576068716,0.14392931398566444,2018-05-21,7970.0,0.3125467625899281,-0.005951102918835494,0.3184978655087636,2018-06-05,9150.0,0.1988776978417266,-0.08543823046851251,0.2843159283102391,2018-07-05,8360.0,0.23341007194244612,-0.08031355709048194,0.31372362903292805,2018-08-02,8600.0,-0.008633093525179825,0.33525179856115117,v6
4091,10144,12501561658.5,0.098960071671371,0.18680497641263183,0.37437208336034566,0.06117455278801209,True,True,bull,0.029283438521013894,-0.05231689088191327,2004-11-29,009830,한화솔루션,0.7,0.72,0.75,2004-11-30,10245.0,0.009956624605678144,0.05563884821864318,0.005740488345769235,0.04989835987287394,2004-12-06,10856.0,-0.004,-0.024925500704566894,0.020925500704566894,2004-12-13,10245.0,0.070572962420693,0.012936311765113562,0.057636650655579436,2004-12-27,11009.0,0.07564860907759874,0.056965972879946536,0.018682636197652203,2005-01-25,11061.0,0.32445290385553927,0.1515050012705308,0.17294790258500847,2005-02-25,13610.0,-0.021864324060517304,0.1293313811615422,v6
4623,13048,12372488820.5,0.10152325922731575,0.18853821175112495,0.3399046837112689,0.0026583861214346527,True,True,mixed,0.02946861809144341,-0.03775811209439528,2007-01-18,009830,한화솔루션,0.9302325581395349,0.8837209302325582,0.875968992248062,2007-01-19,12795.0,-0.019389944819129368,0.011787416959749834,0.0096925695169785,0.002094847442771334,2007-01-25,12997.0,0.007879640484564247,0.01008699208963626,-0.002207351605072013,2007-02-01,12947.0,0.07556232903477911,0.05444492327020156,0.021117405764577546,2007-02-15,13813.0,0.13941539663931213,0.054269624349020384,0.08514577229029174,2007-03-19,14630.0,0.21514810472840962,0.11902066336033434,0.09612744136807527,2007-04-16,15599.0,-0.06377491207502928,0.09159828057835084,v6
5378,17964,37354669500.0,0.20258078545403102,0.35284566123984695,0.1241257762631951,0.0703149336813309,True,True,mixed,0.034840315221899676,-0.06247064349459841,2010-02-01,009830,한화솔루션,0.9473684210526315,0.9649122807017544,0.7426900584795322,2010-02-02,18249.0,0.015865063460253737,-0.13217140665241933,-0.04065859384653403,-0.0915128128058853,2010-02-08,15910.0,-0.11025239739163795,-0.010842703570987267,-0.09940969382065068,2010-02-16,16310.0,-0.08526472683434705,0.0023724206104041023,-0.08763714744475115,2010-03-03,16766.0,-0.14154178311140342,0.04587297664648471,-0.18741475975788813,2010-03-31,15739.0,0.08663510329333124,0.07124057827752384,0.015394525015807403,2010-04-28,19903.0,-0.13754178311140342,0.024987670557290897,v6
5587,38040,70126551465.0,0.0407669222616599,0.23957720466278887,0.8820817556055767,0.01654743325559571,True,True,mixed,0.025531805909209337,-0.05120594617514285,2010-12-01,009830,한화솔루션,0.8290155440414507,0.8756476683937824,0.9844559585492227,2010-12-02,38439.0,0.010488958990536368,-0.05592642888732802,0.006178905289369263,-0.06210533417669728,2010-12-08,36443.0,-0.011414344806056295,0.037953192605892916,-0.049367537411949214,2010-12-15,38154.0,-0.04851208408127161,0.051334818465717635,-0.09984690254698925,2010-12-29,36728.0,0.20076599287182284,0.08813043097993023,0.11263556189189261,2011-01-27,46310.0,-0.030717656546736413,-0.007959006230353283,-0.02275865031638313,2011-03-02,37412.0,-0.06084965789952912,0.0252087723405916,v6
6720,23325,41385032545.0,0.03475687336432487,0.4104112709181229,0.7073333573076905,0.04300195760328451,True,True,mixed,0.02135094187604536,-0.048852098030420454,2015-07-02,009830,한화솔루션,0.5448504983388704,0.8073089700996677,0.7674418604651163,2015-07-03,23325.0,0.0,-0.11160986066452305,-0.037817139657700394,-0.07379272100682266,2015-07-09,20815.0,0.05469239013933547,-0.009309564367429024,0.06400195450676449,2015-07-16,24694.0,-0.004,-0.04198319343680468,0.037983193436804674,2015-07-30,23325.0,-0.09446087888531618,-0.08058799246504178,-0.0138728864202744,2015-08-28,21215.0,0.0375862808145766,-0.07813011563408967,0.11571639644866627,2015-09-25,24295.0,-0.1540407288317256,0.13693461950696673,v6
6835,30682,37380682817.5,0.13651043280062258,0.3065914322904151,0.44210254268654003,0.00798155725209937,True,True,bear,0.03950223691855781,-0.028896977369836985,2015-12-16,009830,한화솔루션,0.8907563025210085,0.9201680672268907,0.8991596638655462,2015-12-17,30853.0,0.005573300306368489,0.01820205490551974,0.007640897956715076,0.010561156948804665,2015-12-23,31538.0,-0.01693229183547795,-0.03291231111962334,0.01598001928414539,2016-01-04,30454.0,-0.0705413411985869,-0.0532292370190417,-0.017312104179545207,2016-01-18,28800.0,-0.06681398891517842,-0.037912159914518684,-0.02890182900065974,2016-02-18,28915.0,-0.12969280134832917,0.004062377145852336,-0.1337551784941815,2016-03-18,26975.0,-0.09794833565617611,0.05915146014974226,v6
7052,31424,39162300272.5,0.1220766268153578,0.09901676002899584,0.1420405983023434,0.02391684039136166,True,True,bear,0.017832474180889957,-0.050003023157385584,2016-11-07,009830,한화솔루션,0.9292035398230089,0.7743362831858407,0.8141592920353983,2016-11-08,31709.0,0.009069501018329928,-0.12989485634993225,-0.017496367363999954,-0.1123984889859323,2016-11-14,27717.0,-0.11195042416979406,-0.02165150580226516,-0.0902989183675289,2016-11-21,28286.0,-0.1586879434860765,-0.022990107287167327,-0.13569783619890918,2016-12-05,26804.0,-0.0597570405878457,0.01712315133661102,-0.07688019192445672,2017-01-03,29941.0,-0.056161846794285486,0.030578833177412168,-0.08674067997169765,2017-02-02,30055.0,-0.17625910624743768,0.016209908858683564,v6
8030,53325,260127380982.5,0.2277955142430007,0.7867870336595904,1.9389150579493852,0.13157293021088545,True,True,mixed,0.0355012350281958,-0.10612511733941266,2020-11-02,009830,한화솔루션,0.9393063583815029,0.9682080924855492,0.9710982658959537,2020-11-03,54066.0,0.013895921237693454,0.09728361632079308,0.05673608802103791,0.040547528299755164,2020-11-09,59542.0,0.017103836052232427,0.09811685760058042,-0.081013021548348,2020-11-16,55207.0,0.0033798690489401685,0.11897780906032884,-0.11559794001138868,2020-11-30,54465.0,-0.00189146598601719,0.21793670465193626,-0.21982817063795346,2020-12-29,54180.0,0.11692627529316013,0.3252598442877439,-0.20833356899458377,2021-01-28,60604.0,-0.12869455850257094,0.13923722857248544,v6
5324,26900,2090759238.5,0.13231677637317985,0.5650368398543146,0.2801156715777646,0.021136103854688892,True,True,mixed,0.020292053859283232,-0.08658743633276744,2009-11-12,009970,영원무역홀딩스,0.9490445859872612,0.9872611464968153,0.8853503184713376,2009-11-13,26900.0,0.0,0.07406691449814118,0.024620637329286765,0.04944627716885441,2009-11-19,29000.0,0.10752416356877315,0.011330298431967645,0.0961938651368055,2009-11-26,29900.0,0.19116728624535306,0.044973444613050084,0.14619384163230298,2009-12-10,32150.0,0.08336059479553892,0.07400101163378858,0.00935958316175034,2010-01-12,29250.0,0.14841635687732335,-0.007024532119372706,0.15544088899669606,2010-02-09,31000.0,-0.014869888475836479,0.1970260223048328,v6
5844,60000,2396814961.95,0.01003207493233782,0.4048913512487271,0.5620278618292087,0.05599309183106804,True,True,mixed,-0.00990099009900991,-0.10447761194029848,2011-12-13,009970,영원무역홀딩스,0.5202020202020202,0.9292929292929293,0.898989898989899,2011-12-14,59700.0,-0.0050000000000000044,-0.08775209380234505,-0.03192959723571975,-0.0558224965666253,2011-12-20,54700.0,-0.054251256281407034,-0.005496166720656559,-0.048755089560750475,2011-12-27,56700.0,-0.12962814070351758,-0.0035903250188964453,-0.12603781568462114,2012-01-11,52200.0,-0.1631289782244556,0.07640103660511821,-0.2395300148295738,2012-02-10,50200.0,-0.015725293132328285,0.08114674441205061,-0.0968720375443789,2012-03-12,59000.0,-0.1423785594639866,0.0201005025125629,v6
4539,33058,2853669611.0,0.0628590229612398,0.16567510848173916,0.2426795206978607,0.0065395211797163455,True,True,bull,0.028754590153731163,-0.04586255664271077,2006-09-14,010060,OCI홀딩스,0.624,0.832,0.848,2006-09-15,32898.0,-0.004839978220097962,0.07089817010152588,0.008641556218083046,0.062256613883442835,2006-09-21,35362.0,0.08539753176484899,0.012065708297665179,0.07333182346718381,2006-09-28,35839.0,0.11439625509149498,-0.002789503202762944,0.11718575829425792,2006-10-17,36793.0,0.1409632196486108,0.038588127638220504,0.1023750920103903,2006-11-14,37667.0,0.017764240987294014,0.016161407444579057,0.0016028335427149577,2006-12-12,33614.0,-0.02051796461790989,0.13526658155510973,v6
4929,289255,114982509825.0,0.006114696429975641,0.5460176177946301,0.45238823037316633,0.03173144042271692,True,True,mixed,0.029483286623301685,-0.07379122638488633,2008-04-17,010060,OCI홀딩스,0.5732484076433121,0.9808917197452229,0.9490445859872612,2008-04-18,289652.0,0.0013724914003214739,0.08928090260036181,0.014919143319664485,0.07436175928069733,2008-04-24,316671.0,0.09888207918467673,0.04251814833407597,0.05636393085060076,2008-05-02,319452.0,0.18941830886719235,0.05655173191794183,0.13286657694925053,2008-05-20,345676.0,-0.035548202670791174,0.0006994229760448611,-0.036247625646836035,2008-06-18,280514.0,-0.11785386601853254,-0.14974984347590659,0.03189597745737405,2008-07-16,256674.0,-0.0013706102495408823,0.2153653349536686,v6
5700,458518,209751570200.0,0.07740004186802696,0.3833860897301127,0.7074896046261772,0.023313484244591898,True,True,mixed,-0.003883398755457068,-0.12176444674289877,2011-05-18,010060,OCI홀딩스,0.8348623853211009,0.926605504587156,0.926605504587156,2011-05-19,452954.0,-0.012134747163688231,-0.23206951699289557,-0.04923200500632796,-0.1828375119865676,2011-05-25,349649.0,-0.13908656508166395,2.335041026668705e-05,-0.13910991549193064,2011-06-01,391766.0,-0.23908568198978264,-0.04420699671693229,-0.19487868527285035,2011-06-16,346471.0,-0.3206657099837953,-0.005239832063849259,-0.31542587791994603,2011-07-14,309519.0,-0.45575227506545923,-0.15124060729747013,-0.3045116677679891,2011-08-11,248331.0,-0.30350764095250293,0.012281600339107301,v6
7323,102908,33014042825.0,0.08081156473857698,0.2272061325389787,0.3537462981129804,0.07201237272245642,True,True,mixed,0.03455018409842037,-0.040735285892727346,2017-12-13,010060,OCI홀딩스,0.7084870848708487,0.8634686346863468,0.9077490774907749,2017-12-14,103702.0,0.007715629494305487,-0.00016207980559678967,-0.005710677760931815,0.005548597955335025,2017-12-20,104100.0,0.03814962102948827,-0.0076732205407450405,0.04582284157023331,2017-12-28,108073.0,0.33317768220477917,0.006901072561801946,0.3262766096429772,2018-01-15,138668.0,0.19141571040095662,-0.04069461145272402,0.23211032185368063,2018-02-12,123967.0,0.1301054174461438,0.002336551957113686,0.1277688654890301,2018-03-15,117609.0,-0.06896684731249159,0.43296175580027385,v6
3888,16380,32758359495.0,0.10808642003517344,0.425045371712647,0.5507585410216354,0.04083560488284377,True,True,mixed,0.011860637509266025,-0.1556701030927835,2009-06-11,010120,LS ELECTRIC,0.8226600985221675,0.8226600985221675,0.7487684729064039,2009-06-12,16360.0,-0.0012210012210012167,-0.0700146699266504,-0.03716923163058916,-0.032845438296061236,2009-06-18,15280.0,-0.07245965770171148,-0.025292713822810953,-0.047166943878900525,2009-06-25,15240.0,-0.0834621026894865,0.0014137045357520694,-0.08487580722523858,2009-07-09,15060.0,-0.14336430317848414,0.09529908249175922,-0.23866338567024337,2009-08-06,14080.0,-0.06145721271393645,0.12923498988711368,-0.19069220260105013,2009-09-03,15420.0,-0.14303178484107582,0.009779951100244544,v6
6115,15880,14067986560.0,0.03743812120533352,0.2855215650727144,0.3290331316183468,0.03718535026729075,True,True,mixed,0.02590606628335168,-0.039903264812575556,2018-06-12,010120,LS ELECTRIC,0.6238805970149254,0.7820895522388059,0.7104477611940299,2018-06-14,15760.0,-0.007556675062972307,-0.03826395939086291,-0.03547734264707092,-0.002786616743791992,2018-06-20,15220.0,-0.08648730964467011,-0.04440482116481559,-0.04208248847985452,2018-06-27,14460.0,-0.08521827411167515,-0.06946133194062498,-0.01575694217105017,2018-07-11,14480.0,-0.10171573604060913,-0.06096227446692193,-0.0407534615736872,2018-08-08,14220.0,-0.03953299492385787,-0.06660927184743315,0.027076276923575282,2018-09-06,15200.0,-0.13959390862944165,0.0050761421319796,v6
7595,41300,166128692995.0,0.06837121246877231,1.2550449560931436,1.7583416212514404,0.04401343709313532,True,True,bull,-0.005106957024474834,-0.1536885245901639,2024-06-17,010120,LS ELECTRIC,0.7264957264957265,0.9857549857549858,0.98005698005698,2024-06-18,42000.0,0.016949152542372836,-0.06923809523809521,-0.0003507249520916522,-0.06888737028600356,2024-06-24,39260.0,-0.03019047619047621,0.013960299381711838,-0.04415077557218805,2024-07-01,40900.0,0.07933333333333326,0.03442889684347561,0.044904436489857646,2024-07-15,45500.0,-0.1725714285714286,-0.0532957298333151,-0.1192756987381135,2024-08-12,34920.0,-0.35257142857142854,-0.0875980764363452,-0.26497335213508333,2024-09-10,27360.0,-0.1071428571428571,0.11428571428571432,v6
7951,95700,109734084325.0,0.05183946158099939,0.36838247241900013,0.38331470531141854,0.04695169762498974,True,True,mixed,0.02969657843770168,-0.11224489795918369,2025-12-03,010120,LS ELECTRIC,0.5878594249201278,0.9456869009584664,0.9073482428115016,2025-12-04,95800.0,0.0010449320794148065,0.041929018789144124,0.028885941710563356,0.013043077078580767,2025-12-10,100200.0,-0.01443841336116913,0.009330888225911993,-0.023769301587081123,2025-12-17,94800.0,0.05654279749478075,0.1091365569271272,-0.052593759432346454,2026-01-05,101600.0,0.09412108559498966,0.23159513400399612,-0.13747404840900646,2026-02-02,105200.0,0.4657286012526096,0.3896479393666441,0.07608066188596552,2026-03-06,140800.0,-0.06054279749478075,0.10647181628392488,v6
3938,28800,6297502985.0,0.09456492048762044,0.4204872925793275,0.35754165612511835,0.015009095478500267,True,True,bull,0.022727272727272707,-0.04950495049504955,2004-12-21,010130,고려아연,0.7788461538461539,0.8942307692307693,0.7403846153846154,2004-12-22,29300.0,0.01736111111111116,0.019890784982935065,-0.01099977482548986,0.030890559808424926,2004-12-28,30000.0,0.07791126279863492,-0.003388876379193828,0.08130013917782875,2005-01-05,31700.0,-0.021064846416382284,0.03160324251294755,-0.05266808892932984,2005-01-19,28800.0,0.3048737201365188,0.11316145012384604,0.19171227001267277,2005-02-21,38350.0,0.18371331058020468,0.10381670794866005,0.07989660263154463,2005-03-22,34800.0,-0.05290102389078499,0.10068259385665534,v6
4816,140500,19662824800.0,0.22676636229472247,0.2737863606355191,0.2624334426699071,0.06004119444397915,True,True,bear,0.012247838616714635,-0.06953642384105962,2008-07-10,010130,고려아연,0.9634146341463414,0.8902439024390244,0.8475609756097561,2008-07-11,145000.0,0.03202846975088969,-0.048827586206896534,-0.011309064750066433,-0.0375185214568301,2008-07-17,138500.0,-0.04537931034482756,0.053875217918224916,-0.09925452826305248,2008-07-24,139000.0,-0.048827586206896534,0.013603281897071273,-0.06243086810396781,2008-08-07,138500.0,-0.2246896551724138,-0.08984387657889448,-0.13484577859351932,2008-09-05,113000.0,-0.42468965517241375,-0.11465252979565921,-0.31003712537675454,2008-10-07,84000.0,-0.08620689655172409,0.04482758620689653,v6
5354,255000,19478160225.0,0.034466448424799734,0.32268015345757495,0.35777625372990673,0.02439263008982273,True,True,mixed,0.013916500994035852,-0.039548022598870025,2010-08-30,010130,고려아연,0.615819209039548,0.8531073446327684,0.8135593220338984,2010-08-31,252000.0,-0.0117647058823529,0.09719047619047627,0.026086956521739202,0.07110351966873707,2010-09-06,277500.0,0.13092063492063488,0.04122277241892558,0.0896978625017093,2010-09-13,286000.0,0.2380634920634921,0.07210693534075618,0.1659565567227359,2010-09-30,313000.0,0.14084126984126977,0.0921773477974639,0.048663922043805874,2010-10-28,288500.0,0.14084126984126977,0.1035177605404014,0.03732350930086836,2010-11-25,288500.0,-0.005952380952380931,0.2579365079365079,v6
2446,3391,14314478238.25,0.16511826162938192,0.3734806648048167,0.2949344738732783,0.036391388679858805,True,True,bear,0.02170867292366574,-0.05305780508237923,2003-02-04,010140,삼성중공업,0.8767123287671232,0.9041095890410958,0.8356164383561644,2003-02-05,3336.0,-0.016219404305514606,-0.06335251798561148,-0.03737005715813757,-0.025982460827473908,2003-02-11,3138.0,-0.02977937649880091,0.008540294815656768,-0.03831967131445768,2003-02-18,3250.0,-0.1047194244604317,-0.03636728281579038,-0.06835214164464132,2003-03-04,3000.0,0.023278177458033514,-0.09990975030918892,0.12318792776722243,2003-04-01,3427.0,0.17705515587529974,-0.0016378647591670514,0.1786930206344668,2003-04-29,3940.0,-0.11330935251798557,0.03417266187050361,v6
2980,6868,38861100595.5,0.09795087982973005,0.37167041942200485,0.5153703185237364,0.0770281706480207,True,True,mixed,0.015983846034364202,-0.08621607237892492,2005-04-01,010140,삼성중공업,0.8926174496644296,0.7651006711409396,0.7248322147651006,2005-04-04,6866.0,-0.0002912055911473699,-0.0015240314593649683,0.005035677879714706,-0.0065597093390796744,2005-04-11,6883.0,-0.08264841246722987,-0.05708460754332312,-0.025563804923906752,2005-04-18,6326.0,-0.20906845324788814,-0.06379204892966361,-0.14527640431822453,2005-05-02,5458.0,-0.11104922808039619,-0.010998980632008104,-0.10005024744838809,2005-05-31,6131.0,-0.05730614622778907,0.018430173292558694,-0.07573631952034776,2005-06-29,6500.0,-0.22414797553160504,0.05257792018642582,v6
3084,9507,74451397770.0,0.01670678144146054,0.32922968084613924,0.217188452411194,0.02557725366781738,True,True,mixed,-0.01498707474887706,-0.13478340007280665,2005-08-31,010140,삼성중공업,0.5736434108527132,0.8837209302325582,0.7209302325581395,2005-09-01,9722.0,0.02261491532554949,0.014823287389426069,0.04528702204907309,-0.03046373465964702,2005-09-07,9905.0,0.00741740382637324,0.07069238296432445,-0.06327497913795121,2005-09-14,9833.0,0.14123760543098118,0.12597510677019041,0.015262498660790769,2005-09-29,11134.0,-0.029817732976753716,0.04321106203188019,-0.0730287950086339,2005-10-28,9471.0,0.06687019131865868,0.18267533631466804,-0.11580514499600936,2005-11-25,10411.0,-0.04093807858465337,0.15974079407529307,v6
6018,10579,42465282812.7,0.044403788219265605,0.06037347926609482,0.19063975770297015,0.0015456756766241142,True,True,bull,0.0033622451641051043,-0.07944657152801948,2017-07-03,010140,삼성중공업,0.7404580152671756,0.648854961832061,0.7977099236641222,2017-07-04,10619.0,0.003781075716041249,-0.054852245974197245,-0.005485880329319737,-0.04936636564487751,2017-07-10,10079.0,-0.0626684245220831,0.012466391676825728,-0.07513481619890883,2017-07-17,9996.0,-0.12548036538280438,0.0031186853926956637,-0.12859905077550005,2017-07-31,9329.0,-0.12548036538280438,-0.012733588283428854,-0.11274677709937553,2017-08-29,9329.0,-0.12548036538280438,-0.008733989078338555,-0.11674637630446583,2017-09-26,9329.0,-0.12957905640832468,0.011865524060646004,v6
6365,7268,24250896589.5,0.10408731450298925,0.15641045519556507,0.16295122211415058,0.02904301677767851,True,True,mixed,0.03458338374815839,-0.08865203761755491,2018-12-04,010140,삼성중공업,0.724,0.784,0.756,2018-12-05,7135.0,-0.018299394606494213,-0.025023125437981793,-0.016102982406533406,-0.008920143031448387,2018-12-11,6985.0,0.04112964260686747,-0.011722587787613148,0.052852230394480615,2018-12-18,7457.0,0.02122775052557824,-0.03657677432341122,0.05780452484898946,2019-01-04,7315.0,0.1695108619481429,0.05602016706844237,0.11349069487970054,2019-02-01,8373.0,0.17735949544498952,0.03796661506683208,0.13939288037815745,2019-03-07,8429.0,-0.06348983882270498,0.09908899789768744,v6
6430,8656,32131083950.5,0.07731584256664459,0.18919695821800264,0.2770703982055205,0.031747073324355446,True,True,mixed,0.014260103347667696,-0.033605001674667845,2019-03-14,010140,삼성중공업,0.7087719298245614,0.8,0.8842105263157894,2019-03-15,8655.0,-0.0001155268022181577,-0.03877758521086083,0.014826099881094068,-0.0536036850919549,2019-03-21,8354.0,-0.12277527440785674,-0.01154689357907257,-0.11122838082878417,2019-03-28,7627.0,-0.030112073945696146,0.03320080261593339,-0.06331287656162954,2019-04-11,8429.0,-0.15108261120739452,-0.03434806034482751,-0.11673455086256701,2019-05-13,7382.0,-0.15327787406123627,-0.019113220868014258,-0.13416465319322202,2019-06-11,7363.0,-0.12651646447140386,0.015251299826689824,v6
7245,6070,29570800815.0,0.15513265295807788,0.22474377118852995,0.2881937524631525,0.04736133270904852,True,True,bear,0.03938356164383561,-0.058914728682170514,2022-06-30,010140,삼성중공업,0.8878787878787879,0.8363636363636363,0.793939393939394,2022-07-01,6080.0,0.0016474464579900872,-0.09939473684210531,-0.0036919741177675602,-0.09570276272433775,2022-07-07,5500.0,-0.13557894736842102,-0.008792447031908845,-0.12678650033651218,2022-07-14,5280.0,-0.09939473684210531,0.03941662540761093,-0.13881136224971624,2022-07-28,5500.0,0.007513157894736947,0.05894780871732719,-0.051434650822590244,2022-08-26,6150.0,-0.08130263157894735,-0.05081692930189674,-0.030485702277050608,2022-09-27,5610.0,-0.14802631578947367,0.00328947368421062,v6
7494,6810,45599407170.0,0.10151504769275288,0.2166319481697907,0.23076825615745977,0.02068860750077328,True,True,mixed,0.02413715316941123,-0.025751072961373356,2023-07-03,010140,삼성중공업,0.7692307692307693,0.8136094674556213,0.7100591715976331,2023-07-04,6770.0,-0.005873715124816492,0.05951550960118168,-0.03225682606959668,0.09177233567077836,2023-07-10,7200.0,0.24710782865583458,0.0054823551091864875,0.2416254735466481,2023-07-17,8470.0,0.3298257016248154,0.010695967320863753,0.31912973430395164,2023-07-31,9030.0,0.30471491875923196,-0.020178752418686052,0.324893671177918,2023-08-29,8860.0,0.149618906942393,-0.054420436745600265,0.20403934368799326,2023-09-26,7810.0,-0.00738552437223039,0.34416543574593805,v6
7686,9060,65194541914.2,0.022382651059884573,0.19793015571906447,0.11727012753086719,0.06334098532314636,True,True,bull,0.033833514006960774,-0.03514376996805113,2024-04-15,010140,삼성중공업,0.6765676567656765,0.8481848184818482,0.7260726072607261,2024-04-16,8970.0,-0.009933774834437137,0.05285618729096986,-0.00557074620769471,0.05842693349866457,2024-04-22,9480.0,0.06623411371237453,0.016364303354171605,0.049869810358202926,2024-04-29,9600.0,0.12754960981047936,0.041158473169274234,0.08639113664120512,2024-05-16,10150.0,0.0038037904124861334,0.04320826573177983,-0.0394044753192937,2024-06-14,9040.0,0.09967892976588622,0.08049028617675869,0.01918864358912753,2024-07-12,9900.0,-0.03455964325529548,0.1482720178372352,v6
9056,6223,3554531784.5,0.20837866770989033,0.1507626284462943,0.24612278518190223,0.11379517078298851,True,True,bear,0.03945346428810037,-0.14118134142975436,2025-01-03,010640,진양폴리,0.8717948717948718,0.7582417582417582,0.706959706959707,2025-01-06,6113.0,-0.01767636188333599,-0.016596106657942086,0.025467737333387586,-0.042063843991329675,2025-01-10,6036.0,-0.004,0.02863489993070556,-0.03263489993070556,2025-01-17,6113.0,0.07828365777850488,0.03401540781804102,0.04426824996046386,2025-02-06,6616.0,-0.15613479469982006,0.044910936289895176,-0.20104573098971523,2025-03-07,5183.0,-0.16578635694421728,0.004940284514735271,-0.17072664145895255,2025-04-04,5124.0,-0.07115982332733517,0.13234091280876825,v6
4330,13250,4126195235.0,0.093025981435791,0.1431119522309554,1.5587306703228492,0.0386380676821636,True,True,bull,0.016689046614233538,-0.046762589928057596,2010-08-16,010690,화신,0.8108108108108109,0.7135135135135136,0.9837837837837838,2010-08-17,13300.0,0.0037735849056603765,-0.09422556390977443,0.017469033476078755,-0.11169459738585319,2010-08-23,12100.0,-0.17693233082706772,0.01310609200165791,-0.19003842282872563,2010-08-30,11000.0,0.17645112781954886,0.046910254639222826,0.12954087318032603,2010-09-13,15700.0,0.13133834586466175,0.09347515771054948,0.03786318815411227,2010-10-14,15100.0,0.10878195488721798,0.10209167932955765,0.00669027555766033,2010-11-11,14800.0,-0.19548872180451127,0.20300751879699241,v6
4367,15000,4951918637.5,0.032677855965260516,0.1444841804917727,1.2541444098841734,0.0010543806656180266,True,True,bull,0.005530417295123158,-0.08536585365853655,2010-10-11,010690,화신,0.5364583333333334,0.6822916666666666,0.984375,2010-10-12,15000.0,0.0,-0.05066666666666664,-0.008904648913738433,-0.041762017752928204,2010-10-18,14300.0,0.0026666666666665985,0.012387238607598272,-0.009720571940931674,2010-10-25,15100.0,-0.007333333333333299,0.026497275758744943,-0.033830609092078245,2010-11-08,14950.0,-0.11733333333333329,0.032431946815200785,-0.14976528014853407,2010-12-06,13300.0,-0.11399999999999999,0.1019252009491245,-0.21592520094912449,2011-01-04,13350.0,-0.10999999999999999,0.09333333333333327,v6
4511,19100,12057911337.5,0.10520188418463228,0.33420889789821806,0.22219310350392996,0.05241491260729658,True,True,bull,0.00460223537146609,-0.15859030837004406,2011-05-09,010690,화신,0.8538812785388128,0.9223744292237442,0.7899543378995434,2011-05-11,19450.0,0.018324607329842868,-0.11711053984575837,-0.02731049670589991,-0.08980004313985845,2011-05-17,17250.0,-0.1222519280205655,-0.04611740321267299,-0.07613452480789251,2011-05-24,17150.0,-0.09397429305912597,-0.03612869198312241,-0.05784560107600356,2011-06-08,17700.0,0.03456041131105403,0.004510881634465891,0.030049529676588138,2011-07-06,20200.0,-0.10682776349614398,-0.04403545784291951,-0.06279230565322447,2011-08-03,17450.0,-0.15681233933161953,0.041131105398457546,v6
3249,2696,2505188435.0,0.25586090759410174,0.3057432194616978,0.9321227771006695,0.02520237233099132,True,True,mixed,0.012506102827956722,-0.1375559820857326,2001-06-28,010770,평화홀딩스,0.8425925925925926,0.7407407407407407,0.8333333333333334,2001-06-29,2749.0,0.019658753709198784,-0.08475663877773731,-0.0006902124507591756,-0.08406642632697814,2001-07-05,2527.0,-0.14441469625318293,-0.05735497121309041,-0.08705972504009252,2001-07-12,2363.0,-0.22553510367406326,-0.08903740614794109,-0.13649769752612217,2001-07-27,2140.0,-0.2797366315023645,-0.025723039628295252,-0.25401359187406924,2001-08-27,1991.0,-0.39723390323754093,-0.1882596545570856,-0.20897424868045533,2001-09-24,1668.0,-0.3888686795198254,0.021462349945434722,v6
6415,24500,2722203205.0,0.11988070057876477,0.5530282330796763,0.4932090090128399,0.034327600025185756,True,True,bull,0.028007972306723916,-0.0684410646387833,2014-04-03,010780,아이에스동서,0.8805970149253731,0.9751243781094527,0.9353233830845771,2014-04-04,24900.0,0.01632653061224487,-0.04014457831325302,0.010448527044430111,-0.05059310535768313,2014-04-10,24000.0,-0.0983775100401606,0.0021178766902769652,-0.10049538673043756,2014-04-17,22550.0,-0.08231325301204817,-0.014286864133934207,-0.06802638887811396,2014-05-02,22950.0,-0.03813654618473894,0.010423374114616912,-0.04855992029935585,2014-06-03,24050.0,0.22491566265060237,0.011635745331616265,0.2132799173189861,2014-07-03,30600.0,-0.10441767068273089,0.0,v6
6979,60100,9695117230.0,0.056012959055003364,0.24690285152283942,0.517568762475463,0.05104549739128128,True,True,bull,0.037817302711103506,-0.027508090614886682,2016-07-20,010780,아이에스동서,0.7836879432624113,0.875886524822695,0.8900709219858156,2016-07-21,60500.0,0.006655574043261225,-0.005652892561983421,0.002817724427541357,-0.008470616989524778,2016-07-27,60400.0,-0.0668099173553719,-0.012167221297836872,-0.05464269605753502,2016-08-03,56700.0,-0.07011570247933885,0.01788190317724414,-0.08799760565658299,2016-08-18,56500.0,-0.15937190082644626,0.0031445606528801573,-0.1625164614793264,2016-09-20,51100.0,-0.1296198347107438,0.010686554155772132,-0.14030638886651592,2016-10-19,52900.0,-0.07768595041322313,0.014876033057851235,v6
9341,30850,5255260321.25,0.051928441739230724,0.3182522269174852,-0.180417044217557,0.03358597594567825,True,True,bull,0.030996741582421272,-0.07078313253012047,2026-03-11,010780,아이에스동서,0.8072289156626506,0.9325301204819277,0.8,2026-03-12,30850.0,0.0,0.04624311183144236,0.06418866128438383,-0.017945549452941467,2026-03-18,32400.0,-0.07855429497568878,0.013391646385818134,-0.09194594136150691,2026-03-25,28550.0,-0.07531280388978934,0.05472506353668072,-0.13003786742647006,2026-04-08,28650.0,-0.2001102106969206,0.3467082162133037,-0.5468184269102243,2026-05-08,24800.0,-0.19686871961102104,0.45428142932835236,-0.6511501489393734,2026-06-09,24900.0,-0.18476499189627227,0.11669367909238249,v6
8672,4640,40581149211.5,0.09017444861560397,0.42355432021394446,0.4490262466279067,0.01104968605920753,True,True,bull,0.026775835361805722,-0.14232902033271722,2023-06-08,010820,퍼스텍,0.8404907975460123,0.911042944785276,0.8773006134969326,2023-06-09,4730.0,0.0193965517241379,-0.019856236786469302,-0.005948592877693781,-0.013907643908775521,2023-06-15,4655.0,-0.05791120507399583,-0.011603757407160464,-0.046307447666835366,2023-06-22,4475.0,-0.15621987315010566,-0.025859802221671835,-0.13036007092843382,2023-07-06,4010.0,-0.2429006342494715,-0.007148981574986224,-0.23575165267448528,2023-08-03,3600.0,-0.2386723044397463,-0.023032219956938493,-0.2156400844828078,2023-09-01,3620.0,-0.15539112050739956,0.09513742071881603,v6
3316,20750,4164722750.0,0.12197741208808499,0.24638645000974468,0.5173035891395124,0.019399170195872895,True,True,bear,0.030160109221794684,-0.12997903563941304,2001-10-08,010950,S-Oil,0.7066666666666667,0.7466666666666667,0.72,2001-10-09,21000.0,0.012048192771084265,-0.03495238095238096,0.025887190132130478,-0.060839571084511435,2001-10-15,20350.0,-0.04566666666666663,0.055247295517145245,-0.10091396218381188,2001-10-22,20125.0,-0.01352380952380949,0.12095325535906754,-0.13447706488287703,2001-11-05,20800.0,0.022190476190476097,0.29867071174803406,-0.27648023555755796,2001-12-03,21550.0,0.01504761904761898,0.4523571913296873,-0.43730957228206835,2002-01-03,21400.0,-0.06428571428571428,0.0035714285714285587,v6
5578,75100,23075192060.0,0.06004377458039256,0.17798364145580337,0.28744367005989946,0.003883168163685724,True,True,bull,0.024836244541484698,-0.03470437017994854,2010-11-18,010950,S-Oil,0.8018867924528302,0.7594339622641509,0.7358490566037735,2010-11-19,75400.0,0.003994673768308976,0.05037665782493361,-0.004677964001363111,0.055054621826296724,2010-11-25,79500.0,0.14188859416445632,0.00698080279232105,0.13490779137213527,2010-12-02,86400.0,0.15117241379310342,0.037434038642254475,0.11373837515084895,2010-12-16,87100.0,0.20024403183023876,0.08851472061298882,0.11172931121724994,2011-01-14,90800.0,0.4548859416445623,0.027040284188894592,0.4278456574556677,2011-02-16,110000.0,-0.025198938992042397,0.16976127320954904,v6
6860,80700,19423770410.0,0.05291563709846836,0.277466238678968,0.3851589096955582,0.009603234184731413,True,True,bear,0.024761904761904763,-0.021818181818181848,2016-01-25,010950,S-Oil,0.585603112840467,0.8560311284046692,0.8638132295719845,2016-01-26,80700.0,0.0,0.00467410161090465,0.02282304303697913,-0.01814894142607448,2016-02-01,81400.0,-0.05232713754646845,-0.010803084166281396,-0.041524053380187054,2016-02-11,76800.0,-0.00276084262701359,0.019501878450689958,-0.022262721077703548,2016-02-25,80800.0,0.12735068153655504,0.05416952286821086,0.07318115866834418,2016-03-25,91300.0,0.10380669144981414,0.07050433876941553,0.033302352680398606,2016-04-25,89400.0,-0.10161090458488231,0.04337050805452303,v6
7273,125000,38425021394.8,0.01220897727046899,0.29707915835287146,0.1596064490116258,0.05557630547270742,True,True,mixed,0.024590163934426146,-0.05303030303030298,2017-09-26,010950,S-Oil,0.7958333333333333,0.9458333333333333,0.825,2017-09-27,125000.0,0.0,0.02800000000000003,0.03419173794327879,-0.00619173794327876,2017-10-11,129000.0,0.040000000000000036,0.04460450420507467,-0.004604504205074633,2017-10-18,130500.0,0.02800000000000003,0.07555250768861832,-0.047552507688618295,2017-11-01,129000.0,-0.040000000000000036,0.057221831889570085,-0.09722183188957012,2017-11-29,120500.0,-0.06799999999999995,0.03811703528560417,-0.10611703528560412,2017-12-28,117000.0,-0.020000000000000018,0.07200000000000006,v6
7526,133500,38411178639.6,0.11429869679029214,0.2125954787796801,0.2576869417995521,0.03594894515513536,True,True,bear,0.013090495162208393,-0.03956834532374098,2018-10-17,010950,S-Oil,0.9104477611940298,0.8805970149253731,0.8097014925373134,2018-10-18,133000.0,-0.0037453183520599342,-0.04911278195488722,-0.028358347229942682,-0.020754434724944537,2018-10-24,127000.0,-0.07166917293233088,-0.05980637391143229,-0.011862799020898596,2018-10-31,124000.0,-0.19948872180451127,-0.042037242912729256,-0.15745147889178202,2018-11-14,107000.0,-0.18445112781954887,-0.03531128404669259,-0.14913984377285627,2018-12-12,109000.0,-0.2656541353383459,-0.043672410598480704,-0.22198172473986522,2019-01-14,98200.0,-0.20300751879699253,0.015037593984962516,v6
8192,106000,45568141845.0,0.10190046573289613,0.25057711772858005,0.3864291251518426,0.03520912770160933,True,True,bull,0.030927835051546282,-0.03196347031963476,2021-06-28,010950,S-Oil,0.8411405295315683,0.8004073319755601,0.7393075356415478,2021-06-29,103500.0,-0.02358490566037741,0.015323671497584627,-0.003645704120099569,0.018969375617684196,2021-07-05,105500.0,0.01049275362318847,-0.017786800433248984,0.028279554056437454,2021-07-12,105000.0,-0.06970048309178745,-0.02429763467926893,-0.045402848412518515,2021-07-26,96700.0,-0.12960386473429952,-0.05051342405741155,-0.07909044067688797,2021-08-24,90500.0,0.01049275362318847,-0.05446470171786799,0.06495745534105646,2021-09-24,105000.0,-0.09565217391304348,0.07246376811594213,v6
8418,110000,45526744562.5,0.06366817139944858,0.2518951483357146,0.41394612514394724,0.03822363073353552,True,True,bear,0.021592755978639522,-0.04347826086956519,2022-05-27,010950,S-Oil,0.8176943699731903,0.868632707774799,0.8284182305630027,2022-05-30,110500.0,0.00454545454545463,0.08197285067873294,-0.01351082330757869,0.09548367398631163,2022-06-07,120000.0,0.06839819004524883,-0.06360641698374725,0.13200460702899608,2022-06-14,118500.0,-0.026624434389140302,-0.09022991312056061,0.0636054787314203,2022-06-28,108000.0,-0.17232579185520358,-0.0936592658255424,-0.07866652602966118,2022-07-26,91900.0,-0.06734841628959276,-0.08070435073301008,0.013355934443417317,2022-08-24,103500.0,-0.10859728506787325,0.1131221719457014,v6
9444,139600,62850218675.0,0.21411725707313067,0.407637270214795,0.19943775233499839,0.13939712012891037,True,True,bear,0.030638612033960788,-0.10798722044728437,2026-08-10,010950,S-Oil,0.6195652173913043,0.927536231884058,0.8586956521739131,2026-08-11,143200.0,0.025787965616045794,0.06862569832402232,0.10092370906689996,-0.032298010742877636,2026-08-18,153600.0,-0.02704469273743015,0.08055691772194495,-0.10760161045937511,2026-08-25,139900.0,0.10912849162011162,0.11449569395166082,-0.005367202331549192,2026-09-08,159400.0,,,,,,,,,,,-0.09427374301675973,0.15013966480446927,v6
4668,6300,17831343869.75,0.18570184103259368,0.32609093741611783,0.31402390936577107,0.023292942199147904,True,True,bull,0.0359286360272959,-0.12256267409470756,2021-06-01,010960,삼호개발,0.9006085192697769,0.8032454361054767,0.7200811359026369,2021-06-02,6330.0,0.004761904761904745,0.00389889415481837,0.00726646818012644,-0.00336757402530807,2021-06-08,6380.0,0.0007393364928909331,0.010615928544845499,-0.009876592051954566,2021-06-15,6360.0,-0.010319115323854652,0.01931522143654618,-0.029634336760400833,2021-06-29,6290.0,-0.015058451816745696,0.002521399330107865,-0.01757985114685356,2021-07-27,6260.0,-0.14618009478672989,-0.024063391638754594,-0.12211670314797529,2021-08-25,5430.0,-0.034755134281200584,0.05845181674565558,v6
226,119156,11677945075.0,0.10303043161798298,0.6966444920427948,2.0805877761082656,0.09502713654316963,True,True,mixed,0.0010148258666344834,-0.1338014858754598,2009-06-19,011070,LG이노텍,0.8534031413612565,0.8952879581151832,0.9633507853403142,2009-06-22,118186.0,-0.008140588807949212,0.00831110283789949,0.009176104497593762,-0.0008650016596942721,2009-06-26,119641.0,0.0820761849965308,0.027636863624850738,0.05443932137168006,2009-07-03,128359.0,0.012406342544802221,0.042153634620255565,-0.029747292075453343,2009-07-17,120125.0,-0.04087407984025182,0.15165177117632167,-0.1925258510165735,2009-08-14,113828.0,0.1804380891137698,0.1952816875927199,-0.014843598478950115,2009-09-11,139984.0,-0.10655238353104424,0.19262856852757526,v6
486,167500,49223764494.5,0.04544406169888249,0.2938111469182897,0.6529251416562654,0.10432748725485452,True,True,bull,0.023995109277090032,-0.10904255319148937,2010-07-01,011070,LG이노텍,0.5375722543352601,0.7687861271676301,0.9017341040462428,2010-07-02,167500.0,0.0,-0.0398208955223881,0.005737292400604055,-0.045558187922992155,2010-07-08,161500.0,0.14823880597014916,0.03691050652772421,0.11132829944242495,2010-07-15,193000.0,-0.06370149253731339,0.04850942893513732,-0.11221092147245071,2010-07-29,157500.0,-0.16519402985074627,0.02416294147251241,-0.18935697132325868,2010-08-26,140500.0,-0.19504477611940296,0.09888984280174062,-0.2939346189211436,2010-09-28,135500.0,-0.08955223880597019,0.17014925373134338,v6
2248,165000,30949376664.4,0.08177854077790869,0.2590827017912978,0.37130435565543873,0.05645769160456027,True,True,mixed,0.031733625136782795,-0.07042253521126762,2017-08-14,011070,LG이노텍,0.7866108786610879,0.9372384937238494,0.9205020920502092,2017-08-16,167000.0,0.0121212121212122,0.02893413173652704,0.004070907655344014,0.024863224081183025,2017-08-22,172500.0,0.0678562874251496,0.0038204555681018437,0.06403583185704775,2017-08-29,179000.0,0.022946107784431072,0.0041303369641811916,0.01881577082024988,2017-09-12,171500.0,-0.030946107784431184,0.05398303717727759,-0.08492914496170878,2017-10-18,162500.0,-0.018970059880239473,0.06898469270802399,-0.08795475258826346,2017-11-15,164500.0,-0.0239520958083832,0.12574850299401197,v6
3333,352500,179007663875.0,0.07248071418314284,0.8339495053966727,0.5805254979027015,0.05479272107479427,True,True,bear,0.021147161066048747,-0.06000000000000005,2022-01-13,011070,LG이노텍,0.6788732394366197,0.9887323943661972,0.952112676056338,2022-01-14,363500.0,0.031205673758865293,0.029012379642365808,-0.02550712994577231,0.054519509588138115,2022-01-20,375500.0,-0.09340852819807433,-0.10999417894138441,0.016585650743310087,2022-01-27,331000.0,-0.14155158184319117,-0.08887156566052001,-0.05268001618267115,2022-02-15,313500.0,0.013881705639614775,-0.08275434792229053,0.0966360535619053,2022-03-17,370000.0,0.09366162310866577,-0.07519718410544629,0.16885880721411206,2022-04-14,399000.0,-0.14442916093535074,0.0962861072902339,v6
3393,399000,137057388550.0,0.07013940357405413,0.21475505039821308,1.1550771381651597,0.05162758311146254,True,True,mixed,0.029278988778537407,-0.03739445114595896,2022-04-14,011070,LG이노텍,0.6564102564102564,0.7666666666666667,0.9897435897435898,2022-04-15,395500.0,-0.00877192982456143,-0.02296333754740831,0.012127530124057762,-0.035090867671466075,2022-04-21,388000.0,-0.11904424778761058,-0.010398735679943094,-0.10864551210766749,2022-04-28,350000.0,-0.1557067003792667,-0.03386359589244381,-0.1218431044868229,2022-05-13,335500.0,-0.05456890012642224,-0.07514320056983448,0.02057430044341224,2022-06-14,375500.0,-0.17340581542351452,-0.14014364575295302,-0.0332621696705615,2022-07-12,328500.0,-0.17572692793931732,0.015170670037926604,v6
4278,242500,49022165850.0,0.07925563485760978,0.21282378963960236,0.2053120385310756,0.00033271423647796006,True,True,mixed,0.0038290386008486,-0.06551059730250486,2025-11-26,011070,LG이노텍,0.7111111111111111,0.9079365079365079,0.8634920634920635,2025-11-27,246000.0,0.014432989690721598,0.09762601626016254,0.011743473411121919,0.08588254284904062,2025-12-03,271000.0,0.17079674796747968,0.03648372582686843,0.13431302214061125,2025-12-10,289000.0,0.1037235772357723,0.029871285515547186,0.07385229172022512,2025-12-24,272500.0,0.11795121951219523,0.24066976650916794,-0.12271854699697271,2026-01-26,276000.0,0.3984390243902438,0.5809873541465618,-0.18254832975631796,2026-02-26,345000.0,-0.060975609756097615,0.217479674796748,v6
910,9825,2208989875.0,0.4404989855839252,2.1693129757575993,0.7536754832675675,0.11466380130910814,True,True,mixed,0.03347621426880898,-0.1415465268676278,1998-08-14,011090,에넥스,0.9545454545454546,0.9545454545454546,0.9090909090909091,1998-08-17,9825.0,0.0,-0.03453435114503822,0.04014454664914591,-0.07467889779418413,1998-08-21,9525.0,0.15681424936386779,0.031274638633377316,0.12553961073049047,1998-08-27,11405.0,0.03925699745547084,0.07210906701708297,-0.03285206956161213,1998-09-08,10250.0,-0.00858015267175571,0.004073587385019728,-0.012653740056775439,1998-10-01,9780.0,-0.02791857506361328,0.1954993429697769,-0.22341791803339017,1998-10-28,9590.0,-0.11755725190839694,0.23002544529262092,v6
4838,10350,5482495384.75,0.04708619432495631,0.40318031444949565,1.4061974202385623,0.0037519952573217275,True,True,bull,-0.023008849557522137,-0.1228813559322034,2014-06-10,011090,에넥스,0.7213930348258707,0.9253731343283582,0.9850746268656716,2014-06-11,10500.0,0.01449275362318847,-0.08019047619047615,-0.003961164662032002,-0.07622931152844414,2014-06-17,9700.0,-0.1373333333333333,-0.007544127672915346,-0.12978920566041796,2014-06-24,9100.0,-0.06590476190476191,-0.0014182561918079095,-0.064486505712954,2014-07-08,9850.0,-0.2182857142857143,0.028240715398281324,-0.24652642968399563,2014-08-05,8250.0,-0.2706666666666667,0.020746351100517035,-0.29141301776718376,2014-09-03,7700.0,-0.21666666666666667,0.0023809523809523725,v6
2770,7953,2506620575.0,0.19480580475335485,0.479255315110231,0.4336813282946199,0.011245933105045625,True,True,bear,-0.005893639494259473,-0.13648208469055378,2001-03-20,011170,롯데케미칼,0.8351648351648352,0.8571428571428571,0.8461538461538461,2001-03-21,7877.0,-0.00955614233622537,-0.045132410816300594,0.023410343569357117,-0.06854275438565771,2001-03-27,7553.0,-0.10911616097499044,-0.03351193562635646,-0.07560422534863398,2001-04-03,7049.0,-0.16002386695442428,0.03704557239154216,-0.19706943934596644,2001-04-18,6648.0,0.13272718039862896,0.14534001651591089,-0.012612836117281923,2001-05-17,8954.0,0.1859200203123017,0.1886846805323501,-0.0027646602200483983,2001-06-15,9373.0,-0.22610130760441793,0.03376920147264184,v6
2963,14859,4974918700.0,0.25867147170290816,0.3993076933031179,0.42521410066407994,0.034094138506120863,True,True,bull,0.02446188000717031,-0.09561777236762026,2001-12-27,011170,롯데케미칼,0.9369369369369369,0.8918918918918919,0.9009009009009009,2001-12-28,15144.0,0.01918029477084593,0.06837189646064457,0.10476022463320689,-0.03638832817256232,2002-01-07,16240.0,-0.04170470153195982,0.09380788568404341,-0.13551258721600323,2002-01-14,14573.0,0.10614263074484942,0.1470406633148098,-0.040898032569960385,2002-01-28,16812.0,0.3734432118330693,0.20547763958719245,0.16796557224587683,2002-02-28,20860.0,0.45208821975699953,0.31660345182440985,0.13548476793258968,2002-03-29,22051.0,-0.09119123085050185,0.1698362387744321,v6
5076,146686,51703943925.0,0.16076604078111512,0.2691103422057204,0.32569278011737235,0.02601550430555699,True,True,bull,0.038611059679104276,-0.06382788616796542,2010-07-08,011170,롯데케미칼,0.8735632183908046,0.7816091954022989,0.764367816091954,2010-07-09,150972.0,0.029218875693658664,-0.06709116922343217,0.024913385458120718,-0.09200455468155289,2010-07-15,141447.0,0.08432763691280498,0.015690107214757276,0.0686375296980477,2010-07-22,164307.0,0.1568841374559522,0.04397443700547776,0.11290970045047444,2010-08-05,175261.0,0.19158593646503985,0.039216489536026966,0.15236944692901289,2010-09-02,180500.0,0.24521177436875718,0.0996184278290182,0.145593346539739,2010-10-05,188596.0,-0.08202183186286194,0.22082240415441268,v6
5199,267654,55912177417.75,0.010798849445780911,0.26301735965606654,0.6802560494363685,1.5546347973627306e-05,True,True,bull,0.02751522966724007,-0.06333136191999333,2011-01-03,011170,롯데케미칼,0.5792349726775956,0.9453551912568307,0.9672131147540983,2011-01-04,268606.0,0.003556830833837621,0.09174990878833689,0.0030126870276105944,0.08873722176072629,2011-01-10,294325.0,0.10770636545721235,0.012190536788523776,0.09551582866868857,2011-01-17,298611.0,0.27614638541209047,-0.002328204534937539,0.278474589947028,2011-01-31,343855.0,0.22827329248043604,-0.033684251118309416,0.26195754359874546,2011-03-04,330996.0,0.37011673603716977,0.02239028998920256,0.3477264460479672,2011-04-01,369096.0,-0.0124085091174434,0.30851135119840967,v6
5264,378145,94850703520.0,0.05756604069279869,0.26212297406563123,0.545932452802605,0.02116574692278017,True,True,bull,0.022668297620828115,-0.04106132571886478,2011-04-08,011170,롯데케미칼,0.695,0.855,0.93,2011-04-11,376240.0,-0.005037750069417868,-0.03690984477992776,0.00625235050770967,-0.04316219528763743,2011-04-15,363858.0,0.08081022751435252,0.03319857089131273,0.04761165662303979,2011-04-22,408149.0,-0.055897724856474595,0.005627115456938725,-0.06152484031341332,2011-05-09,356714.0,-0.053367425047841754,-0.02061395261376453,-0.032753472434077224,2011-06-08,357666.0,0.0504306825430576,0.020679766829635238,0.029750915713422366,2011-07-06,396719.0,-0.10506325749521583,0.16708749734212214,v6
5941,220982,34094409075.0,0.07575983106401385,0.18686501158218194,0.5517681182527394,0.019027456915088337,True,True,mixed,0.015986306515393567,-0.033328813084807174,2013-12-30,011170,롯데케미칼,0.8614457831325302,0.9096385542168675,0.9879518072289156,2014-01-02,222410.0,0.006462064783556931,-0.07894716964165283,-0.0268986791581185,-0.052048490483534327,2014-01-08,205741.0,-0.10035807742457625,-0.02972018419261735,-0.0706378932319589,2014-01-15,200979.0,-0.09821788588642599,-0.03574568702157355,-0.062472198864852446,2014-01-29,201455.0,-0.13461912683782207,-0.016452156116655292,-0.11816697072116678,2014-02-28,193359.0,-0.19886084258801318,-0.015950444834112343,-0.18291039775390083,2014-03-28,179071.0,-0.14775414774515538,0.00214019153815026,v6
6698,372430,36354791897.3,0.09083108460679545,0.30026601552462684,0.20776595082800098,0.028033957210050087,True,True,bull,0.025305016748649045,-0.020049993421918155,2017-01-25,011170,롯데케미칼,0.8441558441558441,0.9437229437229437,0.8658008658008658,2017-01-26,374335.0,0.005115055178154249,-0.002728411716777842,-0.0007759896277660383,-0.0019524220890118037,2017-02-03,374811.0,0.0316231717579174,0.00014941415193003849,0.03147375760598736,2017-02-10,387670.0,-0.08160695633590231,0.009326334967249439,-0.09093329130315175,2017-02-24,345284.0,-0.11341536324415302,0.038987454031049085,-0.1524028172752021,2017-03-27,333377.0,-0.10323731417046234,0.04770167295652028,-0.15093898712698262,2017-04-24,337187.0,-0.08142706399348176,0.043255372861207286,v6
7714,301945,116461958575.0,0.09779977419054597,0.09452289365239608,0.22137297181038984,0.05847294400876568,True,True,mixed,0.01472595224340667,-0.06212823849888338,2021-03-22,011170,롯데케미칼,0.7173396674584323,0.6247030878859857,0.7078384798099763,2021-03-23,307183.0,0.017347530179337323,-0.06446233027218307,-0.000727392413395922,-0.06373493785878714,2021-03-29,288610.0,-0.09392034064385069,0.027180120134945973,-0.12110046077879666,2021-04-05,279561.0,-0.10322424092479077,0.05285608491730431,-0.15608032584209508,2021-04-19,276703.0,-0.12182878609818903,0.04436764584876163,-0.16619643194695066,2021-05-18,270988.0,-0.15438592630451553,0.07913437011437496,-0.2335202964188905,2021-06-16,260987.0,-0.12403030115598845,0.003099129834658765,v6
317,170500,41705724723.25,0.07806377792972463,0.3332700294402423,0.15496361874442788,0.027389579268739528,True,True,bear,0.013071895424836555,-0.0448179271708683,2012-05-30,011210,현대위아,0.7653631284916201,0.9273743016759777,0.7318435754189944,2012-05-31,169000.0,-0.008797653958944274,-0.027668639053254448,0.015362721773196641,-0.04303136082645109,2012-06-07,165000.0,-0.03358579881656809,0.02829136423826495,-0.06187716305483304,2012-06-14,164000.0,-0.01287573964497046,-0.00044505739042521864,-0.012430682254545241,2012-06-28,167500.0,-0.04246153846153844,-0.020615497887351064,-0.021846040574187375,2012-07-26,162500.0,-0.00991715976331364,0.05484645520030318,-0.06476361496361682,2012-08-24,168000.0,-0.0650887573964497,0.03254437869822491,v6
701,193000,21576112615.25,0.01954187615935865,0.1319538057142443,0.09737027198780912,0.02531608792460216,True,True,mixed,0.0027276269645408746,-0.03740648379052369,2013-12-16,011210,현대위아,0.6242774566473989,0.815028901734104,0.7109826589595376,2013-12-17,195000.0,0.010362694300518172,-0.060410256410256435,0.009580674843524095,-0.06999093125378053,2013-12-23,184000.0,-0.10143589743589743,-0.005434947470600693,-0.09600094996529673,2014-01-02,176000.0,-0.11938461538461542,-0.010424987613375625,-0.1089596277712398,2014-01-16,172500.0,-0.16553846153846152,-0.01596610615084393,-0.1495723553876176,2014-02-17,163500.0,-0.14758974358974364,-0.025486111813300738,-0.1221036317764429,2014-03-17,167000.0,-0.1384615384615384,0.002564102564102555,v6
886,229000,23966860061.7,0.05641746420774141,0.23937862358217865,0.34069139017056416,0.030165001880834597,True,True,mixed,0.025411395947609883,-0.021367521367521403,2014-09-19,011210,현대위아,0.5879828326180258,0.7725321888412017,0.8240343347639485,2014-09-22,227000.0,-0.008733624454148492,-0.06567400881057273,-0.010548872546632282,-0.055125136263940444,2014-09-26,213000.0,-0.0810925110132159,-0.04135294404129941,-0.039739566971916496,2014-10-06,209500.0,-0.11413215859030834,-0.06721862367895592,-0.04691353491135242,2014-10-21,202000.0,-0.1956299559471366,-0.04202503287391035,-0.15360492307322626,2014-11-18,183500.0,-0.2462907488986784,-0.07264890663809476,-0.17364184226058366,2014-12-16,172000.0,-0.16299559471365643,0.008810572687224738,v6
2160,54200,5846165450.0,0.03365818339051829,0.16136405389263242,0.32216720616394445,0.03312130816200365,True,True,bull,0.03316812809759817,-0.023423423423423406,2019-11-27,011210,현대위아,0.691699604743083,0.849802371541502,0.9486166007905138,2019-11-28,53900.0,-0.005535055350553542,-0.04110575139146566,-0.022693239738678206,-0.018412511652787455,2019-12-04,51900.0,-0.057803339517625285,-0.005342642411416465,-0.05246069710620882,2019-12-11,51000.0,-0.09119851576994431,0.038262956262134384,-0.1294614720320787,2019-12-26,49200.0,-0.09583673469387755,0.03228732173477655,-0.1281240564286541,2020-01-29,48950.0,-0.24889795918367352,-0.018970868191201307,-0.22992709099247222,2020-02-26,40700.0,-0.0992578849721707,0.0037105751391466324,v6
6200,3345,3135773693.75,0.033127578138395064,0.7367304606290602,0.5769013127578495,0.04288768211522376,True,True,mixed,0.028044563964656266,-0.0304347826086957,2013-05-21,011280,태림포장,0.6121495327102804,0.9813084112149533,0.9299065420560748,2013-05-22,3400.0,0.01644245142002987,0.06217647058823528,-0.002781459613608095,0.06495793020184337,2013-05-28,3625.0,-0.09223529411764708,-0.001129654175201833,-0.09110563994244525,2013-06-04,3100.0,-0.12164705882352944,-0.0519389886331687,-0.06970807019036074,2013-06-19,3000.0,-0.15694117647058825,-0.05235068482146443,-0.10459049164912382,2013-07-17,2880.0,-0.2775294117647059,-0.03406534923886406,-0.24346406252584185,2013-08-14,2470.0,-0.20588235294117652,0.08823529411764697,v6
8862,3355,4797321903.75,0.17995117462873522,0.3024013104512955,0.30949292655923255,0.002269159853773406,True,True,bull,0.02882551364612085,-0.11826544021024965,2024-03-18,011280,태림포장,0.9096774193548387,0.8838709677419355,0.8580645161290322,2024-03-19,3455.0,0.02980625931445613,-0.05465123010130246,0.02393803042374043,-0.07858926052504289,2024-03-25,3280.0,-0.11832706222865408,0.027786816877807485,-0.14611387910646156,2024-04-01,3060.0,-0.21239363241678721,-0.023915588520218356,-0.18847804389656886,2024-04-16,2735.0,-0.1820028943560058,0.019094319580186703,-0.2010972139361925,2024-05-17,2840.0,-0.23989001447178004,0.026380457590412743,-0.2662704720621928,2024-06-17,2640.0,-0.2098408104196816,0.11577424023154848,v6
8848,77900,5687418895.0,0.30452106915723365,0.6510927102575245,0.636330786457275,0.008488839666128678,True,True,bear,0.03343061820111437,-0.14017660044150115,2025-01-03,011390,부산산업,0.9157509157509157,0.9597069597069597,0.9304029304029304,2025-01-06,77300.0,-0.007702182284980763,-0.009174644243208237,0.025467737333387586,-0.034642381576595827,2025-01-10,76900.0,0.04515912031047864,0.02863489993070556,0.01652422037977308,2025-01-17,81100.0,-0.04669081500646832,0.03401540781804102,-0.08070622282450934,2025-02-06,74000.0,-0.06480206985769732,0.044910936289895176,-0.1097130061475925,2025-03-07,72600.0,-0.004,0.004940284514735271,-0.008940284514735271,2025-04-04,77300.0,-0.10866752910737387,0.15394566623544637,v6
5263,17700,6781718886.25,0.05010666756650761,0.3623425073405886,0.5317956693944523,0.061176633223684274,True,True,mixed,0.03043269440684626,-0.12176242929443282,2016-09-21,011690,와이투솔루션,0.7083333333333334,0.928030303030303,0.8939393939393939,2016-09-22,18194.0,0.02790960451977398,0.010895020336374687,0.0013412605898619478,0.009553759746512739,2016-09-28,18465.0,-0.0011968780916786735,0.007311089542556992,-0.008507967634235666,2016-10-06,18245.0,-0.0850157194679565,-0.004735869210021892,-0.0802798502579346,2016-10-20,16720.0,-0.13090997031988572,-0.0340241231813726,-0.09688584713851311,2016-11-17,15885.0,-0.12981070682642626,-0.006662407148187222,-0.12314829967823904,2016-12-15,15905.0,-0.08129053534132136,0.058041112454655375,v6
2226,3475,3461743100.0,0.21730227659318224,0.36803188520479435,0.49369811149798815,0.07149160102208052,True,True,mixed,0.008079137838504336,-0.1474484789008832,1997-08-01,011700,한신기계,0.8275862068965517,0.7586206896551724,0.7241379310344828,1997-08-02,3454.0,-0.006043165467625844,0.06982744643891148,0.018989418423427162,0.050838028015484316,1997-08-07,3709.0,0.033927041111754486,0.042750116205944266,-0.00882307509418978,1997-08-13,3585.0,-0.0639305153445281,0.003513520903398515,-0.06744403624792661,1997-08-26,3247.0,-0.1800277938621888,-0.08614278292729605,-0.09388501093489277,1997-09-22,2846.0,-0.43422582513028374,-0.20809066797911036,-0.22613515715117338,1997-10-16,1968.0,-0.09988419224088019,0.0900405327156919,v6
6320,29158,4496900800.0,0.14450947703615602,0.41863659371608475,0.30176229112089503,0.08223200292714017,True,True,mixed,0.03700357961486689,-0.05146389069616131,2013-11-14,011760,현대코퍼레이션,0.8894736842105263,0.9894736842105263,0.9105263157894737,2013-11-15,29245.0,0.0029837437409974132,-0.01901111301077107,0.006456367775708127,-0.0254674807864792,2013-11-21,28806.0,0.047154043426226755,0.032700821306518524,0.014453222119708231,2013-11-28,30741.0,0.047154043426226755,-0.006592663264327392,0.05374670669055415,2013-12-12,30741.0,-0.026533766455804405,-0.017627549861433,-0.008906216594371404,2014-01-14,28586.0,-0.023524705077791027,-0.027274241667045285,0.0037495365892542577,2014-02-13,28674.0,-0.06766968712600441,0.10829201572918445,v6
6351,31137,2417719485.0,0.022081701291718603,0.22750503669560218,0.5264847919870619,0.008894769724697937,True,True,mixed,0.005905499092207167,-0.03933728248796742,2013-12-30,011760,현대코퍼레이션,0.5843373493975904,0.9457831325301205,0.9819277108433735,2014-01-02,31444.0,0.009859652503452443,-0.008166136623839245,-0.0268986791581185,0.018732542534279254,2014-01-08,31313.0,-0.08929449179493698,-0.02972018419261735,-0.05957430760231963,2014-01-15,28762.0,-0.07949930034346775,-0.03574568702157355,-0.0437536133218942,2014-01-29,29070.0,-0.06693728533265486,-0.016452156116655292,-0.05048512921599957,2014-02-28,29465.0,-0.1032876224398932,-0.015950444834112343,-0.08733717760578086,2014-03-28,28322.0,-0.13706907518127465,0.019590382902938464,v6
8422,19450,3572726527.5,0.06833785755751443,0.16397164434166434,0.2896903559193179,0.057007605306240494,True,True,bear,0.034024455077086735,-0.08037825059101655,2022-06-03,011760,현대코퍼레이션,0.8154269972451791,0.7272727272727273,0.7575757575757576,2022-06-07,19550.0,0.005141388174807249,-0.08072634271099743,-0.058196422326427855,-0.02252992038456958,2022-06-13,18050.0,-0.2137186700767263,-0.10086978757328136,-0.11284888250344494,2022-06-20,15450.0,-0.24185166240409206,-0.13497313172411973,-0.10687853067997233,2022-07-04,14900.0,-0.1907007672634271,-0.07784843208850545,-0.11285233517492166,2022-08-01,15900.0,-0.04492071611253201,-0.07834480891372453,0.03342409280119252,2022-08-30,18750.0,-0.2966751918158568,0.005115089514066584,v6
5503,54500,13976311335.7,0.024017550411630673,0.4311619619118181,2.237307568876523,0.024552224512457865,True,True,bull,0.025351582710126497,-0.0747028862478778,2010-08-02,011780,금호석유화학,0.644808743169399,0.9508196721311475,0.9890710382513661,2010-08-03,55200.0,0.012844036697247763,-0.007623188405797118,-0.003246102449888655,-0.004377085955908463,2010-08-09,55000.0,-0.005811594202898559,-0.029337416481069023,0.023525822278170464,2010-08-16,55100.0,0.0956376811594204,-0.019972160356347413,0.11560984151576781,2010-08-30,60700.0,0.3094057971014492,0.04276726057906455,0.2666385365223847,2010-09-30,72500.0,0.37643478260869556,0.06228841870824042,0.31414636390045514,2010-10-28,76200.0,-0.05434782608695654,0.17934782608695654,v6
5718,240000,98420597050.0,0.08204025369716428,0.711085912255732,1.6569433745244952,0.028152667808509113,True,True,mixed,0.02728731942215079,-0.06614785992217898,2011-06-14,011780,금호석유화학,0.7584269662921348,0.9831460674157303,0.9887640449438202,2011-06-15,244000.0,0.016666666666666607,-0.061377049180327825,-0.019056878484262185,-0.04232017069606564,2011-06-21,230000.0,-0.0941639344262295,-0.011997356271193027,-0.08216657815503647,2011-06-28,222000.0,-0.047032786885245925,0.010426444951052716,-0.05745923183629864,2011-07-12,233500.0,-0.26424590163934425,-0.13726795532481473,-0.12697794631452952,2011-08-09,180500.0,-0.3216229508196722,-0.12188930822429545,-0.19973364259537674,2011-09-07,166500.0,-0.14344262295081966,0.055327868852458995,v6
5107,40041,6004620850.0,0.03754840403471915,0.04911961389684705,0.22326245385579524,0.03158520065713155,True,True,mixed,0.010437222729727358,-0.052284023668639046,2017-12-11,011790,SKC,0.5555555555555556,0.6344086021505376,0.8673835125448028,2017-12-12,39900.0,-0.003521390574660943,0.043117794486215555,0.004309594817155871,0.038808199669059684,2017-12-18,41780.0,0.05018546365914789,-0.01776038652816614,0.06794585018731403,2017-12-26,42062.0,0.04547368421052633,0.006749675262925692,0.03872400894760064,2018-01-11,41874.0,-0.11826065162907273,-0.02574021843373553,-0.0925204331953372,2018-02-08,35341.0,-0.05465162907268173,0.009412316943384402,-0.06406394601606613,2018-03-13,37879.0,-0.021203007518797,0.1919799498746868,v6
5513,41216,12052855500.0,0.15561418231641477,0.4050749033054959,0.18847630493518341,0.103200936857484,True,True,bear,0.03182779170677419,-0.061032008201389654,2019-08-08,011790,SKC,0.9140625,0.953125,0.8046875,2019-08-09,41263.0,0.0011403338509317074,-0.031336839299130004,-0.006644124408523355,-0.02469271489060665,2019-08-16,40135.0,0.015363594503550407,0.004247291320887081,0.011116303182663326,2019-08-23,42062.0,0.01878069941594163,0.03560199169097866,-0.016821292275037033,2019-09-06,42203.0,-0.08714955286818704,0.04540581219137563,-0.13255536505956267,2019-10-10,37832.0,0.0005561398831883703,0.10526994010494528,-0.10471380022175691,2019-11-07,41451.0,-0.09681797251775193,0.09337663281874797,v6
5643,54046,26431140945.0,0.12338570828187179,0.22776882428978729,0.1580329038818793,0.04430697966667996,True,True,mixed,0.03185528137081772,-0.04959026483311646,2020-02-20,011790,SKC,0.8836363636363637,0.8654545454545455,0.8181818181818182,2020-02-21,52918.0,-0.020871109795359555,-0.050184663063607804,-0.05114399833768157,0.0009593352740737693,2020-02-27,50474.0,-0.03775033070032885,-0.03712049500150061,-0.0006298356988282405,2020-03-05,51132.0,-0.5057763331947541,-0.3269272504790709,-0.17884908271568323,2020-03-19,26365.0,-0.11235632488000302,-0.11595594856047842,0.0035996236804753945,2020-04-17,47184.0,-0.04307933028459121,-0.08127352065199822,0.03819419036740701,2020-05-20,50850.0,-0.5079934993763937,0.015986998752787418,v6
3046,98854,2479051877.5,0.13715584813019432,0.26143911035597056,0.7038059775015244,0.09240987983754745,True,True,mixed,0.034552768951904955,-0.11622293346684065,2001-07-03,011810,STX,0.73,0.64,0.79,2001-07-04,97555.0,-0.013140591174863991,0.0009100507406079074,-0.0548383276086698,0.055748378349277705,2001-07-10,98034.0,-0.04942053200758545,-0.08541310637721866,0.03599257436963321,2001-07-18,93124.0,-0.03661749782174162,-0.04774876905636116,0.011131271234619544,2001-08-01,94373.0,-0.09108933422172105,-0.0450922996226798,-0.04599703459904125,2001-08-30,89059.0,-0.21878140536107837,-0.20072418402395897,-0.0180572213371194,2001-09-27,76602.0,-0.1273435497924248,0.08332735380042022,v6
1827,45950,13221889613.0,0.016536942694509893,0.14545269578880604,0.5882568947968372,0.07753481511738958,True,True,bull,0.02015896274588158,-0.08593594589218223,2003-07-28,011930,신성이엔지,0.6703296703296703,0.6923076923076923,0.9230769230769231,2003-07-29,45910.0,-0.0008705114254624613,0.16611544325854943,0.0001670332117702511,0.16594841004677918,2003-08-04,53720.0,0.14956131561751262,-0.019264497090838106,0.16882581270835073,2003-08-11,52960.0,0.22688651709867136,0.048133403858467316,0.17875311324020404,2003-08-26,56510.0,0.06809758222609452,-0.029258650928426277,0.0973562331545208,2003-09-26,49220.0,0.09314659115661073,0.06011803680298433,0.033028554353626394,2003-10-27,50370.0,-0.001089087344805062,0.3561315617512524,v6
3700,74260,11197091473.5,0.09617082266701837,0.0187642962569341,0.3583771226099557,0.052707288984201295,True,True,mixed,-0.00792882096361558,-0.0663816947447825,2011-02-09,011930,신성이엔지,0.7647058823529411,0.6176470588235294,0.8186274509803921,2011-02-10,74670.0,0.005521141933746199,-0.15439507164858712,-0.02545723566560676,-0.12893783598298036,2011-02-16,63440.0,-0.09587089862059728,-0.038920762149264765,-0.05695013647133251,2011-02-23,67810.0,-0.13778867014865404,-0.029146477092897305,-0.10864219305575673,2011-03-10,64680.0,-0.043775010044194484,0.039719362883193554,-0.08349437292738804,2011-04-07,71700.0,-0.10350448640685683,0.0521197215186151,-0.15562420792547194,2011-05-06,67240.0,-0.15601982054372576,0.022097227802330144,v6
6865,22466,9128116066.75,0.16336125957284198,0.43245909415332895,0.41574491609622755,0.05669044938096546,True,True,bear,0.03090276264136138,-0.15216242735300778,2016-02-01,012170,아센디오,0.8352490421455939,0.9272030651340997,0.8888888888888888,2016-02-02,22357.0,-0.004851776017092524,0.09820512591134767,-0.027896144044784243,0.1261012699561319,2016-02-11,24642.0,-0.040722279375587034,-0.0031958892091741298,-0.037526390166412904,2016-02-18,21536.0,-0.040722279375587034,0.021238041525671658,-0.06196032090125869,2016-03-04,21536.0,-0.3177272442635416,0.030606383423152472,-0.34833362768669407,2016-04-01,15343.0,-0.34375935948472514,0.03299807828884149,-0.37675743777356663,2016-05-02,14761.0,-0.09062038735071787,0.2501230039808562,v6
6228,1546,2634211397.0,0.12503848345513757,0.17491652956813408,0.2082687188878577,0.020249715985559025,True,True,bear,0.00012938284383490206,-0.10220673635307786,2013-07-01,012200,계양전기,0.9207920792079208,0.8267326732673267,0.7227722772277227,2013-07-02,1564.0,0.011642949547218562,-0.04811764705882349,-0.023860180737779846,-0.02425746632104364,2013-07-08,1495.0,0.04842966751918154,0.007468059271676264,0.04096160824750528,2013-07-15,1646.0,0.039478260869565185,0.020754757529845458,0.018723503339719727,2013-07-29,1632.0,0.1807826086956521,0.013206107690489244,0.16757650100516286,2013-08-27,1853.0,0.18973401534526846,0.08088069372360662,0.10885332162166184,2013-09-27,1867.0,-0.06457800511508949,0.09015345268542196,v6
6440,2291,4010237606.25,0.17572912318054523,0.3099373000275132,0.29463286490965324,0.0017082167985169594,True,True,mixed,0.03632333649975128,-0.05213074058750522,2014-05-13,012200,계양전기,0.9210526315789473,0.9,0.7894736842105263,2014-05-14,2309.0,0.007856831078131732,-0.10534257254222612,0.010180864795905631,-0.11552343733813175,2014-05-20,2075.0,-0.08542052836725855,0.0033350242844012445,-0.0887555526516598,2014-05-27,2121.0,0.009425725422260726,0.010376747246344742,-0.0009510218240840161,2014-06-12,2340.0,0.20777999133824165,0.005951812917191823,0.20182817842104983,2014-07-10,2798.0,0.32124902555218715,0.03190372628692262,0.28934529926526453,2014-08-07,3060.0,-0.12472932005197057,0.041576440017323524,v6
6897,9250,2217613916.25,0.08381897564048657,0.12913400128783725,0.1878624571422255,0.015293218552236754,True,True,bull,0.03482030485246823,-0.038961038961038974,2016-04-19,012280,영화금속,0.7669172932330827,0.6879699248120301,0.7556390977443609,2016-04-20,9250.0,0.0,-0.03372972972972976,0.0012790957090802468,-0.03500882543881001,2016-04-26,8975.0,0.0068108108108107,-0.015190500979152644,0.022001311789963344,2016-05-03,9350.0,0.12032432432432438,-0.03483800599885967,0.15516233032318405,2016-05-19,10400.0,0.22572972972972982,-0.03155598522594871,0.25728571495567853,2016-06-17,11375.0,0.08248648648648649,0.00010411244143671006,0.08238237404504978,2016-07-15,10050.0,-0.043243243243243246,0.2081081081081082,v6
3028,5390,4667220422.5,0.19927907824522317,0.392810277069524,0.12347735145511107,0.10681837718967846,True,True,mixed,0.017077082743655048,-0.12214983713355054,2000-07-31,012330,현대모비스,0.8504672897196262,0.9252336448598131,0.822429906542056,2000-08-01,5450.0,0.011131725417439675,-0.04620183486238527,-0.04853179353566639,0.0023299586732811184,2000-08-07,5220.0,0.04370642201834851,0.03267375536934036,0.01103266664900815,2000-08-14,5710.0,0.11526605504587151,0.030293641292866713,0.0849724137530048,2000-08-29,6100.0,-0.07188990825688069,-0.13637067812125903,0.06448076986437834,2000-09-29,5080.0,-0.34711926605504584,-0.28916273501866063,-0.057956531036385206,2000-10-30,3580.0,-0.06422018348623848,0.17431192660550465,v6
3240,12500,11495907700.0,0.12494633408683331,0.8260898712347513,1.5082355803199023,0.059658258933318775,True,True,bull,0.029654036243822013,-0.05303030303030298,2001-06-15,012330,현대모비스,0.6347826086956522,0.9652173913043478,0.9652173913043478,2001-06-18,12600.0,0.008000000000000007,0.11107936507936511,-0.03008127448758202,0.14116063956694713,2001-06-22,14050.0,0.10711111111111116,-0.03647637859016284,0.143587489701274,2001-06-29,14000.0,0.1467936507936507,-0.11198717741152087,0.25878082820517156,2001-07-13,14500.0,-0.05558730158730163,-0.09011430236699802,0.03452700077969639,2001-08-13,11950.0,-0.1468571428571429,-0.12480976589061932,-0.02204737696652359,2001-09-11,10800.0,-0.007936507936507908,0.21825396825396814,v6
3757,32200,16157197882.5,0.11466944872791007,0.23066965192732236,0.31857880656952586,0.03347881516187079,True,True,bull,0.02564102564102555,-0.0359281437125748,2003-07-23,012330,현대모비스,0.8936170212765957,0.8404255319148937,0.7659574468085106,2003-07-24,31650.0,-0.017080745341614856,0.07024960505529232,0.030296472624973037,0.03995313243031928,2003-07-30,34000.0,0.08288783570300162,0.02125081151265973,0.061637024190341894,2003-08-06,34400.0,0.3577693522906793,0.08827815047248078,0.2694912018181985,2003-08-21,43100.0,0.14923854660347557,0.03706268484455033,0.11217586175892524,2003-09-23,36500.0,0.3198546603475514,0.1242588184375677,0.1955958419099837,2003-10-22,41900.0,0.0,0.3617693522906793,v6
5578,291500,93475205643.0,0.12153935814955474,0.30748409514690445,0.28795099392650325,0.023020114688767412,True,True,bull,0.029035389639043396,-0.029950083194675514,2010-11-18,012330,현대모비스,0.8820754716981132,0.8537735849056604,0.7405660377358491,2010-11-19,292500.0,0.0034305317324185847,-0.07237606837606836,-0.004677964001363111,-0.06769810437470525,2010-11-25,272500.0,-0.022803418803418848,0.00698080279232105,-0.029784221595739898,2010-12-02,287000.0,0.019931623931623847,0.037434038642254475,-0.017502414710630628,2010-12-16,299500.0,0.07292307692307687,0.08851472061298882,-0.01559164368991195,2011-01-14,315000.0,-0.14588034188034193,0.027040284188894592,-0.17292062606923653,2011-02-16,251000.0,-0.08034188034188039,0.07350427350427347,v6
8094,347500,477951437282.35,0.17134976931060542,0.21903190078017554,0.2239768608816417,0.055432085061618785,True,True,bull,0.031463342238052805,-0.14197530864197527,2021-02-03,012330,현대모비스,0.8729166666666667,0.8145833333333333,0.7770833333333333,2021-02-04,357500.0,0.02877697841726623,-0.07672727272727276,-0.010985575849595919,-0.06574169687767684,2021-02-10,331500.0,-0.10469930069930067,-0.008739976140503147,-0.09595932455879752,2021-02-19,321500.0,-0.1606433566433566,-0.04430912721449942,-0.11633422942885718,2021-03-08,301500.0,-0.15365034965034963,-0.0045262869136400985,-0.14912406273670953,2021-04-05,304000.0,-0.24176223776223782,-0.0024944019495889425,-0.23926783581264888,2021-05-03,272500.0,-0.16083916083916083,0.005594405594405494,v6
3445,8656,22152671195.0,0.002021069149720889,0.2811811290984594,0.562186338778651,0.022884437369091737,True,True,bull,0.0302370283089044,-0.09541226878461695,2002-04-17,012450,한화에어로스페이스,0.6455696202531646,0.6962025316455697,0.7151898734177216,2002-04-18,8654.0,-0.00023105360443620437,-0.07310099376011092,-0.011870204707075671,-0.06123078905303525,2002-04-24,8056.0,-0.12718003235498032,-0.07211688914307912,-0.0550631432119012,2002-05-02,7588.0,-0.1774458054079039,-0.07408086846734085,-0.10336493694056303,2002-05-16,7153.0,-0.2830617055696788,-0.12682774174751,-0.1562339638221688,2002-06-17,6239.0,-0.2994703027501733,-0.16752096170240316,-0.13194934104777012,2002-07-16,6097.0,-0.23780910561590018,0.04899468453894151,v6
3641,7001,8880995441.0,0.042905325907914404,0.3286308930642886,0.4831622164505275,0.0026310576168893096,True,True,bear,-0.021366117545098096,-0.09920226453937209,2003-02-04,012450,한화에어로스페이스,0.589041095890411,0.8767123287671232,0.9452054794520548,2003-02-05,6944.0,-0.008141694043708014,-0.09933410138248844,-0.03737005715813757,-0.06196404422435087,2003-02-11,6282.0,-0.057139400921659034,0.008540294815656768,-0.0656796957373158,2003-02-18,6575.0,-0.11661520737327191,-0.03636728281579038,-0.08024792455748153,2003-03-04,6162.0,-0.08046889400921664,-0.09990975030918892,0.019440856299972276,2003-04-01,6413.0,0.0024804147465438166,-0.0016378647591670514,0.004118279505710868,2003-04-29,6989.0,-0.13335253456221197,0.009504608294930827,v6
3864,15025,22806353615.0,0.11757795759768808,0.43911939168216896,0.41986358907071786,0.07018491457324871,True,True,bull,0.03216011705829214,-0.02807426094831489,2003-12-29,012450,한화에어로스페이스,0.7766990291262136,0.8446601941747572,0.7378640776699029,2003-12-30,15242.0,0.014442595673876957,-0.0038687836241964,0.0306168224299066,-0.034485606054103,2004-01-07,15244.0,0.03175646240650831,0.05871651090342689,-0.026960048496918576,2004-01-14,15787.0,-0.08253300091851468,0.06528348909657322,-0.1478164900150879,2004-02-02,14045.0,-0.16821729431833088,0.12051090342679127,-0.28872819774512215,2004-03-02,12739.0,-0.1789770371342344,0.08842367601246104,-0.26740071314669545,2004-03-30,12575.0,-0.08227266762892005,0.06783886629051317,v6
4391,25152,31464079340.0,0.13646693942620947,0.30080739119744315,0.5851899965877507,0.08209646512639979,True,True,mixed,0.03798988504608669,-0.08511567001309472,2006-02-09,012450,한화에어로스페이스,0.930379746835443,0.9050632911392406,0.879746835443038,2006-02-10,25477.0,0.012921437659032975,-0.021034972720493036,-0.010606665110922231,-0.010428307609570805,2006-02-16,25043.0,0.09860234721513517,0.02470622774595177,0.0738961194691834,2006-02-23,28091.0,0.1071983357538171,-0.006278182187728243,0.11347651794154534,2006-03-10,28310.0,0.265262472033599,0.055668054290467506,0.20959441774313148,2006-04-07,32337.0,0.2952110531067238,0.09186169932475674,0.20334935378196706,2006-05-09,33100.0,-0.019272284805903372,0.17953448208187783,v6
4411,28310,27470479109.5,0.12675964832605657,0.3735980072027131,0.8530732731982407,0.030533663287230395,True,True,mixed,0.03982252128495767,-0.057934844098366134,2006-03-10,012450,한화에어로스페이스,0.7534246575342466,0.9383561643835616,0.9246575342465754,2006-03-13,28743.0,0.015294948781349404,0.026372612462164605,0.006635241841054462,0.019737370621110143,2006-03-17,29616.0,-0.0020516995442367812,-0.008294052301317967,0.0062423527570811856,2006-03-24,28799.0,0.12103913996451299,0.052601555228630525,0.06843758473588246,2006-04-07,32337.0,0.14758473367428593,0.08869006515146971,0.05889466852281622,2006-05-09,33100.0,-0.09678780920571961,-0.08192722250577944,-0.01486058669994017,2006-06-08,26076.0,-0.041714504401071606,0.12879657655777055,v6
5240,73445,36784592175.0,0.014599465893868624,0.20249903713851247,1.0323427914082473,0.020298356379274907,True,True,bull,0.03384761780084444,-0.146732500726111,2009-07-16,012450,한화에어로스페이스,0.7590361445783133,0.8674698795180723,0.927710843373494,2009-07-17,73546.0,0.001375178705153468,-0.013694612895330801,0.036716568871277167,-0.05041118176660797,2009-07-23,72833.0,-0.015067903081064867,0.06321484734913296,-0.07828275043019783,2009-07-30,72732.0,0.05002061294971849,0.08392853431613667,-0.03390792136641818,2009-08-13,77519.0,0.19406651619394655,0.13937748096626934,0.05468903522767721,2009-09-10,88113.0,0.2453133549071329,0.1408392160666163,0.1044741388405166,2009-10-09,91882.0,-0.07758409702771052,0.07063606450384796,v6
5302,98402,71215271665.0,0.10139198938626548,0.18971201007057736,0.4389949584653867,0.011651686739328815,True,True,mixed,0.023849805118728806,-0.10138442431326711,2009-10-13,012450,한화에어로스페이스,0.8783068783068783,0.8465608465608465,0.8994708994708994,2009-10-14,99215.0,0.008262027194569255,-0.06455535957264524,0.01038304609950691,-0.07493840567215215,2009-10-20,93207.0,0.004234641939222964,0.004524693989403916,-0.0002900520501809521,2009-10-27,100032.0,-0.04505226024290687,-0.03641678338712617,-0.0086354768557807,2009-11-10,95142.0,-0.021436879504107217,-0.008720540770963958,-0.012716338733143259,2009-12-08,97485.0,-0.13128922037998292,0.03237318068327144,-0.16366240106325436,2010-01-08,86586.0,-0.08829310084160658,0.009252633170387492,v6
5338,98504,47518102615.35,0.043685137453690626,0.15496780174770552,0.2824105798990759,0.04292947590655416,True,True,mixed,0.024423979907545634,-0.10045295149035649,2009-12-02,012450,한화에어로스페이스,0.7253521126760564,0.823943661971831,0.8591549295774648,2009-12-03,99216.0,0.007228132867700854,-0.028643202709240475,0.023076297024372305,-0.051719499733612784,2009-12-09,96771.0,-0.07483534913723588,0.04190169722846537,-0.11673704636570126,2009-12-16,92188.0,-0.0697051282051282,0.06187277360061616,-0.13157790180574436,2010-01-04,92697.0,-0.2575982099661345,0.005715859789270805,-0.2633140697554053,2010-02-01,74055.0,-0.20008732462506051,0.015732700602888672,-0.21582002522794919,2010-03-03,79761.0,-0.11397355265279796,0.023605063699403406,v6
5488,108487,49659932855.0,0.023557242877666695,0.1973865932140184,0.32832298937695703,0.051038000980909715,True,True,bull,0.021146861809095974,-0.04053241354912884,2010-07-12,012450,한화에어로스페이스,0.5,0.7413793103448276,0.7701149425287356,2010-07-13,107976.0,-0.004710241780121138,0.06676572571682593,-0.0034351408580372,0.07020086657486313,2010-07-19,115617.0,0.04317715047788395,0.01792372491253902,0.025253425565344934,2010-07-26,113070.0,0.03846313995702744,0.030064675013809605,0.008398464943217832,2010-08-09,112561.0,0.08091701859672518,0.03135932609095926,0.049557692505765916,2010-09-06,117145.0,-0.02285604208342595,0.09375,-0.11660604208342595,2010-10-07,105940.0,-0.023588575238941978,0.12263836408090678,v6
5954,73954,33570147005.0,0.16566563987231353,0.24790690657840908,0.35547840349223714,0.05998297994222046,True,True,bear,0.030010759165311596,-0.025497766474719685,2012-05-23,012450,한화에어로스페이스,0.9120879120879121,0.9120879120879121,0.8351648351648352,2012-05-24,74259.0,0.004124185304378303,0.017950201322398666,0.020143104583663085,-0.0021929032612644193,2012-05-31,75889.0,0.057729891326303795,0.015810123570199286,0.04191976775610451,2012-06-08,78843.0,0.05087550330599666,0.02231236200036535,0.028563141305631312,2012-06-22,78334.0,-0.00948081714000992,0.008776638425739058,-0.018257455565748978,2012-07-20,73852.0,-0.0177087760406146,0.07705290885245186,-0.09476168489306647,2012-08-20,73241.0,-0.012348671541496659,0.10973754023081383,v6
6740,39421,31421383452.5,0.1259084028789741,0.36146295009150753,0.5940109415178745,0.05552287267209599,True,True,bear,0.02089915574662049,-0.07523224171905785,2015-07-30,012450,한화에어로스페이스,0.7682926829268293,0.8048780487804879,0.7621951219512195,2015-07-31,39624.0,0.005149539585500129,0.0024607308701796206,-0.006753890023581954,0.009214620893761575,2015-08-06,39880.0,-0.10681647486371892,-0.021470364779129558,-0.08534611008458937,2015-08-13,35550.0,-0.18136725217040173,-0.04406062220643514,-0.1373066299639666,2015-08-28,32596.0,-0.18008015344235817,-0.0415050962515664,-0.13857505719079177,2015-09-25,32647.0,-0.09010942862911364,0.007661644416817159,-0.0977710730459308,2015-10-28,36212.0,-0.2622148193014334,0.03982434887946695,v6
6947,47316,16603051245.0,0.03687270683298616,0.16909189350741416,0.31381761513910855,0.00457786164045948,True,True,mixed,0.020546379256051184,-0.027200394744957723,2016-06-03,012450,한화에어로스페이스,0.5655172413793104,0.7241379310344828,0.8172413793103448,2016-06-07,47110.0,-0.004353706991292561,0.04902483549140313,-0.0070343388122905415,0.05605917430369367,2016-06-13,49608.0,0.03172489917215038,-0.006000762638730062,0.03772566181088044,2016-06-20,48793.0,0.05441647208660583,0.0011138539346138288,0.053302618151992,2016-07-04,49862.0,0.2501286351093186,0.018328416320468888,0.2318002187888497,2016-08-01,59082.0,0.31714200806622794,0.023411002067152298,0.29373100599907565,2016-08-30,62239.0,-0.04754829123328386,0.06491190829972404,v6
7007,62239,23527061182.65,0.04844310341509184,0.28824797633012267,0.5165528816888596,0.03724345872805834,True,True,bull,0.0213085069112553,-0.030152398167482164,2016-08-30,012450,한화에어로스페이스,0.7584905660377359,0.9320754716981132,0.9245283018867925,2016-08-31,62341.0,0.0016388438117578286,0.022146516738583037,0.01371052399219086,0.008435992746392177,2016-09-06,63971.0,-0.01707325836929152,-0.0192388819668593,0.002165623597567782,2016-09-13,61526.0,0.03521977510787444,0.0024772145316838134,0.03274256057619063,2016-09-30,64786.0,0.03849209990215097,-0.0149074355678952,0.05339953547004617,2016-10-31,64990.0,-0.15269828844580613,-0.029652993750551748,-0.12304529469525438,2016-11-28,53071.0,-0.03759965351855121,0.06044176384722744,v6
7027,64786,18961160479.45,0.0390157881977633,0.27508416327846974,0.540901542987549,0.008283468504582725,True,True,bull,0.02514765395372387,-0.020012403757430963,2016-09-30,012450,한화에어로스페이스,0.6052631578947368,0.9210526315789473,0.9135338345864662,2016-10-04,65091.0,0.004707807242305462,0.019490190656158205,-5.833908621544204e-05,0.019548529742373647,2016-10-10,66620.0,0.024175938301762127,-0.014259044989158753,0.03843498329092088,2016-10-17,66925.0,-0.005551673810511467,-0.02370025377502505,0.01814857996451358,2016-10-31,64990.0,-0.18866454655789588,-0.03831419487199428,-0.1503503516859016,2016-11-28,53071.0,-0.33498277795701403,-0.009329392203953457,-0.3256533857530606,2016-12-26,43547.0,-0.029742975219308354,0.07355855648246301,v6
7562,33666,13429965100.0,0.06065010989708175,0.39179052689826,0.23513089445525404,0.03448810481341069,True,True,mixed,0.006021306160259421,-0.05027081922816523,2018-12-06,012450,한화에어로스페이스,0.5465587044534413,0.9433198380566802,0.8380566801619433,2018-12-07,33665.0,-2.9703558486304793e-05,-0.0372689737115699,0.006662887667653106,-0.043931861379223,2018-12-13,32545.0,-0.0024553690776771796,-0.010357019330540673,0.007901650252863494,2018-12-20,33717.0,0.020238823704143764,-0.027098305215018548,0.04733712891916231,2019-01-08,34481.0,-0.04332867963760578,0.04581395795703491,-0.0891426375946407,2019-02-08,32341.0,-0.013059854448239979,0.027103109027324157,-0.04016296347556414,2019-03-11,33360.0,-0.06656765186395364,0.06505272538244466,v6
4767,5730,2403714909.0,0.04079136974654962,0.27934837376454813,0.369856224985202,0.023790339698481766,True,True,bull,0.028632977291086936,-0.04500000000000004,2014-06-10,012610,경인양행,0.681592039800995,0.8606965174129353,0.8059701492537313,2014-06-11,5750.0,0.003490401396160525,0.10904347826086958,-0.003961164662032002,0.11300464292290158,2014-06-17,6400.0,0.0986086956521739,-0.007544127672915346,0.10615282332508924,2014-06-24,6340.0,0.004695652173912993,-0.0014182561918079095,0.006113908365720903,2014-07-08,5800.0,0.27426086956521734,0.028240715398281324,0.246020154166936,2014-08-05,7350.0,0.2707826086956522,0.020746351100517035,0.25003625759513515,2014-09-03,7330.0,-0.01043478260869568,0.16869565217391314,v6
5655,5810,4885459425.5,0.05434361783619446,0.3599378450762336,0.357998787251371,0.054232636476646556,True,True,mixed,0.03279708470358189,-0.15797101449275364,2018-01-18,012610,경인양행,0.587360594795539,0.8438661710037175,0.8475836431226765,2018-01-19,5840.0,0.005163511187607606,0.023397260273972712,0.016891100818757998,0.006506159455214714,2018-01-25,6000.0,0.009698630136986356,0.019395397016275906,-0.00969676687928955,2018-02-01,5920.0,-0.04509589041095896,-0.03050002579702893,-0.014595864613930032,2018-02-19,5600.0,0.007986301369863117,-0.013553362146630388,0.021539663516493505,2018-03-20,5910.0,0.03709589041095884,-0.026154218607992386,0.06325010901895123,2018-04-17,6080.0,-0.08732876712328763,0.05993150684931514,v6
1302,3956,13943177927.5,0.02747136563876662,0.1896570054445188,0.6732695738985428,0.08404885048199673,True,True,bear,-0.02168805796671358,-0.15125509547307447,2001-09-05,012630,HDC,0.5416666666666666,0.7916666666666666,0.8333333333333334,2001-09-06,3977.0,0.005308392315470201,-0.06535277847623833,-0.1390452743433318,0.07369249586709348,2001-09-12,3733.0,-0.02235554438018605,-0.11886099093064928,0.09650544655046323,2001-09-19,3904.0,-0.009280362081971357,-0.101880849369128,0.09260048728715664,2001-10-08,3956.0,0.32539401558964043,0.016672399123839332,0.3087216164658011,2001-11-05,5287.0,0.48782801106361573,0.17785702648395207,0.30997098457966366,2001-12-03,5933.0,-0.09328639678149364,0.09177772190093036,v6
2322,25801,12863583605.0,0.032515297441722435,0.22068287200456393,0.4510986426333923,0.055911371185442205,True,True,mixed,0.035367671696833636,-0.04138955972506042,2005-10-25,012630,HDC,0.5085714285714286,0.76,0.7257142857142858,2005-10-26,26358.0,0.02158831053059962,0.07077805599817899,0.0036721256120211265,0.06710593038615786,2005-11-01,28329.0,0.04255133166401093,0.0355478642579774,0.007003467406033526,2005-11-08,27585.0,0.03974383488883837,0.050565591760932005,-0.010821756872093635,2005-11-22,27511.0,0.2005299339858866,0.13202768867128145,0.06850224531460514,2005-12-20,31749.0,0.08910266332802186,0.14208171534695269,-0.05297905201893083,2006-01-18,28812.0,-0.00705668108354196,0.16499734425980717,v6
4434,22492,12599206911.0,0.025262584541285937,0.19438840182695905,0.2783743247441629,0.024510528580415247,True,True,bull,0.02420954128691033,-0.048722720351886295,2014-04-22,012630,HDC,0.7091836734693877,0.8367346938775511,0.8010204081632653,2014-04-23,22417.0,-0.0033345189400675324,-0.03049774724539411,-0.02253166572142118,-0.007966081523972931,2014-04-29,21823.0,-0.027196681090243976,-0.02662109588768491,-0.0005755852025590667,2014-05-09,21897.0,-0.11342588214301641,0.003537207844541923,-0.11696308998755833,2014-05-23,19964.0,0.08392434313244412,-0.007815687093917667,0.09174003022636179,2014-06-24,24388.0,0.1768002854976134,0.009387779469269608,0.1674125060283438,2014-07-22,26470.0,-0.1509122540928759,0.024891823169915783,v6
4689,44686,29007863916.45,0.03752739429107543,0.3318828016607609,0.523772290308816,0.06374122017957506,True,True,bull,0.0072808421432275505,-0.11747047438480074,2015-05-11,012630,HDC,0.5919003115264797,0.7912772585669782,0.8037383177570093,2015-05-12,45281.0,0.013315132256187523,0.010774408692387553,0.006231463894164957,0.004542944798222596,2015-05-18,45950.0,0.033764183653187896,0.020408163265306145,0.01335602038788175,2015-05-26,46991.0,0.033764183653187896,-0.017423344425243847,0.05118752807843174,2015-06-09,46991.0,0.10109926900907662,-0.028724715918557853,0.12982398492763447,2015-07-07,50040.0,0.11094887480400173,-0.03458010215982832,0.14552897696383005,2015-08-04,50486.0,-0.04434531039508849,0.09851814226717615,v6
7091,6870,9290121886.5,0.1522231302390693,0.3320760225556335,0.7781540167070593,0.018145270481570108,True,True,bull,0.023616181181554063,-0.04847645429362879,2017-01-02,012690,모나리자,0.8789237668161435,0.9596412556053812,0.968609865470852,2017-01-03,6890.0,0.0029112081513829047,0.22676923076923083,0.007112976881596289,0.21965625388763454,2017-01-09,8480.0,0.27321335268505087,0.01467819555524974,0.25853515712980113,2017-01-16,8800.0,0.13242960812772142,0.022695656020960353,0.10973395210676107,2017-02-01,7830.0,-0.0330275761973875,0.03359370007520979,-0.06662127627259729,2017-03-02,6690.0,0.061312046444121915,0.06406594865089388,-0.002753902206771963,2017-03-30,7340.0,-0.011611030478954953,0.4078374455732947,v6
8908,3780,6046118017.75,0.14721416615332017,0.26142550738244097,0.31150727012743484,0.03299420493464167,True,True,bull,0.0033178500331785266,-0.09243697478991597,2024-05-27,012690,모나리자,0.7987220447284346,0.8242811501597445,0.8178913738019169,2024-05-28,3830.0,0.013227513227513255,0.08216187989556145,-0.012152368607117658,0.09431424850267911,2024-06-03,4160.0,-0.11888250652741517,-0.0037561866603816885,-0.11512631986703348,2024-06-11,3390.0,-0.13324281984334208,0.021679089087909498,-0.15492190893125157,2024-06-25,3335.0,-0.1919895561357703,0.021642263728494093,-0.21363181986426438,2024-07-23,3110.0,-0.030109660574412552,-0.005299169219891486,-0.024810491354521066,2024-08-21,3730.0,-0.1566579634464752,0.5483028720626633,v6
4585,75800,4860824955.0,0.071120300062813,0.2532137249426766,0.08913235424732102,0.029932503841485936,True,True,bear,0.012151155027373406,-0.02944942381562099,2014-01-28,012750,에스원,0.6424581005586593,0.9385474860335196,0.7094972067039106,2014-01-29,76200.0,0.005277044854881341,0.015685039370078705,-0.009366903262320037,0.02505194263239874,2014-02-06,77700.0,0.014372703412073532,0.0005348065609860342,0.013837896851087498,2014-02-13,77600.0,0.06424146981627299,0.027259557720166416,0.03698191209610657,2014-02-27,81400.0,0.1246089238845145,0.02702071207157064,0.09758821181294386,2014-03-27,86000.0,0.02093438320209984,0.0375974204669951,-0.01666303726489526,2014-04-24,78100.0,-0.027559055118110187,0.08267716535433078,v6
5062,103500,5386460665.0,0.13057170240618388,0.13150066020405093,0.42428211367928803,0.0632077116120473,True,True,bear,0.038270552239554556,-0.04166666666666663,2016-01-06,012750,에스원,0.8130081300813008,0.6707317073170732,0.8617886178861789,2016-01-07,101500.0,-0.019323671497584516,-0.00892610837438423,0.0002975398155253828,-0.009223648189909613,2016-01-13,101000.0,-0.07000985221674882,-0.036675697261067675,-0.03333415495568115,2016-01-20,94800.0,-0.02271921182266012,-0.013070871896059377,-0.009648339926600743,2016-02-03,99600.0,-0.11730049261083741,0.015874010158113627,-0.13317450276895104,2016-03-08,90000.0,-0.12518226600985227,0.02454964477922017,-0.14973191078907244,2016-04-05,89200.0,-0.12118226600985227,0.044334975369458185,v6
8120,1995,54131605319.0,0.30421317005206416,0.37839760000950995,0.5025140047823959,0.010849992940056508,True,True,mixed,0.01526717557251911,-0.13260869565217392,2021-03-16,012800,대창,0.9422632794457275,0.8845265588914549,0.8660508083140878,2021-03-17,1985.0,-0.005012531328320802,-0.07704785894206545,-0.020542676089394307,-0.05650518285267114,2021-03-23,1840.0,-0.08208564231738036,0.0007301744595404891,-0.08281581677692085,2021-03-30,1830.0,-0.06445340050377835,0.03302735546457347,-0.09748075596835182,2021-04-13,1865.0,0.4342871536523929,0.030608652567345462,0.40367850108504744,2021-05-12,2855.0,0.20506801007556685,0.05113828982710511,0.15392972024846174,2021-06-10,2400.0,-0.11586901763224178,0.02267002518891692,v6
8198,2595,14362821278.75,0.06358281914385921,0.33981753513400403,0.5850592964042729,0.019941363863995587,True,True,bull,0.026300177971129157,-0.1393034825870647,2021-07-06,012800,대창,0.7727272727272727,0.890495867768595,0.8223140495867769,2021-07-07,2580.0,-0.005780346820809301,-0.03694573643410848,-0.009749999243247487,-0.02719573719086099,2021-07-13,2495.0,-0.05438759689922479,-0.021458473963173463,-0.032929122936051325,2021-07-20,2450.0,-0.004,-0.02011448151859041,0.01611448151859041,2021-08-03,2580.0,-0.14353488372093026,-0.029231835669680573,-0.11430304805124969,2021-09-01,2220.0,-0.23268217054263562,-0.10334817577241728,-0.12933399477021834,2021-10-05,1990.0,-0.07558139534883723,0.06976744186046502,v6
8157,2420,12708714862.75,0.25988432727616884,0.7990558265722925,1.3160012217007515,0.031112711820267647,True,True,bull,0.026184670836425283,-0.11839708561020035,2021-05-07,013360,일성건설,0.9145631067961165,0.9475728155339805,0.9572815533980582,2021-05-10,2400.0,-0.008264462809917328,-0.04149999999999998,-0.015036889419202448,-0.026463110580797533,2021-05-14,2310.0,-0.04774999999999996,-0.01785435395100976,-0.0298956460489902,2021-05-24,2295.0,0.15850000000000009,0.015824030286181845,0.14267596971381824,2021-06-07,2790.0,0.8647499999999999,0.028658799422763392,0.8360912005772365,2021-07-05,4485.0,0.42933333333333334,0.0067406745672287105,0.42259265876610463,2021-08-02,3440.0,-0.09166666666666667,0.32291666666666674,v6
6167,2064,2519392822.5,0.13640059956277795,0.2602533405583234,0.9986767319511125,0.013140527420508086,True,True,bull,0.0027449170452060745,-0.058394160583941646,2014-08-05,013520,화승코퍼레이션,0.8898305084745762,0.8771186440677966,0.9576271186440678,2014-08-06,2054.0,-0.004844961240310086,-0.029316455696202556,-0.010402679683750637,-0.018913776012451918,2014-08-12,2002.0,0.057343719571567586,0.004774762110202557,0.05256895746136503,2014-08-20,2180.0,0.08412074001947412,-0.005686087264231032,0.08980682728370515,2014-09-03,2235.0,-0.067777994157741,-0.04363696296044939,-0.024141031197291607,2014-10-07,1923.0,-0.13788510223953265,-0.0637442860397589,-0.07414081619977375,2014-11-05,1779.0,-0.10272638753651409,0.14459591041869513,v6
6451,2933,2904057445.0,0.10105869105247245,0.470555312192547,0.7283358992409739,0.04745370627293344,True,True,mixed,0.037660752507473694,-0.06622094874243867,2015-10-01,013520,화승코퍼레이션,0.7886792452830189,0.9433962264150944,0.909433962264151,2015-10-02,2936.0,0.001022843504943749,-0.06224250681198906,0.02026866591560106,-0.08251117272759012,2015-10-08,2765.0,-0.129,0.025689473125830364,-0.15468947312583037,2015-10-16,2569.0,-0.15011716621253401,0.025290364300473378,-0.1754075305130074,2015-10-30,2507.0,-0.1708937329700273,0.025047867798990486,-0.1959416007690178,2015-11-27,2446.0,-0.21346866485013627,-0.0077548360370010005,-0.20571382881313527,2015-12-28,2321.0,-0.1617847411444142,0.03746594005449588,v6
1219,18645,3470797207.0,0.06959537860224896,0.45784500475148704,0.5710561393584735,0.011753868701690262,True,True,bear,0.023598488071742363,-0.08499779162781562,2024-10-14,013890,지누스,0.6210526315789474,0.9508771929824561,0.9438596491228071,2024-10-15,18781.0,0.00729418074550825,0.0033478515521006037,-0.01042786538366558,0.013775716935766184,2024-10-21,18919.0,0.19508418082104262,-0.007574922978152765,0.20265910379919538,2024-10-28,22520.0,0.3164834673340078,-0.038258299555153696,0.3547417668891615,2024-11-11,24800.0,0.13544944358660338,-0.10324916330151157,0.23869860688811495,2024-12-09,21400.0,0.4149872743730365,-0.04196598502490145,0.45695325939793796,2025-01-09,26650.0,-0.021830573451892876,0.3835259038389862,v6
8156,6770,3284665164.5,0.1662692224651401,0.2213054999848052,0.2585870713794347,0.026638528015960672,True,True,bull,0.032641854789505764,-0.06749311294765836,2021-05-06,014280,금강공업,0.802734375,0.681640625,0.701171875,2021-05-07,6850.0,0.011816838995568624,-0.01567883211678833,-0.018090155143837494,0.002411323027049165,2021-05-13,6770.0,0.14052554744525536,-0.007299591461899624,0.14782513890715498,2021-05-21,7840.0,0.16388321167883202,0.019011646009126748,0.14487156566970527,2021-06-04,8000.0,0.2894306569343066,0.032126379484405554,0.25730427744990103,2021-07-02,8860.0,0.21497810218978097,0.007136050420960993,0.20784205176881998,2021-07-30,8350.0,-0.046715328467153316,0.19999999999999996,v6
8389,9850,2770935304.5,0.04969629094102923,0.3070113475913294,0.32862815055876826,0.056297598108150604,True,True,mixed,0.02813005584259698,-0.039024390243902474,2022-04-15,014280,금강공업,0.5178571428571429,0.8698979591836735,0.8775510204081632,2022-04-18,9910.0,0.006091370558375608,0.050490413723511596,0.007325775407442725,0.04316463831606887,2022-04-22,10450.0,0.015172552976791213,0.0037280636415100155,0.011444489335281197,2022-04-29,10100.0,-0.05748133198789107,-0.032945505467330105,-0.024535826520560966,2022-05-16,9380.0,-0.2542522704339052,-0.08851264785627022,-0.16573962257763497,2022-06-15,7430.0,-0.317824419778002,-0.1327466257485922,-0.18507779402940983,2022-07-13,6800.0,-0.1281533804238143,0.08980827447023199,v6
8095,4460,9714619483.0,0.07274078640900472,0.1930656234268726,0.2329998788294929,0.03376751781607856,True,True,bear,0.004957187922487671,-0.11683168316831682,2022-05-17,014530,극동유화,0.7663316582914573,0.6959798994974874,0.7135678391959799,2022-05-18,4540.0,0.017937219730941756,-0.09651101321585909,-0.010961191763924516,-0.08554982145193457,2022-05-24,4120.0,-0.039242290748898734,0.019413606604042233,-0.05865589735294097,2022-05-31,4380.0,-0.14166519823788548,-0.06958534965366736,-0.07207984858421812,2022-06-16,3915.0,-0.2220616740088106,-0.11858051048486562,-0.10348116352394499,2022-07-14,3550.0,-0.16699559471365644,-0.0421178479931682,-0.12487774672048824,2022-08-11,3800.0,-0.13876651982378851,0.040748898678414136,v6
7912,6510,3927577179.0,0.0766728348685135,0.30089896573951935,0.41781272160914473,0.030039392370991402,True,True,mixed,0.03786369071343154,-0.11668928086838537,2021-09-27,014580,태경비케이,0.6600496277915633,0.8933002481389578,0.8188585607940446,2021-09-28,6550.0,0.006144393241167334,-0.18415267175572514,-0.0546467096444756,-0.12950596211124954,2021-10-05,5370.0,-0.16277862595419845,-0.06031467415586911,-0.10246395179832934,2021-10-13,5510.0,-0.1444580152671756,-0.03443862896534122,-0.11001938630183439,2021-10-27,5630.0,-0.18262595419847327,-0.04439586391778905,-0.13823009028068423,2021-11-24,5380.0,-0.24216793893129773,-0.04752664836918363,-0.1946412905621141,2021-12-22,4990.0,-0.22137404580152675,0.012213740458015376,v6
6936,75600,3186065995.0,0.06772406702532352,0.20934616960916386,0.1932754799783405,0.02939105027131217,True,True,mixed,0.022934848792368623,-0.049056603773584895,2016-05-19,014680,한솔케미칼,0.7,0.7964285714285714,0.7357142857142858,2016-05-20,76500.0,0.011904761904761862,0.027372549019607954,0.0068009712733558825,0.02057157774625207,2016-05-26,78900.0,0.01037908496732021,0.021231171289818107,-0.010852086322497897,2016-06-02,77600.0,-0.03014379084967322,0.004918100255165037,-0.03506189110483826,2016-06-17,74500.0,0.023450980392156765,0.03777059840316088,-0.014319618011004117,2016-07-15,78600.0,0.14501960784313717,0.054855337887891986,0.09016426995524518,2016-08-12,87900.0,-0.0444444444444444,0.06143790849673203,v6
6986,80000,3257955995.0,0.04930268540846838,0.07790430510840296,0.2604778838996973,0.020049603827857476,True,True,bull,0.02105934907466489,-0.038461538461538436,2016-07-29,014680,한솔케미칼,0.6606498194945848,0.6642599277978339,0.7689530685920578,2016-08-01,80000.0,0.0,0.016000000000000018,-0.003343688725792826,0.019343688725792844,2016-08-05,81600.0,0.09474999999999989,0.012722809686325443,0.08202719031367445,2016-08-12,87900.0,0.07099999999999995,0.0037733798914412198,0.06722662010855873,2016-08-29,86000.0,0.08224999999999993,0.021736446207111015,0.06051355379288892,2016-09-29,86900.0,0.043500000000000094,-0.002612719846298961,0.046112719846299055,2016-10-28,83800.0,0.0,0.15999999999999992,v6
7790,93800,4091879035.0,0.031945704056087765,0.06670505077794942,0.05819790098505995,0.014868737915652241,True,True,bull,0.012685560053981026,-0.033985581874356297,2019-11-12,014680,한솔케미칼,0.6869918699186992,0.7357723577235772,0.7154471544715447,2019-11-13,93900.0,0.0010660980810235365,0.041793397231096874,0.00973514405762299,0.03205825317347388,2019-11-19,98200.0,0.022624068157614422,-0.00521927521008414,0.027843343367698562,2019-11-26,96400.0,0.014104366347177825,-0.016168967587034788,0.030273333934212613,2019-12-10,95600.0,0.13018530351437696,0.03465917617046821,0.09552612734390875,2020-01-10,106500.0,0.1994078807241746,0.042504501800720185,0.1569033789234544,2020-02-11,113000.0,-0.025559105431309903,0.09691160809371668,v6
7850,113000,7053675350.0,0.05345034217408684,0.16629612273973304,0.26522818576142493,0.0016886054746212409,True,True,bull,0.012318029115341522,-0.04641350210970463,2020-02-11,014680,한솔케미칼,0.7377622377622378,0.8496503496503497,0.8846153846153846,2020-02-12,114000.0,0.008849557522123908,-0.07856140350877194,-0.007668635863339102,-0.07089276764543284,2020-02-18,105500.0,-0.16014035087719303,-0.05496080325254371,-0.10517954762464932,2020-02-25,96200.0,-0.18996491228070178,-0.11816078528268814,-0.07180412699801364,2020-03-10,92800.0,-0.2890877192982456,-0.18075428468743682,-0.1083334346108088,2020-04-07,81500.0,-0.23996491228070171,-0.13052853837687273,-0.10943637390382899,2020-05-11,87100.0,-0.2254385964912281,0.0,v6
7987,164500,24056945528.15,0.04988977706162423,0.41031757172054895,0.616444489913506,0.08552559286420114,True,True,bull,0.032480778283382916,-0.08611111111111114,2020-08-27,014680,한솔케미칼,0.7161125319693095,0.8670076726342711,0.8823529411764706,2020-08-28,167500.0,0.01823708206686936,-0.060716417910447795,0.01425777446639187,-0.07497419237683967,2020-09-03,158000.0,-0.11444776119402988,0.014503306211953282,-0.12895106740598317,2020-09-10,149000.0,-0.18907462686567167,-0.03789655493561139,-0.15117807193006028,2020-09-24,136500.0,-0.13832835820895528,-0.007179686904691174,-0.1311486713042641,2020-10-28,145000.0,-0.045791044776119394,0.10131147818577446,-0.14710252296189386,2020-11-25,160500.0,-0.19999999999999996,0.008955223880596996,v6
8263,339000,31152629658.5,0.1626538853753018,0.5273170665783731,0.36844828258041795,0.022622997242349063,True,True,bear,0.0025136773621174946,-0.13520408163265307,2021-10-13,014680,한솔케미칼,0.8832116788321168,0.948905109489051,0.8029197080291971,2021-10-14,346000.0,0.020648967551622377,-0.0025549132947977303,0.014908028980723298,-0.017462942275521028,2021-10-20,346500.0,-0.03290173410404629,0.019071229120843913,-0.0519729632248902,2021-10-27,336000.0,-0.03723699421965321,-0.013035262574649598,-0.02420173164500361,2021-11-10,334500.0,-0.0762543352601156,0.011091762185612808,-0.08734609744572841,2021-12-08,321000.0,-0.20342196531791912,-0.01628228922115138,-0.18713967609676774,2022-01-06,277000.0,-0.07369942196531787,0.07369942196531798,v6
9272,231000,16493822500.0,0.13805845287638918,0.12730228444155456,0.44193555054394684,0.052172458426003265,True,True,mixed,0.030444964871194413,-0.03144654088050314,2025-11-25,014680,한솔케미칼,0.8666666666666667,0.8603174603174604,0.9333333333333333,2025-11-26,230000.0,-0.0043290043290042934,0.06339130434782603,0.026478205905628993,0.036913098442197034,2025-12-02,245500.0,0.039478260869565185,0.0646654059220737,-0.02518714505250852,2025-12-09,240000.0,-0.03008695652173909,0.05792573255084932,-0.08801268907258841,2025-12-23,224000.0,0.16556521739130425,0.2821746816448605,-0.11660946425355623,2026-01-23,269000.0,0.3829565217391304,0.5632188042796795,-0.1802622825405491,2026-02-25,319000.0,-0.06956521739130439,0.10869565217391308,v6
2410,6670,14757120550.5,0.10652807139759246,0.2393193945883323,0.3525674428613006,0.09161966270896671,True,True,mixed,0.03877900638529819,-0.15462610899873253,2022-04-15,014710,사조씨푸드,0.7397959183673469,0.798469387755102,0.8852040816326531,2022-04-18,6740.0,0.010494752623688264,0.01528783382789323,0.007325775407442725,0.007962058420450505,2022-04-22,6870.0,0.00935311572700304,0.0037280636415100155,0.005625052085493024,2022-04-29,6830.0,-0.07224925816023742,-0.032945505467330105,-0.03930375269290731,2022-05-16,6280.0,-0.2072640949554896,-0.08851264785627022,-0.11875144709921936,2022-06-15,5370.0,-0.2658694362017804,-0.1327466257485922,-0.1331228104531882,2022-07-13,4975.0,-0.1454005934718101,0.370919881305638,v6
5477,86700,3835549380.0,0.07099595890996935,1.158226659957898,2.5207735269389167,0.004536076158039304,True,True,mixed,0.03857211308097752,-0.03559510567296997,2015-07-01,014820,동원시스템즈,0.6756756756756757,0.956081081081081,0.9662162162162162,2015-07-02,89000.0,0.026528258362168433,0.192629213483146,-0.043139655737004734,0.23576886922015072,2015-07-08,106500.0,0.445438202247191,-0.016230761564417717,0.4616689638116087,2015-07-15,129000.0,0.3049887640449438,-0.032978819330742204,0.337967583375686,2015-07-29,116500.0,0.11847191011235947,-0.0944943548272279,0.21296626493958737,2015-08-27,99900.0,0.029707865168539408,-0.0759381332725867,0.1056459984411261,2015-09-24,92000.0,-0.022471910112359605,0.5112359550561798,v6
6844,36850,5546739520.0,0.04369136843548782,0.2652673614685057,0.3466949573931617,0.01707403620836523,True,True,bull,0.018940965021429612,-0.12052505966587113,2021-01-22,014820,동원시스템즈,0.7154639175257732,0.8288659793814434,0.8185567010309278,2021-01-25,37800.0,0.02578018995929443,0.18647619047619046,-0.05337133151612117,0.23984752199231163,2021-01-29,45000.0,0.5277460317460319,-0.007436363115893463,0.5351823948619253,2021-02-05,57900.0,0.4880634920634921,-0.023511375599950424,0.5115748676634425,2021-02-23,56400.0,0.4086984126984128,-0.04696549947360229,0.4556639121720151,2021-03-24,53400.0,0.22086772486772488,0.00879450128975412,0.21207322357797076,2021-04-21,46300.0,-0.010582010582010581,0.6772486772486772,v6
4308,149682,17041914500.0,0.12588476305321394,0.6068252453918513,0.28013845579482255,0.04084360571386125,True,True,bear,0.03932733478384498,-0.06497838634716768,2022-05-06,014830,유니드,0.775,0.9525,0.7725,2022-05-09,149681.0,-6.6808300263065945e-06,-0.07735600376801333,-0.011418506483646729,-0.0659374972843666,2022-05-13,138701.0,-0.09665705066107255,0.0018866348811077405,-0.09854368554218029,2022-05-20,135812.0,-0.042602093786118456,-0.003029244738680159,-0.0395728490474383,2022-06-07,143903.0,-0.3028355235467427,-0.1110495308087096,-0.1917859927380331,2022-07-05,104951.0,-0.2796729311001397,-0.07390901636855063,-0.20576391473158906,2022-08-02,108418.0,-0.1351340517500551,0.015446182214175375,v6
7513,2715,2743611476.25,0.14958710857653634,0.2790263083943526,0.26991068147963915,0.027509197554661968,True,True,bear,0.013059701492537323,-0.09348914858096824,2019-01-02,014910,성문전자,0.8616600790513834,0.9051383399209486,0.8102766798418972,2019-01-03,2745.0,0.011049723756906049,-0.005821493624772352,0.026294729621584523,-0.03211622324635688,2019-01-09,2740.0,0.23097267759562845,0.04686824302493764,0.1841044345706908,2019-01-16,3390.0,0.24008014571948988,0.09662443272476029,0.1434557129947296,2019-01-30,3415.0,0.07796721311475419,0.08321859420124178,-0.005251381086487594,2019-03-05,2970.0,0.09071766848816032,0.08219961129530118,0.008518057192859141,2019-04-02,3005.0,-0.07468123861566489,0.48269581056466304,v6
5448,6405,4977679437.5,0.20565310791142788,0.31929772452713046,0.32122455626754576,0.006750100308180906,True,True,mixed,0.02255038914388341,-0.15523608546557632,2010-05-13,015260,에이엔피,0.8253968253968254,0.8201058201058201,0.746031746031746,2010-05-14,6399.0,-0.0009367681498828606,-0.2299728082512893,-0.0507607889663354,-0.1792120192849539,2010-05-20,4953.0,-0.30748491951867485,-0.03735429334124274,-0.2701306261774321,2010-05-28,4457.0,-0.32014314736677607,0.0028770576894556754,-0.32302020505623175,2010-06-14,4376.0,-0.25607063603688074,0.02865193534035293,-0.28472257137723367,2010-07-12,4786.0,-0.28623159868729486,0.06194275545009642,-0.3481743541373913,2010-08-09,4593.0,-0.36865135177371466,0.034692920768870206,v6
2115,368125,2270922850.0,0.1357828323621335,2.3691968082087893,4.01630710050835,0.030197201395562256,True,True,bear,-0.011411234799398762,-0.11927604191588115,1997-03-18,015590,DKME,0.6190476190476191,1.0,1.0,1997-03-19,368125.0,0.0,-0.11404414261460105,-0.06034404018876538,-0.05370010242583567,1997-03-24,327615.0,-0.024563667232597616,0.015664484700867787,-0.040228151933465406,1997-03-29,360555.0,0.3381935483870968,0.056386055716243,0.2818074926708538,1997-04-11,494095.0,0.40410865874363333,0.04901811539047052,0.3550905433531628,1997-05-07,518360.0,0.16632258064516137,0.15203227279646825,0.014290307848693118,1997-05-31,430825.0,-0.1777521222410866,0.4510288624787775,v6
5381,39500,194492051810.0,0.20845609563763912,0.1504618975743064,0.230341159082049,0.01996439745498102,True,True,mixed,0.033963745828152536,-0.0650887573964497,2010-02-04,015760,한국전력,0.9285714285714286,0.7797619047619048,0.8214285714285714,2010-02-05,38550.0,-0.024050632911392422,0.012861219195849486,0.019277999987241667,-0.006416780791392181,2010-02-11,39200.0,-0.02215823605706879,0.016783725336344535,-0.03894196139341333,2010-02-19,37850.0,-0.026049286640726362,0.05897588017274935,-0.08502516681347572,2010-03-08,37700.0,-0.07792996108949413,0.10040890794148982,-0.17833886903098395,2010-04-05,35700.0,-0.13759273670557715,0.09799756313832075,-0.2355902998438979,2010-05-03,33400.0,-0.06095979247730221,0.06095979247730221,v6
6154,33200,45376981174.0,0.05091477217211615,0.2161187156054123,0.33077119354698103,0.027438698960259522,True,True,bull,0.03944896681277399,-0.062146892655367214,2013-03-14,015760,한국전력,0.6461538461538462,0.7948717948717948,0.8615384615384616,2013-03-15,32950.0,-0.0075301204819276935,-0.10566919575113809,-0.029302735220504528,-0.07636646053063356,2013-03-21,29600.0,-0.0798725341426404,-0.008055888660553068,-0.07181664548208733,2013-03-28,30450.0,-0.10263429438543248,-0.029810271133646205,-0.07282402325178627,2013-04-11,29700.0,-0.1071866464339909,-0.032323071487926125,-0.07486357494606477,2013-05-10,29550.0,-0.19975113808801215,-0.04429992386961301,-0.15545121421839914,2013-06-11,26500.0,-0.133535660091047,0.004552352048558417,v6
6337,32250,97461439113.5,0.09467400102657453,0.05840867443312403,0.13783259391168246,0.024729479802593213,True,True,mixed,0.023809523809523725,-0.032983508245877036,2013-12-09,015760,한국전력,0.8514285714285714,0.6971428571428572,0.8171428571428572,2013-12-10,32000.0,-0.007751937984496138,0.011625,-0.019439708404373923,0.031064708404373923,2013-12-16,32500.0,0.056937500000000085,-0.0015699764503531721,0.05850747645035326,2013-12-23,33950.0,0.12412500000000004,-0.026959595606065978,0.15108459560606602,2014-01-09,36100.0,0.1381874999999999,-0.03836442453363198,0.1765519245336319,2014-02-10,36550.0,0.136625,-0.022804657930130978,0.15942965793013097,2014-03-10,36500.0,-0.021874999999999978,0.140625,v6
6372,35550,52772066655.0,0.052952425495389366,0.31482863649426684,0.2557463737365785,0.05135852411162345,True,True,bear,0.017312920303333756,-0.02602739726027392,2014-02-03,015760,한국전력,0.6480446927374302,0.9608938547486033,0.8994413407821229,2014-02-04,35100.0,-0.012658227848101222,0.037310541310541234,0.014955460801283404,0.02235508050925783,2014-02-10,36550.0,0.04728205128205132,0.027124583104656486,0.020157468177394833,2014-02-17,36900.0,0.0658005698005697,0.03679761050365182,0.029002959296917874,2014-03-03,37550.0,0.03446153846153854,0.047837421370371835,-0.013375882908833292,2014-03-31,36450.0,0.1085356125356125,0.03920927090809312,0.06932634162751938,2014-04-28,39050.0,-0.01139601139601143,0.08119658119658113,v6
7614,34800,42373760213.7,0.022948169580435884,0.11878454369366498,0.16332563569188074,0.044613801719703305,True,True,bull,0.033944885983807405,-0.022471910112359605,2019-02-26,015760,한국전력,0.5973154362416108,0.6442953020134228,0.714765100671141,2019-02-27,34750.0,-0.001436781609195359,0.010388489208633004,-0.02634193496415249,0.03673042417278549,2019-03-06,35250.0,0.006071942446043147,-0.03851042309998842,0.044582365546031566,2019-03-13,35100.0,-0.10184172661870505,-0.03975904692856447,-0.062082679690140585,2019-03-27,31350.0,-0.1939280575539568,-0.014961109171790832,-0.17896694838216598,2019-04-24,28150.0,-0.27018705035971224,-0.08465132515238583,-0.18553572520732642,2019-05-24,25500.0,-0.10503597122302155,0.03597122302158273,v6
1759,3035,2123172850.0,0.17718770233242276,0.22046452680958706,0.43187659586938265,0.01813038913620102,True,True,bear,0.03599528937891483,-0.05185879412683536,1996-03-16,015860,일진홀딩스,0.7857142857142857,0.8571428571428571,0.9285714285714286,1996-03-18,3069.0,0.011202635914332681,-0.0851339198435973,0.018976396354288383,-0.10411031619788569,1996-03-22,2820.0,-0.15812186379928317,0.0008880579574666037,-0.15900992175674977,1996-03-28,2596.0,-0.12847051156728573,0.015622809067539212,-0.14409332063482494,1996-04-10,2687.0,-0.036583903551645536,0.1382332320635664,-0.17481713561521195,1996-05-06,2969.0,-0.05808927989573154,0.04996494508062632,-0.10805422497635786,1996-05-30,2903.0,-0.1622678396871945,0.024112088628217565,v6
4697,3567,8542002445.0,0.10982038038323927,0.5367606334511306,1.216562425239355,0.11447904355695582,True,True,bull,0.03123780337963833,-0.09810366624525912,2007-08-07,015860,일진홀딩스,0.6587677725118484,0.8388625592417062,0.8436018957345972,2007-08-08,3598.0,0.00869077656293804,0.11023012784880493,-0.032836599081724316,0.14306672693052924,2007-08-14,4009.0,-0.04402223457476373,-0.06390155404578601,0.019879319471022283,2007-08-22,3454.0,0.03741189549749868,-0.007458994153042409,0.04487088965054109,2007-09-05,3747.0,0.10661700944969432,0.07156803805044665,0.035048971399247675,2007-10-09,3996.0,0.44513841022790435,0.09290757125148286,0.3522308389764215,2007-11-06,5214.0,-0.19066147859922178,0.2345747637576432,v6
4147,1775,2541173988.75,0.025465242040855207,0.33202319105273514,0.6128758563459873,0.08989720205801954,True,True,bull,0.024383205886596482,-0.11027568922305764,2005-12-27,016090,대현,0.6705202312138728,0.838150289017341,0.8265895953757225,2005-12-28,1750.0,-0.014084507042253502,-0.004,0.03302168291227359,-0.03702168291227359,2006-01-04,1750.0,-0.02685714285714291,0.02711284986996154,-0.053969992727104454,2006-01-11,1710.0,-0.20114285714285718,-0.01083040470349006,-0.19031245243936712,2006-01-25,1405.0,-0.12971428571428567,0.0029028431654252174,-0.1326171288797109,2006-02-23,1530.0,-0.23828571428571432,-0.026567645823663333,-0.211718068462051,2006-03-24,1340.0,-0.3114285714285714,0.10857142857142854,v6
7973,2970,2035659624.75,0.04539968113453052,0.3170940894023697,0.4182174390166449,0.02772154001190219,True,True,bull,0.02493313777931161,-0.024630541871921152,2021-06-21,016090,대현,0.6221294363256785,0.8455114822546973,0.7745302713987474,2021-06-22,2970.0,0.0,-0.046087542087542066,0.01728392779569843,-0.0633714698832405,2021-06-28,2845.0,0.06839057239057245,0.014609694404135842,0.053780877986436604,2021-07-05,3185.0,-0.0006329966329965374,-0.0005391599579763762,-9.383667502016121e-05,2021-07-19,2980.0,-0.15888215488215485,-0.03164098724809672,-0.12724116763405813,2021-08-17,2510.0,0.11889562289562283,-0.029872542585934414,0.14876816548155725,2021-09-14,3335.0,-0.07912457912457915,0.2138047138047139,v6
6503,47965,18362266685.0,0.04007705357768776,0.1805153875506611,0.22428586230778724,0.05368427080469451,True,True,bull,0.03651855965735362,-0.020782720535696075,2014-08-12,016360,삼성증권,0.6371681415929203,0.7654867256637168,0.7300884955752213,2014-08-13,48013.0,0.001000729698738656,-0.03934459417241165,0.012752359919479428,-0.05209695409189108,2014-08-20,46316.0,0.010142003207464615,0.013802841675298438,-0.0036608384678338234,2014-08-27,48692.0,-0.05650661279236868,-0.005306154357300641,-0.05120045843506804,2014-09-15,45492.0,-0.0969123362422677,-0.05900775890710808,-0.03790457733515962,2014-10-15,43552.0,-0.009040301584987361,-0.03879942150214011,0.029759119917152747,2014-11-12,47771.0,-0.07273030220981813,0.026263720242434285,v6
8986,47500,15089450510.0,0.07665073762196073,0.32307507201195296,0.19198797777398924,0.0069937672671676054,True,True,bear,0.011229974985363711,-0.02862985685071573,2024-09-19,016360,삼성증권,0.7075812274368231,0.9025270758122743,0.7364620938628159,2024-09-20,47650.0,0.0031578947368420263,-0.07955089192025189,0.02601552328685064,-0.10556641520710253,2024-09-26,44050.0,-0.06695907660020983,0.0025155252070987455,-0.06947460180730858,2024-10-07,44650.0,-0.0019013641133263058,-0.012723564902470619,0.010822200789144313,2024-10-22,47750.0,-0.03967681007345225,-0.05064846783392163,0.010971657760469378,2024-11-19,45950.0,-0.027084994753410304,-0.05646297953399415,0.029377984780583847,2024-12-17,46550.0,-0.10283315844700947,0.005246589716684236,v6
9017,47000,11347074965.0,0.06688556765518594,0.11630122690336275,0.2965454685040154,0.030447685755952802,True,True,bear,0.008962593248537543,-0.03885480572597133,2024-11-06,016360,삼성증권,0.737037037037037,0.6296296296296297,0.8555555555555555,2024-11-07,46700.0,-0.006382978723404209,-0.053250535331905824,-0.0548053948999504,0.0015548595680445754,2024-11-13,44400.0,-0.01898929336188437,-0.029305146584390207,0.010315853222505837,2024-11-20,46000.0,0.04417987152034253,-0.03645741681428738,0.08063728833462991,2024-12-04,48950.0,-0.08644111349036399,-0.02682199098243021,-0.059619122507933775,2025-01-06,42850.0,0.006706638115631772,-0.013807909339402347,0.02051454745503412,2025-02-07,47200.0,-0.05353319057815842,0.08565310492505351,v6
9047,48200,16034461045.0,0.04696397978934952,0.07523327034849903,0.38329911558444674,0.019069188713761287,True,True,mixed,0.024550961845041908,-0.04930966469428011,2024-12-18,016360,삼성증권,0.6353790613718412,0.6245487364620939,0.8916967509025271,2024-12-19,47200.0,-0.020746887966805017,0.012949152542372836,0.0012857761018729708,0.011663376440499865,2024-12-26,48000.0,-0.09616101694915258,0.025587768642723052,-0.12174878559187563,2025-01-06,42850.0,-0.07179661016949157,0.03853207228369504,-0.11032868245318661,2025-01-20,44000.0,0.0023559322033899245,0.09397292452247008,-0.09161699231908016,2025-02-21,47500.0,-0.012474576271186418,0.08469637963363619,-0.09717095590482261,2025-03-24,46800.0,-0.1027542372881356,0.03072033898305082,v6
4069,1710259,4821264657.5,0.21081103693518022,0.5529128734952711,1.0111504334019297,0.031191198638738094,True,True,mixed,0.02900673650659047,-0.13210242482278034,2004-10-28,016380,KG스틸,0.9139784946236559,0.9354838709677419,0.978494623655914,2004-10-29,1618357.0,-0.05373572073001809,0.06583440612917912,0.029399315507504076,0.03643509062167505,2004-11-04,1731374.0,0.08322982629914155,0.041565383545574486,0.041664442753567066,2004-11-11,1759526.0,0.09192753638412299,0.05514639190218773,0.03678114448193526,2004-11-25,1773602.0,0.05713669604419791,0.060455441473472815,-0.0033187454292749052,2004-12-23,1717298.0,-0.05158653374996991,0.11213099686778172,-0.16371753061775163,2005-01-21,1541345.0,-0.04327042797108427,0.13934811663928293,v6
5207,1449850,2731413531.5,0.09846605253326213,0.6511205055584961,0.5940946211774991,0.027887720020730145,True,True,bull,0.02963986501942273,-0.08832125600827012,2009-06-01,016380,KG스틸,0.7641509433962265,0.8443396226415094,0.7004716981132075,2009-06-02,1484737.0,0.02406248922302301,0.1336728673158949,-0.030511776780433597,0.1641846440963285,2009-06-08,1689145.0,0.19529657575718806,-0.01720766795393658,0.21250424371112464,2009-06-15,1780640.0,-0.008536156908597322,-0.03388651149845179,0.025350354589854466,2009-06-29,1478002.0,-0.1223037804001651,0.06046689628779167,-0.18277067668795677,2009-07-27,1309087.0,0.04305412473724313,0.12181748599659037,-0.07876336125934724,2009-08-24,1554600.0,-0.0588387034202017,0.2322902978776713,v6
5749,10300,2719751214.0,0.06172522752871268,0.14850289231549052,0.34741942693222505,0.026214768278632672,True,True,mixed,0.03548808686035998,-0.028301886792452824,2021-07-14,016450,한세예스24홀딩스,0.7351694915254238,0.7161016949152542,0.7288135593220338,2021-07-15,10200.0,-0.009708737864077666,0.02541176470588225,-0.016339739334970793,0.04175150404085304,2021-07-21,10500.0,0.11854901960784314,-0.00993169854373821,0.12848071815158135,2021-07-28,11450.0,-0.03733333333333333,-0.014899077180951514,-0.022434256152381815,2021-08-11,9860.0,-0.1510588235294118,-0.04729715262760259,-0.10376167090180921,2021-09-09,8700.0,-0.20694117647058818,-0.08585551167976313,-0.12108566479082505,2021-10-14,8130.0,-0.04607843137254897,0.37745098039215685,v6
5149,23050,2775952447.5,0.18567780895436337,0.5922242914145537,1.0947688452631135,0.0035919772559285246,True,True,mixed,0.030628213726805242,-0.0591836734693878,2020-11-04,016710,대성홀딩스,0.9331395348837209,0.9418604651162791,0.9418604651162791,2020-11-05,23200.0,0.006507592190889477,0.0003103448275862987,0.04738330082033859,-0.0470729559927523,2020-11-11,23300.0,0.03694827586206895,0.07256647608293543,-0.03561820022086648,2020-11-18,24150.0,0.058499999999999996,0.12744953463581954,-0.06894953463581954,2020-12-02,24650.0,0.08867241379310342,0.2405989694153139,-0.15192655562221047,2021-01-04,25350.0,0.18134482758620685,0.28782216304810393,-0.10647733546189708,2021-02-01,27500.0,-0.049568965517241326,0.09913793103448265,v6
5208,27650,2080236672.5,0.0814170372899019,-0.043923958038358135,0.6349784380819414,0.07666116411383328,True,True,bull,0.014678899082568808,-0.03993055555555558,2021-01-29,016710,대성홀딩스,0.7881873727087576,0.6130346232179226,0.9185336048879837,2021-02-01,27500.0,-0.005424954792043413,-0.0003636363636363403,0.04831346306952744,-0.048677099433163784,2021-02-05,27600.0,0.0014545454545453786,0.06263080277209498,-0.06117625731754961,2021-02-16,27650.0,-0.03854545454545455,0.03566905512948426,-0.07421450967493881,2021-03-03,26550.0,0.05236363636363639,0.0284230434592736,0.02394059290436279,2021-03-31,29050.0,0.21418181818181825,0.06875144869843886,0.1454303694833794,2021-04-28,33500.0,-0.054545454545454564,0.08727272727272717,v6
5435,47200,2870152537.5,0.030794430229547975,0.12003311053785426,0.35640430396819456,0.015341501887737197,True,True,mixed,0.013582434101036212,-0.024793388429752095,2021-12-29,016710,대성홀딩스,0.5317220543806647,0.8126888217522659,0.8851963746223565,2021-12-30,47050.0,-0.0031779661016949623,-0.004,-0.026408867405617098,0.022408867405617098,2022-01-06,47050.0,0.016191285866099973,-0.012554379531627635,0.028745665397727608,2022-01-13,48000.0,0.013003188097768351,-0.1284307025585466,0.14143389065631495,2022-01-27,47850.0,0.07995324123273106,-0.09875156263021923,0.1787048038629503,2022-03-02,51000.0,0.20110095642933046,-0.08070672556046332,0.2818076819897938,2022-03-31,56700.0,-0.005313496280552554,0.05632306057385761,v6
5698,117400,8872991700.0,0.0373847499977189,0.10574346541787505,0.44106077414027234,0.022133251164156542,True,True,mixed,0.03714828393480274,-0.021666666666666612,2023-01-25,016710,대성홀딩스,0.6946308724832215,0.6510067114093959,0.9362416107382551,2023-01-26,117900.0,0.004258943781942026,0.02059711620016969,0.0055907198975446715,0.015006396302625017,2023-02-01,120800.0,-0.009089058524173074,0.019481319114351248,-0.02857037763852432,2023-02-08,117300.0,0.0553723494486853,-0.0075938559548145435,0.06296620540349984,2023-02-22,124900.0,0.11983375742154379,-0.004802600793044731,0.12463635821458852,2023-03-23,132500.0,0.09693299406276501,0.05210206142403284,0.04483093263873217,2023-04-20,129800.0,-0.05004240882103472,0.07124681933842236,v6
7757,2870,6945230895.2,0.07180725959210044,1.7907698019962561,1.864126832822471,0.003438881262114224,True,True,bull,0.026649973171168018,-0.0741935483870968,2025-07-10,016880,웅진,0.7188405797101449,0.9971014492753624,0.9855072463768116,2025-07-11,2850.0,-0.006968641114982632,0.02407017543859658,0.00186420198659909,0.02220597345199749,2025-07-17,2930.0,-0.05663157894736848,0.0012867387449588819,-0.05791831769232736,2025-07-24,2700.0,0.14512280701754388,0.012970954226622977,0.1321518527909209,2025-08-07,3275.0,0.6381052631578947,0.005890752742165883,0.6322145104157288,2025-09-05,4680.0,0.4240701754385965,0.13314607623142471,0.29092409920717177,2025-10-10,4070.0,-0.10526315789473684,0.2070175438596491,v6
7195,3580,12601895903.5,0.13086241897075657,0.40601420223149864,0.42229415165970785,0.019519512594008637,True,True,bear,0.018926995873061125,-0.12469437652811732,2018-04-13,017040,광명전기,0.8113879003558719,0.8790035587188612,0.7437722419928826,2018-04-16,3620.0,0.011173184357541999,0.3343977900552486,0.004172681708325854,0.33022510834692276,2018-04-20,4845.0,0.09820994475138112,0.010689202121620056,0.08752074262976106,2018-04-27,3990.0,0.3426850828729282,-0.003041313198488216,0.3457263960714164,2018-05-15,4875.0,-0.020574585635359074,-0.02514152244083634,0.004566936805477265,2018-06-15,3560.0,-0.1877016574585635,-0.06291057728179583,-0.12479108017676765,2018-07-13,2955.0,-0.01933701657458564,0.5193370165745856,v6
1872,10947,18624961500.0,0.08409708031072871,0.12425441071835519,0.37415511424434644,0.05333162245525891,True,True,bull,0.015873310473786484,-0.029263101888800214,1996-05-17,017670,SK텔레콤,0.6612903225806451,0.6451612903225806,0.8225806451612904,1996-05-18,11004.0,0.005206906001644196,0.05352453653217015,-0.021225560222596473,0.07475009675476663,1996-05-23,11637.0,-0.01308760450745183,-0.04206733331911905,0.02897972881166722,1996-05-30,10904.0,-0.07706434023991271,-0.06898573591181434,-0.008078604328098371,1996-06-12,10200.0,-0.10578117048346058,-0.09903840003411435,-0.006742770449346236,1996-07-05,9884.0,-0.0901504907306434,-0.13937869128590008,0.049228200555256674,1996-07-30,10056.0,-0.07315521628498722,0.0835150854234823,v6
6145,30798,47771209759.0,0.027777979143884135,0.15874641713257165,0.15170234081697753,0.03203672493289389,True,True,mixed,0.01986379960361795,-0.027226784586228625,2013-02-28,017670,SK텔레콤,0.654639175257732,0.8041237113402062,0.7628865979381443,2013-03-04,30970.0,0.005584778232352816,0.0182796254439781,-0.01111138497941877,0.029391010423396872,2013-03-08,31660.0,0.0182796254439781,-0.020729092208720545,0.03900871765269864,2013-03-15,31660.0,0.0015860510171132915,-0.011663503487712834,0.013249554504826126,2013-03-29,31143.0,0.06006199547949631,-0.04140395849251932,0.10146595397201563,2013-04-26,32954.0,0.21886083306425563,-0.020867121835793978,0.2397279549000496,2013-05-28,37872.0,-0.04178237003551821,0.050145301905069495,v6
6167,31660,36942410587.0,0.040230835636370754,0.20825722918694334,0.25469849214690643,0.01815842004720314,True,True,mixed,0.006846940819915659,-0.026535067490698894,2013-04-02,017670,SK텔레콤,0.6180904522613065,0.8140703517587939,0.8492462311557789,2013-04-03,31919.0,0.0081806696146558,-0.02292289858704843,-0.03514826368481594,0.012225365097767508,2013-04-09,31315.0,-0.009388639994987288,-0.03440983367743167,0.02502119368244438,2013-04-16,31747.0,0.04196008646887428,-0.013442440134424416,0.055402526603298696,2013-04-30,33386.0,0.10142310222751338,0.0047169100471691205,0.09670619218034426,2013-05-30,35284.0,0.13115461010683283,-0.06399224397325587,0.1951468540800887,2013-06-28,36233.0,-0.07569159434819384,0.0729659450484037,v6
6232,37354,47351956095.0,0.09547749761597157,0.23836579307773875,0.48763459742760673,0.047814390307762134,True,True,bear,0.03070396302555789,-0.060725690864743886,2013-07-05,017670,SK텔레콤,0.84375,0.8645833333333334,0.9010416666666666,2013-07-08,37354.0,0.0,0.009867323445949653,0.021394901710172,-0.011527578264222346,2013-07-12,37872.0,0.019103282111688106,0.022175976753458837,-0.003072694641770731,2013-07-19,38217.0,0.03757519944316545,0.05056231941053424,-0.012987119967368788,2013-08-02,38907.0,0.01216962038871339,0.05134339445382108,-0.03917377406510769,2013-09-02,37958.0,0.06758537238314499,0.09076310485522798,-0.02317773247208299,2013-10-04,40028.0,-0.03464153772019063,0.055415751994431606,v6
7527,48224,45536634005.5,0.07301013518358734,0.2387737322083363,0.3927526360489364,0.026201142803241595,True,True,bear,0.016085991418135714,-0.02441787542230589,2018-10-18,017670,SK텔레콤,0.8513011152416357,0.862453531598513,0.8921933085501859,2018-10-19,48051.0,-0.003587425348374307,0.013960084077334404,-0.03134184013595853,0.04530192421329293,2018-10-25,48914.0,-0.06503931239724459,-0.04957606827976668,-0.015463244117477903,2018-11-01,45118.0,-0.04528946327859984,-0.019717754429452672,-0.025571708849147168,2018-11-15,46067.0,0.0013901063453414277,-0.01620142155620019,0.01759152790154162,2018-12-13,48310.0,-0.03989935693325841,-0.015436184896200134,-0.02446317203705828,2019-01-15,46326.0,-0.08438950281992053,0.034109591891948066,v6
9018,57700,26963382491.4,0.05668469966385303,0.09705684086866828,0.1609038764267936,0.01427184840776663,True,True,bear,0.0170985369293144,-0.02203389830508473,2024-11-07,017670,SK텔레콤,0.7185185185185186,0.6518518518518519,0.7148148148148148,2024-11-08,57800.0,0.0017331022530329143,-0.02822145328719727,-0.06488576178142025,0.036664308494222975,2024-11-14,56400.0,-0.02995155709342556,-0.04100591487223093,0.011054357778805372,2024-11-21,56300.0,0.0029204152249136008,-0.05599798971662728,0.05891840494154088,2024-12-05,58200.0,-0.03860207612456745,-0.03657169366374147,-0.0020303824608259857,2025-01-07,55800.0,-0.05244290657439443,-0.025294777129160617,-0.027148129445233815,2025-02-10,55000.0,-0.04844290657439443,0.07093425605536341,v6
9345,79700,108320990315.95,0.003617928468204079,0.12237098683071479,-0.21468275556982075,0.012636191235111838,True,True,bull,0.014059418538074908,-0.10045146726862297,2026-03-17,017670,SK텔레콤,0.7139303482587065,0.8681592039800995,0.753731343283582,2026-03-18,81100.0,0.017565872020075313,-0.0594870530209618,-0.036964852352135424,-0.022522200668826375,2026-03-24,76600.0,-0.06195314426633791,-0.1239166999011635,0.061963555634825584,2026-03-31,76400.0,0.1735585696670776,0.03479218324634559,0.13876638642073202,2026-04-14,95500.0,0.26233785450061653,0.38395554091311057,-0.12161768641249404,2026-05-14,102700.0,0.29563008631319354,0.48185049678347847,-0.18622041047028492,2026-06-15,105400.0,-0.08877928483353881,0.2293464858199754,v6
2405,36246,2211748725.0,0.0347948702107681,0.29849813446136375,0.6401053558712213,0.03344555394582671,True,True,mixed,0.026599654174756404,-0.04530369277774848,2005-10-24,017800,현대엘리베이터,0.5195530726256983,0.8379888268156425,0.7932960893854749,2005-10-25,36245.0,-2.758925122769984e-05,0.03790922885915293,-0.03465090690850903,0.07256013576766196,2005-10-31,37764.0,0.11193323216995443,0.015662510002667274,0.09627072216728716,2005-11-07,40447.0,0.12732845909780655,0.05761536409709245,0.0697130950007141,2005-11-21,41005.0,0.09099241274658576,0.11646439050413449,-0.025471977757548725,2005-12-19,39688.0,0.0686445026900262,0.15829221125633497,-0.08964770856630877,2006-01-17,38878.0,-0.020995999448199743,0.22905228307352732,v6
4704,38451,11374323065.0,0.1276387667697345,0.40947717159024577,0.6677241442846139,0.002005727645134181,True,True,bear,0.03770313286437754,-0.05502580486606046,2015-01-27,017800,현대엘리베이터,0.780373831775701,0.9112149532710281,0.9158878504672897,2015-01-28,38263.0,-0.004889339679072013,0.018789640122311328,0.0026968577754262757,0.016092782346885052,2015-02-03,39135.0,-0.015368685152758573,-0.005573506069214251,-0.009795179083544322,2015-02-10,37828.0,0.14400198625303817,0.02008003246503076,0.12392195378800741,2015-02-27,43926.0,0.1277460732300133,0.037545397105886336,0.09020067612412697,2015-03-27,43304.0,0.20578490970389152,0.10946160445058584,0.09632330525330568,2015-04-24,46290.0,-0.03577868959569297,0.15937067140579675,v6
4739,42930,14955659530.0,0.0394616747604144,0.2953843682557191,0.8941080012612941,0.04436990381945316,True,True,bull,0.032535821873741044,-0.032258064516129004,2015-03-20,017800,현대엘리베이터,0.616600790513834,0.8221343873517787,0.9525691699604744,2015-03-23,43614.0,0.015932914046121516,-0.011107809418993916,-0.011462299703409395,0.0003544902844154797,2015-03-27,43304.0,0.12297757600770387,0.0010767318252562497,0.12190084418244762,2015-04-03,49152.0,0.20001705874260556,0.04907939428940589,0.15093766445319967,2015-04-17,52512.0,0.05306883110927685,0.037993950724836134,0.015074880384440714,2015-05-19,46103.0,0.23152070436098504,-0.0040915809359737265,0.23561228529695877,2015-06-17,53886.0,-0.0741734305498235,0.23822625762369887,v6
6740,35900,15234657147.5,0.020495622889810106,0.23079121751287945,0.2836322609405686,0.036882190435930884,True,True,bull,0.03697284806470247,-0.04648074369189903,2023-05-04,017800,현대엘리베이터,0.5789473684210527,0.8011695906432749,0.7748538011695907,2023-05-08,35500.0,-0.011142061281337101,0.18191549295774645,-0.017117127848387814,0.19903262080613426,2023-05-12,42100.0,0.22135211267605626,0.007647318078402687,0.21370479459765357,2023-05-19,43500.0,0.16219718309859155,0.038466883459795875,0.12373029963879567,2023-06-05,41400.0,0.09740845070422544,0.02969192346328997,0.06771652724093546,2023-07-04,39100.0,0.2171267605633802,0.058978848772895276,0.15814791179048493,2023-08-01,43350.0,-0.021126760563380254,0.2591549295774649,v6
1883,3914,2043834595.0,0.12084289896924305,0.24773991687344754,0.5752163429826158,0.056473012841038006,True,True,bear,0.035175879396984966,-0.09209000231964737,2002-10-25,017810,풀무원,0.8695652173913043,0.8804347826086957,0.967391304347826,2002-10-28,3872.0,-0.01073071027082273,-0.0011590909090908284,-0.028952261005157798,0.02779317009606697,2002-11-01,3883.0,-0.009165289256198302,0.01182979489024838,-0.020995084146446682,2002-11-08,3852.0,0.19305578512396693,0.038847906920954633,0.1542078782030123,2002-11-22,4635.0,0.1553491735537189,0.036613889888448936,0.11873528366526998,2002-12-23,4489.0,-0.18840082644628098,-0.06264243732757602,-0.12575838911870496,2003-01-23,3158.0,-0.06740702479338845,0.21849173553719003,v6
6281,19450,5374534997.5,0.01877503762195598,0.16871738459332897,0.6559700829937567,0.031993502480680336,True,True,bull,0.02113138207113785,-0.14128035320088306,2020-08-05,017810,풀무원,0.554945054945055,0.7115384615384616,0.8873626373626373,2020-08-06,20000.0,0.028277634961439535,-0.011499999999999951,0.047235042882237455,-0.05873504288223741,2020-08-12,19850.0,-0.09899999999999998,-0.020846967244170456,-0.07815303275582952,2020-08-20,18100.0,-0.08650000000000002,0.03154169393448836,-0.11804169393448838,2020-09-03,18350.0,-0.11150000000000004,0.01862535735197879,-0.13012535735197883,2020-10-06,17850.0,-0.23150000000000004,0.014931285089381241,-0.24643128508938128,2020-11-04,15450.0,-0.13249999999999995,0.10499999999999998,v6
2554,3300,3140937851.75,0.0733166409774818,0.8311460191470721,0.8619994801293509,0.05674599501796851,True,True,mixed,0.0015174506828528056,-0.14396887159533078,2005-04-01,017960,한국카본,0.8389261744966443,0.912751677852349,0.8322147651006712,2005-04-04,3320.0,0.0060606060606061,0.01557831325301207,0.005035677879714706,0.010542635373297363,2005-04-11,3385.0,-0.09737349397590367,-0.05708460754332312,-0.04028888643258055,2005-04-18,3010.0,-0.19375903614457834,-0.06379204892966361,-0.12996698721491473,2005-05-02,2690.0,-0.16665060240963858,-0.010998980632008104,-0.15565162177763048,2005-05-31,2780.0,-0.14104819277108438,0.018430173292558694,-0.15947836606364307,2005-06-29,2865.0,-0.28915662650602414,0.1355421686746987,v6
2941,7860,3428789640.0,0.008341100314472993,0.09502878761553069,0.766525188764381,0.0485682764213784,True,True,mixed,0.022505528814882325,-0.047272727272727244,2006-10-20,017960,한국카본,0.5185185185185185,0.6444444444444445,0.9629629629629629,2006-10-23,7900.0,0.0050890585241729624,0.037772151898734174,0.001426335269248069,0.036345816629486105,2006-10-27,8230.0,0.09853164556962035,0.012244539696007806,0.08628710587361255,2006-11-03,8710.0,0.06562025316455689,0.03297394560908162,0.03264630755547526,2006-11-17,8450.0,-0.009063291139240533,0.040032476556899566,-0.0490957676961401,2006-12-15,7860.0,-0.06729113924050634,0.009026142165396323,-0.07631728140590266,2007-01-17,7400.0,-0.005063291139240533,0.12658227848101267,v6
4256,6230,2471053643.5,0.029904000783797624,0.30954465077447235,0.26079336011063337,0.029470907306495153,True,True,bull,0.027967989439815266,-0.04006163328197232,2012-02-01,017960,한국카본,0.5023255813953489,0.8837209302325582,0.8,2012-02-02,6280.0,0.008025682182985605,0.06287898089171984,0.010846369997427052,0.052032610894292786,2012-02-08,6700.0,0.09313375796178347,0.021738143404145704,0.07139561455763777,2012-02-15,6890.0,0.19026751592356694,0.024225241268672093,0.16604227465489485,2012-02-29,7500.0,-0.01673885350318471,0.016234241233358482,-0.032973094736543196,2012-03-29,6200.0,-0.10431847133757965,-0.0034708383991767233,-0.10084763293840293,2012-04-27,5650.0,-0.019108280254777066,0.22770700636942665,v6
5940,7330,2620795156.5,0.08971874712557559,0.2596710788792146,0.3509582115375618,0.03287979692069043,True,True,mixed,0.02467323687705325,-0.04057591623036649,2018-12-05,017960,한국카본,0.6024590163934426,0.9016393442622951,0.9221311475409836,2018-12-06,7330.0,0.0,-0.02992087312414737,-0.005752833449503836,-0.024168039674643534,2018-12-12,7140.0,0.0260136425648021,-0.007533586044246587,0.033547228609048685,2018-12-19,7550.0,-0.07766984993178716,-0.027460828217051314,-0.050209021714735846,2019-01-07,6790.0,0.042384720327421466,0.05194259579303173,-0.009557875465610266,2019-02-07,7670.0,0.12833287858117326,0.020442848822220805,0.10789002975895245,2019-03-08,8300.0,-0.1255115961800819,0.09959072305593453,v6
5998,8350,3726250536.0,0.0990919563099355,0.14409082946633167,0.4015748252437662,0.04984509907289847,True,True,bull,0.03907416625186655,-0.021101992966002348,2019-03-06,017960,한국카본,0.7804054054054054,0.7905405405405406,0.9358108108108109,2019-03-07,8320.0,-0.003592814371257469,0.023644230769230837,-0.011402592502266384,0.03504682327149722,2019-03-13,8550.0,0.04167307692307687,0.0017991984133922667,0.0398738785096846,2019-03-20,8700.0,-0.035250000000000004,0.01384140365085429,-0.04909140365085429,2019-04-03,8060.0,0.024846153846153744,0.018203654535498437,0.006642499310655307,2019-05-02,8560.0,-0.05207692307692313,-0.060487118015451924,0.008410194938528792,2019-05-31,7920.0,-0.05649038461538458,0.07331730769230771,v6
6410,10050,17334374665.0,0.04338155859638615,0.13676122702738702,0.2876505009537611,0.052265115764048575,True,True,mixed,0.005452453604121832,-0.11842105263157898,2020-11-03,017960,한국카본,0.6887608069164265,0.7262247838616714,0.7348703170028819,2020-11-04,10250.0,0.01990049751243772,0.025268292682926855,0.038753747903714775,-0.01348545522078792,2020-11-10,10550.0,0.13746341463414624,0.07530957261192883,0.06215384202221741,2020-11-17,11700.0,0.2691707317073171,0.1155836565988515,0.1535870751084656,2020-12-01,13050.0,0.30819512195121956,0.21689139972557703,0.09130372222564254,2020-12-30,13450.0,0.14234146341463405,0.26040096217369935,-0.1180594987590653,2021-01-29,11750.0,-0.035121951219512226,0.36097560975609766,v6
6445,13400,22883135200.0,0.06775106067688053,0.2785924423989947,0.48767845191184844,0.06404945299428522,True,True,bull,0.033950617283950546,-0.06293706293706292,2020-12-22,017960,한국카본,0.7659574468085106,0.8581560283687943,0.8368794326241135,2020-12-23,13500.0,0.00746268656716409,-0.007703703703703654,0.049577388649031606,-0.05728109235273526,2020-12-30,13450.0,0.025629629629629672,0.1513803356052803,-0.12575070597565063,2021-01-08,13900.0,-0.066962962962963,0.14716152739120592,-0.21412449035416892,2021-01-22,12650.0,-0.11511111111111116,0.12139574977901502,-0.23650686089012618,2021-02-23,12000.0,-0.1373333333333333,0.09446112486941782,-0.23179445820275113,2021-03-24,11700.0,-0.0888888888888889,0.09259259259259256,v6
7482,16200,21634454051.5,0.12975995023604803,0.5173042249329998,0.47889812928070796,0.024512506029077397,True,True,bull,0.036070606293169716,-0.04311872415829887,2025-03-18,017960,한국카본,0.8271186440677966,0.9186440677966101,0.8440677966101695,2025-03-19,16190.0,-0.0006172839506173311,-0.1269153798641136,0.0008915315977164884,-0.1278069114618301,2025-03-25,14200.0,-0.1102384187770229,-0.03523654284708522,-0.07500187592993768,2025-04-01,14470.0,0.2016825200741199,-0.05206468004346698,0.2537472001175869,2025-04-15,19520.0,0.2560370599135269,0.005123436949967086,0.2509136229635598,2025-05-16,20400.0,0.5617813465101915,0.12887797113427313,0.4329033753759184,2025-06-17,25350.0,-0.17603458925262505,0.20691785052501555,v6
7592,30900,15680393287.5,0.03155916824018068,0.22309627803387233,0.7659444853411153,0.026961004635159824,True,True,mixed,0.008403361344537785,-0.05936073059360736,2025-08-27,017960,한국카본,0.7058823529411765,0.8754325259515571,0.9515570934256056,2025-08-28,31100.0,0.006472491909385036,0.081209003215434,0.0028626945860745767,0.07834630862935943,2025-09-03,33750.0,0.086032154340836,0.04383796329830303,0.04219419104253297,2025-09-10,33900.0,0.058700964630225005,0.09347374918512408,-0.03477278455489907,2025-09-24,33050.0,0.18892604501607724,0.28526798789417174,-0.0963419428780945,2025-10-29,37100.0,-0.10850160771704176,0.2473884604119887,-0.35589006812903046,2025-11-26,27850.0,-0.0112540192926045,0.152733118971061,v6
3843,1980,2398942755.5,0.17462654728681204,0.6221781415436893,2.006517446203895,0.07897770177981478,True,True,bull,0.028411156702851548,-0.05759162303664922,2010-11-01,018500,동원모빌리티,0.8125,0.9598214285714286,0.9955357142857143,2010-11-02,1980.0,0.0,-0.07218181818181824,0.015756060827912366,-0.0879378790097306,2010-11-08,1845.0,-0.058040404040404,0.0008000920367310371,-0.05884049607713504,2010-11-15,1873.0,-0.2742020202020202,-0.008753948166586478,-0.26544807203543375,2010-11-29,1445.0,-0.25804040404040407,0.05747589265170383,-0.3155162966921079,2010-12-27,1477.0,-0.2322828282828283,0.09119480410818515,-0.32347763239101346,2011-01-25,1528.0,-0.30353535353535355,0.04949494949494948,v6
3477,52025,4397716096.2,0.07695463384123613,0.41316100135420264,0.2843106629950365,0.014631197794390705,True,True,bear,0.0087691658870237,-0.06266327946237138,2011-06-22,018670,SK가스,0.6685082872928176,0.8950276243093923,0.7403314917127072,2011-06-23,52020.0,-9.610764055745236e-05,0.04853748558246829,0.022636055584309034,0.025901429998159253,2011-06-29,54753.0,0.14798000768935027,0.060120308975323056,0.08785969871402721,2011-07-06,59926.0,0.24021376393694727,0.05219085378358046,0.1880229101533668,2011-07-20,64724.0,0.28362014609765485,-0.09154028690565708,0.3751604330033119,2011-08-18,66982.0,0.341520953479431,-0.1108951886175209,0.4524161420969519,2011-09-19,69994.0,0.0,0.2676855055747789,v6
4255,107309,2124519500.0,0.09601286204030224,0.10431668143813622,0.47307563171770517,0.029240568930220645,True,True,bull,0.024484852882279418,-0.030010214319934225,2014-08-11,018670,SK가스,0.8154506437768241,0.6695278969957081,0.8755364806866953,2014-08-12,107305.0,-3.7275531409308726e-05,0.02257844462047443,0.011106283471409295,0.011472161149065133,2014-08-19,110157.0,0.0358490284702484,0.009597781672435524,0.026251246797812877,2014-08-26,111581.0,0.07567941848003357,-0.0031878694975078226,0.07886728797754139,2014-09-12,115855.0,0.19072531568892415,-0.05816275221027245,0.2488880678991966,2014-10-14,128200.0,0.1287803923395927,-0.04168639760983006,0.17046678994942277,2014-11-11,121553.0,-0.02655048692977957,0.18142677414845543,v6
4282,117755,2000785425.0,0.07645883609617687,0.2925586490919281,0.5407256741313611,0.04921968854408765,True,True,mixed,0.03809583840421249,-0.07113502086406409,2014-09-23,018670,SK가스,0.6493506493506493,0.8051948051948052,0.8961038961038961,2014-09-24,118226.0,0.0039998301558319405,0.12455040346455104,-0.0023015187060131392,0.12685192217056418,2014-09-30,133424.0,0.1486398592526179,-0.029386343993085595,0.1780262032457035,2014-10-08,136272.0,0.08839930302979049,-0.045980985306827926,0.13438028833661841,2014-10-23,129150.0,-0.08027763774465857,-0.032947277441659484,-0.047330360302999086,2014-11-20,109208.0,-0.22406157697968299,-0.06284726509445615,-0.16121431188522684,2014-12-18,92209.0,-0.02812410129751497,0.2369529545108522,v6
4304,136272,3002116725.0,0.1757029609039129,0.29791286216771184,0.5631523822497416,0.06191324227450057,True,True,bear,0.033676483806895696,-0.0681619256017505,2014-10-27,018670,SK가스,0.8376068376068376,0.7905982905982906,0.8461538461538461,2014-10-28,136270.0,-1.4676529294321838e-05,-0.03534952667498348,0.009046944912320498,-0.044396471587303976,2014-11-03,131998.0,-0.12593439495119985,0.011764645097289472,-0.13769904004848932,2014-11-10,119654.0,-0.20956982461290086,0.02225827451871898,-0.23182809913161984,2014-11-24,108257.0,-0.308520437366992,0.003957715478490886,-0.31247815284548286,2014-12-22,94773.0,-0.3998318045057606,-0.00756409329048402,-0.3922677112152766,2015-01-22,82330.0,-0.23694870477728036,0.0,v6
6784,209500,2140947785.0,0.11545163683428328,0.24017218063211943,0.3026807558335026,0.027894013743369417,True,True,bear,0.03831094810923319,-0.0210280373831776,2024-11-26,018670,SK가스,0.8428571428571429,0.8821428571428571,0.8535714285714285,2024-11-27,212000.0,0.01193317422434359,0.003075471698113178,-0.0074320515161862,0.010507523214299378,2024-12-03,213500.0,-0.025226415094339646,-0.04009020096711957,0.014863785872779926,2024-12-10,207500.0,-0.037018867924528354,-0.03108598470712487,-0.005932883217403484,2024-12-24,205000.0,0.03845283018867929,0.00713826315496946,0.03131456703370983,2025-01-24,221000.0,0.13750943396226423,0.04086437300005552,0.0966450609622087,2025-02-27,242000.0,-0.10377358490566035,0.10377358490566047,v6
6821,223500,2285009395.0,0.08772122749583477,0.24438702596761286,0.3486933566467336,0.016829743158396582,True,True,mixed,0.03900330063688351,-0.04487179487179482,2025-01-21,018670,SK가스,0.7330827067669173,0.8082706766917294,0.8195488721804511,2025-01-22,224500.0,0.004474272930648837,-0.044089086859688154,-0.03227778215947641,-0.011811304700211744,2025-02-03,215500.0,-0.019590200445434244,-0.005729947156715931,-0.013860253288718313,2025-02-10,221000.0,0.1006770601336302,0.04316980834450668,0.057507251789123526,2025-02-24,248000.0,0.08063251670378624,0.03155217288429668,0.04908034381948956,2025-03-25,243500.0,0.03831625835189301,-0.019386386939033162,0.05770264529092617,2025-04-22,234000.0,-0.060133630289532336,0.11804008908685959,v6
1114,790,2112537275.0,0.006720575657944483,0.3080426639622099,0.40532081583634605,0.0290713389676569,True,True,bear,-0.004849782704541172,-0.09299655568312282,2000-08-28,018880,한온시스템,0.5064935064935064,0.7792207792207793,0.8831168831168831,2000-08-29,791.0,0.0012658227848101333,-0.01790644753476611,-0.07144414763124907,0.053537700096482954,2000-09-04,780.0,-0.12283691529709229,-0.11391266423158708,-0.008924251065505207,2000-09-14,697.0,-0.23788116308470286,-0.17427629068309436,-0.0636048724016085,2000-09-28,606.0,-0.36556763590391905,-0.29763397481328024,-0.06793366109063881,2000-10-27,505.0,-0.3036207332490518,-0.27650874993185415,-0.027111983317197663,2000-11-24,554.0,-0.3969658659924147,0.04551201011378003,v6
3626,4043,5126779317.5,0.09935031401227779,0.13535741825255387,0.39196960583448104,0.02131820107395055,True,True,bull,0.015510204081632617,-0.03323768531802962,2010-10-22,018880,한온시스템,0.7488372093023256,0.6465116279069767,0.7953488372093023,2010-10-25,4052.0,0.0022260697501854665,-0.045214215202369235,-0.010281154895375066,-0.03493306030699417,2010-10-29,3885.0,-0.08642843040473835,0.019158900610246388,-0.10558733101498474,2010-11-05,3718.0,-0.12097926949654492,0.020210143442084494,-0.1411894129386294,2010-11-19,3578.0,-0.09555972359328724,0.06506667507660935,-0.1606263986698966,2010-12-17,3681.0,-0.09555972359328724,0.10372613021744947,-0.1992858538107367,2011-01-17,3681.0,-0.16288252714708784,0.06663376110562691,v6
4381,7436,7766390157.0,0.02546891846855659,0.209771123886626,0.3046222698588421,0.03307995258547458,True,True,bull,0.01956590295202454,-0.05885330970763192,2013-11-06,018880,한온시스템,0.5894736842105263,0.9526315789473684,0.9052631578947369,2013-11-07,7324.0,-0.015061861215707406,0.006240305843801201,-0.025455989279598912,0.03169629512340011,2013-11-13,7399.0,-0.031853631895139234,0.0011861925205349788,-0.03303982441567421,2013-11-20,7120.0,-0.10421845985800104,-0.013921631883266672,-0.09029682797473437,2013-12-04,6590.0,-0.09029164391043143,-0.03055810606248599,-0.05973353784794544,2014-01-06,6692.0,-0.06994756963407978,-0.061309774921210036,-0.00863779471286974,2014-02-05,6841.0,-0.10021845985800104,0.06608410704533041,v6
4921,9834,7883175641.5,0.1393000310947453,0.3995827586568462,0.5719334297014207,0.09072129807841023,True,True,bear,0.028026636280956252,-0.025757875965920385,2016-01-15,018880,한온시스템,0.7338709677419355,0.9274193548387096,0.9475806451612904,2016-01-18,9871.0,0.003762456782590906,,0.012607554834781709,,2016-01-22,9760.0,,0.03018808963217179,,2016-01-29,9760.0,-0.10003890183365416,0.015037472454647816,-0.11507637428830197,2016-02-17,8923.0,-0.11513362374632763,0.07109798871785489,-0.18623161246418252,2016-03-17,8774.0,-0.10095066355992299,0.08549430774287048,-0.18644497130279347,2016-04-15,8914.0,-0.177996150339378,0.031101205551615774,v6
5330,11201,26048883336.4,0.11814066742554363,0.054719095976609844,0.1626037295672642,0.04894192568713862,True,True,mixed,0.03794172292210107,-0.03597555727687407,2017-09-12,018880,한온시스템,0.8177966101694916,0.6822033898305084,0.7669491525423728,2017-09-13,11526.0,0.029015266494063052,0.012137428422696498,0.01919815738186248,-0.0070607289591659815,2017-09-19,11712.0,0.024197119555786854,0.0015945733883420132,0.02260254616744484,2017-09-26,11851.0,0.08067811903522482,0.04740270149417425,0.03327541754105057,2017-10-18,12502.0,0.03634357105674124,0.06231069714073589,-0.02596712608399465,2017-11-15,11991.0,0.10080652437966342,0.04640714773848997,0.05439937664117345,2017-12-13,12734.0,-0.024206142634044747,0.08866909595696693,v6
5390,12734,14009537117.5,0.0769338528102701,0.08821282893642435,0.15021890136023863,0.019853450774362624,True,True,mixed,0.02046295071982951,-0.06806206088992972,2017-12-13,018880,한온시스템,0.6974169741697417,0.7121771217712177,0.7785977859778598,2017-12-14,12641.0,-0.007303282550651824,-0.014995965509057792,-0.005710677760931815,-0.009285287748125978,2017-12-20,12502.0,0.01807103868364846,-0.0076732205407450405,0.0257442592243935,2017-12-28,12920.0,-0.10328012024365163,0.006901072561801946,-0.11018119280545358,2018-01-15,11386.0,-0.11427608575270942,-0.04069461145272402,-0.0735814742999854,2018-02-12,11247.0,-0.13634712443635788,0.002336551957113686,-0.13868367639347157,2018-03-15,10968.0,-0.13234712443635788,0.033146111858239014,v6
4313,10800,26627777790.5,0.1132228714998802,0.1636178700935904,0.43230940552692676,0.016993556453984038,True,True,bull,0.035822183858437606,-0.10299003322259137,2021-07-06,019680,대교,0.8553719008264463,0.731404958677686,0.756198347107438,2021-07-07,10860.0,0.005555555555555536,-0.055565377532228344,-0.009749999243247487,-0.04581537828898086,2021-07-13,10300.0,-0.09976427255985265,-0.021458473963173463,-0.07830579859667919,2021-07-20,9820.0,-0.155012891344383,-0.02011448151859041,-0.1348984098257926,2021-08-03,9220.0,-0.2038158379373849,-0.029231835669680573,-0.17458400226770432,2021-09-01,8690.0,-0.2397274401473296,-0.10334817577241728,-0.13637926437491232,2021-10-05,8300.0,-0.15193370165745856,0.012891344383057168,v6
2473,17096,3443998812.5,0.1595471568799669,0.40743784685859397,0.562730722069688,0.0242867985087456,True,True,mixed,0.030857590786439015,-0.10285474391267846,2006-01-27,020000,한섬,0.8830409356725146,0.8947368421052632,0.8128654970760234,2006-01-31,16950.0,-0.008540009358914413,-0.04742182890855462,-0.03583876508253614,-0.01158306382601848,2006-02-06,16214.0,-0.05892625368731563,-0.05082248780102194,-0.00810376588629369,2006-02-13,16019.0,0.0711032448377582,-0.011951045986015152,0.08305429082377336,2006-02-27,18223.0,0.07399410029498532,-0.04326235528310973,0.11725645557809505,2006-03-28,18272.0,0.04219469026548661,0.028487039259509572,0.01370765100597704,2006-04-25,17733.0,-0.10985250737463126,0.07510324483775821,v6
3843,29050,2038103185.0,0.08282813366426178,0.36335399421812886,0.47208917853038335,0.031233893296625626,True,True,bull,0.030690083377683086,-0.02842809364548493,2011-08-02,020000,한섬,0.6310679611650486,0.8883495145631068,0.8349514563106796,2011-08-03,28950.0,-0.0034423407917383297,-0.09381001727115712,-0.13362896127819013,0.03981894400703301,2011-08-09,26350.0,0.025360967184801412,-0.08970801129285921,0.11506897847766062,2011-08-17,29800.0,0.032269430051813375,-0.09574882526368445,0.12801825531549782,2011-08-31,30000.0,-0.1369879101899827,-0.1488752831631549,0.011887372973172217,2011-09-30,25100.0,-0.060994818652849725,-0.08183956252194369,0.020844743869093962,2011-10-31,27300.0,-0.1623488773747841,0.12262521588946451,v6
4621,33350,2299765945.0,0.09578659371285381,0.1767085449070378,0.21527596900536494,0.031442979614019206,True,True,mixed,0.03011583011583019,-0.02342606149341142,2014-09-25,020000,한섬,0.7280701754385965,0.6754385964912281,0.7105263157894737,2014-09-26,33000.0,-0.010494752623688153,0.005090909090909038,-0.021300831529787012,0.02639174062069605,2014-10-02,33300.0,-0.0797575757575758,-0.04554346587954461,-0.034214109878031196,2014-10-13,30500.0,0.03539393939393931,-0.04318606159956817,0.07858000099350748,2014-10-27,34300.0,-0.0918787878787879,-0.02012212938979885,-0.07175665848898904,2014-11-24,30100.0,-0.06006060606060604,-0.03766399064962345,-0.02239661541098259,2014-12-22,31150.0,-0.10303030303030303,0.07575757575757569,v6
1314,17960,12180063230.0,0.17877502678026125,0.5109924192487587,0.6144479982924326,0.07626050073936486,True,True,bear,0.018550550391597476,-0.0701045873459667,2016-06-28,020150,롯데에너지머티리얼즈,0.9285714285714286,0.9392857142857143,0.9392857142857143,2016-06-29,18153.0,0.010746102449888717,0.017318790282597977,0.022370537067579077,-0.0050517467849811,2016-07-05,18540.0,-0.07065564920398837,0.02307957108579828,-0.09373522028978665,2016-07-12,16943.0,-0.04134919847959018,0.04163262789586453,-0.0829818263754547,2016-07-26,17475.0,-0.033306450724398196,0.050069105127138025,-0.08337555585153622,2016-08-24,17621.0,-0.13466710736517384,0.05179031089600317,-0.186457418261177,2016-09-26,15781.0,-0.06935492756018291,0.04798104996419328,v6
1613,41300,43154593487.5,0.12233839574774441,0.563723467560929,1.5596181855372846,0.04845177761554309,True,True,mixed,0.03327495621716281,-0.07606263982102912,2017-09-11,020150,롯데에너지머티리얼즈,0.8347457627118644,0.9830508474576272,0.9915254237288136,2017-09-12,42000.0,0.016949152542372836,0.00552380952380949,0.019472854360418568,-0.013949044836609078,2017-09-18,42400.0,-0.15757142857142858,0.0035328538545207344,-0.16110428242594932,2017-09-25,35550.0,-0.17661904761904768,0.0473646933836982,-0.22398374100274587,2017-10-17,34750.0,-0.11828571428571433,0.06518494785035545,-0.18347066213606977,2017-11-14,37200.0,-0.1385238095238095,0.037512331261962295,-0.1760361407857718,2017-12-12,36350.0,-0.22619047619047616,0.07380952380952377,v6
1811,43500,26975432337.5,0.15784726093781343,0.3366903888637175,0.2939218921892188,0.02559014357246281,True,True,bear,0.0395507229059624,-0.03867403314917128,2018-07-09,020150,롯데에너지머티리얼즈,0.9240924092409241,0.8910891089108911,0.7722772277227723,2018-07-10,44200.0,0.016091954022988464,0.13853393665158364,0.0012613686284572712,0.13727256802312637,2018-07-16,50500.0,0.13853393665158364,-0.012952950950158582,0.15148688760174223,2018-07-23,50500.0,0.16794570135746612,-0.005476079666302813,0.17342178102376893,2018-08-06,51800.0,0.3059547511312217,0.0072332966521535536,0.29872145447906817,2018-09-04,57900.0,0.1215656108597285,-0.01968604969792409,0.1412516605576526,2018-10-08,49750.0,-0.02941176470588236,0.3054298642533937,v6
2561,28302,9953625371.0,0.07366262734611106,0.5170138346665802,0.5606748881057302,0.06772263444962134,True,True,mixed,0.027282774991969294,-0.06907440299980261,2010-05-12,020560,아시아나항공,0.6666666666666666,0.9086021505376344,0.8602150537634409,2010-05-13,28778.0,0.01681859939226915,0.2647122107165196,-0.03188102817503691,0.29659323889155653,2010-05-19,36511.0,0.1734966988671902,-0.045291490473701734,0.21878818934089195,2010-05-27,33886.0,0.30286635624435343,-0.005000712690644837,0.30786706893499827,2010-06-11,37609.0,0.5649068038084648,0.023310923171948605,0.5415958806365162,2010-07-09,45150.0,0.5151465702967544,0.059432460683232824,0.45571410961352155,2010-08-06,43718.0,-0.008304955174091355,0.3084647994996177,v6
3757,41713,43816573529.0,0.06554429549464835,0.3442730187810057,0.8566769858281467,0.040288527318229184,True,True,bull,0.0007953483517815219,-0.12421004010161873,2015-03-12,020560,아시아나항공,0.7166666666666667,0.8541666666666666,0.9625,2015-03-13,42475.0,0.01826768633279796,-0.011816362566215429,0.02552373475847558,-0.03734009732469101,2015-03-19,42143.0,-0.03430017657445561,0.017809246315111382,-0.05210942288956699,2015-03-26,41188.0,0.010643908181283027,0.03608146258246636,-0.025437554401183334,2015-04-09,43097.0,-0.2017163037080636,0.05546078090953466,-0.25717708461759825,2015-05-11,34077.0,-0.27138081224249555,0.03867812014070271,-0.31005893238319826,2015-06-09,31118.0,-0.058434373160682784,0.06403766921718668,v6
5946,12140,4379459473.5,0.10253546298340677,0.14524177155020035,0.1422023059894345,0.027978642482315186,True,True,bear,0.038672142368241014,-0.11451495258935085,2024-01-31,020560,아시아나항공,0.7658227848101266,0.8069620253164557,0.7120253164556962,2024-02-01,13280.0,0.09390444810543652,-0.002493975903614439,0.04721240163246976,-0.0497063775360842,2024-02-07,13300.0,-0.04315662650602414,0.06293515467930488,-0.10609178118532903,2024-02-16,12760.0,-0.13728313253012048,0.07317219986115187,-0.21045533239127234,2024-03-04,11510.0,-0.15083734939759041,0.10270352698510798,-0.2535408763826984,2024-04-01,11330.0,-0.1771927710843374,0.08031124469788486,-0.25750401578222226,2024-04-30,10980.0,-0.13478915662650603,0.10015060240963858,v6
2619,12537,7141884482.5,0.063931283170376,0.4181506262385638,0.3512273250011452,0.006225319589898248,True,True,bear,0.026806555443622537,-0.05452488687782808,2012-07-27,020760,일진디스플,0.7627118644067796,0.9548022598870056,0.8983050847457628,2012-07-30,12778.0,0.019223099625109707,-0.06058162466739714,0.0009041640272657858,-0.061485788694662924,2012-08-03,12055.0,-0.007130380341211492,0.053811295011938265,-0.06094167535314976,2012-08-10,12738.0,-0.029121302238221954,0.03836470836649508,-0.06748601060471704,2012-08-27,12457.0,0.14383221161371096,0.0846936399911209,0.059138571622590064,2012-09-24,14667.0,0.2382131789012365,0.036247773428405905,0.2019654054728306,2012-10-24,15873.0,-0.06605102519956174,0.12576303020817026,v6
2647,14025,7973051340.0,0.1447042402863572,0.34093065112016263,0.38672487232042563,0.04641609886192133,True,True,mixed,0.03490259740259738,-0.02502606882168923,2012-09-06,020760,일진디스플,0.7537688442211056,0.8743718592964824,0.8693467336683417,2012-09-07,14385.0,0.025668449197860932,0.03513799096280845,0.016852936883588132,0.01828505407922032,2012-09-13,14948.0,0.04076885644768846,0.03751642027565216,0.0032524361720362993,2012-09-20,15029.0,-0.0541911713590546,0.033116828958068556,-0.08730800031712316,2012-10-08,13663.0,0.20837400069516865,-0.005285764924206071,0.21365976561937472,2012-11-05,17440.0,0.24188112617309687,0.011290894305552746,0.23059023186754413,2012-12-03,17922.0,-0.05582203684393461,0.06423357664233587,v6
1695,14350,4141274547.5,0.0680060280309045,0.3863892192770202,1.3551975055588017,0.043215920823289844,True,True,bull,0.0299659070518572,-0.05592105263157898,2005-02-23,021240,코웨이,0.5231788079470199,0.7814569536423841,0.9139072847682119,2005-02-24,14650.0,0.020905923344947785,0.0813242320819112,0.039025643661030784,0.04229858842088041,2005-03-03,15900.0,-0.014238907849829393,0.026424790585333202,-0.0406636984351626,2005-03-10,14500.0,0.04036860068259385,-0.017082069993319293,0.05745067067591314,2005-03-24,15300.0,-0.010825938566552892,-0.03305411377768652,0.02222817521113363,2005-04-22,14550.0,-0.17123549488054612,-0.022508864792641026,-0.1487266300879051,2005-05-23,12200.0,-0.05460750853242324,0.11945392491467577,v6
1970,28000,9061511354.5,0.059646923197589574,0.1835619734516276,0.3116537658638159,0.03650051905232354,True,True,mixed,0.016057334663884593,-0.03114186851211076,2006-03-29,021240,코웨이,0.7101449275362319,0.8115942028985508,0.7536231884057971,2006-03-30,28100.0,0.0035714285714285587,0.028028469750889688,0.03708433213104234,-0.009055862380152654,2006-04-05,29000.0,0.038704626334519654,0.03321609128450986,0.005488535050009791,2006-04-12,29300.0,0.004896797153024938,0.0837197840356656,-0.07882298688264067,2006-04-26,28350.0,-0.26378647686832746,-0.01245603423169106,-0.2513304426366364,2006-05-26,20800.0,-0.3776654804270463,-0.06838123828512965,-0.30928424214191663,2006-06-27,17600.0,-0.014234875444839812,0.08718861209964412,v6
2869,39450,9161657070.0,0.07518118575191446,0.11804548793045089,0.33478234075416835,0.01247865255214542,True,True,mixed,0.014790996784565857,-0.03545232273838628,2009-11-11,021240,코웨이,0.8354430379746836,0.7215189873417721,0.9113924050632911,2009-11-12,39450.0,0.0,-0.01920912547528519,0.003390572706515327,-0.022599698181800517,2009-11-18,38850.0,-0.04202281368821292,0.008338807043883678,-0.0503616207320966,2009-11-25,37950.0,-0.05469708491761727,0.022282693691157762,-0.07697977860877503,2009-12-09,37450.0,-0.06103422053231944,0.059785430546432705,-0.12081965107875214,2010-01-11,37200.0,-0.16876552598225603,-0.02862594226017323,-0.1401395837220828,2010-02-08,32950.0,-0.08618504435994934,0.03548795944233207,v6
3883,64900,14903318385.0,0.03510171086998737,0.07773640552556094,0.17736258772739055,0.02307907770815465,True,True,mixed,0.014141729822642501,-0.03851851851851851,2013-12-09,021240,코웨이,0.6971428571428572,0.76,0.8457142857142858,2013-12-10,65900.0,0.015408320493066174,-0.03283156297420331,-0.019439708404373923,-0.013391854569829387,2013-12-16,64000.0,-0.03738391502276173,-0.0015699764503531721,-0.035813938572408555,2013-12-23,63700.0,-0.03738391502276173,-0.026959595606065978,-0.010424319416695749,2014-01-09,63700.0,0.029383915022761723,-0.03836442453363198,0.0677483395563937,2014-02-10,68100.0,0.10373899848254942,-0.022804657930130978,0.1265436564126804,2014-03-10,73000.0,-0.060698027314112335,0.03186646433990892,v6
3909,66000,9334193049.5,0.04529802411867012,0.15613283583189907,0.09409977547824222,0.020129970779537487,True,True,bear,0.023652578518805756,-0.02941176470588236,2014-01-17,021240,코웨이,0.5672514619883041,0.8011695906432749,0.7192982456140351,2014-01-20,66000.0,0.0,-0.019151515151515138,-0.0027903534961639664,-0.01636116165535117,2014-01-24,65000.0,-0.004,-0.030390700877188537,0.026390700877188537,2014-02-04,66000.0,0.006606060606060508,0.00047276707485655045,0.006133293531203957,2014-02-18,66700.0,0.08993939393939399,-0.002970210535511497,0.09290960447490548,2014-03-18,72200.0,0.17175757575757578,0.023782239374303016,0.14797533638327276,2014-04-15,77600.0,-0.040909090909090895,0.08030303030303032,v6
5343,93100,14079952426.45,0.03150298761932868,0.07611008175190048,0.17760237662750633,0.03253255270437849,True,True,bull,0.01615367823619307,-0.06899999999999995,2019-11-21,021240,코웨이,0.6932270916334662,0.7729083665338645,0.852589641434263,2019-11-22,93100.0,0.0,-0.006148227712137518,0.009390677929763003,-0.015538905641900521,2019-11-28,92900.0,-0.007222341568206222,-0.018176274125847547,0.010953932557641325,2019-12-05,92800.0,0.0013705692803436288,0.046534120416029445,-0.04516355113568582,2019-12-19,93600.0,-0.06629860365198714,0.0670830772455917,-0.13338168089757885,2020-01-21,87300.0,-0.19734049409237375,0.04602909156744772,-0.24336958565982147,2020-02-20,75100.0,-0.04940923737916214,0.04940923737916214,v6
6593,70600,13154419702.0,0.1074581440102218,0.14513211815128568,0.3186256012777704,0.007384037130126142,True,True,mixed,0.03246563322608953,-0.0536193029490617,2024-12-18,021240,코웨이,0.7942238267148014,0.7364620938628159,0.8339350180505415,2024-12-19,68100.0,-0.03541076487252126,-0.008405286343612369,0.0012857761018729708,-0.00969106244548534,2024-12-26,67800.0,-0.06273715124816448,0.025587768642723052,-0.08832491989088753,2025-01-06,64100.0,0.14577973568281943,0.03853207228369504,0.1072476633991244,2025-01-20,78300.0,0.21039060205580018,0.09397292452247008,0.1164176775333301,2025-02-21,82700.0,0.24269603524229066,0.08469637963363619,0.15799965560865448,2025-03-24,84900.0,-0.06607929515418498,0.20264317180616742,v6
4500,9690,2890930846.0,0.12405756420158742,0.4809194153344518,0.7132296166955212,0.13785918742845404,True,True,bear,0.025993964741383824,-0.13482142857142854,2014-10-28,023150,MH에탄올,0.7606837606837606,0.8717948717948718,0.9017094017094017,2014-10-29,9660.0,-0.003095975232198178,-0.10337888198757761,-0.0018619764802970673,-0.10151690550728054,2014-11-04,8700.0,-0.08992132505175987,0.012481947596451493,-0.10240327264821136,2014-11-11,8830.0,-0.14789233954451342,0.02135857231277072,-0.16925091185728414,2014-11-25,8270.0,-0.25244720496894413,0.00011347225087687818,-0.252560677219821,2014-12-23,7260.0,-0.1685962732919255,-0.0013977718176191312,-0.16719850147430637,2015-01-23,8070.0,-0.18426501035196685,0.0,v6
902,287886,20979051150.0,0.06630797072232952,0.006514084528566055,0.15263634461444697,0.030180780947567598,True,True,bull,0.03221425206183959,-0.03680977489895876,2009-09-29,023530,롯데쇼핑,0.7681159420289855,0.6135265700483091,0.7294685990338164,2009-09-30,287886.0,0.0,-0.06132477438986261,-0.05365391448537249,-0.007670859904490124,2009-10-07,271383.0,-0.029475361775147087,-0.023398081250740277,-0.0060772805244068105,2009-10-14,280552.0,0.06288064025343365,-0.04671917564846606,0.10959981590189971,2009-10-28,307140.0,0.1361283841520602,-0.04543408740968835,0.18156247156174854,2009-11-25,328227.0,0.10587335264653364,-0.016137628804927195,0.12201098145146083,2009-12-23,319517.0,-0.0796183211410072,0.09235600202858074,v6
2533,249379,10143373044.7,0.0845146303707297,0.10474546489332925,0.16694552158349663,0.03349904385991764,True,True,bull,0.03186492603069491,-0.03545970365156048,2016-04-29,023530,롯데쇼핑,0.703971119133574,0.6425992779783394,0.703971119133574,2016-05-02,248004.0,-0.0055136960209160035,-0.12784477669715,-0.004689131657161227,-0.12315564503998877,2016-05-10,217290.0,-0.14632834954274931,-0.011938709936541114,-0.1343896396062082,2016-05-17,212706.0,-0.1592676569732746,-0.004237288135593098,-0.1550303688376815,2016-05-31,209497.0,-0.2553870744020258,-0.01781267571692502,-0.23757439868510077,2016-06-29,185659.0,-0.279414912662699,0.016673025945859177,-0.2960879386085582,2016-07-27,179700.0,-0.17929952742697697,0.003693488814696444,v6
2818,283761,33868509024.55,0.09474454851889491,0.2947621836712695,0.21578622266177416,0.011751896777199455,True,True,bull,0.024242288611805884,-0.03881837674149202,2017-06-27,023530,롯데쇼핑,0.828996282527881,0.9107806691449815,0.828996282527881,2017-06-28,283760.0,-3.5240924580737243e-06,-0.03792303354947846,-0.001002975353664115,-0.03692005819581434,2017-07-04,274134.0,-0.039540597688187185,0.00549328342237021,-0.045033881110557394,2017-07-11,273675.0,-0.09123569213419791,0.02391613615285526,-0.11515182828705317,2017-07-25,259006.0,-0.14293078658020864,-0.006928503384517115,-0.13600228319569152,2017-08-23,244337.0,-0.2915599097829151,0.012291693769382883,-0.303851603552298,2017-09-20,202162.0,-0.1292394981674655,0.006463208345080407,v6
4046,103500,12454295470.0,0.15312604837517274,0.2070426125899535,0.35472545228193764,0.050262427672540966,True,True,bear,0.018099547511312153,-0.06334841628959276,2022-06-27,023530,롯데쇼핑,0.9221556886227545,0.8233532934131736,0.8502994011976048,2022-06-28,103500.0,0.0,-0.004,-0.04359720605355055,0.03959720605355055,2022-07-04,103500.0,-0.09288888888888891,-0.026995676035256877,-0.06589321285363203,2022-07-11,94300.0,-0.09385507246376812,-0.0006278064194245037,-0.09322726604434362,2022-07-25,94200.0,-0.042647342995169035,0.012531182438050958,-0.055178525433219994,2022-08-23,99500.0,-0.09771980676328507,-0.030305172127057967,-0.0674146346362271,2022-09-22,93800.0,-0.17294685990338166,0.01449275362318847,v6
5026,185000,38118282167.5,0.2571095616266478,0.22198504243161588,0.7700823572219702,0.08281326052024784,True,True,bull,0.01603690685412995,-0.12322274881516593,2026-07-01,023530,롯데쇼핑,0.917981072555205,0.9400630914826499,0.9463722397476341,2026-07-02,185500.0,0.002702702702702675,-0.14362264150943393,-0.08651220834226225,-0.05711043316717168,2026-07-08,159600.0,-0.20831266846361185,-0.08177005206035481,-0.12654261640325704,2026-07-15,147600.0,-0.3969919137466308,-0.294908673784523,-0.10208323996210777,2026-07-30,112600.0,-0.45359568733153643,-0.14423365393099796,-0.30936203340053847,2026-08-28,102100.0,-0.45413477088948784,-0.13390603925325528,-0.32022873163623256,2026-09-29,102000.0,-0.4097035040431267,0.0,v6
581,14427,18066685675.0,0.15396498530257507,0.37117676540258804,1.225625101030658,0.0880801897990775,True,True,bear,0.017296939012953372,-0.1274343776460627,1999-10-06,023590,다우기술,0.8660714285714286,0.9196428571428571,0.9821428571428571,1999-10-07,14428.0,6.931447979474648e-05,0.11396506792348204,0.020858192926352048,0.09310687499713,1999-10-13,16130.0,0.10155863598558357,-0.008770464416972823,0.11032910040255639,1999-10-20,15951.0,0.24752481286387584,0.05860102143095802,0.18892379143291782,1999-11-03,18057.0,1.0433385084557805,0.19225812610376591,0.8510803823520146,1999-12-01,29539.0,1.7599312448017743,0.2637105627416352,1.4962206820601391,2000-01-04,39878.0,-0.04969503742722481,0.32922095924591077,v6
4429,19050,15181562307.5,0.04890793974333296,0.18203485169994993,0.6165219044756365,0.001287061890572705,True,True,bull,0.007803200634836749,-0.07299270072992703,2015-04-28,023590,다우기술,0.5657492354740061,0.6024464831804281,0.8440366972477065,2015-04-29,18950.0,-0.005249343832021025,-0.08843271767810024,-0.029702878408916944,-0.05872983926918329,2015-05-07,17350.0,-0.08579419525065968,-0.01609273274834,-0.06970146250231968,2015-05-14,17400.0,-0.043577836411609505,-0.01865884613064439,-0.024918990280965114,2015-05-29,18200.0,0.1463957783641161,-0.03004626428647661,0.1764420426505927,2015-06-26,21800.0,0.6054986807387863,-0.05060301344309315,0.6561016941818795,2015-07-24,30500.0,-0.09762532981530347,0.05013192612137196,v6
6605,22550,6885245348.5,0.05993808689001057,0.20500477089060265,0.16340255240428836,0.022481836164635505,True,True,bull,0.015079900967814641,-0.0851926977687627,2024-03-04,023590,다우기술,0.778125,0.86875,0.715625,2024-03-05,22450.0,-0.0044345898004434225,-0.017363028953229383,-0.00036079374624176097,-0.017002235206987622,2024-03-11,22150.0,-0.010681514476614692,0.009410703547805266,-0.020092218024419958,2024-03-18,22300.0,-0.08640534521158127,0.03271948286229698,-0.11912482807387825,2024-04-01,20600.0,-0.12426726057906456,0.011748346361996287,-0.13601560694106085,2024-04-30,19750.0,-0.12604899777282852,-0.009125075165363872,-0.11692392260746465,2024-05-31,19710.0,-0.09799554565701563,0.055679287305122394,v6
542,6940,4720331165.0,0.2902841271459575,0.1841643115459135,1.2769299690341052,0.06910634140529992,True,True,mixed,0.023991501165638862,-0.12890674030375293,1999-05-26,023800,인지컨트롤스,0.8695652173913043,0.6141304347826086,0.8369565217391305,1999-05-27,6720.0,-0.03170028818443804,0.27531547619047614,0.06715503352932273,0.2081604426611534,1999-06-02,8597.0,0.049869047619047535,0.10634372030899297,-0.05647467268994544,1999-06-09,7082.0,-0.1413511904761905,0.22362061605827344,-0.3649718065344639,1999-06-23,5797.0,-0.006380952380952373,0.3289316056896576,-0.33531255807061,1999-07-21,6704.0,-0.19060714285714286,0.19650799333544477,-0.38711513619258764,1999-08-18,5466.0,-0.22529761904761902,0.34970238095238093,v6
3365,5690,4909671058.0,0.15024525341333872,0.24534218544206832,0.7366991550593063,0.046477617753794,True,True,bull,0.039981722641078354,-0.10110584518167454,2010-10-21,023800,인지컨트롤스,0.8403755868544601,0.7934272300469484,0.9530516431924883,2010-10-22,5740.0,0.008787346221441172,0.0674285714285714,0.013702924424041418,0.053725647004529975,2010-10-28,6150.0,0.023874564459930307,0.032102779903085965,-0.008228215443155659,2010-11-04,5900.0,0.006452961672473782,0.0243241520020403,-0.01787119032956652,2010-11-18,5800.0,0.015163763066202044,0.06756354671427367,-0.05239978364807163,2010-12-16,5850.0,0.0674285714285714,0.12012773102099805,-0.05269915959242666,2011-01-14,6150.0,-0.09059233449477355,0.14459930313588854,v6
3556,9230,3135975604.5,0.0874655443348773,0.7696835185729654,0.6650850531174828,0.0019514040241181974,True,True,bull,0.02430362889801363,-0.05041152263374482,2011-07-27,023800,인지컨트롤스,0.6386138613861386,0.9801980198019802,0.9356435643564357,2011-07-28,9100.0,-0.014084507042253502,-0.06773626373626374,-0.03383038515671388,-0.03390587857954985,2011-08-03,8520.0,-0.16334065934065933,-0.15541403060866643,-0.007926628731992902,2011-08-10,7650.0,-0.20729670329670336,-0.17489397318819244,-0.03240273010851091,2011-08-25,7250.0,-0.3347692307692308,-0.22720365096955497,-0.10756557979967585,2011-09-26,6090.0,-0.30070329670329665,-0.11687965547715573,-0.18382364122614092,2011-10-25,6400.0,-0.3296703296703297,0.03076923076923066,v6
2843,14950,33854415352.5,0.08124859430772913,0.1466757123473541,0.6364605632512306,0.09799782279933256,True,True,bull,0.01717979248171453,-0.047770700636942665,2009-10-07,024110,기업은행,0.7487179487179487,0.7846153846153846,0.9487179487179487,2009-10-08,14900.0,-0.0033444816053511683,-0.024134228187919434,0.025642779844016195,-0.04977700803193563,2009-10-14,14600.0,0.012778523489932917,0.028609456047168358,-0.01583093255723544,2009-10-21,15150.0,-0.06104697986577179,-0.017370915378204455,-0.043676064487567334,2009-11-04,14050.0,-0.06440268456375842,-0.010094162427076836,-0.05430852213668158,2009-12-02,14000.0,-0.0476241610738255,0.054905277822696164,-0.10252943889652166,2010-01-04,14250.0,-0.08724832214765099,0.05033557046979875,v6
4616,13350,16084613902.5,0.032679830134447085,0.16527909171512967,0.14045938192904872,0.009515624555675783,True,True,bear,0.01270623933244841,-0.03260869565217395,2016-12-02,024110,기업은행,0.7186147186147186,0.8874458874458875,0.8311688311688312,2016-12-05,13300.0,-0.0037453183520599342,0.02983458646616533,0.030004425881742458,-0.00016983941557712975,2016-12-09,13750.0,0.022315789473684292,0.038932497672596655,-0.016616708198912363,2016-12-16,13650.0,-0.05663157894736848,0.030752247279608902,-0.08738382622697738,2017-01-02,12600.0,-0.034075187969924814,0.058386028457910966,-0.09246121642783578,2017-02-01,12900.0,-0.06415037593984962,0.06966439607063091,-0.13381477201048053,2017-03-02,12500.0,-0.05639097744360899,0.04511278195488733,v6
3402,1986,2167188143.0,0.052767691415581464,0.3906653323808018,0.26781431799806377,0.02690811130018056,True,True,mixed,-0.0036622685998093374,-0.06629055007052187,2011-12-29,024720,콜마홀딩스,0.62,0.875,0.74,2012-01-02,2003.0,0.008559919436052388,-0.021473789316025945,0.006251057766325063,-0.02772484708235101,2012-01-06,1968.0,0.12830154767848234,0.024016072588702198,0.10428547508978014,2012-01-13,2268.0,0.02495656515227163,0.06775163919658889,-0.04279507404431726,2012-01-31,2061.0,0.11132700948577123,0.09390235247230705,0.017424657013464184,2012-02-28,2234.0,0.16324912631053423,0.10921607914002918,0.054033047170505055,2012-03-28,2338.0,-0.033949076385421884,0.14128806789815274,v6
4043,13959,3501482262.5,0.10822304012783635,0.4096517028991731,0.75986380461133,0.06285033964435405,True,True,bull,0.03985399284862923,-0.05426829268292688,2014-08-04,024720,콜마홀딩스,0.8481012658227848,0.9409282700421941,0.9240506329113924,2014-08-05,13984.0,0.0017909592377678418,-0.08087356979405036,-0.01772494545244374,-0.06314862434160662,2014-08-11,12909.0,0.006798054919908484,-0.002422730315918331,0.009220785235826815,2014-08-19,14135.0,0.25543935926773464,-0.011843924148793317,0.26728328341652796,2014-09-02,17612.0,0.4879908466819223,-0.05191289730609727,0.5399037439880195,2014-10-06,20864.0,0.820799771167048,-0.06790388070341058,0.8887036518704586,2014-11-04,25518.0,-0.10376144164759726,0.3775028604118993,v6
6668,9460,17630207862.75,0.0786912209495152,0.3905259338251269,0.40867645914089423,0.007656484266830965,True,True,bear,0.021046950890447835,-0.15535714285714286,2025-04-14,024720,콜마홀딩스,0.7816901408450704,0.9154929577464789,0.852112676056338,2025-04-15,9540.0,0.008456659619450413,-0.022867924528301883,0.009701725698008978,-0.032569650226310864,2025-04-21,9360.0,-0.008192872117400381,0.034225870457007534,-0.04241874257440792,2025-04-28,9500.0,0.01591614255765195,0.06364348288300703,-0.04772734032535508,2025-05-15,9730.0,0.3240922431865827,0.19563726663718128,0.1284549765494014,2025-06-16,12670.0,0.6521844863731656,0.2992562416058364,0.3529282447673292,2025-07-14,15800.0,-0.058700209643605894,0.16142557651991618,v6
1522,18000,2566515332.5,0.17158684648331046,0.4238257540386592,0.6397349443551921,0.08233964396722238,True,True,bear,-0.008947006194081175,-0.15492957746478875,2002-08-01,025540,한국단자,0.831858407079646,0.8849557522123894,0.9380530973451328,2002-08-02,17700.0,-0.01666666666666672,0.0016497175141243527,-0.01363210605951437,0.015281823573638723,2002-08-08,17800.0,0.015774011299435124,0.035074573096044226,-0.019300561796609102,2002-08-16,18050.0,0.0016497175141243527,0.06117155414655229,-0.05952183663242794,2002-08-30,17800.0,-0.19891525423728817,-0.06849196627999143,-0.13042328795729674,2002-09-30,14250.0,-0.100045197740113,-0.029930110238489904,-0.0701150875016231,2002-10-29,16000.0,-0.14124293785310738,0.11864406779661008,v6
2466,8200,4350445336.5,0.048598105374191736,0.2605185569926334,0.27757604132911795,0.03678718386776603,True,True,bull,0.028374353346919623,-0.023809523809523836,2013-10-04,025750,한솔홈데코,0.7538461538461538,0.9128205128205128,0.8769230769230769,2013-10-07,8275.0,0.009146341463414531,0.01714803625377637,0.011566366408467976,0.005581669845308394,2013-10-14,8450.0,0.06548640483383683,0.0279595627813356,0.03752684205250123,2013-10-21,8850.0,-0.013063444108761365,0.01401983807087026,-0.027083282179631626,2013-11-04,8200.0,0.09871903323262843,0.016828812770069534,0.0818902204625589,2013-12-02,9125.0,0.011105740181268867,-0.015011240905881795,0.026116981087150663,2014-01-02,8400.0,-0.024169184290030232,0.09667673716012093,v6
5426,2610,9224771141.5,0.14484446697021713,0.30553718824993814,0.5214487654365907,0.04901863623800695,True,True,bull,0.002689204763734132,-0.15806451612903227,2017-01-02,025820,이구산업,0.8609865470852018,0.9551569506726457,0.9417040358744395,2017-01-03,2580.0,-0.011494252873563204,0.019255813953488413,0.007112976881596289,0.012142837071892124,2017-01-09,2640.0,0.04057364341085279,0.01467819555524974,0.02589544785560305,2017-01-16,2695.0,0.17041860465116287,0.022695656020960353,0.14772294863020252,2017-02-01,3030.0,-0.09508527131782951,0.03359370007520979,-0.1286789713930393,2017-03-02,2345.0,-0.11058914728682168,0.06406594865089388,-0.17465509593771555,2017-03-30,2305.0,-0.01744186046511631,0.31007751937984507,v6
6707,4700,40718836820.0,0.09748470061107617,0.41589200551988326,0.23073356436813885,0.0714439425174731,True,True,bear,0.028952985605604553,-0.14076782449725778,2022-03-23,025820,이구산업,0.6713091922005571,0.9192200557103064,0.8105849582172702,2022-03-24,4710.0,0.0021276595744681437,-0.0326624203821656,0.011225034514495968,-0.04388745489666157,2022-03-30,4575.0,0.04695541401273884,0.006913943856419857,0.04004147015631898,2022-04-06,4950.0,0.01723142250530785,0.0008982972848596837,0.016333125220448167,2022-04-20,4810.0,-0.16323566878980889,-0.04561803957662214,-0.11761762921318675,2022-05-19,3960.0,-0.3320254777070064,-0.1197312471237919,-0.2122942305832145,2022-06-20,3165.0,-0.05838641188959659,0.14012738853503182,v6
3427,24500,17915139735.0,0.1171196926286674,0.5471803455652441,0.4240805410049612,0.03282644553618996,True,True,bear,0.03703703703703698,-0.08067542213883683,2009-03-09,025860,남해화학,0.7615894039735099,0.8675496688741722,0.9006622516556292,2009-03-10,24300.0,-0.008163265306122436,-0.09453497942386835,0.06114405860778249,-0.15567903803165084,2009-03-16,22100.0,-0.004,0.13095294217478637,-0.13495294217478637,2009-03-23,24300.0,0.043325102880658495,0.22368259775035115,-0.18035749486969266,2009-04-06,25450.0,-0.05749794238683126,0.31381940581363565,-0.3713173482004669,2009-05-06,23000.0,-0.0616131687242798,0.33403418787301664,-0.39564735659729644,2009-06-03,22900.0,-0.09259259259259256,0.1358024691358024,v6
3684,20400,5740885202.5,0.05275585319107634,0.11786809040862423,0.28107407568227183,0.02909033724049448,True,True,mixed,0.03487634749524404,-0.07272727272727275,2010-03-15,025860,남해화학,0.7077922077922078,0.7857142857142857,0.8571428571428571,2010-03-16,20350.0,-0.002450980392156854,-0.011371007371007377,0.01096994898822623,-0.022340956359233607,2010-03-22,20200.0,-0.07279606879606881,0.022647051712883615,-0.09544312050895243,2010-03-29,18950.0,-0.11456511056511054,0.03371370548557895,-0.1482788160506895,2010-04-12,18100.0,-0.2546142506142506,0.009501245074100106,-0.2641154956883507,2010-05-11,15250.0,-0.31112530712530717,-0.0017044218262698418,-0.30942088529903733,2010-06-10,14100.0,-0.13022113022113024,0.03439803439803435,v6
4698,8920,2139506905.5,0.04546555851057654,0.24033134059046257,0.25975410981553715,0.0015595530922636325,True,True,bull,0.01519376315939236,-0.05608465608465607,2014-04-10,025860,남해화학,0.7711442786069652,0.8855721393034826,0.7761194029850746,2014-04-11,8820.0,-0.011210762331838597,0.008471655328798237,0.003410098323662236,0.0050615570051360005,2014-04-17,8930.0,0.056090702947845905,0.006578417150225668,0.04951228579762024,2014-04-24,9350.0,0.09237188208616787,-0.0011837121212120438,0.09355559420737991,2014-05-13,9670.0,0.19214512471655332,0.01328276112185689,0.17886236359469643,2014-06-12,10550.0,0.19214512471655332,0.008845099935525402,0.18330002478102791,2014-07-10,10550.0,-0.019274376417233507,0.1235827664399094,v6
3804,3545,5296679075.5,0.14580706353763495,0.2845833014129304,0.9048547552434227,0.06019591234704458,True,True,mixed,0.03654970760233911,-0.07682291666666663,2013-01-28,026890,스틱인베스트먼트,0.85,0.945,0.975,2013-01-29,3575.0,0.008462623413258097,-0.06833566433566429,0.0036483035388545915,-0.07198396787451888,2013-02-04,3345.0,-0.029174825174825166,-0.00016443058203285954,-0.029010394592792307,2013-02-12,3485.0,0.0715244755244755,0.027696276161162547,0.04382819936331295,2013-02-26,3845.0,0.04355244755244758,0.024320310773800147,0.019232136778647435,2013-03-27,3745.0,0.0015944055944054937,-0.005549532143609537,0.0071439377380150305,2013-04-24,3595.0,-0.10209790209790215,0.1384615384615384,v6
3834,3895,3017105741.5,0.08992567059561174,0.3536077327644336,0.6167466193396178,0.024979817587874376,True,True,bull,0.02770448548812654,-0.04299754299754299,2013-03-13,026890,스틱인베스트먼트,0.7953367875647669,0.8808290155440415,0.9378238341968912,2013-03-14,3895.0,0.0,-0.07331964056482665,-0.02032928847490334,-0.05299035208992331,2013-03-20,3625.0,-0.04251091142490371,-0.0033148839790606566,-0.03919602744584305,2013-03-27,3745.0,-0.07717073170731703,-0.0322438714644987,-0.044926860242818334,2013-04-10,3610.0,0.11795121951219523,-0.01030963916262928,0.1282608586748245,2013-05-09,4370.0,-0.028390243902439046,-0.033683821066262665,0.0052935771638236186,2013-06-10,3800.0,-0.12323491655969188,0.07573812580231065,v6
5915,5340,5391578399.0,0.0499999414657446,0.3667941095314913,0.3296450484645739,0.09960673665315967,True,True,bull,0.0157884725128401,-0.14147909967845662,2020-01-02,026940,부국철강,0.7933884297520661,0.9297520661157025,0.9090909090909091,2020-01-03,5340.0,0.0,-0.01710861423220977,-0.0027957930839468403,-0.01431282114826293,2020-01-09,5270.0,-0.047071161048689136,0.025298962865665242,-0.07237012391435438,2020-01-16,5110.0,-0.13134082397003743,-0.033613368725428416,-0.09772745524460902,2020-02-03,4660.0,-0.2511910112359551,-0.08668782895036897,-0.16450318228558614,2020-03-02,4020.0,-0.2848988764044944,-0.21684955623055946,-0.06804932017393495,2020-03-30,3840.0,-0.20880149812734083,0.06367041198501866,v6
6111,28400,6437357895.0,0.04445891971804816,0.5272799919035389,0.470106519991053,0.06464794425757137,True,True,mixed,-0.006645680307799884,-0.07792207792207795,2020-10-16,026960,동서,0.6929347826086957,0.904891304347826,0.7989130434782609,2020-10-19,28800.0,0.014084507042253502,0.032458333333333256,0.003353280179521523,0.029105053153811733,2020-10-23,29850.0,0.0012083333333332592,-0.03645257807320268,0.037660911406535935,2020-10-30,28950.0,0.02030555555555558,0.05990428913860213,-0.03959873358304655,2020-11-13,29500.0,0.055027777777777676,0.17728609557486008,-0.1222583177970824,2020-12-11,30500.0,0.14530555555555558,0.33803529231763085,-0.19272973676207528,2021-01-13,33100.0,-0.02083333333333337,0.07291666666666674,v6
2303,17049,10929548502.5,0.02109048385193102,0.31575515487663797,0.558553428026459,0.021517070692581575,True,True,bull,0.029628466518504037,-0.030149610330508003,2005-12-19,028050,삼성E&A,0.5347593582887701,0.732620320855615,0.7807486631016043,2005-12-20,17018.0,-0.0018182884626664064,0.025321894464684472,0.0258801113219862,-0.0005582168573017264,2005-12-26,17517.0,0.08208532142437419,0.04635915593329676,0.03572616549107743,2006-01-03,18483.0,0.027143495122811116,0.04239087219725901,-0.015247377074447895,2006-01-17,17548.0,0.003345163944059152,-0.021926830549033438,0.02527199449309259,2006-02-15,17143.0,0.20477893994593965,0.0021829311288981135,0.20259600881704154,2006-03-16,20571.0,-0.020155129862498566,0.13186038312375126,v6
2373,20073,7617045087.5,0.09320165198760433,0.1266954526872901,0.3935023633095831,0.03702363258610952,True,True,mixed,0.016822941203288533,-0.04871807023363817,2006-03-30,028050,삼성E&A,0.8,0.7571428571428571,0.8214285714285714,2006-03-31,19948.0,-0.006227270462810686,0.014748746741527933,0.04370564064251026,-0.028956893900982324,2006-04-06,20322.0,0.18193342690996595,0.0502203959656331,0.13171303094433284,2006-04-13,23657.0,0.3085125325847202,0.0851923795293239,0.22332015305539632,2006-04-27,26182.0,0.302246240224584,-0.006933134105341798,0.3091793743299258,2006-05-29,26057.0,0.31006657309003405,-0.07455360478147177,0.3846201778715058,2006-06-28,26213.0,-0.014086625225586569,0.3281030679767396,v6
3162,55792,29947550045.0,0.06016782578776203,0.6152461885212155,0.6237093813450034,0.013596292478625926,True,True,mixed,0.024902454974979893,-0.05291211869154122,2009-06-10,028050,삼성E&A,0.696078431372549,0.8823529411764706,0.7843137254901961,2009-06-11,56103.0,0.005574275881846891,-0.052874391743757077,-0.01469630007365852,-0.03817809167009856,2009-06-17,53361.0,-0.09176714257704577,-0.03408833361663555,-0.05767880896041022,2009-06-24,51179.0,-0.0762064773719765,0.013527678622018202,-0.0897341559939947,2009-07-08,52052.0,-0.015086751154127272,0.10450308799365393,-0.11958983914778121,2009-08-05,55481.0,-0.0762064773719765,0.14252932177460487,-0.21873579914658137,2009-09-02,52052.0,-0.12665989341033457,0.011122399871664523,v6
3268,69506,30076950796.3,0.06339003117603037,0.28549591820298037,0.11516512833066406,0.04750728031334939,True,True,mixed,-0.013933547695605508,-0.07083751086157342,2009-11-06,028050,삼성E&A,0.8205128205128205,0.9743589743589743,0.7243589743589743,2009-11-09,69818.0,0.004488821108969088,0.0451134091495029,-0.003758111944838771,0.048871521094341674,2009-11-13,73247.0,0.0451134091495029,0.02704826607179056,0.018065143077712342,2009-11-20,73247.0,0.022783923916468444,0.029684648144392645,-0.006900724227924201,2009-12-04,71688.0,0.04064464751210295,0.08073920097343334,-0.040094553461330396,2010-01-06,72935.0,-0.008468761637400065,0.023511965118637068,-0.03198072675603714,2010-02-03,69506.0,-0.09821249534503995,0.08927497207023971,v6
3326,71065,25465477325.0,0.10358263866829553,0.02431365576806077,0.30526580843863393,0.09240031027518292,True,True,mixed,0.007514714336651629,-0.06556126809640894,2010-02-01,028050,삼성E&A,0.8245614035087719,0.631578947368421,0.9181286549707602,2010-02-02,71688.0,0.008766622106522126,-0.1213836625376632,-0.04065859384653403,-0.08072506869112916,2010-02-08,63273.0,0.0047043856712420985,-0.010842703570987267,0.015547089242229365,2010-02-16,72312.0,0.12208804820890529,0.0023724206104041023,0.11971562759850118,2010-03-03,80727.0,0.013394822006472577,0.04587297664648471,-0.032478154640012136,2010-03-31,72935.0,-0.034437451177324,0.07124057827752384,-0.10567802945484783,2010-04-28,69506.0,-0.11739761187367481,0.1391306773797567,v6
5108,12900,25081646816.25,0.04224006775252187,0.08219971449418462,0.16799111832614821,0.047483078194944905,True,True,bull,0.01775147928994092,-0.058394160583941646,2017-04-12,028050,삼성E&A,0.625531914893617,0.7148936170212766,0.8468085106382979,2017-04-13,12950.0,0.003875968992248069,-0.004,0.003642098148913142,-0.007642098148913142,2017-04-19,12950.0,0.01916602316602312,0.03623324447114484,-0.017067221305121724,2017-04-26,13250.0,-0.019444015444015413,0.07729602372995914,-0.09674003917397456,2017-05-16,12750.0,-0.019444015444015413,0.1135808958810498,-0.13302491132506522,2017-06-14,12750.0,-0.10438610038610041,0.12255941876619247,-0.22694551915229288,2017-07-12,11650.0,-0.12741312741312738,0.03861003861003853,v6
5314,16150,58507624050.0,0.13517690835485163,0.2855064487339398,0.5553243743889151,0.05064589772524686,True,True,mixed,0.0038850038850037905,-0.11748633879781423,2018-02-19,028050,삼성E&A,0.8543689320388349,0.8478964401294499,0.8964401294498382,2018-02-20,16350.0,0.01238390092879249,-0.016232415902140637,0.009986232971007203,-0.02621864887314784,2018-02-26,16150.0,-0.01317431192660545,-0.009016376600160303,-0.004157935326445147,2018-03-06,16200.0,0.05716207951070329,0.021439579180964508,0.03572250032973878,2018-03-20,17350.0,0.09385932721712531,0.008391723344360669,0.08546760387276464,2018-04-17,17950.0,0.20395107033639137,0.00620543694906206,0.1977456333873293,2018-05-17,19750.0,-0.06727828746177367,0.1406727828746177,v6
1866,118000,45448750150.0,0.04657796387883062,0.1859150871638029,0.21474591461579728,0.006607083848268358,True,True,bear,0.015490533562822817,-0.05600000000000005,2022-07-21,028260,삼성물산,0.6677740863787376,0.9036544850498339,0.7209302325581395,2022-07-22,117000.0,-0.008474576271186418,0.02164102564102555,0.012430520044733218,0.009210505596292332,2022-07-28,120000.0,0.008820512820512775,0.028161987552850487,-0.019341474732337712,2022-08-04,118500.0,0.02164102564102555,0.03630210736809736,-0.014661081727071808,2022-08-19,120000.0,-0.03391452991452992,-0.015598431842086646,-0.018316098072443276,2022-09-20,113500.0,-0.059555555555555584,-0.07785912354440261,0.018303567988847025,2022-10-20,110500.0,-0.008547008547008517,0.07264957264957261,v6
2605,175500,87859016976.5,0.02365395687285954,0.1608605041556641,0.16837127261717444,0.009926139595513916,True,True,bull,0.01780432639331897,-0.07093700370566436,2025-07-30,028260,삼성물산,0.72782874617737,0.7920489296636085,0.7217125382262997,2025-07-31,173800.0,-0.009686609686609726,-0.06671576524741085,-0.023701225357014355,-0.0430145398903965,2025-08-06,162900.0,-0.07534637514384346,-0.015693972122670097,-0.05965240302117336,2025-08-13,161400.0,-0.03104257767548912,-0.024256818223446053,-0.0067857594520430685,2025-08-28,169100.0,0.09093670886075955,0.05962854648358551,0.03130816237717404,2025-09-25,190300.0,0.3020989643268124,0.24760820323709143,0.05449076108972095,2025-10-30,227000.0,-0.1064441887226697,0.0,v6
2683,228500,81246361390.0,0.14192318717590602,0.19018008600188652,0.060996570195933186,0.09173284329462228,True,True,mixed,0.03032352609626865,-0.023504273504273532,2025-11-25,028260,삼성물산,0.873015873015873,0.8984126984126984,0.819047619047619,2025-11-26,234000.0,0.024070021881838155,-0.04459829059829057,0.026478205905628993,-0.07107649650391956,2025-12-02,224500.0,0.07292307692307687,0.0646654059220737,0.008257671001003164,2025-12-09,252000.0,0.02377777777777768,0.05792573255084932,-0.03414795477307164,2025-12-23,240500.0,0.3015555555555556,0.2821746816448605,0.019380873910695096,2026-01-23,305500.0,0.47890598290598296,0.5632188042796795,-0.08431282137369656,2026-02-25,347000.0,-0.05128205128205132,0.10470085470085477,v6
2278,4075,9560272838.5,0.1430827076599558,0.06763572754939162,0.15823683494466567,0.018702682566291484,True,True,bear,0.03861348285969157,-0.06105990783410142,2016-12-01,028670,팬오션,0.9177489177489178,0.7662337662337663,0.8398268398268398,2016-12-02,4075.0,0.0,-0.043263803680981594,0.02572040360782557,-0.06898420728880716,2016-12-08,3915.0,-0.07148466257668717,0.028538386174714825,-0.100023048751402,2016-12-15,3800.0,-0.02608588957055213,0.023392285393962098,-0.04947817496451423,2016-12-29,3985.0,-0.059214723926380386,0.04415344369590035,-0.10336816762228074,2017-01-31,3850.0,0.2647116564417178,0.05630914985809077,0.20840250658362702,2017-02-28,5170.0,-0.09079754601226997,0.014723926380368013,v6
2312,4160,6408010811.5,0.06483395734141562,0.0860346209249685,0.10839806256568463,0.016698987907907137,True,True,bull,0.03398993351146462,-0.028037383177570097,2017-01-19,028670,팬오션,0.759825327510917,0.7947598253275109,0.759825327510917,2017-01-20,4155.0,-0.0012019230769231282,-0.06176173285198561,0.008738634933237899,-0.0705003677852235,2017-01-26,3915.0,-0.07981227436823102,0.005867714980102079,-0.0856799893483331,2017-02-06,3840.0,0.1067099879663056,0.009125942852716395,0.0975840451135892,2017-02-20,4615.0,0.3558074608904933,0.05462978204246838,0.30117767884802493,2017-03-21,5650.0,0.28119855595667875,0.04014446585396558,0.24105409010271317,2017-04-18,5340.0,-0.09145607701564384,0.16726835138387486,v6
2368,5400,23896347789.0,0.060741016519125335,0.3181871592446812,0.35387745835858087,0.11289667143837834,True,True,bull,0.007603675887484229,-0.07534246575342463,2017-04-12,028670,팬오션,0.7085106382978723,0.9617021276595744,0.948936170212766,2017-04-13,5420.0,0.0037037037037037646,-0.06304059040590404,0.003642098148913142,-0.06668268855481718,2017-04-19,5100.0,-0.026140221402214055,0.03623324447114484,-0.0623734658733589,2017-04-26,5300.0,-0.015070110701106972,0.07729602372995914,-0.09236613443106612,2017-05-16,5360.0,-0.005845018450184477,0.1135808958810498,-0.11942591433123428,2017-06-14,5410.0,0.0495055350553506,0.12255941876619247,-0.07305388371084187,2017-07-12,5710.0,-0.11070110701107017,0.011070110701107083,v6
2451,6090,22666465232.0,0.07850038433519535,0.13780761115552087,0.20200472945044168,0.09411876284214804,True,True,mixed,0.029934043632673824,-0.027156549520766737,2017-08-14,028670,팬오션,0.7698744769874477,0.8200836820083682,0.8158995815899581,2017-08-16,6130.0,0.006568144499178974,0.03841435562805873,0.004070907655344014,0.034343447972714714,2017-08-22,6390.0,0.02862642740619892,0.0038204555681018437,0.024805971838097077,2017-08-29,6330.0,0.08082871125611746,0.0041303369641811916,0.07669837429193627,2017-09-12,6650.0,-0.05620228384991843,0.05398303717727759,-0.11018532102719603,2017-10-18,5810.0,-0.19078629690048943,0.06898469270802399,-0.2597709896085134,2017-11-15,4985.0,-0.01631321370309946,0.11256117455138659,v6
3376,7120,95102526118.5,0.021781757365699983,0.2620897934675266,0.5288821315463135,0.03187382901660829,True,True,mixed,-0.009184525466184201,-0.09183673469387754,2021-05-25,028670,팬오션,0.5588822355289421,0.7704590818363274,0.8542914171656687,2021-05-26,6970.0,-0.021067415730337102,-0.04704160688665715,0.015750762159077558,-0.06279236904573471,2021-06-01,6670.0,-0.06282352941176472,0.0239351053466208,-0.08675863475838552,2021-06-08,6560.0,0.040476327116212296,0.028995148033834628,0.011481179082377668,2021-06-22,7280.0,0.05338880918220945,0.01916510871998267,0.03422370046222678,2021-07-20,7370.0,0.15812338593974173,-0.004092171593771621,0.16221555753351335,2021-08-18,8100.0,-0.10186513629842175,0.11477761836441891,v6
3171,5512,3402852551.5,0.07838613890118884,0.15102887361179085,0.29732474445127033,0.00014686469698110827,True,True,bull,0.0338844757894341,-0.12145361810647115,2010-07-14,029460,케이씨,0.7182320441988951,0.6850828729281768,0.7348066298342542,2010-07-15,5518.0,0.0010885341074020616,-0.10639217107647703,-0.003379475810817767,-0.10301269526565926,2010-07-21,4953.0,-0.13484450888002897,0.010691225330681453,-0.14553573421071042,2010-07-28,4796.0,-0.16329684668358102,0.001983233696736253,-0.16528008038031727,2010-08-11,4639.0,-0.23596810438564697,0.013968120088219793,-0.24993622447386676,2010-09-08,4238.0,-0.19464878579195366,0.07704976890768278,-0.27169855469963644,2010-10-11,4466.0,-0.2064153678869155,0.0014498006524104046,v6
1562,70300,2327822470.0,0.08702701876806207,0.06685027502499175,0.26470253116326237,0.05267765596022134,True,True,mixed,0.02672703373740326,-0.046132971506105847,2002-12-23,029530,신도리코,0.7525773195876289,0.6288659793814433,0.865979381443299,2002-12-24,70800.0,0.007112375533428139,-0.07885875706214684,-0.07710972916424508,-0.001749027897901767,2003-01-02,65500.0,-0.11416949152542377,-0.0840404510054632,-0.03012904051996057,2003-01-09,63000.0,-0.0887457627118644,-0.09162501452981531,0.002879251817950901,2003-01-23,64800.0,-0.0887457627118644,-0.12298035568987564,0.034234592978011236,2003-02-21,64800.0,-0.196090395480226,-0.1634168313379054,-0.03267356414232059,2003-03-21,57200.0,-0.1228813559322034,0.0028248587570620654,v6
4177,40200,2237559517.5,0.026239479099625873,0.07477676180995108,0.149615871891424,0.004235606569702455,True,True,bull,0.024399566796203143,-0.033653846153846145,2024-05-28,029780,삼성카드,0.5993690851735016,0.61198738170347,0.7066246056782335,2024-05-29,39800.0,-0.00995024875621886,-0.03038190954773867,-0.021128417832296464,-0.009253491715442205,2024-06-04,38750.0,-0.027869346733668362,0.0031659533159775766,-0.03103530004964594,2024-06-12,38850.0,-0.05927638190954776,0.026655047139978683,-0.08593142904952644,2024-06-26,37600.0,-0.012793969849246186,0.014395711070908535,-0.02718968092015472,2024-07-24,39450.0,0.05253266331658302,-0.004372030769683288,0.056904694086266305,2024-08-22,42050.0,-0.07537688442211055,0.0879396984924623,v6
852,4533,3325481150.0,0.06899591435607433,0.2473089273364224,0.6255906883524702,0.09039720017456476,True,True,mixed,0.012542300948211293,-0.07715798045602607,2001-06-25,030000,제일기획,0.5596330275229358,0.7064220183486238,0.7247706422018348,2001-06-26,4510.0,-0.005073902492830351,-0.007769401330376954,-0.0017898663454942731,-0.0059795349848826805,2001-07-02,4493.0,-0.025507760532150755,-0.06324752011508661,0.03773975958293585,2001-07-09,4413.0,-0.14125055432372502,-0.11908465900536946,-0.022165895318355555,2001-07-24,3891.0,-0.1368159645232816,-0.038373396229571144,-0.09844256829371045,2001-08-22,3911.0,-0.15011973392461198,-0.18577809002860435,0.03565835610399237,2001-09-19,3851.0,-0.1658536585365854,0.049002217294900285,v6
2900,11653,8080088015.4,0.0077429965115121124,0.02378306649560713,0.24335600655398837,0.031763076769681264,True,True,bull,0.0157996818270969,-0.10752852875852037,2009-09-30,030000,제일기획,0.5970873786407767,0.6359223300970874,0.8300970873786407,2009-10-01,11671.0,0.0015446666094567352,0.02538908405449414,-0.038679885269509495,0.06406896932400363,2009-10-08,12014.0,0.027102733270499616,-0.012776263642098051,0.039878996912597664,2009-10-15,12034.0,0.05460680318738764,-0.05630006069766624,0.11090686388505389,2009-10-29,12355.0,0.049465855539370995,-0.048165383287909314,0.09763123882728031,2009-11-26,12295.0,0.07525627624025355,0.001118741297025716,0.07413753494322783,2009-12-24,12596.0,-0.0428412304001371,0.09296546996829758,v6
2945,12556,4129610526.7,0.03891135568205817,0.16122586224395818,0.23639131627050824,0.011439527508098735,True,True,mixed,0.03472714386959597,-0.03837022286895919,2009-12-03,030000,제일기획,0.7006802721088435,0.8367346938775511,0.8299319727891157,2009-12-04,12555.0,-7.964319847086898e-05,0.07278215850258851,0.027133685917952732,0.04564847258463578,2009-12-10,13519.0,0.012009557945041886,0.02409466337698163,-0.012085105431939743,2009-12-17,12756.0,-0.02630187176423737,0.050681449532959943,-0.07698332129719732,2010-01-05,12275.0,-0.14131581043409003,-0.008240785049749233,-0.1330750253843408,2010-02-02,10831.0,-0.013478295499800837,0.0056740850304835,-0.019152380530284337,2010-03-04,12436.0,-0.02389486260453999,0.07654320987654328,v6
4923,21100,6446202362.5,0.06362703735705788,0.0569420299186576,0.06841653115439317,0.02593263633858678,True,True,mixed,0.030525030525030417,-0.02088167053364265,2017-12-05,030000,제일기획,0.5182481751824818,0.6423357664233577,0.7043795620437956,2017-12-06,21150.0,0.0023696682464455776,0.007820330969267045,-0.01959612618965101,0.027416457158918054,2017-12-12,21400.0,-0.011092198581560294,-0.012612591078762891,0.0015203924972025974,2017-12-19,21000.0,-0.046553191489361656,-0.005047426688816414,-0.04150576480054524,2018-01-05,20250.0,-0.03473286052009461,0.006055318521705377,-0.04078817904179999,2018-02-02,20500.0,-0.11274704491725773,-0.043172030802449135,-0.0695750141148086,2018-03-07,18850.0,-0.06382978723404253,0.049645390070921946,v6
6022,25850,6356332727.15,0.05938839938378926,0.16352366227603377,0.2621992211933535,0.03953994293904173,True,True,bear,0.02012628255722171,-0.030018761726078758,2022-05-25,030000,제일기획,0.8174603174603174,0.7328042328042328,0.7037037037037037,2022-05-26,25650.0,-0.007736943907156624,-0.02349317738791423,0.01604897229259561,-0.03954214968050984,2022-06-02,25150.0,-0.048834307992202786,-0.008070340352848038,-0.04076396763935475,2022-06-10,24500.0,-0.06442884990253417,-0.0956786231510246,0.03124977324849043,2022-06-24,24100.0,-0.14630019493177393,-0.08553720113565577,-0.06076299379611816,2022-07-22,22000.0,-0.12485769980506822,-0.05903346974959778,-0.06582423005547045,2022-08-22,22550.0,-0.08966861598440545,0.025341130604288553,v6
2778,47400,67404173547.5,0.019517377202535657,0.15391297600006904,0.16270245919853465,0.03133466295047205,True,True,bull,0.030995106035889064,-0.0831721470019342,2010-03-25,030200,KT,0.6375,0.8,0.725,2010-03-26,47000.0,-0.008438818565400852,0.002382978723404209,0.02090904772084845,-0.01852606899744424,2010-04-01,47300.0,-0.007191489361702105,0.029585025772583595,-0.0367765151342857,2010-04-08,46850.0,0.00982978723404249,0.0329936578065988,-0.023163870572556308,2010-04-22,47650.0,0.00025531914893606525,-0.04693104349271948,0.047186362641655544,2010-05-24,47200.0,-0.018893617021276562,0.028219197605643842,-0.04711281462692041,2010-06-22,46300.0,-0.043617021276595724,0.036170212765957555,v6
5572,33600,30983221037.5,0.04339920113955931,0.12629077632366292,0.36188368553478445,0.02725171414427563,True,True,mixed,0.035359371388953065,-0.02467343976777936,2021-07-20,030200,KT,0.6963123644251626,0.7158351409978309,0.7744034707158352,2021-07-21,33650.0,0.0014880952380953438,-0.01588707280832091,-0.005721087744876341,-0.010165985063444568,2021-07-27,33250.0,-0.006971768202080227,-0.00430311922316251,-0.002668648978917717,2021-08-03,33550.0,0.015316493313521477,-0.02835937043427983,0.0436758637478013,2021-08-18,34300.0,-0.036689450222882614,-0.030060317489611355,-0.006629132733271259,2021-09-15,32550.0,-0.06492124814264488,-0.07320531630540761,0.008284068162762726,2021-10-20,31600.0,-0.017830609212481474,0.04606240713224374,v6
5780,37000,38729934732.7,0.05701511338448351,0.1894357380972328,0.2882024314662268,0.02410596766403117,True,True,bear,0.026850759730798535,-0.022457067371202122,2022-05-25,030200,KT,0.8068783068783069,0.7645502645502645,0.7592592592592593,2022-05-26,36800.0,-0.00540540540540535,0.01909782608695654,0.01604897229259561,0.003048853794360932,2022-06-02,37650.0,0.0014347826086955652,-0.008070340352848038,0.009505122961543603,2022-06-10,37000.0,0.009586956521739024,-0.0956786231510246,0.10526557967276362,2022-06-24,37300.0,0.0014347826086955652,-0.08553720113565577,0.08697198374435133,2022-07-22,37000.0,0.058499999999999996,-0.05903346974959778,0.11753346974959777,2022-08-22,39100.0,-0.04211956521739135,0.04619565217391308,v6
5800,37300,35819366420.0,0.10386620257475576,0.19477056210926802,0.3516877684557883,0.058363567441483744,True,True,bear,0.008653326122228133,-0.03116883116883118,2022-06-24,030200,KT,0.8738738738738738,0.8408408408408409,0.8588588588588588,2022-06-27,37450.0,0.004021447721179516,-0.024026702269692942,-0.032636790869419174,0.008610088599726232,2022-07-01,36700.0,-0.025361815754339153,-0.013674890902987458,-0.011686924851351695,2022-07-08,36650.0,-0.016016021361815787,0.004170862705605849,-0.020186884067421636,2022-07-22,37000.0,0.04005874499332451,0.03327458878818401,0.006784156205140501,2022-08-22,39100.0,-0.028032042723631464,-0.01510154414232956,-0.012930498581301905,2022-09-21,36550.0,-0.03204272363150873,0.009345794392523255,v6
3555,5320,3906132256.5,0.07308725284126205,0.41648471334922643,0.41925238212490457,0.016109093462739477,True,True,bull,0.010542311710513896,-0.08747855917667235,2010-11-18,030210,다올투자증권,0.839622641509434,0.9245283018867925,0.8160377358490566,2010-11-19,5380.0,0.011278195488721776,-0.04489219330855021,-0.004677964001363111,-0.0402142293071871,2010-11-25,5160.0,-0.031881040892193346,0.00698080279232105,-0.0388618436845144,2010-12-02,5230.0,-0.00771747211895912,0.037434038642254475,-0.0451515107612136,2010-12-16,5360.0,-0.06719702602230482,0.08851472061298882,-0.15571174663529364,2011-01-14,5040.0,-0.14712267657992562,0.027040284188894592,-0.1741629607688202,2011-02-16,4610.0,-0.12360594795539037,0.037174721189590976,v6
6150,6080,5148363439.5,0.019370435864408675,0.35758468281714806,0.6672164523043962,0.0024467256052527198,True,True,bull,0.031820110309715766,-0.052959501557632405,2021-06-01,030210,다올투자증권,0.5354969574036511,0.8336713995943205,0.8945233265720081,2021-06-02,6090.0,0.00164473684210531,0.21931691297208533,0.00726646818012644,0.2120504447919589,2021-06-08,7450.0,0.37366830870279144,0.010615928544845499,0.36305238015794594,2021-06-15,8390.0,0.2817142857142858,0.01931522143654618,0.2623990642777396,2021-06-29,7830.0,0.29485057471264375,0.002521399330107865,0.2923291753825359,2021-07-27,7910.0,0.22424302134646967,-0.024063391638754594,0.24830641298522427,2021-08-25,7480.0,-0.009852216748768461,0.41215106732348117,v6
6594,4825,3170916554.75,0.12386109203410933,0.6254502357781495,0.13268099400792144,0.056469783814075525,True,True,mixed,0.013921723141581355,-0.0667311411992263,2023-03-17,030210,다올투자증권,0.8651315789473685,0.9769736842105263,0.7664473684210527,2023-03-20,4770.0,-0.011398963730569922,0.11968972746331241,0.009653534682068976,0.11003619278124344,2023-03-24,5360.0,0.12388259958071268,0.035532867588957684,0.088349731991755,2023-03-31,5380.0,0.1930649895178198,0.07509605455145962,0.11796893496636018,2023-04-14,5710.0,-0.16542557651991618,0.036945987867233576,-0.20237156438714976,2023-05-16,4000.0,-0.26186163522012584,0.090586026832562,-0.35244766205268785,2023-06-15,3540.0,-0.002096436058700246,0.30817610062893075,v6
1447,8380,18639677035.5,0.31703976861894434,0.504293767009125,1.1266772855902247,0.009645963780721134,True,True,bull,0.031575060011078904,-0.07912087912087917,2005-10-11,030610,교보증권,0.888235294117647,0.9411764705882353,0.9117647058823529,2005-10-12,8380.0,0.0,-0.08753221957040569,-0.04585635803511823,-0.04167586153528746,2005-10-18,7680.0,-0.10662529832935563,-0.049829878622620116,-0.05679541970673552,2005-10-25,7520.0,-0.07321241050119331,-0.013287967632698683,-0.05992444286849463,2005-11-08,7800.0,0.18931742243436744,0.06260305816301082,0.12671436427135663,2005-12-06,10000.0,0.6189116945107398,0.12779614391544603,0.49111555059529377,2006-01-04,13600.0,-0.16945107398568016,0.00835322195704058,v6
5833,11300,4276282242.0,0.1661776129338598,0.22562796364974558,0.12316263495882063,0.11293555402809718,True,True,mixed,0.03860294117647056,-0.07377049180327866,2020-02-24,030720,동원수산,0.9295774647887324,0.8591549295774648,0.7429577464788732,2020-02-25,10850.0,-0.03982300884955747,-0.11091244239631337,-0.03519067235190676,-0.07572177004440661,2020-03-02,9690.0,-0.20123502304147467,-0.05819180458191808,-0.1430432184595566,2020-03-09,8710.0,-0.5026175115207373,-0.2857507648575077,-0.21686674666322958,2020-03-23,5440.0,-0.22335483870967743,-0.09451470694514708,-0.12884013176453035,2020-04-21,8470.0,-0.1671336405529954,-0.050791356507913554,-0.11634228404508185,2020-05-22,9080.0,-0.5345622119815668,0.018433179723502224,v6
808,26600,4237201925.0,0.1493385637471064,0.6174284017152876,0.7835542006366567,0.03718099433044153,True,True,bear,0.020134228187919545,-0.08275862068965523,2014-10-22,031430,신세계인터내셔날,0.8095238095238095,0.948051948051948,0.9047619047619048,2014-10-23,26800.0,0.007518796992481258,-0.048776119402985096,0.014872466273034401,-0.0636485856760195,2014-10-29,25600.0,-0.05250746268656714,-0.0005174831688599113,-0.05198997951770723,2014-11-05,25500.0,-0.17937313432835822,0.017822120335535985,-0.1971952546638942,2014-11-19,22100.0,-0.14579104477611937,-0.016699181859110013,-0.12909186291700936,2014-12-17,23000.0,-0.26668656716417916,-0.015426173263714649,-0.2512603939004645,2015-01-19,19760.0,-0.21272388059701497,0.026119402985074647,v6
5572,12880,2478961448.0,0.06635399606541892,0.12327613242507551,0.251573688614811,0.03655178743081722,True,True,bull,0.033086023661520025,-0.02865761689291102,2019-05-02,031820,아이티센씨티에스,0.7285714285714285,0.7285714285714285,0.7892857142857143,2019-05-03,12800.0,-0.006211180124223614,-0.06806250000000003,-0.0458939821855312,-0.022168517814468824,2019-05-10,11980.0,-0.06181250000000005,-0.06953798247519727,0.007725482475197221,2019-05-17,12060.0,-0.09384375,-0.07590158592222462,-0.01794216407777538,2019-05-31,11650.0,0.08428125000000009,-0.036072488956477744,0.12035373895647783,2019-07-01,13930.0,-0.014937500000000044,-0.08145050329495263,0.06651300329495258,2019-07-29,12660.0,-0.11640625000000004,0.02109374999999991,v6
819,33275,2849657882.5,0.03631868137875949,1.0366003791047291,0.8930504048815657,0.05339472311481752,True,True,bull,0.038848727702996966,-0.0870805783423414,2009-09-24,032350,롯데관광개발,0.7655502392344498,0.9856459330143541,0.9569377990430622,2009-09-25,33515.0,0.007212622088655252,-0.12343905713859471,-0.02477452102395028,-0.09866453611464443,2009-10-01,29512.0,-0.02867551842458604,-0.023493693704378038,-0.005181824720208002,2009-10-09,32688.0,-0.014264060868267921,-0.02741919224862277,0.013155131380354849,2009-10-23,33171.0,-0.1697765179770252,-0.03902372495419271,-0.1307527930228325,2009-11-20,27959.0,-0.24290795166343426,-0.023345449801649765,-0.2195625018617845,2009-12-18,25508.0,-0.15139489780695214,0.018558854244368206,v6
4106,14350,14119943367.5,0.07968246003273949,0.46092166520319955,0.26888138653486937,0.020190698776825222,True,True,mixed,0.038538085760810636,-0.04966887417218546,2023-01-17,032350,롯데관광개발,0.801980198019802,0.9240924092409241,0.8415841584158416,2023-01-18,14350.0,0.0,-0.028390243902439046,0.03709102824782806,-0.06548127215026711,2023-01-26,14000.0,-0.04859930313588856,0.03718765228788912,-0.08578695542377768,2023-02-02,13710.0,0.03572125435540063,0.03996034213312272,-0.004239087777722084,2023-02-16,14920.0,-0.12734494773519167,0.0064402023223377736,-0.13378515005752945,2023-03-17,12580.0,-0.16776306620209058,0.0802945772908299,-0.24805764349292048,2023-04-14,12000.0,-0.0738675958188153,0.08362369337979092,v6
4134,14390,13359586303.0,0.04178664844783164,0.22120471097184968,0.20275636499770533,0.0356635242403287,True,True,mixed,0.004888268156424624,-0.07459807073954983,2023-02-28,032350,롯데관광개발,0.6601307189542484,0.8366013071895425,0.8006535947712419,2023-03-02,14690.0,0.020847810979847115,-0.14286997957794423,0.007164718111827506,-0.15003469768977173,2023-03-08,12650.0,-0.17214159292035403,-0.014449538434778475,-0.15769205448557555,2023-03-15,12220.0,-0.06526616746085778,0.012138606234547211,-0.077404773695405,2023-03-29,13790.0,-0.2585949625595644,0.02908130091401917,-0.28767626347358355,2023-04-26,10950.0,-0.23476923076923073,0.05971978911708309,-0.2944890198863138,2023-05-26,11300.0,-0.2001361470388019,0.000680735194009463,v6
1978,9720,15660368507.0,0.027802264238758978,0.264564736219018,0.45824173842962057,0.04914566333611847,True,True,bear,0.007828295919954487,-0.04236453201970447,2008-09-29,032640,LG유플러스,0.5973154362416108,0.9395973154362416,0.9395973154362416,2008-09-30,9400.0,-0.03292181069958844,0.05982978723404253,-0.012912129598184996,0.07274191683222753,2008-10-07,10000.0,-0.009319148936170248,-0.01176326076432288,0.002444111828152632,2008-10-14,9350.0,-0.08910638297872342,-0.2780479345650556,0.1889415515863322,2008-10-28,8600.0,0.08642553191489366,-0.2894932693627752,0.37591880127766886,2008-11-25,10250.0,0.11302127659574457,-0.1731684935367097,0.2861897701324543,2008-12-23,10500.0,-0.10212765957446812,0.17553191489361697,v6
4095,14800,27828662047.75,0.038820244731575526,0.2348275513119671,0.20917133817435696,0.039053467434351674,True,True,bull,0.012658227848101333,-0.038961038961038974,2017-04-07,032640,LG유플러스,0.6659574468085107,0.8936170212765957,0.8851063829787233,2017-04-10,14800.0,0.0,-0.041162162162162175,-0.0064919048970834,-0.034670257265078774,2017-04-14,14250.0,-0.041162162162162175,0.0075436400273638515,-0.048705802189526026,2017-04-21,14250.0,-0.09183783783783783,0.0686606199652835,-0.16049845780312133,2017-05-11,13500.0,0.08721621621621622,0.10836594798099441,-0.02114973176477819,2017-06-09,16150.0,0.009513513513513597,0.10751897544245015,-0.09800546192893655,2017-07-07,15000.0,-0.10810810810810811,0.020270270270270174,v6
4465,17500,35510325931.3,0.06607351529529548,0.2729910874923749,0.5800199735015192,0.029564374851161368,True,True,bear,0.0159651669085632,-0.04371584699453557,2018-10-18,032640,LG유플러스,0.8327137546468402,0.9070631970260223,0.9516728624535316,2018-10-19,17450.0,-0.0028571428571428914,-0.032653295128939885,-0.03134184013595853,-0.0013114549929813535,2018-10-25,16950.0,-0.0813638968481375,-0.04957606827976668,-0.03178782856837081,2018-11-01,16100.0,-0.13007449856733522,-0.019717754429452672,-0.11035674413788255,2018-11-15,15250.0,0.010326647564469885,-0.01620142155620019,0.026528069120670076,2018-12-13,17700.0,-0.026922636103151817,-0.015436184896200134,-0.011486451206951683,2019-01-15,17050.0,-0.15759312320916907,0.042979942693409656,v6
1125,122500,41710728714.9,0.10071498832084136,0.17150705316134662,0.22879865237972408,0.005648098680242519,True,True,mixed,0.0333192745676929,-0.0239043824701195,2014-11-25,032830,삼성생명,0.8663594470046083,0.8110599078341014,0.7557603686635944,2014-11-26,122500.0,0.0,0.02457142857142847,-0.009572608233450741,0.03414403680487921,2014-12-02,126000.0,0.02457142857142847,-0.006993042225278634,0.0315644707967071,2014-12-09,126000.0,-0.05297959183673473,-0.02308006227233561,-0.02989952956439912,2014-12-23,116500.0,-0.05706122448979589,-0.024556259226230948,-0.032504965263564944,2015-01-23,116000.0,-0.18359183673469393,0.0028415531808769767,-0.1864333899155709,2015-02-25,100500.0,-0.05714285714285716,0.044897959183673564,v6
3596,103900,30874203561.75,0.06066726789275223,0.12366345213605134,0.3388614031968399,0.007037663418026696,True,True,bear,-0.005789196689153675,-0.06396396396396398,2024-12-12,032830,삼성생명,0.7446043165467626,0.7086330935251799,0.8633093525179856,2024-12-13,103900.0,0.0,-0.05597305101058714,-0.015288529560384068,-0.04068452145020307,2024-12-19,98500.0,-0.06848508180943214,-0.027884790298130402,-0.040600291511301734,2024-12-27,97200.0,-0.10409624639076032,0.009560384032339497,-0.11365663042309981,2025-01-14,93500.0,-0.006887391722810384,0.0552481051035878,-0.062135496826398184,2025-02-17,103600.0,-0.19456785370548602,0.0560242546740779,-0.2505921083795639,2025-03-18,84100.0,-0.12704523580365734,0.002887391722810495,v6
4219,15400,3026504942.5,0.06275170267223895,0.4298168205712688,0.39554142335676035,0.0018466789778599502,True,True,bear,-0.0150303805564439,-0.07228915662650603,2016-01-25,033240,자화전자,0.6108949416342413,0.933852140077821,0.8715953307392996,2016-01-26,15200.0,-0.012987012987012991,0.06507894736842101,0.02282304303697913,0.042255904331441885,2016-02-01,16250.0,0.019026315789473672,-0.010803084166281396,0.02982939995575507,2016-02-11,15550.0,-0.027026315789473673,0.019501878450689958,-0.046528194240163634,2016-02-25,14850.0,-0.017157894736842146,0.05416952286821086,-0.07132741760505301,2016-03-25,15000.0,-0.07636842105263153,0.07050433876941553,-0.14687275982204706,2016-04-25,14100.0,-0.10855263157894735,0.11184210526315796,v6
4483,19300,3736295215.0,0.16056682012825996,0.38643195139189457,0.16739293228847396,0.040370356587571266,True,True,bull,0.03610253657227225,-0.051597051597051635,2017-02-20,033240,자화전자,0.9230769230769231,0.9700854700854701,0.8333333333333334,2017-02-21,19450.0,0.007772020725388629,-0.09654498714652959,-0.00021572697593919,-0.0963292601705904,2017-02-27,17650.0,-0.09911568123393322,0.003873497701309514,-0.10298917893524273,2017-03-07,17600.0,-0.13510539845758351,0.044300732992325065,-0.17940613144990858,2017-03-21,16900.0,-0.047701799485861174,0.029957286058764243,-0.07765908554462542,2017-04-18,18600.0,-0.16338303341902316,0.1045364986073627,-0.26791953202638585,2017-05-22,16350.0,-0.18251928020565555,0.007712082262210762,v6
5365,12650,4991782680.0,0.035389288229153215,0.8454836453262142,0.7967002357281365,0.0481503613886054,True,True,bull,-0.0056985655335036745,-0.14237288135593218,2020-09-23,033240,자화전자,0.6045340050377834,0.9571788413098237,0.8664987405541562,2020-09-24,12200.0,-0.035573122529644285,0.07386885245901631,0.027173486901142185,0.046695365557874124,2020-10-05,13150.0,0.274688524590164,0.0468413761859543,0.22784714840420972,2020-10-13,15600.0,0.041081967213114856,0.015342260478650838,0.02573970673446402,2020-10-27,12750.0,0.22140983606557385,0.14032810308326304,0.0810817329823108,2020-11-24,14950.0,0.5410819672131149,0.19082426534008246,0.3502577018730324,2020-12-22,18850.0,-0.008196721311475419,0.3770491803278688,v6
5390,14400,7584942705.0,0.10128689003054081,0.11962929127099198,0.7920770586246464,0.12340156344958997,True,True,mixed,0.0108810108810109,-0.1428571428571429,2020-11-03,033240,자화전자,0.829971181556196,0.7060518731988472,0.8962536023054755,2020-11-04,14700.0,0.02083333333333326,0.0028027210884353816,0.038753747903714775,-0.0359510268152794,2020-11-10,14800.0,-0.0005986394557824203,0.07530957261192883,-0.07590821206771126,2020-11-17,14750.0,0.15246258503401355,0.1155836565988515,0.03687892843516205,2020-12-01,17000.0,0.5470204081632652,0.21689139972557703,0.3301290084376882,2020-12-30,22800.0,0.4177687074829932,0.26040096217369935,0.15736774530929387,2021-01-29,20900.0,-0.04761904761904767,0.20408163265306123,v6
6026,34400,10130515347.5,0.08125260619983621,0.08894041517138773,0.3862518540098203,0.035415631529103875,True,True,bull,0.03536493604213686,-0.02961918194640334,2023-05-31,033240,자화전자,0.824773413897281,0.716012084592145,0.8851963746223565,2023-06-01,34400.0,0.0,0.00617441860465107,0.014884006592654764,-0.008709587988003694,2023-06-08,34750.0,0.0003604651162789664,0.01398606835214733,-0.013625603235868363,2023-06-15,34550.0,-0.07376744186046513,-0.008761700407376338,-0.0650057414530888,2023-06-29,32000.0,-0.1856860465116279,0.012147432907298583,-0.19783347941892648,2023-07-27,28150.0,-0.2641744186046512,-0.020765307709052494,-0.2434091108955987,2023-08-25,25450.0,-0.09447674418604646,0.08430232558139528,v6
3234,8639,6176584042.5,0.011403789274863962,0.3786746571473736,0.48584313337487806,0.014453191876966587,True,True,mixed,0.02075419307957249,-0.13713543747503,2012-12-04,033270,유나이티드제약,0.6331658291457286,0.9396984924623115,0.8743718592964824,2012-12-05,8687.0,0.005556198634101062,0.035599401404397435,0.016121440947528987,0.01947796045686845,2012-12-11,9031.0,0.01867756417635547,0.03084641444050784,-0.012168850264152372,2012-12-18,8884.0,0.03110993438471277,0.04023895109777853,-0.00912901671306576,2013-01-07,8992.0,0.29552803039023834,0.010220072926633739,0.2853079574636046,2013-02-04,11289.0,0.44241418211120065,0.045147275595438296,0.39726690651576235,2013-03-06,12565.0,-0.05537009324277653,0.11189133187521594,v6
3300,12320,2544043792.5,0.12776423622291389,0.3145046082351337,0.9703641488482762,0.005131474511875345,True,True,bull,0.032950448562085954,-0.030760758398237775,2013-03-14,033270,유나이티드제약,0.841025641025641,0.8666666666666667,0.9794871794871794,2013-03-15,12417.0,0.007873376623376727,0.03956930015301596,-0.029302735220504528,0.06887203537352049,2013-03-21,12958.0,0.14233164210356763,-0.008055888660553068,0.1503875307641207,2013-03-28,14234.0,0.19765901586534596,-0.029810271133646205,0.22746928699899216,2013-04-11,14921.0,0.19371281307884347,-0.032323071487926125,0.2260358845667696,2013-05-10,14872.0,0.11068148506080377,-0.04429992386961301,0.1549814089304168,2013-06-11,13841.0,-0.031569622292018984,0.22928243537086246,v6
3337,16541,5470848685.0,0.1355450193366261,0.49285917311768834,1.0038453837593917,0.029680962836317715,True,True,mixed,0.03853458695003842,-0.028771064529387602,2013-05-07,033270,유나이티드제약,0.8028169014084507,0.9154929577464789,0.9859154929577465,2013-05-08,16688.0,0.008887008040626254,-0.19809156279961648,0.0036192544335866828,-0.20171081723320317,2013-05-14,13449.0,-0.1245656759348035,0.01636310807297625,-0.14092878400777975,2013-05-22,14676.0,-0.23931879194630867,-0.0012947755297619823,-0.2380240164165467,2013-06-05,12761.0,-0.3010397890699904,-0.06249076070611137,-0.23854902836387903,2013-07-04,11731.0,-0.1598604985618408,-0.020894822427143356,-0.13896567613469746,2013-08-01,14087.0,-0.25299616490891663,0.011744966442952975,v6
5110,26850,14364015097.5,0.11416929826309397,0.3965723710597009,0.6037098013352389,0.06372877539703592,True,True,bull,0.02198115900656572,-0.14487722538934356,2020-07-24,033270,유나이티드제약,0.7449856733524355,0.8538681948424068,0.8825214899713467,2020-07-27,26999.0,0.005549348230912576,-0.08729938145857252,0.02082614772995428,-0.1081255291885268,2020-07-31,24750.0,-0.033593688655135345,0.06725270935066363,-0.10084639800579898,2020-08-07,26200.0,0.9145895773917552,0.057341114963602946,0.8572484624281522,2020-08-24,51800.0,1.8664766843216416,0.08437108573710672,1.7821055985845349,2020-09-21,77500.0,0.8053262713433831,0.07140069344854494,0.7339255778948381,2020-10-23,48850.0,-0.11107818808104009,1.0260009629986295,v6
1169,28100,12502424629.5,0.024079408421095794,0.25026942952625997,0.3073517904814509,0.01068156055167191,True,True,bear,0.03204480763933515,-0.06644518272425248,2004-07-19,033780,KT&G,0.5121951219512195,0.7926829268292683,0.7560975609756098,2004-07-20,27700.0,-0.014234875444839812,0.010440433212996373,-0.008124056908816568,0.01856449012181294,2004-07-26,28100.0,0.010440433212996373,-0.030515736150032335,0.040956169363028705,2004-08-02,28100.0,0.05376173285198549,0.042587303298124546,0.011174429553860943,2004-08-16,29300.0,0.09708303249097483,0.1477554429834016,-0.05067241049242677,2004-09-13,30500.0,0.07000722021660644,0.14064184091399,-0.07063462069738358,2004-10-14,29750.0,-0.009025270758122761,0.07942238267148016,v6
4133,128500,31801034667.45,0.031523523897870165,0.18539113820857422,0.22756692619246677,0.03203695253395478,True,True,bear,0.013606783671859635,-0.030188679245283012,2016-06-28,033780,KT&G,0.7035714285714286,0.7678571428571429,0.7785714285714286,2016-06-29,128000.0,-0.0038910505836575737,0.046781249999999996,0.022370537067579077,0.02441071293242092,2016-07-05,134500.0,-0.004,0.02307957108579828,-0.02707957108579828,2016-07-12,128000.0,-0.031343750000000004,0.04163262789586453,-0.07297637789586453,2016-07-26,124500.0,-0.0899375,0.050069105127138025,-0.14000660512713803,2016-08-24,117000.0,-0.0743125,0.05179031089600317,-0.12610281089600317,2016-09-26,119000.0,-0.0546875,0.08984375,v6
4080,36439,2459504500.0,0.17508829559681893,0.16416901917341387,0.17727942564267818,0.005993179086269951,True,True,bear,0.00949544620286047,-0.06903247234357834,2014-12-26,033920,무학,0.9296482412060302,0.8040201005025126,0.7135678391959799,2014-12-29,36486.0,0.0012898268338867869,0.03256196897440122,-0.028297552741744836,0.06085952171614606,2015-01-06,37820.0,-0.030969248478868613,-0.010390910921038277,-0.020578337557830336,2015-01-13,35502.0,-0.018800197335964493,0.007809959375822739,-0.026610156711787233,2015-01-27,35946.0,0.19067741051362175,0.025050715697863435,0.1656266948157583,2015-02-27,43589.0,0.24743890807432978,0.042601186205330155,0.20483772186899962,2015-03-27,45660.0,-0.044565038644959754,0.04459244641780402,v6
5834,20000,295060283979.5,0.12959149472867248,0.13131935381428628,0.18973621414901354,0.016439896829498535,True,True,mixed,0.03608153961716787,-0.09090909090909094,2024-06-12,034020,두산에너빌리티,0.8338192419825073,0.685131195335277,0.7288629737609329,2024-06-13,20050.0,0.0024999999999999467,0.05086284289276799,0.011992706697827149,0.03887013619494084,2024-06-19,21150.0,0.013456359102244301,0.010082556128761633,0.003373802973482668,2024-06-26,20400.0,0.08577556109725681,0.037555441396725175,0.04822011970053164,2024-07-10,21850.0,-0.16360099750623447,-0.07082389714128601,-0.09277710036494846,2024-08-07,16850.0,-0.17507231920199506,-0.06825894116880948,-0.10681337803318558,2024-09-05,16620.0,-0.04139650872817957,0.11471321695760595,v6
6114,66300,487579215957.5,0.008952581296406636,1.075487543770831,1.555705284726458,0.059148602063725075,True,True,bull,0.034967218232906605,-0.0817174515235457,2025-08-06,034020,두산에너빌리티,0.7066246056782335,0.9968454258675079,0.9905362776025236,2025-08-07,66300.0,0.0,-0.0009834087481146413,0.002973737172647928,-0.003957145920762569,2025-08-13,66500.0,-0.07639819004524884,-0.02272918150683867,-0.05366900853841017,2025-08-21,61500.0,-0.056790346907994005,-0.00434862402443692,-0.052441722883557085,2025-09-04,62800.0,-0.026624434389140302,0.10401858896793281,-0.13064302335707312,2025-10-02,64800.0,0.19207843137254899,0.2524690417163067,-0.0603906103437577,2025-11-06,79300.0,-0.22926093514328805,0.06485671191553544,v6
3914,35000,2860375065.0,0.0428640891989891,0.3083080144349968,0.27322866854984496,0.030905315035859582,True,True,bull,0.020705745115193963,-0.03978052126200271,2015-03-11,034120,SBS,0.6540084388185654,0.8396624472573839,0.7679324894514767,2015-03-12,35150.0,0.004285714285714226,0.05147652916073975,0.02487343498954142,0.026603094171198327,2015-03-18,37100.0,0.12117780938833578,0.03212881842341919,0.08904899096491659,2015-03-25,39550.0,0.054321479374110915,0.040440173401643076,0.013881305972467839,2015-04-08,37200.0,0.18234423897581786,0.053708026394236,0.12863621258158187,2015-05-08,41700.0,0.08703840682788044,0.043436303190145686,0.04360210363773476,2015-06-08,38350.0,-0.014224751066856278,0.15078236130867717,v6
5115,21900,2857095467.5,0.08867706830065825,0.3183164373955727,0.162967122863229,0.0823123609304981,True,True,mixed,0.026843277458680204,-0.051948051948051965,2020-01-31,034120,SBS,0.8485915492957746,0.954225352112676,0.8028169014084507,2020-02-03,21700.0,-0.0091324200913242,0.13424884792626735,0.060068723911032684,0.07418012401523466,2020-02-07,24700.0,0.12272811059907829,0.07523207499245177,0.04749603560662652,2020-02-14,24450.0,-0.008608294930875556,-0.04773292565453058,0.03912463072365502,2020-02-28,21600.0,-0.20906912442396308,-0.17678435356870714,-0.03228477085525594,2020-03-27,17250.0,-0.16068202764976958,-0.07851970420921983,-0.08216232344054974,2020-04-27,18300.0,-0.025345622119815614,0.20046082949308763,v6
5468,48350,10595880687.5,0.09101122594751865,1.1467281015716555,0.9045596409003034,0.0353249786733536,True,True,bull,0.011136090343493388,-0.08079847908745252,2021-07-02,034120,SBS,0.8090349075975359,0.9753593429158111,0.9014373716632443,2021-07-05,48400.0,0.0010341261633919352,-0.10937190082644632,-0.020497429450672566,-0.08887447137577376,2021-07-09,43300.0,-0.0019338842975207236,-0.0025507641638942147,0.000616879866373491,2021-07-16,48500.0,-0.004,-0.02525500031960648,0.02125500031960648,2021-07-30,48400.0,0.045586776859504186,-0.042949024287049165,0.08853580114655335,2021-08-30,50800.0,0.1860826446280992,-0.06589068240551055,0.25197332703360975,2021-09-30,57600.0,-0.1270661157024794,0.05991735537190079,v6
5891,42750,11525974542.5,0.02719622666101862,0.1554341705928466,0.15130780316770776,0.1663001984871837,True,True,mixed,0.018281426784970023,-0.11855670103092786,2023-03-21,034120,SBS,0.6521739130434783,0.7926421404682275,0.7324414715719063,2023-03-22,42750.0,0.0,-0.09522807017543855,0.009824779678589968,-0.10505284985402852,2023-03-28,38850.0,-0.0975672514619883,0.028723691031622645,-0.12629094249361095,2023-04-04,38750.0,-0.11160233918128659,0.06628926905132193,-0.17789160823260852,2023-04-18,38150.0,-0.2694970760233918,0.04319336443753241,-0.3126904404609242,2023-05-18,31400.0,-0.2659883040935672,0.08221876620010371,-0.34820707029367093,2023-06-19,31550.0,-0.14152046783625727,0.0,v6
832,49450,206095435970.5,0.23213232498240233,0.3821334954606168,0.3642540837120616,0.037731824278713244,True,True,bear,0.019532973490080874,-0.08858006487761727,2007-11-27,034220,LG디스플레이,0.9166666666666666,0.9285714285714286,0.7976190476190477,2007-11-28,50097.0,0.013083923154701749,-0.050130506816775444,0.019114067996556683,-0.06924457481333213,2007-12-04,47786.0,-0.07226756093179232,0.022961325497114604,-0.09522888642890692,2007-12-11,46677.0,-0.12209090364692499,0.014219973855653434,-0.13631087750257842,2007-12-27,44181.0,-0.26415529872048227,-0.1353288767495987,-0.12882642197088356,2008-01-28,37064.0,-0.15806112142443662,-0.07741808636136582,-0.0806430350630708,2008-02-28,42379.0,-0.18172744874942615,0.012914945006686995,v6
2577,32304,29180981967.5,0.025447215838039883,0.055576216675354395,0.1951760191771812,0.026419280358446873,True,True,mixed,0.022448349804951695,-0.026430788704378982,2014-12-05,034220,LG디스플레이,0.6470588235294118,0.6911764705882353,0.7401960784313726,2014-12-08,32026.0,-0.008605745418523991,0.030659339286829516,-0.03373390989541425,0.06439324918224376,2014-12-12,33136.0,-0.03138400049959411,-0.029575623491552627,-0.001808377008041484,2014-12-19,31149.0,-0.011181664897271012,-0.05278057119871282,0.04159890630144181,2015-01-07,31796.0,0.03353200524573774,-0.013078238133547915,0.046610243379285654,2015-02-04,33228.0,-0.09920389683382247,0.0020213193885760816,-0.10122521622239855,2015-03-09,28977.0,-0.09957534503216137,0.03753200524573774,v6
5618,18850,18296201359.5,0.02667169792856683,0.2826115763302115,0.6273055474095235,0.09799724603090976,True,True,bull,0.013549844069254746,-0.05418966382338186,2025-08-06,034230,파라다이스,0.7444794952681388,0.8675078864353313,0.8990536277602523,2025-08-07,19300.0,0.023872679045092937,0.10480829015544035,0.002973737172647928,0.10183455298279243,2025-08-13,21400.0,0.07372020725388606,-0.02272918150683867,0.09644938876072473,2025-08-21,20800.0,0.09185492227979264,-0.00434862402443692,0.09620354630422956,2025-09-04,21150.0,0.10221761658031081,0.10401858896793281,-0.0018009723876220018,2025-10-02,21350.0,-0.10555440414507777,0.2524690417163067,-0.35802344586138446,2025-11-06,17340.0,-0.015544041450777257,0.17098445595854916,v6
460,148500,35939616000.0,0.09229170533451891,0.21394779763113292,0.610325652534298,0.053125536075422364,True,True,bear,0.0399159663865547,-0.07187500000000002,2011-09-16,034730,SK,0.8676470588235294,0.7352941176470589,0.9166666666666666,2011-09-19,146000.0,-0.01683501683501687,0.002849315068493178,-0.06677662323382261,0.06962593830231578,2011-09-23,147000.0,-0.010849315068493178,-0.02707680466215845,0.01622748959366527,2011-09-30,145000.0,0.10216438356164392,0.02544394963989216,0.07672043392175176,2011-10-17,161500.0,-0.004,0.04613227775028861,-0.05013227775028861,2011-11-14,146000.0,-0.1444109589041096,0.04445544010116009,-0.1888663990052697,2011-12-12,125500.0,-0.0547945205479452,0.11986301369863006,v6
1090,153000,15684545375.0,0.0505504034834523,0.16710716082146693,0.3374679548078878,0.035441181638369734,True,True,bull,0.015093713717034385,-0.04672897196261683,2014-04-01,034730,SK,0.7233009708737864,0.7524271844660194,0.8398058252427184,2014-04-02,152000.0,-0.006535947712418277,-0.05334210526315786,-0.0035497692649978374,-0.04979233599816002,2014-04-08,144500.0,-0.04347368421052633,-0.003929744566603222,-0.03954393964392311,2014-04-15,146000.0,-0.0665,-0.01767885087469323,-0.04882114912530677,2014-04-29,142500.0,0.08481578947368429,-0.0025848319859209656,0.08740062145960525,2014-05-30,165500.0,0.121,-0.0005649632773869762,0.12156496327738697,2014-07-01,171000.0,-0.09210526315789469,0.009868421052631637,v6
1198,217500,27740316250.0,0.13130592720693213,0.2964272912209722,0.35282414600868695,0.04048625939540895,True,True,mixed,0.031661330487370964,-0.04185022026431717,2014-09-11,034730,SK,0.7748917748917749,0.8571428571428571,0.8051948051948052,2014-09-12,220000.0,0.011494252873563315,0.0028181818181818342,0.002560574978825114,0.00025760683935672005,2014-09-18,221500.0,0.11190909090909096,-0.004112586964078568,0.11602167787316953,2014-09-25,245500.0,0.08009090909090899,-0.05645015201883952,0.1365410611097485,2014-10-13,238500.0,-0.00854545454545452,-0.04126295587292106,0.032717501327466536,2014-11-10,219000.0,-0.015363636363636354,-0.03111857469486068,0.015754938331224325,2014-12-08,217500.0,-0.07499999999999996,0.19090909090909092,v6
1223,248000,26964927388.4,0.17710705945690364,0.45334123839338225,0.7532937299645887,0.03829682921622379,True,True,bear,0.029045643153526868,-0.05343511450381677,2014-10-20,034730,SK,0.851528384279476,0.8820960698689956,0.9039301310043668,2014-10-21,248500.0,0.002016129032258007,0.024169014084507005,0.004340774165375816,0.01982823991913119,2014-10-27,255500.0,-0.010036217303822977,0.015257691227997361,-0.025293908531820338,2014-11-03,247000.0,-0.1367967806841046,0.010402262401097984,-0.1471990430852026,2014-11-17,215500.0,-0.18709859154929576,-0.0016947214106736164,-0.18540387013862214,2014-12-15,203000.0,-0.09051911468812879,-0.0049282082739833255,-0.08559090641414546,2015-01-15,227000.0,-0.1468812877263581,0.10261569416498983,v6
1752,240000,27861493350.0,0.02699823201638285,0.13274858206910956,0.07836861625559322,0.010381312516945851,True,True,mixed,0.021167960855228207,-0.026369168356997985,2016-12-08,034730,SK,0.7397260273972602,0.8127853881278538,0.7168949771689498,2016-12-09,237000.0,-0.012499999999999956,-0.04408438818565397,0.005991543674550126,-0.05007593186020409,2016-12-15,227500.0,-0.031426160337552744,0.005537114970462165,-0.03696327530801491,2016-12-22,230500.0,-0.02298734177215189,0.012151028391915064,-0.03513837016406696,2017-01-06,232500.0,-0.054632911392405115,0.02503803370675528,-0.0796709450991604,2017-02-07,225000.0,-0.09471729957805908,0.035015707426945486,-0.12973300700500456,2017-03-08,215500.0,-0.05063291139240511,0.012658227848101333,v6
3952,265500,72277504652.2,0.11245428505298372,0.050161214319723646,0.052174331196203294,0.04635230722435946,True,True,mixed,0.028372228139827538,-0.06842105263157894,2025-11-28,034730,SK,0.7328990228013029,0.8110749185667753,0.7882736156351792,2025-12-01,263500.0,-0.007532956685499026,-0.00210246679316883,0.03329956249117938,-0.03540202928434821,2025-12-05,264000.0,0.011180265654648917,0.05021270590132865,-0.039032440246679734,2025-12-12,267500.0,-0.041950664136622406,0.06367063852093802,-0.10562130265756042,2025-12-29,253500.0,0.15539278937381407,0.30315379342325466,-0.1477610040494406,2026-01-28,305500.0,0.4362277039848197,0.4596841670194962,-0.023456463034676522,2026-03-03,379500.0,-0.07779886148007586,0.04174573055028463,v6
458,10320,2760794400.0,0.161135819534597,0.24027690877742902,0.648542944801245,0.05134249948696912,True,True,mixed,0.002428363283147217,-0.10416666666666663,2001-06-27,035000,HS애드,0.7407407407407407,0.6851851851851852,0.7314814814814815,2001-06-28,10600.0,0.027131782945736482,0.02052830188679256,0.019789639039715867,0.0007386628470766911,2001-07-04,10860.0,-0.022867924528301883,-0.054656285216678646,0.03178836068837676,2001-07-11,10400.0,-0.19267924528301883,-0.0963699074548372,-0.09630933782818163,2001-07-26,8600.0,,-0.027917221596147956,,2001-08-24,8920.0,-0.3483396226415094,-0.19354232831335583,-0.1547972943281536,2001-09-21,6950.0,-0.22075471698113203,0.0660377358490567,v6
4267,8950,2302757354.0,0.1006724911693706,0.2720123559887133,0.23802416091150835,0.0360498244810461,True,True,bear,0.029149657908353888,-0.04278074866310155,2016-11-14,035150,백산,0.8706896551724138,0.9396551724137931,0.896551724137931,2016-11-15,9000.0,0.005586592178770999,0.0015555555555555357,-0.005704662347711276,0.007260217903266811,2016-11-21,9050.0,0.037111111111111095,0.00040458598210735275,0.03670652512900374,2016-11-28,9370.0,0.058222222222222175,0.02524110795871204,0.032981114263510136,2016-12-12,9560.0,-0.019555555555555545,0.03428360465880753,-0.05383916021436308,2017-01-10,8860.0,-0.022888888888888844,0.044782610894489094,-0.06767149978337794,2017-02-09,8830.0,-0.013333333333333308,0.11111111111111116,v6
5381,10050,8527188891.5,0.09848473917856704,0.38119508457789886,0.657540985862175,0.028766056447813382,True,True,mixed,0.03496215436898198,-0.15899581589958156,2021-05-28,035150,백산,0.7766599597585513,0.8531187122736419,0.8993963782696177,2021-05-31,10100.0,0.004975124378109541,0.00590099009900991,0.015043576875121367,-0.009142586776111458,2021-06-04,10200.0,-0.07231683168316827,0.01793825930590276,-0.09025509098907103,2021-06-11,9410.0,-0.021821782178217838,0.03470486143744167,-0.05652664361565951,2021-06-25,9920.0,0.11976237623762387,0.019535973634580817,0.10022640260304305,2021-07-23,11350.0,-0.18419801980198025,-0.03190729497565836,-0.1522907248263219,2021-08-23,8280.0,-0.13564356435643565,0.13366336633663356,v6
5579,10200,6753252380.5,0.08198554987744844,0.3777793778121149,0.3129913470380553,0.002765254782011173,True,True,bear,0.015026370783162601,-0.06422018348623848,2022-03-18,035150,백산,0.5702005730659025,0.9169054441260746,0.8997134670487106,2022-03-21,10200.0,0.0,0.03521568627450988,0.004477870049782728,0.030737816224727155,2022-03-25,10600.0,0.010705882352941124,0.00810947049278643,0.002596411860154694,2022-04-01,10350.0,0.0940392156862746,-0.008002766933670857,0.10204198261994546,2022-04-15,11200.0,0.17247058823529415,-0.04460576714339859,0.21707635537869274,2022-05-16,12000.0,-0.07752941176470585,-0.09950290859184407,0.021973496827138228,2022-06-15,9450.0,-0.014705882352941124,0.12745098039215685,v6
2283,30300,14113219240.0,0.014051681492906587,0.1022013644006925,0.37485485626303094,0.045697954050947676,True,True,bull,0.017717692501469484,-0.035031847133757954,2011-01-06,035250,강원랜드,0.6129032258064516,0.8387096774193549,0.8602150537634409,2011-01-07,30000.0,-0.00990099009900991,-0.05733333333333335,0.007619304810771332,-0.06495263814410468,2011-01-13,28400.0,-0.10066666666666668,0.015904093206280612,-0.1165707598729473,2011-01-20,27100.0,-0.1423333333333333,-0.0019192932371436822,-0.14041404009618963,2011-02-08,25850.0,-0.14066666666666672,-0.03482215192315108,-0.10584451474351564,2011-03-09,25900.0,-0.1373333333333333,0.025572894564253046,-0.16290622789758635,2011-04-06,26000.0,-0.1383333333333333,0.014999999999999902,v6
2771,30550,21793569375.1,0.05632017891872332,0.297273459699685,0.18765826586209022,0.02982571878692397,True,True,bull,0.016131714618326853,-0.042319749216300995,2012-12-21,035250,강원랜드,0.7243243243243244,0.9459459459459459,0.772972972972973,2012-12-24,30800.0,0.008183306055646433,-0.07380519480519476,0.023616094827238587,-0.09742128963243335,2013-01-02,28650.0,-0.026727272727272707,0.003815062694028981,-0.03054233542130169,2013-01-09,30100.0,-0.0397142857142857,-0.001930210055235193,-0.03778407565905051,2013-01-23,29700.0,0.010610389610389518,0.015613030681772333,-0.005002641071382815,2013-02-21,31250.0,0.005740259740259827,-0.0179061000685401,0.023646359808799925,2013-03-22,31100.0,-0.07629870129870131,0.0,v6
3464,43350,15430048711.55,0.010572714198523236,0.09465503169451928,0.22185963992067748,0.008540189327979064,True,True,bull,0.016710642040457246,-0.05555555555555558,2015-10-19,035250,강원랜드,0.6277372262773723,0.7408759124087592,0.708029197080292,2015-10-20,42800.0,-0.012687427912341454,0.013523364485981352,0.008161457051439891,0.005361907434541461,2015-10-26,43550.0,-0.03320560747663548,0.001841004184100381,-0.03504661166073586,2015-11-02,41550.0,-0.0811028037383178,-0.04355402412010834,-0.03754877961820946,2015-11-16,39500.0,-0.09512149532710279,-0.0510361801624416,-0.04408531516466119,2015-12-14,38900.0,-0.11848598130841126,-0.06472557223726316,-0.053760409071148096,2016-01-14,37900.0,-0.0771028037383178,0.03738317757009346,v6
4196,28800,13059639272.4,0.09088797319269448,0.1758376949442072,0.21595624859554197,0.06924102988233827,True,True,bear,0.027653880463871516,-0.04318936877076407,2018-10-16,035250,강원랜드,0.8698884758364313,0.8438661710037175,0.7769516728624535,2018-10-17,29000.0,0.00694444444444442,0.02358620689655178,-0.029196474666273398,0.05278268156282517,2018-10-23,29800.0,-0.04020689655172416,-0.07133177225459109,0.031124875702866928,2018-10-30,27950.0,0.02531034482758621,-0.045269747031492,0.07058009185907821,2018-11-13,29850.0,0.14427586206896548,-0.05368666568331004,0.19796252775227552,2018-12-11,33300.0,0.10806896551724132,-0.043269230769230727,0.15133819628647205,2019-01-11,32250.0,-0.05862068965517242,0.051724137931034475,v6
4251,32850,15169449902.5,0.07579748947667131,0.26885119729213514,0.39134164117781767,0.02601302227015334,True,True,bear,0.004203286205578971,-0.040875912408759096,2019-01-04,035250,강원랜드,0.6972111553784861,0.8725099601593626,0.8685258964143426,2019-01-07,32950.0,0.003044140030441511,-0.02524430955993928,0.02031717004876521,-0.04556147960870449,2019-01-11,32250.0,-0.02827921092564489,0.044262230611924025,-0.07254144153756892,2019-01-18,32150.0,0.012691957511380862,0.0831858581091709,-0.07049390059779004,2019-02-01,33500.0,-0.07076783004552356,0.06466788579518634,-0.1354357158407099,2019-03-07,30750.0,-0.044971168437025755,0.08469502123643236,-0.1296661896734581,2019-04-04,31600.0,-0.047040971168436974,0.03490136570561453,v6
5702,17580,10241872482.5,0.06289304004636431,0.22242377374045097,0.2267080555022053,0.00891344982425668,True,True,bear,0.013636232594343767,-0.05534658785599145,2024-11-26,035250,강원랜드,0.7285714285714285,0.8571428571428571,0.7678571428571429,2024-11-27,17680.0,0.005688282138794021,0.03672398190045256,-0.0074320515161862,0.04415603341663876,2024-12-03,18400.0,-0.053773755656108646,-0.04009020096711957,-0.013683554688989075,2024-12-10,16800.0,-0.05773303167420818,-0.03108598470712487,-0.02664704696708331,2024-12-24,16730.0,-0.06621719457013575,0.00713826315496946,-0.07335545772510521,2025-01-24,16580.0,-0.07583257918552033,0.04086437300005552,-0.11669695218557585,2025-02-27,16410.0,-0.07409502262443435,0.0446832579185521,v6
2355,84439,42202551859.1,0.09165690551421979,0.17794490188381862,0.09213061196922956,0.010278546891781204,True,True,mixed,0.03143696848729749,-0.02182500608180904,2012-04-19,035420,NAVER,0.8835978835978836,0.8571428571428571,0.7037037037037037,2012-04-20,84597.0,0.001871173273013671,-0.04852876579547738,-0.012161632012553936,-0.036367133782923444,2012-04-26,80830.0,-0.08748995827275197,0.00046775507740592914,-0.0879577133501579,2012-05-04,77534.0,-0.17283577431823827,-0.10348955346993793,-0.06934622084830033,2012-05-18,70314.0,-0.0893458160454863,-0.04851072818903346,-0.040835087856452845,2012-06-19,77377.0,-0.07451077461375699,-0.08362253674140685,0.009111762127649858,2012-07-17,78632.0,-0.20037353570457583,0.0073879688405025234,v6
2638,94485,70219685769.55,0.04853298536703354,0.1851775313746019,0.30857770050487343,0.04629893454726153,True,True,mixed,-0.011407241937635537,-0.06952582598847801,2013-06-11,035420,NAVER,0.6880733944954128,0.8073394495412844,0.7477064220183486,2013-06-12,94011.0,-0.005016669312589261,-0.04570788524747105,-0.00678302675585285,-0.0389248584916182,2013-06-18,90090.0,-0.1041478550382402,-0.06948683110367881,-0.034661023934561386,2013-06-25,84596.0,-0.017328227547840132,-0.04350438963210701,0.026176162084266878,2013-07-09,92758.0,,-0.0036475752508361436,,2013-08-06,92130.0,-0.07300256352979972,0.01015363712374584,-0.08315620065354556,2013-09-04,87524.0,-0.12184744338428477,0.0066800693535862266,v6
3359,139798,73005326722.95,0.0820462146389811,0.17422515219647705,0.1664684263149484,0.019248845675229553,True,True,mixed,0.030944256680769167,-0.022398444766120518,2016-05-18,035420,NAVER,0.693950177935943,0.7402135231316725,0.7153024911032029,2016-05-19,137595.0,-0.015758451479992552,0.02074653875504207,0.0033778423775916444,0.017368696377450425,2016-05-25,141000.0,-0.004,0.014744793772486942,-0.01874479377248694,2016-06-01,137595.0,0.016378647479923018,-0.000982645055299436,0.017361292535222454,2016-06-16,140399.0,0.06441091609433491,0.02807703527798111,0.0363338808163538,2016-07-14,147008.0,0.12846120861949917,0.048564161092373714,0.07989704752712545,2016-08-11,155821.0,-0.030567971219884416,0.06694283949271407,v6
5511,226500,226764104473.6,0.05149418734916722,0.10355969038370572,0.4619536903752567,0.0003590567232407693,True,True,bull,0.03165565930312009,-0.03821656050955413,2025-02-21,035420,NAVER,0.702054794520548,0.6472602739726028,0.9075342465753424,2025-02-24,224000.0,-0.01103752759381893,-0.0798928571428571,-0.03920155379876478,-0.04069130334409232,2025-02-28,207000.0,-0.0441785714285714,-0.024934373245527497,-0.019244198183043904,2025-03-10,215000.0,-0.0798928571428571,-0.001536348876378768,-0.07835650826647833,2025-03-24,207000.0,-0.1669464285714286,-0.056029315812633707,-0.1109171127587949,2025-04-21,187500.0,-0.18614285714285717,-0.016103212296860514,-0.17003964484599665,2025-05-22,183200.0,-0.0870535714285714,0.03571428571428581,v6
4300,17600,5790030925.0,0.08420532186271878,1.2343601753920548,1.3647594865853039,0.010969550360358182,True,True,bear,0.02878854303667988,-0.09743589743589742,2018-04-10,035510,신세계 I&C,0.6843971631205674,0.9680851063829787,0.9574468085106383,2018-04-11,17650.0,0.0028409090909091717,-0.09748441926345608,-0.0011235360447461318,-0.09636088321870995,2018-04-17,16000.0,-0.09465155807365444,0.00309786568859316,-0.0977494237622476,2018-04-24,16050.0,-0.1626402266288952,0.0031060072541346795,-0.1657462338830299,2018-05-10,14850.0,-0.06349008498583575,0.0055444061338554285,-0.06903449111969118,2018-06-11,16600.0,-0.23912747875354112,-0.0660972998497883,-0.17303017890375283,2018-07-10,13500.0,-0.18130311614730876,0.0,v6
4855,26695,60042713075.0,0.09858657735464549,0.20467103955572852,0.36194374275051444,0.02994382645642113,True,True,bear,0.02962162996104456,-0.021982047994138165,2019-07-15,035720,카카오,0.9,0.8615384615384616,0.8884615384615384,2019-07-16,26795.0,0.0037460198539052136,-0.00023064004478445463,0.004260096140007441,-0.004490736184791896,2019-07-22,26896.0,-0.037700317223362534,-0.02637613578576703,-0.011324181437595504,2019-07-29,25892.0,-0.03019891770852767,-0.06820471489018742,0.03800579718165975,2019-08-12,26093.0,0.011002799029669722,-0.025128810339368535,0.03613160936903825,2019-09-10,27197.0,0.00350139951483475,-0.008184373890599894,0.011685773405434644,2019-10-14,26996.0,-0.11983579025937674,0.03370031722336253,v6
5158,43450,9254567407.5,0.091900959926279,0.1858400577110717,0.19257431889146104,0.04675401944666158,True,True,mixed,0.03941151844985358,-0.05850487540628391,2021-02-16,036420,콘텐트리중앙,0.7445887445887446,0.79004329004329,0.7272727272727273,2021-02-17,43600.0,0.0034522439585731313,0.009761467889908285,-0.029358668331778803,0.039120136221687085,2021-02-23,44200.0,0.05219266055045879,-0.02528019728418096,0.07747285783463975,2021-03-03,46050.0,0.09577064220183495,-0.03650073507327012,0.13227137727510507,2021-03-17,47950.0,0.06939449541284404,0.00614299941510299,0.06325149599774105,2021-04-14,46800.0,0.025816513761467878,-0.012911996711930218,0.03872851047339809,2021-05-13,44900.0,-0.07912844036697253,0.1490825688073394,v6
5342,67300,39984030290.0,0.1756878058353959,0.6147189661490448,0.4445341653850622,0.08565571730948096,True,True,bear,0.03252531451365459,-0.06136680613668066,2021-11-12,036420,콘텐트리중앙,0.9352331606217616,0.9740932642487047,0.8911917098445595,2021-11-15,68500.0,0.017830609212481363,0.016437956204379493,-0.006241470659067105,0.022679426863446598,2021-11-19,69900.0,-0.21275912408759123,-0.017807925931872193,-0.19495119815571904,2021-11-26,54200.0,-0.2492554744525547,0.006873645339969592,-0.2561291197925243,2021-12-10,51700.0,-0.1675036496350365,-0.021059110005084203,-0.1464445396299523,2022-01-10,57300.0,-0.2215182481751825,-0.07283388188702467,-0.14868436628815784,2022-02-10,53600.0,-0.2978102189781022,0.2540145985401461,v6
1635,34897,6790715339.5,0.04034956865399275,0.13631647673605873,0.26520336759118623,0.00987687460283504,True,True,mixed,0.016123983606676662,-0.030854254610086618,2006-08-08,036460,한국가스공사,0.6842105263157895,0.8859649122807017,0.8157894736842105,2006-08-09,35476.0,0.016591684098919757,0.002821513135641055,0.006595306773578891,-0.0037737936379378355,2006-08-16,35718.0,-0.04484451460142069,0.01374149763961463,-0.05858601224103532,2006-08-23,34027.0,-0.010793325064832545,0.03827114208984006,-0.04906446715467261,2006-09-06,35235.0,-0.040757244334197806,0.009495099426927611,-0.05025234376112542,2006-10-09,34172.0,0.07095208027962574,0.05524143260468706,0.015710647674938683,2006-11-06,38135.0,-0.05448754087270269,0.019083323937309826,v6
1672,36685,5611036810.0,0.07033174302665035,0.11441064608582696,0.1914119656326012,0.009825610405496343,True,True,bull,0.01790243009117698,-0.025656689065363447,2006-09-29,036460,한국가스공사,0.7633587786259542,0.6793893129770993,0.7938931297709924,2006-10-02,36588.0,-0.0026441324792149112,-0.06606953099376844,-0.03267969086384437,-0.033389840129924075,2006-10-11,34317.0,-0.03832819503662399,-0.011683828734482926,-0.026644366302141065,2006-10-18,35332.0,-0.013238001530556428,0.00297751538018054,-0.016215516910736968,2006-11-01,36250.0,0.14263277577347755,0.03815306472447033,0.10447971104900722,2006-11-29,41953.0,0.08452629277358703,0.04684478241514456,0.03768151035844247,2006-12-28,39827.0,-0.07794905433475452,0.011889143981633321,v6
1956,65153,28308626855.0,0.13755247800678183,0.22247480296503586,0.3921540113308577,0.054981984870857925,True,True,mixed,-0.016781106164642012,-0.1457584895765045,2007-11-26,036460,한국가스공사,0.8823529411764706,0.8764705882352941,0.8411764705882353,2007-11-27,63413.0,-0.026706368087424992,0.06612757636446775,0.04927499462244023,0.016852581742027528,2007-12-03,67860.0,-0.004,0.05147565757905026,-0.055475657579050264,2007-12-10,63413.0,-0.008573194770788325,0.051641120959246445,-0.06021431573003477,2007-12-26,63123.0,0.168267516124454,-0.0665604024069405,0.2348279185313945,2008-01-25,74337.0,0.10118347972813146,-0.05085241218031089,0.15203589190844236,2008-02-27,70083.0,-0.0914638954157665,0.11128632930156268,v6
2981,42340,8644644347.5,0.1380085560447265,0.27962551487189913,0.32865555484651165,0.062220999049685366,True,True,bear,0.03760776759938622,-0.02230637786911749,2012-01-04,036460,한국가스공사,0.8223350253807107,0.8375634517766497,0.7918781725888325,2012-01-05,42098.0,-0.005715635333018443,-0.005140196683927952,-0.012768666217329527,0.007628469533401575,2012-01-11,42050.0,-0.01661342581595326,0.012287233473483816,-0.028900659289437077,2012-01-18,41567.0,-0.03727949071214787,0.055054508885108655,-0.09233399959725652,2012-02-03,40697.0,-0.11421901277970448,0.07844144173059009,-0.19266045451029457,2012-03-05,37458.0,-0.023502114114684832,0.08551850306512176,-0.1090206171798066,2012-04-02,41277.0,-0.04708062140719271,0.05396930970592417,v6
3489,69300,22804475940.0,0.09413283489158986,0.15789332369857523,0.1579216540954198,0.016733096636782907,True,True,bear,0.016949152542372836,-0.040166204986149534,2014-01-23,036460,한국가스공사,0.6988636363636364,0.8011363636363636,0.8011363636363636,2014-01-24,68700.0,-0.008658008658008698,-0.04475691411935956,-0.011119981458113326,-0.03363693266124623,2014-02-03,65900.0,-0.04475691411935956,-0.009399706420128218,-0.03535720769923134,2014-02-10,65900.0,-0.008366812227074246,0.0038628930493678215,-0.012229705276442068,2014-02-24,68400.0,-0.07823580786026196,0.002060209626329579,-0.08029601748659154,2014-03-24,63600.0,-0.08696943231441046,0.02970307228760527,-0.11667250460201573,2014-04-21,63000.0,-0.06841339155749637,0.011644832605531397,v6
5539,44500,16049357927.5,0.11430149794481881,0.11617582978848306,0.3494173023013524,0.010467961174998708,True,True,bear,0.03326174029140305,-0.08624229979466114,2022-05-26,036460,한국가스공사,0.8906666666666667,0.6213333333333333,0.7813333333333333,2022-05-27,44700.0,0.004494382022471877,-0.006237136465324419,0.011322540944807447,-0.017559677410131865,2022-06-03,44600.0,0.0407427293064877,-0.05159140395720907,0.09233413326369677,2022-06-13,46700.0,-0.12480536912751683,-0.09044021584777051,-0.03436515327974632,2022-06-27,39300.0,-0.20086800894854584,-0.08976995171826185,-0.11109805723028399,2022-07-25,35900.0,-0.0017628635346755815,-0.077784720249929,0.07602185671525341,2022-08-23,44800.0,-0.13982102908277405,0.07718120805369133,v6
2768,342500,58714832397.4,0.06722929405643385,0.28466251304515555,0.48040256848277363,0.02635816212995934,True,True,bear,0.019117756453172596,-0.05647382920110189,2011-09-16,036570,NC,0.8284313725490197,0.8088235294117647,0.8627450980392157,2011-09-19,337500.0,-0.014598540145985384,0.004888888888888946,-0.06677662323382261,0.07166551212271155,2011-09-23,340500.0,-0.005481481481481528,-0.02707680466215845,0.02159532318067692,2011-09-30,337000.0,0.10711111111111116,0.02544394963989216,0.081667161471219,2011-10-17,375000.0,0.010814814814814836,0.04613227775028861,-0.035317462935473776,2011-11-14,342500.0,-0.07214814814814818,0.04445544010116009,-0.11660358824930828,2011-12-12,314500.0,-0.1081481481481481,0.125925925925926,v6
2802,368500,41913883775.0,0.09287897227038644,0.1476613121506325,0.44768136724817287,0.010149222942060554,True,True,mixed,0.021695432175781626,-0.04533678756476689,2011-11-04,036570,NC,0.7435897435897436,0.7333333333333333,0.8871794871794871,2011-11-07,368500.0,0.0,-0.040635006784260574,-0.035955404950981706,-0.004679601833278868,2011-11-11,355000.0,-0.13832835820895528,-0.04851651620579944,-0.08981184200315584,2011-11-18,319000.0,-0.1261166892808684,-0.008748286298145391,-0.117368402982723,2011-12-02,323500.0,-0.1817476255088195,-0.05513851884425369,-0.12660910666456582,2012-01-02,303000.0,-0.20074355495251017,0.013600972606637507,-0.21434452755914768,2012-02-01,296000.0,-0.19538670284938942,0.014925373134328401,v6
3889,253500,57975257205.0,0.02611836877572804,0.17253016649334896,0.29780427874787807,0.042335149153502005,True,True,bull,0.020942408376963373,-0.08483754512635377,2016-03-31,036570,NC,0.6363636363636364,0.7905138339920948,0.8537549407114624,2016-04-01,253500.0,0.0,-0.005972386587771213,-0.010467372178246004,0.0044949855904747905,2016-04-07,253000.0,-0.043447731755424046,0.009996139905853907,-0.05344387166127795,2016-04-15,243500.0,-0.10064694280078901,-0.00031081277540767616,-0.10033613002538133,2016-04-29,229000.0,-0.055282051282051325,-0.005699905252234516,-0.04958214602981681,2016-05-31,240500.0,-0.11248126232741618,-0.019255352747434618,-0.09322590957998156,2016-06-29,226000.0,-0.11637080867850103,0.019723865877712132,v6
4260,462500,121951311522.5,0.1986504477530322,0.19684460381594382,0.3493305882245159,0.04571128821333392,True,True,mixed,0.02897825240558438,-0.03343782654127481,2017-09-28,036570,NC,0.9744680851063829,0.9148936170212766,0.9063829787234042,2017-09-29,467500.0,0.0108108108108107,-0.09063101604278079,0.03992163655167191,-0.1305526525944527,2017-10-13,427000.0,-0.09170053475935824,0.04661448042175009,-0.13831501518110834,2017-10-20,426500.0,-0.07672727272727276,0.07538277853917741,-0.15211005126645016,2017-11-03,433500.0,-0.0425026737967914,0.04067416108229005,-0.08317683487908145,2017-12-01,449500.0,-0.07351871657754006,0.04527338921914015,-0.1187921057966802,2018-01-03,435000.0,-0.14438502673796794,0.005347593582887722,v6
4510,421500,51029175364.55,0.05224123005894721,0.14203073757037077,0.2466312800387671,0.053176456838748276,True,True,bear,-0.01896892819736995,-0.07565789473684215,2018-10-16,036570,NC,0.7769516728624535,0.7806691449814126,0.7955390334572491,2018-10-17,427000.0,0.013048635824436605,-0.008683840749414525,-0.029196474666273398,0.020512633916858872,2018-10-23,425000.0,-0.019222482435597207,-0.07133177225459109,0.052109289818993876,2018-10-30,420500.0,0.04283840749414525,-0.045269747031492,0.08810815452563725,2018-11-13,447000.0,0.1611053864168619,-0.05368666568331004,0.21479205210017194,2018-12-11,497500.0,0.1423700234192038,-0.043269230769230727,0.18563925418843452,2019-01-11,489500.0,-0.09133489461358313,0.07728337236533966,v6
4850,679000,66548101280.6,0.10167666679099718,0.43354973681306286,0.2194210110774768,0.06002735430090711,True,True,bear,0.027309176185793094,-0.04500703234880454,2020-03-03,036570,NC,0.8819188191881919,0.9630996309963099,0.8745387453874539,2020-03-04,698000.0,0.027982326951399017,-0.03551862464183386,-0.021377897208608942,-0.01414072743322492,2020-03-10,676000.0,-0.17735243553008595,-0.16620218265937448,-0.011150252870711475,2020-03-17,577000.0,-0.06990257879656159,-0.12522123232010995,0.05531865352354837,2020-03-31,652000.0,-0.08279656160458448,-0.02904063694966119,-0.05375592465492329,2020-04-29,643000.0,0.1650544412607451,0.029549159691097282,0.1355052815696478,2020-06-01,816000.0,-0.27793696275071633,0.0386819484240688,v6
5423,9080,22280588617.0,0.0056222061251605115,0.46598559420854424,1.0073013626693814,0.005013388093961124,True,True,bull,0.03848573225824903,-0.10453648915187375,2025-07-21,037270,YG PLUS,0.5276967930029155,0.8979591836734694,0.9504373177842566,2025-07-22,8900.0,-0.01982378854625555,-0.07141573033707871,-0.000186908900601801,-0.07122882143647691,2025-07-28,8300.0,-0.018606741573033655,-0.019429180217561903,0.0008224386445282485,2025-08-04,8770.0,0.053303370786516924,-0.018242308698740217,0.07154567948525714,2025-08-19,9410.0,-0.062426966292134844,0.07460780282357038,-0.13703476911570522,2025-09-16,8380.0,-0.25905617977528095,0.19118288412894224,-0.4502390639042232,2025-10-21,6630.0,-0.1067415730337079,0.2808988764044944,v6
1369,9820,4590874121.0,0.11279940916046782,0.14967328023158666,0.4407130990354674,0.020563677945360626,True,True,bear,0.018777881522979545,-0.07793427230046945,2018-06-08,037560,LG헬로비전,0.7935103244837758,0.6342182890855457,0.7522123893805309,2018-06-11,9820.0,0.0,0.049971486761710704,-0.03178567790567388,0.08175716466738459,2018-06-18,10350.0,0.09070468431771883,-0.03926657838443515,0.12997126270215398,2018-06-25,10750.0,-0.032513238289205715,-0.0686360395232759,0.03612280123407019,2018-07-09,9540.0,-0.07935641547861505,-0.06835082000611181,-0.011005595472503238,2018-08-06,9080.0,-0.0712097759674134,-0.056444942446776114,-0.014764833520637288,2018-09-04,9160.0,-0.048879837067209775,0.17107942973523427,v6
1392,10300,5859640692.0,0.07691819324702376,0.36833644350907435,0.542139952050298,0.061105064317361624,True,True,bear,0.003947560797309846,-0.10434782608695647,2018-07-12,037560,LG헬로비전,0.8327645051194539,0.8976109215017065,0.8600682593856656,2018-07-13,10300.0,0.0,-0.15933980582524276,-0.004701121204324421,-0.15463868462091834,2018-07-19,8700.0,-0.14574757281553397,-0.0017487473125549213,-0.14399882550297904,2018-07-26,8840.0,-0.10205825242718447,0.004640067682190274,-0.10669832010937474,2018-08-09,9290.0,-0.008854368932038833,-0.005010749780861579,-0.0038436191511772543,2018-09-07,10250.0,-0.10108737864077666,-0.0572245941031021,-0.04386278453767456,2018-10-12,9300.0,-0.19417475728155342,0.009708737864077666,v6
3058,70137,6503320790.0,0.09156837370860993,0.1898705152646274,0.1466581104804483,0.036295738643537856,True,True,mixed,0.028653643927471828,-0.03623546871135297,2013-04-02,039130,하나투어,0.7537688442211056,0.8040201005025126,0.7286432160804021,2013-04-03,70137.0,0.0,-0.05832225501518462,-0.03514826368481594,-0.023173991330368682,2013-04-09,66327.0,0.01550468369049152,-0.03440983367743167,0.049914517367923183,2013-04-16,71505.0,-0.015135349387627058,-0.013442440134424416,-0.0016929092532026423,2013-04-30,69356.0,0.004355076493149038,0.0047169100471691205,-0.0003618335540200822,2013-05-30,70723.0,-0.0026027346479033896,-0.06399224397325587,0.061389509325352476,2013-06-28,70235.0,-0.07520994624805732,0.11420505581932505,v6
3479,77561,4351837740.0,0.11714076461989897,0.21066661066506498,0.2114583812599925,0.06409057402433427,True,True,bear,0.03641918847392711,-0.020954039964150906,2014-12-17,039130,하나투어,0.8620689655172413,0.8620689655172413,0.7389162561576355,2014-12-18,78440.0,0.01133301530408315,-0.041353391126976,0.015091230503684105,-0.05644462163066011,2014-12-24,75510.0,0.03585211626721052,-0.0010012150161393674,0.03685333128334989,2015-01-05,81566.0,0.032116777154513,-0.007848065621300915,0.039964842775813914,2015-01-19,81273.0,0.19152524222335532,0.021150667215944274,0.17037457500741104,2015-02-16,93777.0,0.3720963793982661,0.06269066106264365,0.30940571833562247,2015-03-19,107941.0,-0.06724885262621116,0.09214686384497695,v6
3507,83715,5519281385.0,0.0816279210773847,0.28392799972112936,0.3652811269306576,0.028940569889741585,True,True,mixed,0.03346237982134315,-0.022797310547695737,2015-01-29,039130,하나투어,0.6877828054298643,0.8552036199095022,0.8144796380090498,2015-01-30,83715.0,0.0,0.11269354357044725,-0.005748092030568364,0.11844163560101562,2015-02-05,93484.0,0.13836397300364323,-0.011455453559591322,0.14981942656323455,2015-02-12,95633.0,0.11619351370722097,0.01896513978198988,0.09722837392523109,2015-03-03,93777.0,0.3028864600131398,0.039152194610336366,0.2637342654028034,2015-03-31,109406.0,0.5595907543450995,0.09344595317010573,0.4661448011749938,2015-04-28,130896.0,-0.028011706384757806,0.16569312548527737,v6
4988,60271,18463730025.0,0.10062415056952856,0.08335845679426979,0.21585498279919757,0.04823483517133709,True,True,bull,0.013469828039202936,-0.10578478064123675,2021-02-08,039130,하나투어,0.6730769230769231,0.7243589743589743,0.7628205128205128,2021-02-09,60368.0,0.0016093975543793881,-0.003983434932414594,0.010147473607865276,-0.01413090854027987,2021-02-17,60369.0,0.06073628412403931,-0.03457812877750022,0.09531441290153952,2021-02-24,64276.0,0.06721322554996023,-0.028543798855669378,0.09575702440562961,2021-03-11,64667.0,0.025137953882851786,0.013219437505036735,0.01191851637781505,2021-04-08,62127.0,0.06882003710575146,0.030606817632363503,0.03821321947338796,2021-05-07,64764.0,-0.04045189504373181,0.1197488735754042,v6
5741,65900,10969234655.0,0.021461572700457454,0.16779497778124663,0.3176254780531871,0.03656200286966915,True,True,bull,0.037713565860955756,-0.04215116279069764,2024-02-28,039130,하나투어,0.6300940438871473,0.8244514106583072,0.8652037617554859,2024-02-29,66300.0,0.006069802731411222,0.0020331825037707175,0.0015661173907122183,0.0004670651130584992,2024-03-07,66700.0,-0.0024917043740573207,0.028477612843675892,-0.030969317217733213,2024-03-14,66400.0,-0.03567420814479638,0.038714119267026836,-0.07438832741182322,2024-03-28,64200.0,-0.04019909502262442,0.004861016538804774,-0.045060111561429195,2024-04-26,63900.0,-0.15030467571644046,0.012793741583064788,-0.16309841729950525,2024-05-29,56600.0,-0.07993966817496234,0.06485671191553544,v6
1677,59900,6266763460.0,0.006051044307534559,0.017363561514937675,0.16058448640101153,0.02866524574806406,True,True,bull,0.020442930153321992,-0.026016260162601612,2011-01-13,039490,키움증권,0.5228426395939086,0.6903553299492385,0.7055837563451777,2011-01-14,60000.0,0.0016694490818029983,0.050999999999999934,0.008115997511604522,0.04288400248839541,2011-01-20,63300.0,0.040999999999999925,0.012111786380820444,0.02888821361917948,2011-01-27,62700.0,-0.019000000000000013,-0.037890606307125374,0.01889060630712536,2011-02-15,59100.0,-0.11399999999999999,-0.06303775661578204,-0.05096224338421795,2011-03-16,53400.0,-0.012333333333333304,0.015418481121692196,-0.0277518144550255,2011-04-13,59500.0,-0.046666666666666634,0.09833333333333338,v6
2993,69900,4179855505.0,0.09590616110775818,0.20161262752484244,0.26740982458370843,0.055837583206843844,True,True,mixed,0.026507085689110754,-0.035862068965517246,2016-05-16,039490,키움증권,0.7153024911032029,0.7793594306049823,0.800711743772242,2016-05-17,70500.0,0.008583690987124415,0.008765957446808418,-0.009428226925921712,0.01819418437273013,2016-05-23,71400.0,0.03004255319148941,-0.0034095629882564538,0.03345211617974586,2016-05-30,72900.0,0.020113475177304888,-0.000927117424741386,0.021040592602046274,2016-06-14,72200.0,0.03713475177304959,0.008800016211889528,0.028334735561160063,2016-07-12,73400.0,0.12365957446808507,0.03542297832673036,0.0882365961413547,2016-08-09,79500.0,-0.051063829787234005,0.11489361702127665,v6
3017,74500,4763950830.0,0.013254401697027962,0.15049556957457577,0.2576390629916314,0.019486763264393803,True,True,mixed,0.016093835242771304,-0.05216284987277353,2016-06-20,039490,키움증권,0.6183745583038869,0.7173144876325088,0.7703180212014135,2016-06-21,74500.0,0.0,-0.056348993288590554,-0.025760946506219073,-0.03058804678237148,2016-06-27,70600.0,-0.0482953020134228,0.008848215188593356,-0.05714351720201616,2016-07-04,71200.0,-0.01742281879194629,0.021898068561027273,-0.039320887352973566,2016-07-18,73500.0,0.07922147651006717,0.03537263626251397,0.0438488402475532,2016-08-16,80700.0,-0.02547651006711404,0.01090100111234693,-0.036377511179460975,2016-09-13,72900.0,-0.10067114093959728,0.01879194630872494,v6
4622,92300,3713368580.0,0.06912535767985517,0.15841459589760087,0.17149622093179184,0.05512804714136954,True,True,mixed,0.02169581580695157,-0.028421052631578902,2022-12-26,039490,키움증권,0.65814696485623,0.805111821086262,0.7731629392971247,2022-12-27,93100.0,0.008667388949079147,-0.12859720730397417,-0.04676221901422983,-0.08183498828974434,2023-01-03,81500.0,0.02607518796992481,0.010221179624664956,0.015854008345259855,2023-01-10,95900.0,0.07978088077336198,0.06063535436859846,0.019145526404763524,2023-01-26,100900.0,0.14637593984962405,0.047935141266240544,0.0984407985833835,2023-02-23,107100.0,0.01533404940923733,0.03756788341238737,-0.02223383400315004,2023-03-24,94900.0,-0.16648764769065516,0.11170784103114939,v6
2961,5930,4885917951.0,0.07842317181413372,0.1611682425467149,0.528812454574128,0.037260358680978545,True,True,bull,-0.017072766451185162,-0.13556851311953355,2013-10-24,041650,상신브레이크,0.8229166666666666,0.859375,0.9739583333333334,2013-10-25,5960.0,0.005059021922428242,0.0027114093959732556,-0.008483682220898126,0.011195091616871381,2013-10-31,6000.0,0.03794630872483218,-0.02120676350209527,0.05915307222692745,2013-11-07,6210.0,0.06311409395973144,-0.02621785040977609,0.08933194436950753,2013-11-21,6360.0,-0.06608053691275173,-0.03507272425346519,-0.031007812659286538,2013-12-19,5590.0,-0.027489932885906062,-0.040816426206128575,0.013326493320222513,2014-01-21,5820.0,-0.023489932885906062,0.1023489932885906,v6
491,39623,8071454142.5,0.22379022956707229,0.4589725790198822,0.3725827365137869,0.057707211401895275,True,True,bear,0.039323153354134055,-0.06986079485433927,2003-02-03,042660,한화오션,0.8918918918918919,0.972972972972973,0.8918918918918919,2003-02-04,40200.0,0.014562249198697641,-0.027184079601990093,-0.04157465672682592,0.014390577124835827,2003-02-10,39268.0,-0.03492039800995028,-0.000697338491424282,-0.034223059518526,2003-02-17,38957.0,0.023636815920397906,-0.020339039333211573,0.043975855253609475,2003-03-03,41311.0,0.043537313432835845,-0.11056135748559648,0.15409867091843232,2003-03-31,42111.0,0.054582089552238866,-0.05523917049926108,0.10982126005149995,2003-04-28,42555.0,-0.08728855721393036,0.05524875621890546,v6
3075,6075,7427970670.0,0.09109943114414021,0.4336393631726636,0.3907709109052573,0.0536302358541616,True,True,mixed,0.024884015183466834,-0.11956521739130432,2017-12-19,042700,한미반도체,0.8246268656716418,0.9514925373134329,0.9365671641791045,2017-12-20,6124.0,0.008065843621399171,-0.032412802090137194,-0.015017260754622397,-0.017395541335514797,2017-12-27,5950.0,-0.03649510124101896,0.009580325165129189,-0.046075426406148146,2018-01-05,5925.0,-0.06507119529719141,0.018772586526101254,-0.08384378182329266,2018-01-19,5750.0,-0.0773180927498367,-0.02372848469169153,-0.053589608058145166,2018-02-20,5675.0,-0.12630568256041808,0.0045071993920331455,-0.13081288195245122,2018-03-21,5375.0,-0.10597648595689091,0.004245591116917025,v6
3615,4780,3820332815.0,0.09532493283132015,0.5814346949801201,0.43287720785383943,0.0341127230257543,True,True,bear,0.009716941275876634,-0.11889400921658988,2020-03-05,042700,한미반도체,0.8966789667896679,0.981549815498155,0.948339483394834,2020-03-06,4665.0,-0.024058577405857706,-0.1551254019292605,-0.10655158809404375,-0.04857381383521675,2020-03-12,3960.0,-0.439155412647374,-0.29002625311116415,-0.14912915953620987,2020-03-19,2635.0,-0.281599142550911,-0.15987121850479047,-0.12172792404612054,2020-04-02,3370.0,-0.14976634512325826,-0.06055750113243952,-0.08920884399081874,2020-05-06,3985.0,-0.04794426580921762,0.045740810193415804,-0.09368507600263343,2020-06-03,4460.0,-0.4426580921757771,0.015005359056806,v6
3848,10275,25364190372.5,0.16194712855335447,0.3999500517413015,0.6263545520888532,0.028662744888231728,True,True,mixed,0.029559118236472948,-0.05733944954128445,2021-02-15,042700,한미반도체,0.8218884120171673,0.8905579399141631,0.8798283261802575,2021-02-16,10525.0,0.024330900243308973,0.1408931116389549,-0.02287545409838665,0.16376856573734155,2021-02-22,12050.0,0.06013301662707837,-0.034259244570648995,0.09439226119772737,2021-03-02,11200.0,0.10526365795724457,-0.026866760791281252,0.13213041874852582,2021-03-16,11675.0,0.504313539192399,0.005466630708948816,0.49884690848345015,2021-04-13,15875.0,0.5019382422802849,0.003112457762901144,0.4988257845173838,2021-05-12,15850.0,-0.040380047505938266,0.21852731591448937,v6
4407,21350,71712937068.0,0.08916007413198279,0.3717847041228677,0.621201677290119,0.03388262775629736,True,True,mixed,0.017975492299623363,-0.11226611226611227,2023-05-18,042700,한미반도체,0.7738095238095238,0.8898809523809523,0.9285714285714286,2023-05-19,21900.0,0.025761124121779888,0.24257534246575352,0.009427737145521586,0.23314760532023193,2023-05-25,27300.0,0.16951598173515992,0.027868327781795044,0.14164765395336487,2023-06-02,25700.0,0.3338995433789955,0.03108466392448328,0.30281487945451224,2023-06-19,29300.0,1.2562739726027399,0.03483837318192062,1.2214355994208193,2023-07-17,49500.0,1.0781917808219177,0.015820896701872478,1.0623708841200452,2023-08-14,45600.0,-0.004566210045662156,0.365296803652968,v6
4636,142600,482243893100.0,0.29705767554438445,1.3882533153225887,1.3436967806328484,0.01041758644613111,True,True,mixed,0.03958591528759925,-0.06919060052219317,2024-04-24,042700,한미반도체,0.935374149659864,0.9931972789115646,0.9863945578231292,2024-04-25,139000.0,-0.02524544179523147,-0.04716546762589924,0.013922472419525489,-0.06108794004542473,2024-05-02,133000.0,-0.0032805755395683943,0.030538763790237233,-0.03381933932980563,2024-05-10,139100.0,0.0909640287769784,0.028785703491007952,0.06217832528597045,2024-05-27,152200.0,0.23988489208633101,0.048205380081607796,0.19167951200472322,2024-06-25,172900.0,0.04276258992805748,0.048167598609641704,-0.005405008681584222,2024-07-23,145500.0,-0.06474820143884896,0.1834532374100719,v6
2383,12060,3540868178.5,0.06168028971586015,0.3933308618661282,0.36959811494587014,0.0919104129906978,True,True,bear,0.004706960469862853,-0.13362068965517238,2016-06-28,044380,주연테크,0.8,0.9178571428571428,0.8535714285714285,2016-06-29,12150.0,0.00746268656716409,0.054436213991769566,0.022370537067579077,0.03206567692419049,2016-07-05,12860.0,0.2544362139917695,0.02307957108579828,0.23135664290597124,2016-07-12,15290.0,0.38982716049382726,0.04163262789586453,0.34819453259796274,2016-07-26,16935.0,0.19270781893004107,0.050069105127138025,0.14263871380290305,2016-08-24,14540.0,0.08324279835390946,0.05179031089600317,0.0314524874579063,2016-09-26,13210.0,-0.02551440329218102,0.43086419753086425,v6
575,3314,4054067492.0,0.05011664959989193,0.23800627187253176,0.3207771174967218,0.04125589557503018,True,True,bull,0.013626145070271711,-0.13109596224436293,2003-07-24,047050,포스코인터내셔널,0.7717391304347826,0.8695652173913043,0.7391304347826086,2003-07-25,3362.0,0.014484007242003605,-0.06140630577037476,0.021459350350020667,-0.08286565612039543,2003-07-31,3169.0,-0.01530279595478878,0.01614819692783409,-0.031450992882622875,2003-08-07,3324.0,0.15632123735871506,0.08044035331338684,0.07588088404532822,2003-08-22,3901.0,0.2598310529446757,0.037464389503672146,0.22236666344100353,2003-09-24,4249.0,0.42312671029149307,0.07961003822312573,0.34351667206836733,2003-10-23,4798.0,-0.07317073170731703,0.238548483045806,v6
991,14166,35454932330.0,0.22584186090592084,0.3644083545944494,0.8202101009346361,0.09224856656921476,True,True,mixed,0.008924056492909838,-0.12787046727821216,2005-03-31,047050,포스코인터내셔널,0.9536423841059603,0.7549668874172185,0.8211920529801324,2005-04-01,14355.0,0.013341804320203376,-0.007343782654127492,0.029456930004772897,-0.03680071265890039,2005-04-08,14307.0,0.042046673632880616,-0.01718234451845846,0.059229018151339075,2005-04-15,15016.0,-0.09616300940438871,-0.05445226088941457,-0.04171074851497414,2005-04-29,13032.0,-0.017166144200627006,0.005457677063230193,-0.0226238212638572,2005-05-30,14166.0,-0.0007258794845001991,0.03212351366494426,-0.03284939314944446,2005-06-28,14402.0,-0.10532915360501571,0.08874956461163364,v6
1788,42686,18472879670.0,0.15931929658993982,0.2089720529053143,0.21452054769963613,0.026470690721631662,True,True,mixed,0.021925944723684143,-0.044371809796722506,2008-06-20,047050,포스코인터내셔널,0.8475609756097561,0.8109756097560976,0.7682926829268293,2008-06-23,43490.0,0.018835215293070418,-0.06484157277535063,-0.01240611863204355,-0.05243545414330708,2008-06-27,40844.0,-0.04419314785008044,-0.07485298514900818,0.03065983729892774,2008-07-04,41742.0,-0.1614384916072661,-0.1146921042911333,-0.04674638731613279,2008-07-18,36643.0,-0.20813888250172452,-0.08085083928916914,-0.12728804321255538,2008-08-18,34612.0,-0.3938137502874224,-0.18636147771178635,-0.20745227257563603,2008-09-16,26537.0,-0.1867785697861577,0.017337318923890566,v6
2198,35600,17722592295.0,0.046889178168208145,0.14692170655880754,0.2970655553006547,0.021831742700983314,True,True,mixed,-0.028516850866421084,-0.07891332470892631,2010-02-04,047050,포스코인터내셔널,0.7321428571428571,0.7619047619047619,0.9226190476190477,2010-02-05,34500.0,-0.030898876404494402,0.039478260869565185,0.019277999987241667,0.020200260882323517,2010-02-11,36000.0,0.024985507246376718,0.016783725336344535,0.008201781910032183,2010-02-19,35500.0,0.04962318840579716,0.05897588017274935,-0.009352691766952193,2010-03-08,36350.0,-0.01849275362318836,0.10040890794148982,-0.11890166156467818,2010-04-05,34000.0,0.016289855072463725,0.09799756313832075,-0.08170770806585703,2010-05-03,35200.0,-0.011594202898550732,0.1072463768115941,v6
3205,41650,9311622727.5,0.017144096083181903,0.11888076192164398,0.14980068004136782,0.0016870381041500515,True,True,bear,0.013998782714546465,-0.021151586368977626,2014-02-25,047050,포스코인터내셔널,0.5608465608465608,0.671957671957672,0.7195767195767195,2014-02-26,41300.0,-0.008403361344537785,0.002053268765133124,-0.004756932949655068,0.006810201714788192,2014-03-04,41550.0,-0.025791767554479424,0.00021390919045560786,-0.026005676744935032,2014-03-11,40400.0,-0.07058595641646492,-0.011306628638366178,-0.059279327778098745,2014-03-25,38550.0,-0.08753510895883776,0.02076447070208043,-0.10829957966091819,2014-04-22,37850.0,-0.20012590799031482,0.02736000407446082,-0.22748591206477564,2014-05-23,33200.0,-0.07748184019370463,0.0314769975786926,v6
3782,25000,8469843925.0,0.032932949306235804,0.16713272658083334,0.5553913247242219,0.016434569918395203,True,True,mixed,0.00725221595487513,-0.07918968692449357,2016-06-30,047050,포스코인터내셔널,0.7472924187725631,0.776173285198556,0.924187725631769,2016-07-01,25000.0,0.0,-0.02600000000000002,-0.0016587773597118716,-0.024341222640288148,2016-07-07,24450.0,-0.06000000000000005,0.015884816118461043,-0.0758848161184611,2016-07-14,23600.0,-0.122,0.02212040296152451,-0.1441204029615245,2016-07-28,22050.0,-0.050000000000000044,0.030414289760084312,-0.08041428976008436,2016-08-26,23850.0,-0.09999999999999998,0.038283367722619976,-0.13828336772261995,2016-09-28,22600.0,-0.122,0.01200000000000001,v6
3915,28400,4760833370.0,0.004174707817179657,0.08162021182795609,0.21399242912205985,0.02174684202286259,True,True,bull,0.017191977077363862,-0.035653650254668934,2017-01-11,047050,포스코인터내셔널,0.5565217391304348,0.7782608695652173,0.8391304347826087,2017-01-12,28550.0,0.005281690140845008,-0.01100525394045537,-0.0034413218526344602,-0.007563932087820909,2017-01-18,28350.0,-0.05829071803852892,-0.0051740153728419,-0.05311670266568702,2017-01-25,27000.0,-0.09681961471103329,-0.0012562028021505522,-0.09556341190888273,2017-02-10,25900.0,-0.18788791593695275,0.019204019848966913,-0.20709193578591967,2017-03-13,23300.0,-0.18788791593695275,0.02677492792476266,-0.2146628438617154,2017-04-10,23300.0,-0.14360770577933446,0.01050788091068311,v6
4255,23900,20550227867.5,0.0994260995230466,0.20469845452514512,0.29673909644042684,0.02501041272218929,True,True,bear,0.003569179088809493,-0.09125475285171103,2018-06-05,047050,포스코인터내셔널,0.7928994082840237,0.6834319526627219,0.7041420118343196,2018-06-07,24150.0,0.010460251046025215,-0.037126293995859205,-0.01814233508625518,-0.018983958909604026,2018-06-14,23350.0,-0.16134989648033127,-0.05284289337427994,-0.10850700310605133,2018-06-21,20350.0,-0.14892753623188404,-0.08536782996929015,-0.06355970626259388,2018-07-05,20650.0,-0.24416563146997927,-0.08024276210771975,-0.16392286936225953,2018-08-02,18350.0,-0.24830641821946176,-0.05889979175613591,-0.18940662646332584,2018-08-31,18250.0,-0.17391304347826086,0.010351966873705987,v6
1524,2555,2008304645.75,0.10739677165328165,0.16574609053411726,0.17906645487296602,0.07134205304615326,True,True,mixed,0.020163705330405346,-0.12947189097103917,2015-11-20,047400,유니온머티리얼,0.7942386831275721,0.7901234567901234,0.757201646090535,2015-11-23,2635.0,0.03131115459882583,-0.05713092979127132,0.01656880035271957,-0.0736997301439909,2015-11-27,2495.0,0.060516129032258004,-0.010781995270351508,0.07129812430260951,2015-12-04,2805.0,0.03584819734345346,-0.010321054952102338,0.046169252295555796,2015-12-18,2740.0,0.005487666034155628,-0.07538879313800151,0.08087645917215713,2016-01-20,2660.0,-0.06092599620493355,-0.03986131708685725,-0.0210646791180763,2016-02-22,2485.0,-0.0815939278937381,0.09867172675521818,v6
817,40200,13446378082.5,0.07623772756918112,0.2656384934821183,0.2564878852601459,0.03299024749618318,True,True,bear,0.007014028056112176,-0.042857142857142816,2014-10-21,047810,한국항공우주,0.6842105263157895,0.7719298245614035,0.7236842105263158,2014-10-22,40950.0,0.018656716417910557,-0.008884004884004867,-0.005797894584673502,-0.003086110299331365,2014-10-28,40750.0,0.019199023199023117,-0.0008880123495671466,0.020087035548590263,2014-11-04,41900.0,-0.0027789987789987834,0.015540216117424066,-0.01831921489642285,2014-11-18,41000.0,-0.07481807081807079,-0.01692386326674955,-0.05789420755132124,2014-12-16,38050.0,-0.044293040293040264,-0.025184443262722622,-0.019108597030317642,2015-01-16,39300.0,-0.04884004884004889,0.09645909645909656,v6
2711,56800,89772800352.5,0.20669554938746826,0.5515181003076044,0.9499726088277023,0.14778204623858993,True,True,bear,0.038581093435728686,-0.053333333333333344,2022-07-01,047810,한국항공우주,0.9337349397590361,0.9789156626506024,0.9879518072289156,2022-07-04,57300.0,0.008802816901408494,-0.14099825479930195,0.017258615242802033,-0.15825687004210398,2022-07-08,49450.0,-0.15757766143106455,0.008763464359747841,-0.1663411257908124,2022-07-15,48500.0,-0.009235602094240788,0.06092014211958996,-0.07015574421383075,2022-07-29,57000.0,0.06057242582897038,0.050269828149545726,0.010302597679424652,2022-08-29,61000.0,-0.1837556719022687,-0.06121009377988773,-0.12254557812238098,2022-09-28,47000.0,-0.18324607329842935,0.008726003490401313,v6
3420,89100,75281644365.0,0.03971272081326238,0.48646530409792954,0.38958216962303394,0.016223293113045045,True,True,bull,0.022551213634016243,-0.09081632653061222,2025-05-27,047810,한국항공우주,0.5435540069686411,0.9337979094076655,0.7874564459930313,2025-05-28,88900.0,-0.002244668911335568,-0.023122609673790758,0.046049998867437214,-0.06917260854122798,2025-06-04,87200.0,0.013997750281214753,0.10237234130909156,-0.08837459102787681,2025-06-12,90500.0,0.061241844769403864,0.1625982498131271,-0.10135640504372323,2025-06-26,94700.0,0.03761979752530942,0.2044615419463467,-0.16684174442103727,2025-07-24,92600.0,0.03537007874015741,0.19626178808997063,-0.16089170934981323,2025-08-22,92400.0,-0.07480314960629919,0.1451068616422948,v6
569,52700,14083324257.5,0.05680267524524818,0.22673722270074426,0.5857964547515204,0.014213884037634239,True,True,bull,0.008226516166060849,-0.05555555555555558,2010-03-30,051600,한전KPS,0.7515151515151515,0.8606060606060606,0.9454545454545454,2010-03-31,52600.0,-0.00189753320683117,-0.07434220532319391,0.013808455402976705,-0.08815066072617062,2010-04-06,48900.0,-0.040121673003802316,0.004704624745973662,-0.04482629774977598,2010-04-13,50700.0,-0.0382205323193916,0.02758754361028548,-0.06580807592967708,2010-04-27,50800.0,-0.09145247148288971,-0.05584465928179583,-0.03560781220109388,2010-05-27,48000.0,0.16139923954372626,0.016010995078058032,0.14538824446566823,2010-06-25,61300.0,-0.08079847908745252,0.009505703422053147,v6
1564,67800,7029746730.0,0.10265250234265277,0.23695991938934702,0.24745183909021318,0.008074721291926101,True,True,mixed,0.025408348457350183,-0.028653295128939882,2014-03-31,051600,한전KPS,0.8341463414634146,0.8439024390243902,0.7902439024390244,2014-04-01,68400.0,0.008849557522123908,-0.02300584795321636,0.0029842018772243684,-0.025990049830440728,2014-04-07,67100.0,-0.02300584795321636,0.006674127171359734,-0.029679975124576093,2014-04-14,67100.0,-0.006923976608187107,-0.007319360009678477,0.00039538340149137055,2014-04-28,68200.0,-0.059555555555555584,0.014356430652592511,-0.0739119862081481,2014-05-29,64600.0,0.007695906432748648,0.009290344695480401,-0.0015944382627317531,2014-06-30,69200.0,-0.07163742690058483,0.011695906432748648,v6
1687,86000,8724830877.5,0.1369685679932845,0.23648083415107224,0.26765189581349147,0.041520798855937846,True,True,bear,0.03253691919798296,-0.024943310657596363,2014-10-01,051600,한전KPS,0.8008849557522124,0.7654867256637168,0.7300884955752213,2014-10-02,86000.0,0.0,0.035534883720930166,-0.021925691508392853,0.05746057522932302,2014-10-10,89400.0,-0.028418604651162745,-0.04221363313394777,0.013795028482785025,2014-10-17,83900.0,0.015767441860465196,-0.010078460817463997,0.025845902677929192,2014-10-31,87700.0,0.04832558139534893,-0.00183931909918722,0.050164900494536147,2014-11-28,90500.0,-0.09934883720930232,-0.028506926422196877,-0.07084191078710544,2014-12-29,77800.0,-0.027906976744186074,0.08720930232558133,v6
2958,36150,4833633645.0,0.11905817722857437,0.09769348578376369,0.12779789876391456,0.04146263873645384,True,True,mixed,0.030281439258995402,-0.021650879566982417,2019-12-04,051600,한전KPS,0.8801652892561983,0.7603305785123967,0.8347107438016529,2019-12-05,36000.0,-0.004149377593360981,0.06544444444444442,0.013140484335830482,0.052303960108613934,2019-12-11,38500.0,0.1293333333333333,0.056031102193609295,0.073302231139724,2019-12-18,40800.0,0.04877777777777781,0.03693385491096146,0.011843922866816348,2020-01-06,37900.0,0.015444444444444375,0.04201490634217242,-0.026570461897728045,2020-02-05,36700.0,-0.06372222222222224,-0.0091324200913242,-0.054589802130898035,2020-03-04,33850.0,-0.005555555555555536,0.14722222222222214,v6
3360,43950,16394167852.5,0.04488873633934187,0.2611359420494386,0.5402221948515546,0.07689762401476874,True,True,mixed,0.02891255999063569,-0.13484251968503935,2021-07-20,051600,한전KPS,0.7093275488069414,0.8590021691973969,0.8546637744034707,2021-07-21,43950.0,0.0,-0.0335790671217292,-0.005721087744876341,-0.02785797937685286,2021-07-27,42650.0,-0.06770875995449377,-0.00430311922316251,-0.06340564073133126,2021-08-03,41150.0,-0.1325551763367463,-0.02835937043427983,-0.10419580590246647,2021-08-18,38300.0,-0.11776564277588164,-0.030060317489611355,-0.08770532528627029,2021-09-15,38950.0,-0.07453469852104666,-0.07320531630540761,-0.0013293822156390522,2021-10-20,40850.0,-0.14334470989761094,0.017064846416382284,v6
4136,42150,9700268305.0,0.03454981631586762,0.21358415449847734,0.21797718203894612,0.026907085387942953,True,True,bear,0.007288803919225817,-0.11169652265542673,2024-09-12,051600,한전KPS,0.5869565217391305,0.8188405797101449,0.8007246376811594,2024-09-13,42450.0,0.007117437722419906,-0.02755712603062421,0.023279324677950575,-0.05083645070857479,2024-09-24,41450.0,-0.02048998822143699,-0.0039349718680617984,-0.016555016353375192,2024-10-02,41750.0,0.0643156654888104,0.008558174981822209,0.055757490506988194,2024-10-18,45350.0,0.04664782096584208,-0.06024939633954285,0.10689721730538493,2024-11-15,44600.0,0.0030671378091873293,-0.030076094268239095,0.03314323207742642,2024-12-13,42750.0,-0.043580683156654865,0.09893992932862195,v6
4401,2758,4687653583.25,0.30928574706028,0.7479420177240066,0.5073243816916584,0.08628125142345167,True,True,bear,0.030912421036892956,-0.10744336569579283,2018-11-14,051630,진양화학,0.9601593625498008,0.9920318725099602,0.9681274900398407,2018-11-15,2727.0,-0.01124002900652643,-0.05863879721305465,0.007315168302231223,-0.06595396551528587,2018-11-21,2578.0,0.05797286395306189,0.022677991918388374,0.03529487203467352,2018-11-28,2896.0,0.7019039237257059,0.01023541453428889,0.691668509191417,2018-12-12,4652.0,1.2101547488082143,0.0014795267454779104,1.2086752220627364,2019-01-14,6038.0,0.9175254858819215,0.079739215220207,0.8377862706617145,2019-02-14,5240.0,-0.10267693436010272,0.9031903190319033,v6
1111,60500,2735494000.0,0.07483736626712933,0.1845833816422946,0.49990913195483033,0.021058911171132566,True,True,mixed,0.014930380808589216,-0.022617124394184174,2005-10-25,051900,LG생활건강,0.6114285714285714,0.7085714285714285,0.7485714285714286,2005-10-26,60500.0,0.0,-0.07011570247933885,0.0036721256120211265,-0.07378782809135997,2005-11-01,56500.0,-0.09656198347107436,0.0355478642579774,-0.13210984772905177,2005-11-08,54900.0,-0.07011570247933885,0.050565591760932005,-0.12068129424027085,2005-11-22,56500.0,-0.09160330578512399,0.13202768867128145,-0.22363099445640544,2005-12-20,55200.0,0.05385123966942151,0.14208171534695269,-0.08823047567753117,2006-01-18,64000.0,-0.1338842975206611,0.008264462809917328,v6
1298,78000,3232443811.15,0.11336066917377186,0.1253829191250968,0.3040311507473422,0.04409776756760997,True,True,mixed,0.023420586498720697,-0.06024096385542166,2006-07-25,051900,LG생활건강,0.7946428571428571,0.875,0.8392857142857143,2006-07-26,80000.0,0.02564102564102555,-0.11650000000000005,0.0021563300352640535,-0.1186563300352641,2006-08-01,71000.0,-0.04400000000000004,0.020636934741824264,-0.0646369347418243,2006-08-08,76800.0,-0.07025000000000003,0.0314185849181452,-0.10166858491814523,2006-08-23,74700.0,-0.042749999999999955,0.06371682793731859,-0.10646682793731854,2006-09-20,76900.0,-0.035250000000000004,0.06255692477755548,-0.09780692477755548,2006-10-23,77500.0,-0.13124999999999998,0.0,v6
1414,118500,4946044102.7,0.0045487877409911,0.5760854254816217,0.4759349042229115,0.1158229393746788,True,True,mixed,-0.015371832156211074,-0.13186813186813184,2007-01-12,051900,LG생활건강,0.6060606060606061,0.9772727272727273,0.9242424242424242,2007-01-15,120500.0,0.016877637130801704,0.03334439834024905,-0.02599382906068559,0.05933822740093464,2007-01-19,125000.0,-0.03719502074688796,-0.018283734348937264,-0.0189112863979507,2007-01-26,116500.0,-0.012298755186721962,0.02205645478820517,-0.03435520997492714,2007-02-09,119500.0,-0.07868879668049789,0.02804842254468931,-0.1067372192251872,2007-03-13,111500.0,0.03749377593361003,0.07322800260582607,-0.03573422667221604,2007-04-10,125500.0,-0.07468879668049788,0.06639004149377592,v6
1658,204000,8981724989.9,0.08693275030799319,0.26856886063659635,0.7097988571001119,0.06490822952605257,True,True,bear,0.03605891315388532,-0.11111111111111116,2008-01-10,051900,LG생활건강,0.6981132075471698,0.8867924528301887,0.9433962264150944,2008-01-11,209000.0,0.02450980392156854,-0.11165550239234445,-0.06560878687173699,-0.04604671552060746,2008-01-17,186500.0,-0.16428708133971293,-0.09843486557842751,-0.06585221576128542,2008-01-24,175500.0,-0.17146411483253587,-0.10912028277593155,-0.06234383205660432,2008-02-12,174000.0,-0.1762488038277512,-0.11010154128062366,-0.06614726254712755,2008-03-11,173000.0,-0.047062200956937805,-0.04871596090145669,0.0016537599445188844,2008-04-08,200000.0,-0.284688995215311,0.019138755980861344,v6
2168,289000,10467484477.05,0.010490230090579367,0.11152717047819616,0.19848322039211785,0.07903358541095051,True,True,bull,0.030486717775004557,-0.05090311986863716,2010-01-25,051900,LG생활건강,0.559322033898305,0.7627118644067796,0.8531073446327684,2010-01-26,290500.0,0.00519031141868509,-0.009163511187607606,-0.03833052973115347,0.029167018543545867,2010-02-01,289000.0,-0.022932874354561147,-0.07044723939969,0.04751436504512885,2010-02-08,285000.0,-0.03670223752151458,-0.024885211946338415,-0.011817025575176165,2010-02-23,281000.0,0.07345266781411364,0.006309601489401073,0.06714306632471256,2010-03-24,313000.0,0.06828915662650603,0.04616066137075192,0.02212849525575411,2010-04-21,311500.0,-0.08777969018932874,0.03442340791738374,v6
3363,620000,46692422375.0,0.1284749584254803,0.2886205801232474,0.2838191738141256,0.01493631531690709,True,True,mixed,0.003236245954692629,-0.051987767584097844,2014-11-19,051900,LG생활건강,0.9070796460176991,0.8716814159292036,0.7699115044247787,2014-11-20,620000.0,0.0,-0.012064516129032251,0.010261536578399788,-0.02232605270743204,2014-11-26,615000.0,0.012129032258064502,0.00468705373536249,0.007441978522702012,2014-12-03,630000.0,-0.004,-0.03088661308090901,0.02688661308090901,2014-12-17,620000.0,-0.015290322580645107,-0.02963197192867928,0.014341649348034172,2015-01-19,613000.0,0.09600000000000009,-0.0012699416540862263,0.09726994165408631,2015-02-16,682000.0,-0.04354838709677422,0.040322580645161255,v6
3383,620000,23785481451.0,0.033916832327504975,0.28868802789511405,0.45312411189728896,0.05802248231727836,True,True,bear,0.009607555772675358,-0.051987767584097844,2014-12-17,051900,LG생활건강,0.6477832512315271,0.9014778325123153,0.8866995073891626,2014-12-18,624000.0,0.006451612903225712,-0.021628205128205177,0.015091230503684105,-0.036719435631889286,2014-12-24,613000.0,-0.026435897435897467,-0.0010012150161393674,-0.0254346824197581,2015-01-05,610000.0,-0.021628205128205177,-0.007848065621300915,-0.013780139506904262,2015-01-19,613000.0,0.08894871794871784,0.021150667215944274,0.06779805073277356,2015-02-16,682000.0,0.20112820512820506,0.06269066106264365,0.1384375440655614,2015-03-19,752000.0,-0.04487179487179482,0.011217948717948678,v6
3608,923000,35700253020.5,0.07425949593681747,0.16059162536376848,0.1743255274783685,0.062114555382630554,True,True,mixed,0.008853426604000347,-0.0273972602739726,2015-11-16,051900,LG생활건강,0.784,0.816,0.772,2015-11-17,948000.0,0.027085590465872222,0.07722362869198318,0.018471454131425036,0.058752174560558146,2015-11-23,1025000.0,0.05929113924050622,0.012509149316850987,0.04678198992365523,2015-11-30,1008000.0,0.03608438818565407,-0.020097999349381945,0.056182387535036016,2015-12-14,986000.0,0.03186497890295348,-0.03423369388418995,0.06609867278714343,2016-01-14,982000.0,-0.09577215189873423,-0.04018583279115162,-0.055586319107582605,2016-02-16,861000.0,-0.015822784810126556,0.10021097046413496,v6
4101,1238000,50881961730.45,0.15061691672215116,0.195357449600152,0.1622728893860541,0.0034919903271721786,True,True,bull,0.03494398929944831,-0.04031007751937987,2017-11-20,051900,LG생활건강,0.7906976744186046,0.813953488372093,0.7984496124031008,2017-11-21,1235000.0,-0.0024232633279482885,-0.050963562753036484,-0.010276851431615941,-0.04068671132142054,2017-11-27,1177000.0,-0.004809716599190269,-0.012700041438917009,0.00789032483972674,2017-12-04,1234000.0,-0.02100404858299598,-0.020510290664403907,-0.0004937579185920714,2017-12-18,1214000.0,-0.014526315789473717,-0.007119600607770726,-0.007406715181702991,2018-01-18,1222000.0,-0.12302834008097163,-0.03592556781182776,-0.08710277226914387,2018-02-19,1088000.0,-0.0761133603238866,0.009716599190283448,v6
2095,220000,236398789875.2,0.026754458839704842,0.4386312844360125,0.48018188487914637,0.05125090247342445,True,True,mixed,-0.02708678828081812,-0.13894324853228968,2009-10-09,051910,LG화학,0.6269430051813472,0.9740932642487047,0.9067357512953368,2009-10-12,221500.0,0.006818181818181834,-0.07623476297968401,-0.011944416000578384,-0.06429034697910563,2009-10-16,205500.0,-0.035602708803611716,-0.012058860732807708,-0.023543848070804008,2009-10-23,214500.0,-0.10106546275395034,-0.05284334925520573,-0.04822211349874461,2009-11-06,200000.0,0.027602708803611712,-0.02134093085731159,0.0489436396609233,2009-12-04,228500.0,0.0005146726862301811,0.027183635607972434,-0.026668962921742253,2010-01-06,222500.0,-0.14221218961625282,0.0022573363431150906,v6
2382,395500,121410689093.5,0.03877528471934755,0.04774113306244865,0.20984670473650313,0.017565253480688048,True,True,mixed,0.017821527375667445,-0.02944785276073625,2010-12-01,051910,LG화학,0.8186528497409327,0.6321243523316062,0.7098445595854922,2010-12-02,396000.0,0.0012642225031604948,-0.031777777777777794,0.006178905289369263,-0.03795668306714706,2010-12-08,385000.0,-0.031777777777777794,0.037953192605892916,-0.06973097038367071,2010-12-15,385000.0,-0.021676767676767624,0.051334818465717635,-0.07301158614248526,2010-12-29,389000.0,0.008626262626262541,0.08813043097993023,-0.07950416835366769,2011-01-27,401000.0,-0.03556565656565658,-0.007959006230353283,-0.027606650335303295,2011-03-02,383500.0,-0.08207070707070707,0.007575757575757569,v6
3609,313500,71132394442.0,0.11633255467004855,0.39294288522367005,0.28105539991418704,0.07511058843599283,True,True,mixed,0.033885728419490446,-0.026397515527950333,2015-11-17,051910,LG화학,0.842741935483871,0.9314516129032258,0.8467741935483871,2015-11-18,313500.0,0.0,0.061390749601275996,0.02492819926293044,0.036462550338345556,2015-11-24,334000.0,0.023113237639553533,0.02881179311221249,-0.005698555472658958,2015-12-01,322000.0,-0.005594896331738482,-0.017425339941542717,0.011830443609804234,2015-12-15,313000.0,-0.008784688995215336,-0.0449256576439192,0.036140968648703864,2016-01-15,312000.0,-0.09490909090909094,-0.04234845596645065,-0.052560634942640294,2016-02-17,285000.0,-0.028708133971291905,0.06858054226475274,v6
4100,408500,120511080807.15,0.045947379251454645,0.11626321292431108,0.3149138362952142,0.00847337168433615,True,True,bull,0.01195268470923394,-0.0388235294117647,2017-11-17,051910,LG화학,0.5914396887159533,0.7198443579766537,0.9027237354085603,2017-11-20,409000.0,0.001223990208078396,0.031452322738386274,0.002968306527909137,0.028484016210477137,2017-11-24,423500.0,0.0033349633251833523,-0.024199779249448272,0.027534742574631624,2017-12-01,412000.0,-0.040674816625916876,-0.02157442447177549,-0.019100392154141388,2017-12-15,394000.0,0.024117359413202925,-0.008423998738568361,0.03254135815177128,2018-01-17,420500.0,-0.09324205378973105,-0.04532087669504903,-0.04792117709468202,2018-02-14,372500.0,-0.05134474327628358,0.041564792176039145,v6
4662,406000,197424824416.05,0.12686844706684886,0.3714063020215739,0.19802882944381706,0.031151965919649305,True,True,bear,0.01569829257614619,-0.03905325443786978,2020-03-05,051910,LG화학,0.933579335793358,0.9298892988929889,0.8413284132841329,2020-03-06,401000.0,-0.012315270935960632,-0.15237905236907734,-0.10655158809404375,-0.04582746427503359,2020-03-12,341500.0,-0.43043391521197005,-0.29002625311116415,-0.1404076621008059,2020-03-19,230000.0,-0.2783142144638404,-0.15987121850479047,-0.11844299595904995,2020-04-02,291000.0,-0.10375062344139652,-0.06055750113243952,-0.043193122308957,2020-05-06,361000.0,-0.005246882793017434,0.045740810193415804,-0.05098769298643324,2020-06-03,400500.0,-0.42643391521197005,0.007481296758104827,v6
556,109500,22495676060.0,0.0014822356305490558,0.17428230340009043,0.8925219345537609,0.07877635139423722,True,True,bull,-0.002277904328018221,-0.14453125,2012-03-08,052690,한전기술,0.5534351145038168,0.7404580152671756,0.9656488549618321,2012-03-09,110000.0,0.004566210045662045,-0.15672727272727272,0.012930756763990026,-0.16965802949126274,2012-03-15,93200.0,-0.17127272727272724,0.0041879990285824675,-0.1754607263013097,2012-03-22,91600.0,-0.28581818181818186,0.0055013951736408995,-0.29131957699182276,2012-04-05,79000.0,-0.37218181818181817,-0.03034688526865148,-0.3418349329131667,2012-05-07,69500.0,-0.29127272727272724,-0.10696496453830417,-0.18430776273442306,2012-06-05,78400.0,-0.3081818181818182,0.00454545454545463,v6
403,33150,4414431270.0,0.08372488110429077,0.11819477883031193,0.15538988427928002,0.008783421292596572,True,True,bull,0.0160140985365107,-0.052857142857142825,2013-01-16,053210,스카이라이프,0.7424242424242424,0.7828282828282829,0.7121212121212122,2013-01-17,33050.0,-0.003016591251885359,0.0035642965204236744,-0.001643418512151662,0.0052077150325753364,2013-01-23,33300.0,-0.0357700453857791,-0.009699193918343285,-0.02607085146743582,2013-01-30,32000.0,-0.023667170953101332,-0.0020467113985693786,-0.021620459554531953,2013-02-14,32400.0,-0.06905295007564294,0.0014266485857021838,-0.07047959866134512,2013-03-15,30900.0,0.18964599092284407,-0.029964661460827657,0.21961065238367172,2013-04-12,39450.0,-0.06505295007564293,0.062027231467473465,v6
2231,11250,2740948295.0,0.025601618111561586,0.21717251747619792,0.2941134967882816,0.03639658222807052,True,True,bear,-0.002880567250166166,-0.1245136186770428,2018-06-29,053690,한미글로벌,0.670846394984326,0.8150470219435737,0.7429467084639498,2018-07-02,11250.0,0.0,-0.039555555555555566,-0.021255431201905095,-0.01830012435365047,2018-07-06,10850.0,-0.06622222222222218,-0.004878931027503697,-0.061343291194718486,2018-07-13,10550.0,-0.0484444444444444,-0.011730104253239393,-0.03671434019120501,2018-07-27,10750.0,-0.12577777777777777,-0.00987412960817824,-0.11590364816959953,2018-08-27,9880.0,0.01377777777777767,0.01429660283434453,-0.0005188250565668594,2018-09-27,11450.0,-0.08444444444444443,0.008888888888888946,v6
2001,48300,133214012570.5,0.08411033408910118,0.1626836310064097,0.4307702304794465,0.03623303243808973,True,True,mixed,0.025368856809255824,-0.027190332326283984,2009-10-09,055550,신한지주,0.8031088082901554,0.8134715025906736,0.8860103626943006,2009-10-12,48500.0,0.0041407867494824835,0.0021855670103092563,-0.011944416000578384,0.01412998301088764,2009-10-16,48800.0,-0.04111340206185565,-0.012058860732807708,-0.029054541329047945,2009-10-23,46700.0,-0.06276288659793816,-0.05284334925520573,-0.009919537342732432,2009-11-06,45650.0,-0.04111340206185565,-0.02134093085731159,-0.019772471204544062,2009-12-04,46700.0,-0.07719587628865976,0.027183635607972434,-0.1043795118966322,2010-01-06,44950.0,-0.08041237113402067,0.028865979381443196,v6
3775,44800,56501456037.3,0.04702193501881036,0.12616276502712442,0.17661637253195828,0.011583877384699681,True,True,bear,0.01621866848134279,-0.031351351351351364,2016-12-07,055550,신한지주,0.7892376681614349,0.8251121076233184,0.8340807174887892,2016-12-08,46450.0,0.036830357142857206,0.019681377825618854,0.014220912110182171,0.005460465715436683,2016-12-14,47550.0,0.022910656620021456,0.014763657005143704,0.008146999614877751,2016-12-21,47700.0,-0.033063509149623305,0.016750402079360294,-0.0498139112289836,2017-01-05,45100.0,-0.004,0.034531521528050835,-0.03853152152805084,2017-02-06,46450.0,0.006764262648008671,0.042692612196324475,-0.03592834954831581,2017-03-07,46950.0,-0.03229278794402579,0.041980624327233595,v6
5552,43550,128001140861.55,0.032665295864811705,0.13798494703507824,0.19135718563038817,0.030777211216861167,True,True,bull,0.008860832802455532,-0.0480874316939891,2024-02-29,055550,신한지주,0.6677115987460815,0.786833855799373,0.7523510971786834,2024-03-04,44750.0,0.027554535017221493,0.023932960893854775,0.005941032531187496,0.01799192836266728,2024-03-08,46000.0,0.10437988826815636,0.0008707009142359112,0.10350918735392045,2024-03-15,49600.0,0.023932960893854775,0.03081605692582534,-0.006883096031970567,2024-03-29,46000.0,0.042927374301676036,0.008601924549262119,0.03432544975241392,2024-04-29,46850.0,0.023932960893854775,-0.010913785597405856,0.03484674649126063,2024-05-30,46000.0,-0.036871508379888285,0.15083798882681565,v6
5664,55500,110816790451.9,0.14047233995488384,0.17664789737435815,0.25388773015899957,0.0036964789429227984,True,True,bear,-0.003769520732364029,-0.13551401869158874,2024-08-13,055550,신한지주,0.8181818181818182,0.8084415584415584,0.7987012987012987,2024-08-14,55700.0,0.003603603603603567,0.05165529622980247,0.019636783674517044,0.03201851255528543,2024-08-21,58800.0,0.03011131059245953,0.015371200138914576,0.014740110453544956,2024-08-28,57600.0,-0.050678635547576345,-0.05123985036483958,0.0005612148172632336,2024-09-11,53100.0,0.015748653500897717,-0.015027688544454576,0.030776342045352293,2024-10-17,56800.0,0.010362657091562037,-0.08691598310375936,0.0972786401953214,2024-11-14,56500.0,-0.050269299820466795,0.15978456014362652,v6
5978,81400,103656104647.95,0.09621115892777143,-0.0050594477226821866,-0.05121555112529563,0.014263940835331557,True,True,mixed,0.03985692386305573,-0.02979737783075087,2025-12-02,055550,신한지주,0.7077922077922078,0.7597402597402597,0.7045454545454546,2025-12-03,81100.0,-0.0036855036855036882,-0.037292231812577015,0.03323724646282278,-0.07052947827539979,2025-12-09,78400.0,-0.06935141800246614,-0.002775381147357092,-0.06657603685510904,2025-12-16,75800.0,-0.0594870530209618,0.07465102013335789,-0.1341380731543197,2026-01-02,76600.0,0.03545745992601734,0.30274845022517227,-0.26729099029915493,2026-01-30,84300.0,0.1414993834771887,0.3924034850608189,-0.2509041015836302,2026-03-05,92900.0,-0.08014796547472258,0.0036991368680641123,v6
6119,102200,165950281182.5,0.13572296761426583,-0.30900209615932894,-0.4237370492294852,0.2627929422998516,True,True,mixed,0.02951546287901685,-0.07761732851985559,2026-07-02,055550,신한지주,0.8322784810126582,0.7689873417721519,0.75,2026-07-03,104000.0,0.017612524461839474,0.005615384615384581,-0.057862334054717524,0.0634777186701021,2026-07-09,105000.0,0.033500000000000085,-0.11875706579669876,0.15225706579669884,2026-07-16,107900.0,-0.03573076923076923,-0.14784715268581028,0.11211638345504105,2026-07-31,100700.0,0.043115384615384666,-0.11883200361768786,0.16194738823307253,2026-08-31,108900.0,0.020038461538461453,-0.11650376304144194,0.1365422245799034,2026-09-30,106500.0,-0.07980769230769236,0.08942307692307683,v6
2657,3490,6298100153.5,0.06205489551147325,0.1291997465746344,0.46250668366745873,0.025381523831210506,True,True,bull,0.038381434096995015,-0.10512820512820509,2021-06-29,058850,KTcs,0.7479508196721312,0.6454918032786885,0.7909836065573771,2021-06-30,3515.0,0.007163323782235054,-0.0054224751066855835,0.005041613072920947,-0.010464088179606531,2021-07-06,3510.0,-0.06232147937411092,-0.005245345326169271,-0.05707613404794165,2021-07-13,3310.0,-0.11068563300142242,-0.01705877523467214,-0.09362685776675028,2021-07-27,3140.0,-0.19034423897581798,-0.04312434053085945,-0.14721989844495853,2021-08-25,2860.0,-0.21879374110953054,-0.04712904765814341,-0.17166469345138713,2021-09-27,2760.0,-0.11948790896159323,0.06543385490753906,v6
603,5040,2056695744.25,0.005377648375433974,0.2738008126095903,0.6651752604721151,0.04565761988300232,True,True,mixed,-0.010357861666093982,-0.08196721311475408,2013-05-23,058860,KTis,0.5207373271889401,0.8018433179723502,0.9400921658986175,2013-05-24,5020.0,-0.003968253968253954,-0.03188844621513942,0.010483239447293347,-0.04237168566243277,2013-05-30,4880.0,-0.11356175298804783,-0.02803950791926646,-0.08552224506878137,2013-06-07,4470.0,-0.14742629482071712,-0.07907646449592032,-0.0683498303247968,2013-06-21,4300.0,-0.025912350597609542,-0.05453305378028128,0.02862070318267174,2013-07-19,4910.0,-0.07770517928286858,-0.03117690150807073,-0.046528277774797844,2013-08-19,4650.0,-0.1533864541832669,0.013944223107569709,v6
1076,5620,6309951428.25,0.28491517833791136,0.43352522280428585,0.46715628539933696,0.013005401481800405,True,True,bull,0.03623121600442514,-0.1008,2015-04-27,058860,KTis,0.9146341463414634,0.8323170731707317,0.7865853658536586,2015-04-28,5620.0,0.0,-0.0698362989323843,-0.026783815028901814,-0.043052483903482486,2015-05-06,5250.0,0.09742348754448393,-0.022353757225433646,0.11977724476991758,2015-05-13,6190.0,0.24866903914590743,-0.02386589595375732,0.27253493509966475,2015-05-28,7040.0,0.22909608540925275,-0.035810404624277536,0.2649064900335303,2015-06-25,6930.0,0.41948754448398584,-0.045054335260115486,0.4645418797441013,2015-07-23,8000.0,-0.12099644128113884,0.2562277580071175,v6
1104,6340,7960402828.0,0.13013629138879945,0.7588505352981982,0.6572646878939028,0.06414616066626921,True,True,mixed,0.014156602415420272,-0.10451977401129942,2015-06-09,058860,KTis,0.7384615384615385,0.9230769230769231,0.8092307692307692,2015-06-10,6340.0,0.0,-0.08128706624605675,-0.02424571816096155,-0.0570413480850952,2015-06-16,5850.0,0.005463722397476282,0.0009956087401941094,0.004468113657282172,2015-06-23,6400.0,0.06066876971608837,-0.0186808905648036,0.07934966028089196,2015-07-07,6750.0,0.16476971608832813,-0.02459682655726203,0.18936654264559016,2015-08-04,7410.0,-0.09705993690851733,-0.07883585922958158,-0.018224077678935746,2015-09-02,5750.0,-0.15930599369085174,0.16876971608832814,v6
1145,7610,3484698675.0,0.06965853637456543,0.31743165227494696,1.282275436969587,0.03375761897071694,True,True,bear,-0.0056187116163596285,-0.14205186020293126,2015-08-05,058860,KTis,0.609375,0.75625,0.928125,2015-08-06,7570.0,-0.005256241787122251,-0.19158256274768826,-0.030329952976056007,-0.16125260977163225,2015-08-12,6150.0,-0.29065785997357996,-0.06023286178494647,-0.2304249981886335,2015-08-20,5400.0,-0.21403963011889038,-0.05975182352767938,-0.154287806591211,2015-09-03,5980.0,-0.21800264200792607,-0.02896537506258401,-0.18903726694534206,2015-10-05,5950.0,-0.3712391017173051,0.005468128761179303,-0.3767072304784844,2015-11-03,4790.0,-0.3527080581241744,0.09643328929986783,v6
1568,75100,3385614315.0,0.02608623188470638,0.178720812943032,0.34163879004916375,0.031129576359824718,True,True,mixed,-0.006416617053648266,-0.05415617128463479,2016-09-21,060980,HL홀딩스,0.6098484848484849,0.8295454545454546,0.8371212121212122,2016-09-22,73800.0,-0.017310252996005304,-0.0067100271002710175,0.0013412605898619478,-0.008051287690132965,2016-09-28,73600.0,-0.06904065040650409,0.007311089542556992,-0.07635173994906108,2016-10-06,69000.0,-0.1395013550135501,-0.004735869210021892,-0.1347654858035282,2016-10-20,63800.0,-0.1395013550135501,-0.0340241231813726,-0.1054772318321775,2016-11-17,63800.0,-0.1625365853658537,-0.006662407148187222,-0.15587417821766647,2016-12-15,62100.0,-0.13685636856368566,0.042005420054200604,v6
2811,53200,12124951460.0,0.18675255710205707,0.23548759963459953,0.3522021712772724,0.021391032317391145,True,True,bear,0.019987537746249284,-0.09369676320272569,2021-10-13,060980,HL홀딩스,0.9124087591240876,0.8321167883211679,0.7907542579075426,2021-10-14,53600.0,0.007518796992481258,-0.00026865671641784425,0.014908028980723298,-0.015176685697141142,2021-10-20,53800.0,-0.050641791044776174,0.019071229120843913,-0.06971302016562009,2021-10-27,51100.0,-0.09261940298507465,-0.013035262574649598,-0.07958414041042505,2021-11-10,48850.0,-0.1411268656716418,0.011091762185612808,-0.1522186278572546,2021-12-08,46250.0,-0.13832835820895528,-0.01628228922115138,-0.1220460689878039,2022-01-06,46400.0,-0.09421641791044777,0.014925373134328401,v6
259,117300,57865726433.85,0.1817255529445323,0.5941974341192926,0.4756803661676361,0.007894165685315535,True,True,mixed,0.0038510911424902705,-0.11001517450682852,2025-08-25,062040,산일전기,0.935374149659864,0.9727891156462585,0.8945578231292517,2025-08-26,117000.0,-0.002557544757033292,-0.09630769230769232,-0.017809820245506258,-0.07849787206218606,2025-09-01,106200.0,-0.12109401709401713,0.006147028675716815,-0.12724104576973394,2025-09-08,103300.0,0.040444444444444505,0.08398022450561271,-0.043535780061168206,2025-09-22,122200.0,0.24642735042735042,0.26341596039900983,-0.016988609971659407,2025-10-27,146300.0,0.14300854700854693,0.20192379809495242,-0.058915251086405496,2025-11-24,134200.0,-0.13076923076923075,0.07264957264957261,v6
2813,16256,2470462990.0,0.0742000665125987,0.3040976100441338,0.334404140614727,0.013466801346995627,True,True,bear,0.011586951922239352,-0.0783535548248101,2013-04-12,063160,종근당바이오,0.7333333333333333,0.8809523809523809,0.8523809523809524,2013-04-15,16255.0,-6.151574803148208e-05,-0.07142540756690252,-0.004858929261087774,-0.06656647830581475,2013-04-19,15159.0,0.010703168255921328,0.014874273248228098,-0.00417110499230677,2013-04-26,16494.0,-0.05672223931098119,0.01703495715165504,-0.07375719646263623,2013-05-13,15398.0,-0.19458751153491238,-0.003209711595670184,-0.1913777999392422,2013-06-12,13157.0,-0.20633774223315904,-0.04796300742147941,-0.15837473481167963,2013-07-10,12966.0,-0.08797293140572127,0.08212857582282385,v6
4504,32600,2479785212.5,0.08730158426707513,0.1898167925728479,0.191785242390496,0.019413396176080067,True,True,bear,-0.007459278428984639,-0.06590257879656158,2020-03-04,063160,종근당바이오,0.8819188191881919,0.8450184501845018,0.8597785977859779,2020-03-05,32900.0,0.009202453987730008,-0.0860668693009119,-0.08172810871416825,-0.004338760586743651,2020-03-11,30200.0,-0.2669179331306991,-0.23430424760960689,-0.03261368552109223,2020-03-18,24250.0,-0.16205471124620063,-0.18894572472102056,0.026891013474819925,2020-04-01,27700.0,-0.05719148936170215,-0.08793567231763488,0.03074418295593273,2020-05-04,31150.0,-0.03743465045592709,0.004369354846470941,-0.04180400530239803,2020-06-02,31800.0,-0.3677811550151976,0.001519756838905817,v6
659,18600,5910238080.0,0.08908791032320973,0.10771732408503709,0.3328695948472984,0.002697888459834097,True,True,mixed,0.037367540435025104,-0.08599508599508598,2016-07-05,064350,현대로템,0.8681318681318682,0.6886446886446886,0.8205128205128205,2016-07-06,18750.0,0.008064516129032251,-0.02266666666666672,0.0056158496245157785,-0.0282825162911825,2016-07-12,18400.0,0.052000000000000046,0.018574725646555157,0.03342527435344489,2016-07-19,19800.0,0.08400000000000007,0.019655473685805447,0.06434452631419463,2016-08-02,20400.0,0.27333333333333343,0.027543924327436464,0.24578940900589696,2016-08-31,23950.0,0.1213333333333333,0.03775042800652506,0.08358290532680823,2016-10-04,21100.0,-0.05600000000000005,0.16266666666666674,v6
2187,28850,223831632405.0,0.1458658931592942,0.5346482149955487,0.5898037018692361,0.04180025301549173,True,True,mixed,-0.016030013642564844,-0.121765601217656,2022-09-21,064350,현대로템,0.873015873015873,0.9555555555555556,0.9523809523809523,2022-09-22,29050.0,0.006932409012131657,-0.12792426850258176,-0.06484028107082807,-0.0630839874317537,2022-09-28,25450.0,-0.09005851979345958,-0.03528042419278343,-0.05477809560067615,2022-10-06,26550.0,-0.19332874354561103,-0.04594559641332929,-0.14738314713228173,2022-10-21,23550.0,-0.0625197934595525,0.05379143854808821,-0.11631123200764071,2022-11-18,27350.0,-0.05907745266781417,0.017381557960081118,-0.07645901062789529,2022-12-16,27450.0,-0.19793459552495696,0.018932874354561147,v6
1352,21791,7107024235.0,0.1652177668780075,0.35795956254638805,0.8010102352376602,0.06235659947527017,True,True,mixed,0.02661346172872081,-0.06275268817204305,2007-08-23,064960,SNT모티브,0.865,0.82,0.795,2007-08-24,21791.0,0.0,0.03895351291817728,0.027063803208842385,0.011889709709334895,2007-08-30,22727.0,-0.005284934147124939,0.0533357127322005,-0.058620646879325444,2007-09-06,21763.0,-0.035618558120324884,0.06457837237964048,-0.10019693049996536,2007-09-20,21102.0,-0.2138572805286586,0.07817998293524875,-0.29203726346390735,2007-10-24,17218.0,-0.2227141480427699,0.007707021643235112,-0.230421169686005,2007-11-21,17025.0,-0.0847597632049929,0.08209811390023414,v6
1541,21130,2046626362.5,0.05007776716468215,0.24210473203912053,0.1903102023125821,0.00698961029217382,True,True,bull,-0.0055581440222889356,-0.06458895922794283,2008-06-04,064960,SNT모티브,0.6352941176470588,0.9,0.8,2008-06-05,20991.0,-0.006578324656885903,-0.03415578104902106,-0.049602762630181374,0.015446981581160313,2008-06-12,20358.0,-0.08141412986518037,-0.048859650081414574,-0.0325544797837658,2008-06-19,19366.0,-0.17192911247677578,-0.12217644551782936,-0.04975266695894642,2008-07-03,17466.0,-0.16406860082892671,-0.1286622881309627,-0.035406312697964015,2008-07-31,17631.0,-0.2297157829545996,-0.1944659971368311,-0.0352497858177685,2008-08-29,16253.0,-0.16792911247677578,0.010480682197132163,v6
1412,103102,95289906699.9,0.10020228297890121,0.22770242416244446,0.41418433999623616,0.06760942500014178,True,True,bear,0.0182395660862682,-0.06636723383832444,2008-01-07,066570,LG전자,0.7295597484276729,0.8553459119496856,0.8742138364779874,2008-01-08,103590.0,0.004733176853989329,-0.14361772371850567,-0.039572727668276575,-0.1040449960502291,2008-01-14,89127.0,-0.1728579978762429,-0.08434495061567249,-0.08851304726057041,2008-01-21,86098.0,-0.14078926537310554,-0.08077165731192615,-0.060017608061179395,2008-02-04,89420.0,0.03374495607684147,-0.07679589261628161,0.11054084869312308,2008-03-06,107500.0,0.2601664253306304,-0.040796458251751266,0.30096288358238166,2008-04-03,130955.0,-0.21037744956076843,0.0,v6
2724,80800,88163957386.45,0.06572064592928839,0.11392711874592099,0.19250398101116384,0.06029962331036853,True,True,bear,0.005850865181127762,-0.03001200480192079,2013-04-09,066570,LG전자,0.7427184466019418,0.6941747572815534,0.8155339805825242,2013-04-10,82200.0,0.017326732673267342,0.04344525547445266,-0.005957398395846414,0.049402653870299074,2013-04-16,86100.0,0.0957566909975669,-0.007808742689000003,0.1035654336865669,2013-04-23,90400.0,0.0020827250608272986,0.01174931350291919,-0.009666588442091891,2013-05-08,82700.0,-0.08064233576642332,-0.005109296540882213,-0.07553303922554111,2013-06-07,75900.0,-0.14876885644768856,-0.05193072455823722,-0.09683813188945134,2013-07-05,70300.0,-0.008515815085158196,0.11678832116788329,v6
3708,70600,82605394237.9,0.06000438905520533,0.26641690511703153,0.33926223246482157,0.042436647043846865,True,True,bull,0.029379601953779977,-0.044654939106901215,2017-04-06,066570,LG전자,0.7863247863247863,0.9316239316239316,0.9529914529914529,2017-04-07,71200.0,0.008498583569405138,-0.027876404494381998,-0.002905047636284186,-0.02497135685809781,2017-04-13,69500.0,-0.005404494382022503,-0.002654452472770852,-0.0027500419092516513,2017-04-20,71100.0,0.06762921348314599,0.05348350480539432,0.014145708677751667,2017-05-10,76300.0,0.2151011235955056,0.09685039004673146,0.11825073354877413,2017-06-08,86800.0,0.07886516853932579,0.10809932849777493,-0.029234159958449135,2017-07-06,77100.0,-0.047752808988763995,0.10674157303370779,v6
3851,96000,138696888749.9,0.06151689711890995,0.2757058930168985,0.0717152094141158,0.04630503605384706,True,True,bull,0.035375323554788674,-0.025380710659898442,2017-11-09,066570,LG전자,0.6842105263157895,0.9392712550607287,0.7611336032388664,2017-11-10,96000.0,0.0,-0.04358333333333331,-0.0025145798408612308,-0.041068753492472077,2017-11-16,92200.0,-0.023791666666666652,-0.0015858774270219866,-0.022205789239644665,2017-11-23,94100.0,-0.0019166666666665631,-0.031166623379689673,0.02924995671302311,2017-12-07,96200.0,0.13141666666666674,-0.012179381232340858,0.1435960478990076,2018-01-09,109000.0,-0.0029583333333333926,-0.03457842419663304,0.031620090863299644,2018-02-06,96100.0,-0.06770833333333337,0.008333333333333304,v6
4189,76800,70107306450.6,0.08886778465101619,0.17040401585469356,0.15988833623619547,0.040691352858183816,True,True,mixed,0.023045157852670917,-0.025380710659898442,2019-04-01,066570,LG전자,0.8257575757575758,0.8106060606060606,0.75,2019-04-02,77000.0,0.0026041666666667407,-0.011792207792207795,0.01534080470328858,-0.027133012495496375,2019-04-08,76400.0,-0.009194805194805197,0.0301671872129341,-0.0393619924077393,2019-04-15,76600.0,-0.018285714285714235,0.018018555943413617,-0.036304270229127855,2019-04-29,75900.0,-0.004,-0.07067793496233687,0.06667793496233687,2019-05-29,77000.0,0.03106493506493502,-0.019695021128054213,0.05075995619298923,2019-06-27,79700.0,-0.051948051948051965,0.018181818181818077,v6
4888,3635,4251289911.0,0.1721541217906949,0.2502466749144556,0.2432846628556693,0.007742847768484218,True,True,bear,0.03355132214955936,-0.09689440993788823,2022-04-29,067830,세이브존I&C,0.8905109489051095,0.7274939172749392,0.7883211678832117,2022-05-02,3615.0,-0.005502063273727598,-0.08007192254495155,-0.02187913277711384,-0.058192789767837705,2022-05-09,3340.0,-0.05932503457814664,-0.027210298178112713,-0.03211473640003393,2022-05-16,3415.0,-0.04964315352697091,0.00016858920804274646,-0.04981174273501365,2022-05-30,3450.0,-0.20317012448132776,-0.1091034425916283,-0.09406668188969947,2022-06-29,2895.0,-0.18933886583679116,-0.09503935621401083,-0.09429950962278033,2022-07-27,2945.0,-0.09958506224066388,0.026279391424619547,v6
3618,148167,115212579650.0,0.11912126067356832,0.11893998663152239,0.11345617818803544,0.051900698019205604,True,True,bear,0.034537292308959966,-0.029329682136212343,2020-03-05,068270,셀트리온,0.922509225092251,0.7859778597785978,0.7675276752767528,2020-03-06,147759.0,-0.002753649598088659,-0.05358750397606915,-0.10655158809404375,0.0529640841179746,2020-03-12,140432.0,-0.23264935469243841,-0.29002625311116415,0.05737689841872573,2020-03-19,113974.0,0.07038463985273324,-0.15987121850479047,0.2302558583575237,2020-04-02,158750.0,0.13649905589507227,-0.06055750113243952,0.1970565570275118,2020-05-06,168519.0,0.24944649056910229,0.045740810193415804,0.20370568037568648,2020-06-03,185208.0,-0.23691281072557335,0.3002862769780521,v6
1202,13873,5672455662.5,0.09577766176500746,0.45410871517650464,1.198346681652294,0.010413032586268578,True,True,bull,0.02459379615952728,-0.049534118936695015,2007-08-09,069260,TKG휴켐스,0.645933014354067,0.7990430622009569,0.8373205741626795,2007-08-10,13450.0,-0.030490881568514427,-0.20124907063197028,-0.1160952288449294,-0.08515384178704088,2007-08-17,10797.0,0.027449814126394138,-0.03339592708906669,0.060845741215460825,2007-08-24,13873.0,0.06336059479553913,0.017094570531291486,0.04626602426424764,2007-09-07,14356.0,0.009531598513011112,0.11095822406406142,-0.10142662555105031,2007-10-11,13632.0,0.08573977695167279,0.06817323361500516,0.017566543336667628,2007-11-08,14657.0,-0.21970260223048332,0.17271375464684025,v6
3032,27250,4348097382.5,0.08525394915501394,0.19780865856484453,0.18134915559656795,0.025274854450115125,True,True,bear,0.02723588728677795,-0.06034482758620685,2014-12-23,069260,TKG휴켐스,0.8241206030150754,0.8693467336683417,0.7236180904522613,2014-12-24,27300.0,0.0018348623853210455,-0.040630036630036614,-0.007378552731919452,-0.03325148389811716,2015-01-02,26300.0,-0.03879853479853479,-0.008275108720295132,-0.030523426078239657,2015-01-09,26350.0,-0.044293040293040264,-0.0024062738308704423,-0.04188676646216982,2015-01-23,26200.0,-0.055282051282051325,0.025613677116181233,-0.08089572839823256,2015-02-25,25900.0,-0.09191208791208794,0.05258249345617183,-0.14449458136825977,2015-03-25,24900.0,-0.10622710622710618,0.0219780219780219,v6
3912,31000,3100253120.0,0.07675891819882297,0.25725025546610547,0.3596725913104152,0.051614147217812656,True,True,bear,0.02564102564102555,-0.03125,2018-07-25,069260,TKG휴켐스,0.8503937007874016,0.889763779527559,0.8582677165354331,2018-07-26,31250.0,0.008064516129032251,0.024799999999999937,0.009875202997579269,0.014924797002420668,2018-08-01,32150.0,-0.11599999999999999,0.007415156860770766,-0.12341515686077076,2018-08-08,27750.0,-0.19120000000000004,-0.0008360655020115404,-0.1903639344979885,2018-08-23,25400.0,-0.23760000000000003,0.017045230705928116,-0.25464523070592815,2018-09-20,23950.0,-0.26,-0.09683039251305536,-0.16316960748694465,2018-10-25,23250.0,-0.2016,0.0464,v6
2710,10955,7177795597.5,0.018836680370453385,0.3136552424514225,0.21692375902011563,0.09961322802681316,True,True,bull,0.006014968547683575,-0.085559265442404,2013-10-10,069460,대호에이엘,0.7068062827225131,0.93717277486911,0.8010471204188482,2013-10-11,10935.0,-0.0018256503879506836,0.09339368998628261,0.011199151639486482,0.08219453834679613,2013-10-17,12000.0,0.13225971650663015,0.014212020753118226,0.11804769575351193,2013-10-24,12425.0,0.4678792866941015,-0.006922661433788724,0.4748019481278902,2013-11-07,16095.0,-0.23353818015546413,-0.016471672588342035,-0.2170665075671221,2013-12-05,8425.0,-0.22667946959304985,-0.029023642102863678,-0.19765582749018618,2014-01-07,8500.0,-0.017375400091449444,0.5354366712391403,v6
4618,21850,5345734846.0,0.014735331414426733,0.7011185679346899,0.7744966742855717,0.06647126832644856,True,True,bull,0.007550867485157653,-0.11448834853090173,2021-07-13,069460,대호에이엘,0.5974842767295597,0.9580712788259959,0.9035639412997903,2021-07-14,21975.0,0.005720823798627039,0.016477815699658786,-0.011433936069037975,0.02791175176869676,2021-07-20,22425.0,0.018753128555176305,-0.011485922405805371,0.030239050960981676,2021-07-27,22475.0,-0.052919226393629115,-0.008226073288502778,-0.04469315310512634,2021-08-10,20900.0,-0.046093287827076224,-0.03275139216351852,-0.013341895663557701,2021-09-08,21050.0,-0.12800455062571103,-0.09959358916727068,-0.028410961458440354,2021-10-13,19250.0,-0.07736063708759955,0.12059158134243453,v6
2621,70100,2120961225.0,0.029609754498620244,0.38875607701710935,0.6395946554378649,0.015521267576095621,True,True,mixed,0.006822262118491906,-0.06905710491367867,2013-05-21,069620,대웅제약,0.5841121495327103,0.8925233644859814,0.9532710280373832,2013-05-22,70500.0,0.005706134094151105,-0.028113475177305,-0.002781459613608095,-0.025332015563696905,2013-05-28,68800.0,-0.14584397163120566,-0.001129654175201833,-0.14471431745600383,2013-06-04,60500.0,-0.19832624113475172,-0.0519389886331687,-0.14638725250158302,2013-06-19,56800.0,-0.1103829787234043,-0.05235068482146443,-0.05803229390193987,2013-07-17,63000.0,0.014439716312056653,-0.03406534923886406,0.04850506555092071,2013-08-14,71800.0,-0.21843971631205672,0.005673758865248235,v6
2762,86800,2560055735.0,0.0546382534585802,0.24347250150824373,0.4383849655057055,0.025454930539310583,True,True,mixed,0.019497298567066057,-0.03125,2013-12-13,069620,대웅제약,0.7732558139534884,0.936046511627907,0.936046511627907,2013-12-16,87700.0,0.010368663594469973,-0.038207525655644226,0.011603590737529368,-0.04981111639317359,2013-12-20,84700.0,-0.1351288483466363,0.025879832704274186,-0.16100868105091048,2013-12-30,76200.0,-0.1294275940706956,-0.0037335509537895772,-0.12569404311690602,2014-01-15,76700.0,-0.23090992018244016,-0.010364174232377787,-0.22054574595006238,2014-02-14,67800.0,-0.22178791334093506,-0.020758951341426024,-0.20102896199950904,2014-03-14,68600.0,-0.136830102622577,0.0,v6
5244,114100,3802935000.0,0.10101957129496486,0.10123174136996083,0.2210611687452797,0.0475035978968974,True,True,mixed,0.006172839506172867,-0.07760711398544862,2024-01-18,069620,대웅제약,0.7570093457943925,0.660436137071651,0.7975077881619937,2024-01-19,114700.0,0.005258545135845782,-0.05631037489102009,0.0007737711824926663,-0.057084146073512754,2024-01-25,108700.0,-0.044976460331299095,0.029990722848126206,-0.0749671831794253,2024-02-01,110000.0,0.018667829119441984,0.08581568041224608,-0.0671478512928041,2024-02-19,117300.0,0.07359372275501297,0.07605644073358375,-0.002462717978570783,2024-03-19,123600.0,-0.06154141238012201,0.04689215412225578,-0.10843356650237779,2024-04-17,108100.0,-0.057541412380122,0.050566695727986,v6
5406,142100,10785219240.0,0.15792914562125193,0.46905179205480396,0.24146392963419316,0.07903444318042552,True,True,bear,0.009376331865321719,-0.06513157894736843,2024-09-13,069620,대웅제약,0.8978102189781022,0.9635036496350365,0.8029197080291971,2024-09-19,144400.0,0.016185784658691027,-0.03377839335180055,0.0006359190186036034,-0.034414312370404154,2024-09-25,140100.0,-0.03447091412742387,-0.009619720426875089,-0.02485119370054878,2024-10-04,140000.0,0.09226038781163437,0.003950406024658237,0.08830998178697613,2024-10-21,158300.0,-0.12103601108033246,-0.04840692650703171,-0.07262908457330075,2024-11-18,127500.0,-0.12519113573407203,-0.04073735773720755,-0.08445377799686449,2024-12-16,126900.0,-0.0650969529085873,0.13850415512465375,v6
5438,158900,7511364200.0,0.12152805083584417,0.3687981251663901,0.4722861322112877,0.07615070706294036,True,True,bear,0.020814595914171896,-0.03345498783454992,2024-11-06,069620,대웅제약,0.8555555555555555,0.9074074074074074,0.9185185185185185,2024-11-07,157300.0,-0.010069225928256764,-0.1438601398601399,-0.0548053948999504,-0.0890547449601895,2024-11-13,135300.0,-0.1610247933884298,-0.029305146584390207,-0.13171964680403958,2024-11-20,132600.0,-0.2137902097902098,-0.03645741681428738,-0.17733279297592242,2024-12-04,124300.0,-0.20043992371265096,-0.02682199098243021,-0.17361793273022075,2025-01-06,126400.0,-0.08982326764144943,-0.013807909339402347,-0.07601535830204709,2025-02-07,143800.0,-0.22123331214240305,0.004450095359186168,v6
601,46400,5078952347.0,0.12444876243349512,0.22217365376417508,0.3953326548080254,0.04251679286092869,True,True,bear,0.011664668047530746,-0.08840864440078589,2005-05-03,069960,현대백화점,0.8703703703703703,0.7685185185185185,0.7222222222222222,2005-05-04,46300.0,-0.0021551724137931494,0.004639308855291627,0.007737724956072833,-0.003098416100781206,2005-05-11,46700.0,-0.0018401727861772042,0.01535540058278495,-0.017195573368962155,2005-05-18,46400.0,0.06619438444924408,0.05808204825983054,0.008112336189413538,2005-06-01,49550.0,0.028397408207343492,0.10026301716705421,-0.07186560895971073,2005-06-30,47800.0,0.19902375809935213,0.20564450119503652,-0.006620743095684389,2005-07-28,55700.0,-0.0388768898488121,0.07559395248380119,v6
785,95000,13439873752.0,0.14875355204544494,0.22516572786408973,0.5332800708972258,0.08973550254785012,True,True,mixed,0.034802026033440514,-0.0640394088669951,2006-01-24,069960,현대백화점,0.8908045977011494,0.7931034482758621,0.8735632183908046,2006-01-25,94100.0,-0.0094736842105263,0.10652072263549406,0.02733395054354326,0.0791867720919508,2006-02-01,104500.0,0.07995324123273106,-0.021181758451797816,0.10113499968452888,2006-02-08,102000.0,0.10652072263549406,0.0009108828097001975,0.10560983982579386,2006-02-22,104500.0,-0.03694367693942613,-0.020233544379405055,-0.016710132560021074,2006-03-23,91000.0,-0.030567481402762994,0.0707726078126869,-0.1013400892154499,2006-04-20,91600.0,-0.015940488841657774,0.1583421891604675,v6
4533,89000,30527490500.0,0.09510988544733456,0.17899072803546212,0.31672140784997027,0.02484660648989756,True,True,mixed,0.01795722292119417,-0.05319148936170215,2021-03-26,069960,현대백화점,0.6754176610978521,0.6968973747016707,0.7613365155131265,2021-03-29,89100.0,0.0011235955056179137,-0.0185903479236813,0.021357018876468015,-0.03994736680014932,2021-04-02,87800.0,-0.006244668911335568,0.027617457041516413,-0.033862125952851985,2021-04-09,88900.0,-0.019712682379349086,0.045407863609070453,-0.06512054598841954,2021-04-23,87700.0,0.009468013468013407,0.04055832083761257,-0.031090307369599165,2021-05-25,90300.0,-0.023079685746352437,0.07092866447266966,-0.0940083502190221,2021-06-22,87400.0,-0.023569023569023573,0.022446689113355678,v6
5515,59300,5124119615.0,0.028261713706104197,0.14753931372443052,0.23641448546549193,0.05415144178842768,True,True,mixed,0.014282049089198612,-0.03420195439739415,2025-03-27,069960,현대백화점,0.7083333333333334,0.7916666666666666,0.8159722222222222,2025-03-28,59300.0,0.0,-0.022549747048903886,-0.04085812476134287,0.018308377712438987,2025-04-03,58200.0,-0.05796290050590225,-0.05691903588248237,-0.0010438646234198767,2025-04-10,56100.0,-0.0242360876897133,-0.027115323050338924,0.002879235360625624,2025-04-24,58100.0,0.17137942664418215,0.017198751846580373,0.15418067479760178,2025-05-27,69700.0,0.26918718381112994,0.18781314726744647,0.08137403654368347,2025-06-26,75500.0,-0.09274873524451943,0.025295109612141653,v6
296,13250,4594974330.0,0.04459767058944264,0.25610593979606966,0.34119561274283194,0.07464565932408296,True,True,bull,0.03495411052528796,-0.07986111111111116,2017-08-07,070960,모나용평,0.7044534412955465,0.9230769230769231,0.8987854251012146,2017-08-08,13400.0,0.01132075471698113,-0.10474626865671643,-0.029301196001131125,-0.07544507265558531,2017-08-14,12050.0,-0.041313432835820896,-0.016363923682153114,-0.02494950915366778,2017-08-22,12900.0,-0.030119402985074647,-0.03246169968561308,0.00234229670053843,2017-09-05,13050.0,-0.17937313432835822,0.022239965400801864,-0.20161309972916008,2017-10-11,11050.0,-0.10101492537313428,0.06143021108837776,-0.16244513646151204,2017-11-08,12100.0,-0.10074626865671643,0.06343283582089554,v6
358,9360,2508279668.5,0.014431202883809835,0.3601050395980667,0.32421317102131786,0.006520920122359053,True,True,bull,0.02138804015713669,-0.06212424849699394,2004-12-29,071050,한국금융지주,0.54,0.87,0.71,2004-12-30,9390.0,0.0032051282051281937,0.008779552715654896,-0.016835928684269974,0.02561548139992487,2005-01-06,9510.0,0.020494142705005384,-0.0007447528774543466,0.02123889558245973,2005-01-13,9620.0,0.2686304579339722,0.04363574813811777,0.22499470979585445,2005-01-27,11950.0,0.699940362087327,0.13685398329948084,0.5630863787878462,2005-03-02,16000.0,0.4549989350372736,0.07814263146016698,0.37685630357710664,2005-03-30,13700.0,-0.011714589989350377,0.31522896698615543,v6
802,41900,5878628315.0,0.07851331666612027,0.19522659611017024,0.1074530407734029,0.029549889064331092,True,True,mixed,0.02916794596254224,-0.02784222737819031,2006-10-13,071050,한국금융지주,0.7338129496402878,0.8345323741007195,0.7194244604316546,2006-10-16,41900.0,0.0,-0.004,0.005639139312541008,-0.009639139312541008,2006-10-20,41900.0,0.030606205250596655,0.009214279922452606,0.02139192532814405,2006-10-27,43350.0,0.03657279236276856,0.02885175329318379,0.0077210390695847675,2006-11-10,43600.0,0.04492601431980914,0.02494489860606386,0.01998111571374528,2006-12-08,43950.0,0.018673031026253065,-0.0005897139150369268,0.019262744941289992,2007-01-10,42850.0,-0.021479713603818618,0.09188544152744638,v6
900,49300,10024969619.5,0.08726381745976186,0.05426098633042331,0.23088201184764667,0.03936962224540719,True,True,bull,0.03267700041893584,-0.059160305343511466,2007-03-07,071050,한국금융지주,0.7734375,0.7265625,0.796875,2007-03-08,49350.0,0.0010141987829614951,-0.08201418439716313,-0.0011710266710196482,-0.08084315772614348,2007-03-14,45500.0,-0.03034245187436679,0.024009595321570876,-0.05435204719593767,2007-03-21,48050.0,-0.011092198581560294,0.05279556003463415,-0.06388775861619445,2007-04-04,49000.0,0.1895157041540021,0.10705312912520748,0.08246257502879462,2007-05-03,58900.0,0.39417629179331315,0.21803806901250522,0.17613822278080793,2007-06-01,69000.0,-0.0820668693009119,0.037487335359675855,v6
2361,43550,4788610450.0,0.07781277961501387,0.10101208604274703,0.21916907841916067,0.019990145573027363,True,True,bull,0.01710749109593035,-0.040748898678414136,2013-01-17,071050,한국금융지주,0.7323232323232324,0.7727272727272727,0.7777777777777778,2013-01-18,43550.0,0.0,0.006332950631458004,-0.011656981863004123,0.017989932494462128,2013-01-24,44000.0,-0.03270264064293915,-0.012934872839785672,-0.01976776780315348,2013-01-31,42300.0,-0.005148105625717544,-0.00325510024400677,-0.0018930053817107738,2013-02-15,43500.0,0.006332950631458004,-0.009795487133046565,0.01612843776450457,2013-03-18,44000.0,0.08670034443168761,-0.03380876914949815,0.12050911358118577,2013-04-15,47500.0,-0.05510907003444321,0.05051664753157281,v6
2813,55200,6508596892.0,0.0011381049464482818,0.21075949556966556,0.40666308403184703,0.028142010390952876,True,True,mixed,0.01882613510520481,-0.0482758620689655,2014-11-19,071050,한국금융지주,0.6327433628318584,0.8185840707964602,0.8451327433628318,2014-11-20,54500.0,-0.0126811594202898,0.04370642201834851,0.010261536578399788,0.033444885439948724,2014-11-26,57100.0,0.02719266055045866,0.00468705373536249,0.022505606815096172,2014-12-03,56200.0,-0.06638532110091744,-0.03088661308090901,-0.03549870802000843,2014-12-17,51100.0,-0.10675229357798166,-0.02963197192867928,-0.07712032164930238,2015-01-19,48900.0,-0.040697247706422024,-0.0012699416540862263,-0.0394273060523358,2015-02-16,52500.0,-0.10366972477064218,0.05871559633027523,v6
3901,110400,3900959242.5,0.15782549195493778,0.09713274974776942,0.041449711007086165,0.015340722029122622,True,True,mixed,0.036717062634989306,-0.05236051502145922,2025-12-03,071320,지역난방공사,0.8274760383386581,0.8146964856230032,0.7731629392971247,2025-12-04,109000.0,-0.0126811594202898,-0.012256880733944927,0.028885941710563356,-0.04114282244450829,2025-12-10,108100.0,-0.011339449541284404,0.009330888225911993,-0.020670337767196397,2025-12-17,108200.0,-0.10766972477064218,0.1091365569271272,-0.2168062816977694,2026-01-05,97700.0,-0.09574311926605505,0.23159513400399612,-0.32733825327005117,2026-02-02,99000.0,-0.20399999999999996,0.3896479393666441,-0.5936479393666441,2026-03-06,87200.0,-0.13853211009174315,0.053211009174311874,v6
1538,68200,4097031585.0,0.0018168525617006104,-0.003279695911626135,0.19159144311136633,0.0157614595440303,True,True,mixed,0.007906598684696675,-0.05146036161335188,2017-09-18,071840,롯데하이마트,0.6218487394957983,0.6008403361344538,0.8067226890756303,2017-09-19,68200.0,0.0,-0.0773137829912024,-0.016079031124705545,-0.06123475186649685,2017-09-25,63200.0,-0.005466275659824046,0.0059976026123258475,-0.011463878272149893,2017-10-10,68100.0,0.09424046920821105,0.029425866986318105,0.06481460222189295,2017-10-24,74900.0,0.04585337243401755,0.04604637705121295,-0.00019300461719540252,2017-11-21,71600.0,0.042920821114369456,0.024482288265200713,0.018438532849168743,2017-12-19,71400.0,-0.09824046920821117,0.13196480938416433,v6
3917,27250,40229102222.5,0.0864765616006129,0.06374961566607462,0.4566638890292505,0.045118190572918326,True,True,mixed,-0.009811046511627897,-0.11954765751211627,2025-04-01,071970,HD현대마린엔진,0.8741258741258742,0.6433566433566433,0.9055944055944056,2025-04-02,27900.0,0.023853211009174258,-0.04701075268817201,-0.0757794125798813,0.02876865989170929,2025-04-08,26700.0,0.21105376344086024,-0.019088382258613756,0.230142145699474,2025-04-15,33900.0,0.3275412186379929,0.015758506822087348,0.31178271181590556,2025-04-29,37150.0,0.5264659498207884,0.06812188690301801,0.4583440629177704,2025-05-30,42700.0,0.7881146953405018,0.22332338198145418,0.5647913133590476,2025-07-01,50000.0,-0.11290322580645162,0.3853046594982079,v6
3984,49250,25063033033.75,0.027911612852795198,0.4476533384695822,0.6429876141863811,0.08224499525683115,True,True,bull,-0.004899732282669045,-0.13292253521126762,2025-07-10,071970,HD현대마린엔진,0.6202898550724638,0.8405797101449275,0.8666666666666667,2025-07-11,49950.0,0.014213197969543234,-0.01100700700700696,0.00186420198659909,-0.01287120899360605,2025-07-17,49600.0,0.15315715715715705,0.0012867387449588819,0.15187041841219817,2025-07-24,57800.0,0.6336376376376376,0.012970954226622977,0.6206666834110146,2025-08-07,81800.0,0.8178218218218218,0.005890752742165883,0.811931069079656,2025-09-05,91000.0,0.7037077077077076,0.13314607623142471,0.5705616314762829,2025-10-10,85300.0,-0.0780780780780781,0.6376376376376376,v6
4545,5490,3020022970.5,0.05225401040132649,0.3027058310390569,0.4653845385781138,0.016170094367537136,True,True,bear,0.009655172413793212,-0.09256198347107436,2021-11-16,072130,유엔젤,0.8031914893617021,0.9042553191489362,0.8776595744680851,2021-11-17,5490.0,0.0,-0.005821493624772352,-0.002227015798829557,-0.0035944778259427955,2021-11-23,5480.0,-0.0978069216757741,-0.05492972749848524,-0.04287719417728886,2021-11-30,4975.0,-0.08596721311475408,-0.005349498338892644,-0.08061771477586144,2021-12-14,5040.0,0.0014644808743169459,-0.010499264319145718,0.011963745193462664,2022-01-12,5520.0,-0.1688451730418944,-0.09971305117808804,-0.06913212186380635,2022-02-14,4585.0,-0.139344262295082,0.06193078324225865,v6
2243,14300,10025063612.5,0.07908089488294401,0.22521934546126132,0.346447762558695,0.01572488844043618,True,True,bear,0.02545715310147001,-0.03703703703703709,2014-02-25,073240,금호타이어,0.8148148148148148,0.8306878306878307,0.91005291005291,2014-02-26,14200.0,-0.006993006993006978,-0.03921126760563376,-0.004756932949655068,-0.03445433465597869,2014-03-04,13700.0,-0.02864788732394363,0.00021390919045560786,-0.028861796514399237,2014-03-11,13850.0,-0.03921126760563376,-0.011306628638366178,-0.02790463896726758,2014-03-25,13700.0,-0.10963380281690138,0.02076447070208043,-0.1303982735189818,2014-04-22,12700.0,-0.12723943661971826,0.02736000407446082,-0.15459944069417908,2014-05-23,12450.0,-0.08098591549295775,0.010563380281690238,v6
2841,9950,7480360026.0,0.026267877253923766,0.21188852481961407,0.5218857968726844,0.05881856489116544,True,True,bull,0.030447390223695026,-0.11555555555555552,2016-07-29,073240,금호타이어,0.5776173285198556,0.8700361010830325,0.8989169675090253,2016-08-01,9990.0,0.004020100502512669,-0.05304904904904906,-0.003343688725792826,-0.04970536032325623,2016-08-05,9500.0,-0.032028028028028066,0.012722809686325443,-0.04475083771435351,2016-08-12,9710.0,-0.03703303303303307,0.0037733798914412198,-0.04080641292447429,2016-08-29,9660.0,0.11712112112112116,0.021736446207111015,0.09538467491401015,2016-09-29,11200.0,0.03203603603603611,-0.002612719846298961,0.03464875588233507,2016-10-28,10350.0,-0.08208208208208212,0.0010010010010010895,v6
4658,5490,2829215408.0,0.005478151016105048,0.19394213006772865,0.13673117874086704,0.03274183608339554,True,True,bull,0.012074845607890072,-0.06153846153846154,2023-12-18,073240,금호타이어,0.5244299674267101,0.8827361563517915,0.7328990228013029,2023-12-19,5440.0,-0.00910746812386154,-0.016867647058823484,0.014730135955489887,-0.031597783014313374,2023-12-26,5370.0,-0.042602941176470566,0.008659510840959062,-0.05126245201742963,2024-01-04,5230.0,-0.040764705882352925,-0.04864687832626979,0.007882172443916868,2024-01-18,5240.0,0.23497058823529415,0.04501308089098233,0.18995750734431183,2024-02-19,6740.0,0.052985294117646964,0.035620572284106755,0.01736472183354021,2024-03-19,5750.0,-0.05514705882352944,0.020220588235294157,v6
1548,6900,2441667185.5,0.08734414652082911,0.2980402112284668,0.27969477170412227,0.0206031009851384,True,True,bear,0.007446342531756356,-0.10852713178294571,2022-03-22,075580,세진중공업,0.6002824858757062,0.8389830508474576,0.8615819209039548,2022-03-23,6910.0,0.0014492753623187582,-0.00834153400868309,0.0051152864560415345,-0.013456820464724625,2022-03-29,6880.0,-0.02715484804630974,0.011763325412889714,-0.03891817345919946,2022-04-05,6750.0,0.07559479015918957,-0.003017835665463986,0.07861262582465356,2022-04-19,7460.0,-0.08793632416787267,-0.03708674352430397,-0.050849580643568704,2022-05-18,6330.0,-0.1472706222865412,-0.10494221009709881,-0.04232841218944239,2022-06-17,5920.0,-0.11866859623733717,0.08538350217076696,v6
2076,7300,3190721440.0,0.04287899585465049,0.3250842506024343,0.580822084864004,0.09718393354593857,True,True,mixed,0.03480048196186836,-0.03693931398416883,2024-05-13,075580,세진중공업,0.565068493150685,0.8938356164383562,0.9212328767123288,2024-05-14,7430.0,0.017808219178082174,-0.10897981157469716,-0.0032199284297727004,-0.10575988314492446,2024-05-21,6650.0,-0.03495558546433375,-0.003706576703817799,-0.03124900876051595,2024-05-28,7200.0,0.02964737550471064,-0.0017599836076370723,0.03140735911234771,2024-06-12,7680.0,0.3176689098250336,0.04940028832995469,0.2682686214950789,2024-07-10,9820.0,0.10636339165545095,-0.06021632064632754,0.16657971230177848,2024-08-07,8250.0,-0.14939434724091516,0.06729475100942128,v6
2391,13860,18465940904.5,0.07105922204935922,0.05654963391336354,0.3888226697510342,0.04313385929807012,True,True,mixed,0.029488226992497868,-0.07290969899665556,2025-08-28,075580,세진중공업,0.7852112676056338,0.704225352112676,0.8450704225352113,2025-08-29,13800.0,-0.0043290043290042934,0.36556521739130443,-0.0024837945649465176,0.36804901195625095,2025-09-04,18900.0,0.8873043478260869,0.04219645973572672,0.8451078880903602,2025-09-11,26100.0,0.48513043478260864,0.08174707055597108,0.40338336422663756,2025-09-25,20550.0,0.5974492753623188,0.27365058588880564,0.3237986894735132,2025-10-30,22100.0,0.29020289855072456,0.24249252056843673,0.04771037798228783,2025-11-27,17860.0,-0.008695652173912993,0.9855072463768115,v6
3951,5600,15964378397.0,0.027774490264489415,0.6336811361472876,0.6332993809087406,0.007863736523752829,True,True,bull,-0.00267141585040076,-0.13164831756861528,2020-07-23,077500,유니퀘스트,0.5668604651162791,0.9156976744186046,0.8924418604651163,2020-07-24,5500.0,-0.017857142857142905,-0.022181818181818188,0.03199300778884995,-0.05417482597066814,2020-07-30,5400.0,-0.03127272727272723,0.06640779704378796,-0.0976805243165152,2020-08-06,5350.0,-0.2085454545454546,0.049100253558698626,-0.2576457081041532,2020-08-21,4375.0,-0.10399999999999998,0.09817774601339258,-0.20217774601339256,2020-09-18,4950.0,-0.07218181818181824,0.07207075972012955,-0.1442525779019478,2020-10-22,5125.0,-0.22545454545454546,0.11363636363636354,v6
4715,7905,5186267866.0,0.07060046507988127,0.44298315744590133,0.44176931469746417,0.05278768069144224,True,True,bear,0.01580570547417115,-0.11179775280898874,2023-08-25,077500,유니퀘스트,0.6687306501547987,0.8947368421052632,0.8513931888544891,2023-08-28,7995.0,0.011385199240986799,0.034148843026891695,0.011556884809936774,0.02259195821695492,2023-09-01,8300.0,0.029771106941838713,0.005231966288144818,0.024539140653693895,2023-09-08,8265.0,0.10857035647279556,-0.010373182029813521,0.11894353850260908,2023-09-22,8895.0,-0.36735209505941213,-0.09138580030144972,-0.2759662947579624,2023-10-27,5090.0,-0.3410856785490932,-0.014910709353619378,-0.32617496919547384,2023-11-24,5300.0,-0.049405878674171344,0.1944965603502189,v6
1737,18693,3100460440.0,0.08780878746426102,0.27965728110318966,0.5794364604423055,0.03192741582583336,True,True,bull,0.029106544155293568,-0.029691149753438895,2012-01-31,078520,에이블씨엔씨,0.7216981132075472,0.8584905660377359,0.9245283018867925,2012-02-01,18691.0,-0.00010699192210983366,0.026923974105184326,0.016945760224164275,0.009978213881020052,2012-02-07,19269.0,-0.0006293938259054298,0.027748554067855036,-0.028377947893760466,2012-02-14,18754.0,0.0915005082660103,0.028287410767896537,0.06321309749811377,2012-02-28,20476.0,0.3743104167781286,0.042682582611864195,0.3316278341662644,2012-03-28,25762.0,0.7540653790594403,0.007939155380612517,0.7461262236788277,2012-04-26,32860.0,-0.02744636456048366,0.13252367449574654,v6
1823,34490,8051175345.0,0.11718344715934259,0.6020530424814208,1.5481612850914375,0.06199014811719539,True,True,bear,-0.007914535101962827,-0.07597921020200393,2012-06-05,078520,에이블씨엔씨,0.8770949720670391,0.9664804469273743,0.9720670391061452,2012-06-07,35332.0,0.024412873296607795,-0.051718781840824235,0.01078016189269837,-0.062498943733522605,2012-06-13,33646.0,-0.07054024680176607,0.03513473843293524,-0.10567498523470131,2012-06-20,32981.0,0.08673927318011998,0.019005267764434786,0.0677340054156852,2012-07-04,38538.0,0.09186210800407557,0.021984354359088742,0.06987775364498683,2012-08-01,38719.0,0.3123704290727951,0.03636333983875972,0.2760070892340354,2012-08-30,46510.0,-0.09396581003056714,0.14026944412996722,v6
3022,23443,5139900062.5,0.157106347424102,0.19144282938400425,0.1791872918940196,0.003982500875163719,True,True,bull,0.025983290516558455,-0.045013850415512424,2017-04-13,078520,에이블씨엔씨,0.9067796610169492,0.8940677966101694,0.864406779661017,2017-04-14,23586.0,0.006099901889689896,0.10195268379547184,0.005083525076229334,0.09686915871924251,2017-04-20,26085.0,0.18339930467226329,0.03328843743569587,0.1501108672365674,2017-04-27,28006.0,0.18746951581446614,0.07239463494023224,0.1150748808742339,2017-05-17,28102.0,0.04289222420079697,0.10446246515891278,-0.06157024095811581,2017-06-15,24692.0,-0.03859679470872557,0.126835587481527,-0.16543238219025258,2017-07-13,22770.0,-0.024421266853217993,0.2016026456372424,v6
1575,67500,37735322270.0,0.02307243281887128,0.24225420393832797,0.7182070157867984,0.07469131350738945,True,True,mixed,0.033848981467299755,-0.03708987161198285,2010-12-01,078930,GS,0.7461139896373057,0.8808290155440415,0.9378238341968912,2010-12-02,68000.0,0.007407407407407307,-0.04223529411764704,0.006178905289369263,-0.0484141994070163,2010-12-08,65400.0,-0.008411764705882337,0.037953192605892916,-0.04636495731177526,2010-12-15,67700.0,0.022470588235294024,0.051334818465717635,-0.028864230230423612,2010-12-29,69800.0,0.19747058823529406,0.08813043097993023,0.10934015725536383,2011-01-27,81700.0,0.0018823529411764496,-0.007959006230353283,0.009841359171529732,2011-03-02,68400.0,-0.07352941176470584,0.055882352941176494,v6
1625,78300,67147282314.15,0.1390551292151183,0.10713464933771188,0.5336146102630088,0.034721102558948,True,True,mixed,0.020461358008601493,-0.08847497089639111,2011-02-15,078930,GS,0.8697916666666666,0.703125,0.9114583333333334,2011-02-16,78200.0,-0.0012771392081737387,-0.025739130434782594,-0.018514458815792056,-0.007224671618990538,2011-02-22,76500.0,-0.1293196930946292,-0.03928094545309602,-0.09003874764153319,2011-03-02,68400.0,0.02796930946291565,-0.024468381927974958,0.052437691390890606,2011-03-16,80700.0,0.1596828644501278,0.057217450226199285,0.10246541422392852,2011-04-13,91000.0,0.038199488491048594,0.056300695537796264,-0.01810120704674767,2011-05-13,81500.0,-0.13299232736572886,0.0843989769820972,v6
2064,31688,6759469111.5,0.07215287660280412,0.4919985547194996,0.5579756267425859,0.007971103079664976,True,True,bear,0.02816186216440264,-0.023422090729783074,2013-04-11,079160,CJ CGV,0.7703349282296651,0.9473684210526315,0.9473684210526315,2013-04-12,31750.0,0.001956576622065054,0.0679370078740158,-0.027714382208758548,0.09565139008277435,2013-04-18,34034.0,0.07190551181102367,-0.0013406883564799355,0.0732462001675036,2013-04-25,34160.0,0.17971653543307076,-0.004845923181627465,0.18456245861469822,2013-05-10,37583.0,0.03798425196850386,-0.017162857815394394,0.05514710978389825,2013-06-11,33083.0,-0.03886614173228342,-0.06338590332715877,0.024519761594875344,2013-07-09,30643.0,0.0,0.19568503937007864,v6
2506,38660,8614092210.0,0.11112103619370539,0.19705082586555378,0.36930728873437635,0.007639813131552264,True,True,mixed,0.02512021828219435,-0.04686768077710113,2015-01-29,079160,CJ CGV,0.746606334841629,0.7782805429864253,0.8190045248868778,2015-01-30,38469.0,-0.004940506983962756,0.03228895994177128,-0.005748092030568364,0.03803705197233964,2015-02-05,39865.0,0.06194920585406427,-0.011455453559591322,0.07340465941365559,2015-02-12,41006.0,0.0026287140294782886,0.01896513978198988,-0.016336425752511593,2015-03-03,38724.0,0.11136561906990039,0.039152194610336366,0.07221342445956402,2015-03-31,42907.0,0.3041182250643375,0.09344595317010573,0.21067227189423177,2015-04-28,50322.0,-0.0279965686656789,0.09389378460578657,v6
2592,67181,25894522595.0,0.3087852168181586,0.7270559192030359,0.9674542728024973,0.022844802784449447,True,True,mixed,0.010057576033214888,-0.12032211601414167,2015-06-08,079160,CJ CGV,0.9096573208722741,0.9252336448598131,0.9034267912772586,2015-06-09,66862.0,-0.004748366353582112,0.052908258801710906,-0.010216148105069323,0.06312440690678023,2015-06-15,70667.0,0.11451275762017299,-0.003993408936706522,0.11850616655687951,2015-06-22,74786.0,0.11925386617211564,-0.004589512455171252,0.12384337862728689,2015-07-06,75103.0,0.11451275762017299,-0.02661141804788214,0.14112417566805513,2015-08-03,74786.0,0.08133995393497062,-0.07229330231656494,0.15363325625153557,2015-09-01,72568.0,-0.052122281714576335,0.2559600370913224,v6
2617,76054,32411911075.0,0.06682969920715576,0.6827494780537107,0.9317961034367632,0.00893424007009247,True,True,mixed,-0.0068238906035855695,-0.09433647708869197,2015-07-13,079160,CJ CGV,0.6032786885245902,0.921311475409836,0.8622950819672132,2015-07-14,76369.0,0.004141793988481801,0.016767588943157555,0.0013861787832536443,0.015381410159903911,2015-07-20,77955.0,-0.02057740706307531,-0.015276945963176969,-0.0053004610998983424,2015-07-27,75103.0,0.04996168602443407,-0.03249067830992447,0.08245236433435854,2015-08-10,80490.0,-0.10772009585041054,-0.09261799424276962,-0.015102101607640916,2015-09-08,68448.0,-0.09941829800049762,-0.02458897625625478,-0.07482932174424284,2015-10-08,69082.0,-0.07467689769409058,0.10791027773049278,v6
2123,27450,6738510712.5,0.03453689902131085,0.8440994646327855,1.4769001689978754,0.08243533680453874,True,True,bull,0.02348993288590595,-0.06153846153846154,2014-06-11,079430,현대리바트,0.6407766990291263,0.9902912621359223,0.9805825242718447,2014-06-12,27700.0,0.00910746812386165,-0.043711191335740085,-0.011973579658323352,-0.03173761167741673,2014-06-18,26600.0,-0.06717689530685922,-0.015807508939213344,-0.051369386367645875,2014-06-25,25950.0,0.17650541516245477,-0.006505760826380547,0.18301117598883532,2014-07-09,32700.0,0.2577328519855595,0.023405840286054858,0.23432701169950465,2014-08-06,34950.0,0.49780505415162457,0.021185935637664022,0.47661911851396055,2014-09-04,41600.0,-0.09747292418772568,0.1985559566787003,v6
2408,67500,15315367080.0,0.20512866199702762,0.7068966445625198,0.6243568797814307,0.04248285511587557,True,True,bear,-0.02336685234753666,-0.14122137404580148,2015-08-05,079430,현대리바트,0.8625,0.91875,0.73125,2015-08-06,68300.0,0.01185185185185178,-0.02596193265007318,-0.030329952976056007,0.004368020325982828,2015-08-12,66800.0,-0.17530307467057105,-0.06023286178494647,-0.11507021288562458,2015-08-20,56600.0,-0.2221551976573939,-0.05975182352767938,-0.1624033741297145,2015-09-03,53400.0,-0.17676720351390918,-0.02896537506258401,-0.14780182845132517,2015-10-05,56500.0,-0.27559590043923865,0.005468128761179303,-0.28106402920041795,2015-11-03,49750.0,-0.27598828696925326,0.038067349926793614,v6
1466,51800,12908811962.5,0.07213589304200663,0.27939782053225926,0.29045071869935835,0.014671460605280906,True,True,bear,0.026199791986528664,-0.03717472118959109,2021-09-16,079550,LIG디펜스앤에어로스페이스,0.5263157894736842,0.8696741854636592,0.7243107769423559,2021-09-17,52100.0,0.005791505791505891,-0.038548944337811863,-0.009537207257613312,-0.029011737080198552,2021-09-28,50300.0,-0.10956621880998085,-0.07015906002717609,-0.03940715878280476,2021-10-06,46600.0,-0.09229174664107487,-0.038500519542802314,-0.053791227098272554,2021-10-21,47500.0,0.10924376199616126,-0.057667652465830055,0.16691141446199131,2021-11-18,58000.0,0.1649059500959693,-0.03879466069858528,0.2037006107945546,2021-12-16,60900.0,-0.1074856046065259,0.019193857965451144,v6
1967,87900,10310253095.0,0.09657684783691634,0.10214492716946455,0.18564389664321812,0.061346085648211535,True,True,bear,0.038332053629437146,-0.022246941045606206,2023-09-27,079550,LIG디펜스앤에어로스페이스,0.8333333333333334,0.6764705882352942,0.7581699346405228,2023-10-04,87400.0,-0.005688282138794132,0.03833409610983973,0.0058708093505981385,0.032463286759241594,2023-10-11,91100.0,-0.024594965675057253,0.011010846628184634,-0.03560581230324189,2023-10-18,85600.0,0.007441647597254079,-0.05510349867393616,0.06254514627119023,2023-11-01,88400.0,0.08753318077803196,0.03449818949166161,0.05303499128637035,2023-11-29,95400.0,0.4891350114416475,0.09011487080113967,0.39902014064050784,2023-12-28,130500.0,-0.06178489702517165,0.10526315789473695,v6
2008,97500,15366920995.0,0.01968033640210831,0.1579714216933561,0.24339080328591023,0.03441889158942546,True,True,bull,0.039057920818457825,-0.02010050251256279,2023-11-30,079550,LIG디펜스앤에어로스페이스,0.6019417475728155,0.8414239482200647,0.8446601941747572,2023-12-01,98000.0,0.00512820512820511,-0.000938775510204156,-0.01127558530285766,0.010336809792653504,2023-12-07,98300.0,0.29191836734693877,0.009398966074056991,0.2825194012728818,2023-12-14,127000.0,0.3051836734693878,0.05924244888890651,0.2459412245804813,2024-01-02,128300.0,0.0735510204081633,-0.008601502088879442,0.08215252249704275,2024-01-30,105600.0,0.45722448979591834,0.0483517093898409,0.40887278040607744,2024-02-29,143200.0,-0.020408163265306145,0.49693877551020416,v6
171,12650,5480428977.5,0.0747215672088688,0.30860355195997546,0.5273495312402152,0.02530932892565474,True,True,mixed,-0.012490241998438734,-0.07664233576642332,2012-10-31,079980,휴비스,0.7163461538461539,0.8028846153846154,0.8605769230769231,2012-11-01,12650.0,0.0,0.043430830039525636,0.017850670056787976,0.02558015998273766,2012-11-07,13250.0,-0.04747826086956519,-0.0050063827440020026,-0.04247187812556319,2012-11-14,12100.0,-0.08700395256916993,0.0048382775521782495,-0.09184223012134818,2012-11-28,11600.0,-0.18581818181818177,0.04910772916152273,-0.2349259109797045,2012-12-28,10350.0,-0.10281422924901185,0.027521971873900153,-0.130336201122912,2013-01-29,11400.0,-0.11857707509881421,0.04743083003952564,v6
1603,2374,3053423610.75,0.020338513034628747,0.16074379571406272,0.12320443128142755,0.04098012241341897,True,True,bull,0.011223989947394264,-0.08375144731763795,2017-07-03,082740,한화엔진,0.648854961832061,0.8244274809160306,0.7213740458015268,2017-07-04,2400.0,0.010951979780960297,-0.03400000000000003,-0.005485880329319737,-0.028514119670680294,2017-07-10,2328.0,-0.06274999999999997,0.012466391676825728,-0.0752163916768257,2017-07-17,2259.0,-0.06400000000000006,0.0031186853926956637,-0.06711868539269572,2017-07-31,2256.0,-0.05941666666666667,-0.012733588283428854,-0.04668307838323782,2017-08-29,2267.0,-0.10733333333333339,-0.008733989078338555,-0.09859934425499484,2017-09-26,2152.0,-0.10624999999999996,0.04541666666666666,v6
2198,3425,4585423222.75,0.12719821866368997,0.26111683977539024,0.11202325625438081,0.05531551367799681,True,True,mixed,-0.006036334087875184,-0.12493612672457843,2019-12-06,082740,한화엔진,0.907563025210084,0.8949579831932774,0.8067226890756303,2019-12-09,3416.0,-0.0026277372262774046,0.025859484777517542,0.03743415203112899,-0.011574667253611445,2019-12-13,3518.0,0.01912646370023419,0.05365354646882792,-0.03452708276859373,2019-12-20,3495.0,-0.020978922716627598,0.028380355077105346,-0.04935927779373295,2020-01-08,3358.0,0.012100702576112402,0.05736780213581638,-0.04526709955970398,2020-02-07,3471.0,-0.1451007025761124,-0.024723462432000964,-0.12037724014411144,2020-03-06,2934.0,-0.045960187353629944,0.1009953161592505,v6
2561,8354,26387230618.0,0.14037977858189987,0.5458042641493699,0.33283287919071025,0.11552038157940725,True,True,mixed,0.02902683427051067,-0.13060672286398167,2021-05-28,082740,한화엔진,0.8450704225352113,0.9175050301810865,0.7424547283702213,2021-05-31,8354.0,0.0,-0.008668422312664622,0.015043576875121367,-0.02371199918778599,2021-06-04,8315.0,-0.05092362939909023,0.01793825930590276,-0.06886188870499299,2021-06-11,7962.0,-0.13543404357194155,0.03470486143744167,-0.17013890500938322,2021-06-25,7256.0,-0.1682327028968159,0.019535973634580817,-0.18776867653139673,2021-07-23,6982.0,-0.32695906152741205,-0.03190729497565836,-0.2950517665517537,2021-08-23,5656.0,-0.19260234618146999,0.04225520708642572,v6
2761,7350,6325241253.0,0.1175086392459459,0.24928191960545876,0.3894962309547858,0.011531325940660198,True,True,bear,0.010413444685019035,-0.10322108345534409,2022-03-22,082740,한화엔진,0.7175141242937854,0.7824858757062146,0.923728813559322,2022-03-23,7350.0,0.0,-0.025360544217687072,0.0051152864560415345,-0.030475830673728607,2022-03-29,7193.0,-0.01678911564625851,0.011763325412889714,-0.028552441059148222,2022-04-05,7256.0,0.15395918367346928,-0.003017835665463986,0.15697701933893327,2022-04-19,8511.0,-0.0146122448979592,-0.03708674352430397,0.022474498626344767,2022-05-18,7272.0,-0.038149659863945584,-0.10494221009709881,0.06679255023315323,2022-06-17,7099.0,-0.0608163265306122,0.16326530612244894,v6
3042,8110,5040581473.5,0.08953869098696154,0.09793810898037925,0.17309939773194793,0.0402110145582415,True,True,bull,0.03807999999999989,-0.10879120879120874,2023-05-09,082740,한화엔진,0.7652173913043478,0.6347826086956522,0.7014492753623188,2023-05-10,8120.0,0.0012330456226881115,-0.061881773399014794,-0.010263531740331122,-0.05161824165868367,2023-05-16,7650.0,0.020630541871921263,0.024577407460613987,-0.003946865588692724,2023-05-23,8320.0,0.1597931034482758,0.04185621478395496,0.11793688866432084,2023-06-08,9450.0,0.3950147783251232,0.020084119459209182,0.37493065886591403,2023-07-06,11360.0,0.40609852216748776,0.03967740905680861,0.36642111311067915,2023-08-03,11450.0,-0.06773399014778325,0.18103448275862077,v6
3307,12960,10933112249.5,0.07511915661488255,0.39315712354061194,0.3132881068741378,0.010368563398884811,True,True,mixed,0.018827876262725418,-0.06695464362850967,2024-06-10,082740,한화엔진,0.7339181286549707,0.8771929824561403,0.8333333333333334,2024-06-11,13270.0,0.023919753086419693,0.14897663903541813,0.010078329750581538,0.1388983092848366,2024-06-17,15300.0,0.21453805576488327,0.017672045702170402,0.19686601006271287,2024-06-24,16170.0,0.08718311981914084,0.05191554521629049,0.03526757460285035,2024-07-08,14480.0,-0.09970459683496613,-0.10128758208427802,0.0015829852493118857,2024-08-05,12000.0,-0.004,-0.0191738567095614,0.015173856709561399,2024-09-03,13270.0,-0.05802562170308967,0.28033157498116057,v6
2423,7701,4142067059.5,0.27097599234640246,0.6853046870673187,0.809159700335754,0.023148602694299525,True,True,bear,0.019608362350885145,-0.12835314091680816,2015-08-04,084010,대한제강,0.9099378881987578,0.9254658385093167,0.8416149068322981,2015-08-05,7902.0,0.026100506427736647,-0.19306605922551257,-0.020012628131135246,-0.17305343109437732,2015-08-11,6408.0,-0.20154492533535817,-0.04333027495782393,-0.15821465037753424,2015-08-19,6341.0,-0.12637408251075677,-0.05524807371671547,-0.0711260087940413,2015-09-02,6935.0,-0.0504439382434827,-0.0283836978719626,-0.0220602403715201,2015-10-02,7535.0,-0.1686418628195394,0.003956156707214831,-0.17259801952675424,2015-11-02,6601.0,-0.27005821311060496,0.033662363958491426,v6
3294,10625,9128192203.0,0.21017165008960992,0.3685177582813812,0.21919162158533756,0.03598615597535648,True,True,bear,0.038485033598045115,-0.1255144032921811,2018-11-16,084680,이월드,0.9486166007905138,0.9446640316205533,0.8537549407114624,2018-11-19,10600.0,-0.0023529411764705577,-0.1172075471698113,-0.018438741871925957,-0.09876880529788534,2018-11-23,9400.0,-0.06532075471698118,0.000348260842600423,-0.0656690155595816,2018-11-30,9950.0,0.3521320754716981,-0.012761613067891808,0.3648936885395899,2018-12-14,14375.0,0.2035471698113207,0.004756384384556167,0.19879078542676454,2019-01-16,12800.0,0.20826415094339623,0.05474851273537418,0.15351563820802205,2019-02-18,12850.0,-0.1132075471698113,0.45047169811320753,v6
3326,13050,23358086290.0,0.31315750763647765,0.5075376191036339,0.7724473386045492,0.08579737094811768,True,True,bear,-0.013419013419013415,-0.15121951219512197,2019-01-04,084680,이월드,0.9322709163346613,0.9641434262948207,0.9561752988047809,2019-01-07,13050.0,0.0,-0.059555555555555584,0.02031717004876521,-0.0798727256043208,2019-01-11,12325.0,-0.07104980842911879,0.044262230611924025,-0.11531203904104281,2019-01-18,12175.0,-0.0116628352490421,0.0831858581091709,-0.094848693358213,2019-02-01,12950.0,-0.1764137931034483,0.06466788579518634,-0.24108167889863463,2019-03-07,10800.0,-0.14193103448275868,0.08469502123643236,-0.22662605571919103,2019-04-04,11250.0,-0.09578544061302685,0.02490421455938696,v6
2201,18450,2076411297.5,0.08658564811065816,0.5483269095159129,1.200039455021276,0.04969067673260552,True,True,mixed,0.024430871737923354,-0.046511627906976716,2014-06-26,084690,대상홀딩스,0.8047619047619048,0.9571428571428572,0.9761904761904762,2014-06-27,18400.0,-0.0027100271002710175,0.03404347826086962,0.010080867949168626,0.023962610311700994,2014-07-03,19100.0,0.1427391304347827,0.005997287658847661,0.13674184277593504,2014-07-10,21100.0,0.047630434782608644,0.017941634436686726,0.029688800345921917,2014-07-24,19350.0,0.13186956521739135,0.03305037922547571,0.09881918599191564,2014-08-22,20900.0,0.13186956521739135,0.022472248731729483,0.10939731648566187,2014-09-24,20900.0,-0.09782608695652173,0.21467391304347827,v6
3678,8240,2087857978.0,0.028574298839237677,0.3188124275235775,0.3272402028661372,0.03102195434542776,True,True,bull,0.00974205011947804,-0.0803571428571429,2020-07-01,084690,대상홀딩스,0.6780626780626781,0.7834757834757835,0.8233618233618234,2020-07-02,8310.0,0.008495145631068013,-0.04250782190132374,0.019917608375222162,-0.0624254302765459,2020-07-08,7990.0,-0.01603369434416368,0.040232057145016986,-0.05626575148918067,2020-07-15,8210.0,0.018864019253910905,0.06918250878718024,-0.05031848953326934,2020-07-29,8500.0,0.4159759326113117,0.1075862655429154,0.3083896670683963,2020-08-27,11800.0,0.09347292418772568,0.07368948183982771,0.019783442347897973,2020-09-24,9120.0,-0.04332129963898912,0.10348977135980753,v6
1224,22050,3749384945.0,0.13447405873470997,0.34817171159880966,1.0223891850723534,0.015594749529474372,True,True,bull,0.024390243902439046,-0.05161290322580647,2010-11-19,084870,TBH글로벌,0.9186602870813397,0.8947368421052632,0.9856459330143541,2010-11-22,22150.0,0.0045351473922903285,-0.04463205417607219,-0.023220219721521773,-0.021411834454550416,2010-11-26,21250.0,-0.0830067720090294,0.0052644824628533815,-0.08827125447188278,2010-12-03,20400.0,-0.14621218961625282,0.040723981900452566,-0.18693617151670539,2010-12-17,19000.0,-0.1484695259593679,0.0784998536217072,-0.2269693795810751,2011-01-17,18950.0,-0.12138148984198649,0.015516099044175391,-0.13689758888616188,2011-02-17,19550.0,-0.16704288939051914,0.015801354401805856,v6
1819,18900,2678798702.5,0.05892404916632654,0.3205573728203397,0.40794082390544784,0.03507031951575823,True,True,bear,0.03476594579797432,-0.03816793893129766,2013-04-11,084870,TBH글로벌,0.7320574162679426,0.9138755980861244,0.8995215311004785,2013-04-12,19100.0,0.010582010582010692,-0.024942408376963373,-0.027714382208758548,0.002771973831795175,2013-04-18,18700.0,0.058827225130890115,-0.0013406883564799355,0.06016791348737005,2013-04-25,20300.0,0.04835602094240832,-0.004845923181627465,0.05320194412403578,2013-05-10,20100.0,-0.04588481675392675,-0.017162857815394394,-0.028721958938532355,2013-06-11,18300.0,-0.08776963350785338,-0.06338590332715877,-0.02438373018069462,2013-07-09,17500.0,-0.04712041884816753,0.1492146596858639,v6
335,100940,7525962297.5,0.11025266173199855,1.4890869728554648,2.088584805810493,0.0031146173380169895,True,True,bull,0.029732059515126252,-0.09584378359011103,2009-06-02,085310,엔케이,0.7663551401869159,0.9579439252336449,0.9392523364485982,2009-06-03,102960.0,0.020011888250445864,-0.01575213675213671,-0.036493889591234785,0.020741752839098074,2009-06-09,101750.0,-0.0628578088578089,-0.01731282483494867,-0.045544984022860224,2009-06-16,96900.0,-0.26662626262626266,-0.023690125017558628,-0.24293613760870403,2009-06-30,75920.0,-0.2863426573426573,0.07180081472116862,-0.3581434720638259,2009-07-28,73890.0,-0.40396114996114996,0.12472257339513981,-0.5286837233562898,2009-08-25,61780.0,-0.2783605283605284,0.0706099456099456,v6
2550,23350,9039567044.75,0.11982180741245019,0.6005606227291307,0.938544542534968,0.050275765532167505,True,True,bull,0.016653967562860528,-0.1104761904761905,2018-05-14,085310,엔케이,0.6285714285714286,0.8714285714285714,0.9,2018-05-15,23350.0,0.0,-0.08751177730192716,-0.004562209562875563,-0.0829495677390516,2018-05-21,21400.0,-0.13033832976445392,-0.007921287754302786,-0.12241704201015113,2018-05-29,20400.0,-0.0361199143468951,-0.02155543084618894,-0.01456448350070616,2018-06-14,22600.0,-0.13033832976445392,-0.07744047931461884,-0.05289785044983508,2018-07-12,20400.0,-0.3551777301927195,-0.06991081485907613,-0.28526691533364334,2018-08-09,15150.0,-0.1991434689507494,0.0,v6
3222,14150,7138321433.0,0.18072381638596968,0.06076351229557031,0.11413859473407095,0.011886039418695704,True,True,bull,0.03967670830271852,-0.12923076923076926,2021-02-04,085310,엔케이,0.859538784067086,0.6813417190775681,0.7044025157232704,2021-02-05,14350.0,0.014134275618374659,-0.06323344947735188,0.015656013090247223,-0.0788894625675991,2021-02-15,13500.0,-0.05974912891986062,-0.006048107303880168,-0.05370102161598045,2021-02-22,13550.0,-0.09459233449477356,-0.03949343067106881,-0.05509890382370475,2021-03-09,13050.0,-0.0806550522648084,0.009227075123689366,-0.08988212738849777,2021-04-06,13250.0,-0.014452961672473893,0.015775426094646106,-0.03022838776712,2021-05-04,14200.0,-0.13588850174216027,0.027874564459930307,v6
406,6160,2184618152.0,0.028898854890236247,0.1078772574336293,0.40473047714125365,0.03739525943064326,True,True,bull,0.026068126925959945,-0.025316455696202556,2017-02-28,085620,미래에셋생명,0.5065502183406113,0.7336244541484717,0.9388646288209607,2017-03-02,6210.0,0.008116883116883189,0.02659581320450877,-0.00464566143673506,0.03124147464124383,2017-03-08,6400.0,0.031426731078904924,0.013210209054764555,0.01821652202414037,2017-03-15,6430.0,-0.057140096618357505,0.029351269956630954,-0.08649136657498846,2017-03-29,5880.0,-0.08934621578099844,0.048760444425443916,-0.13810666020644236,2017-04-26,5680.0,-0.12960386473429952,0.1132866867123632,-0.24289055144666272,2017-05-30,5430.0,-0.07085346215780997,0.0499194847020934,v6
657,33563,3684418190.0,0.09833859950874513,0.26381507845729657,0.36748543199578143,0.054756826409407156,True,True,bear,0.009861517515288742,-0.02893267366837371,2008-08-26,086280,현대글로비스,0.8455882352941176,0.8382352941176471,0.8823529411764706,2008-08-27,33762.0,0.0059291481691148284,-0.0484286475919673,-0.05420156205890647,0.005772914466939172,2008-09-02,32262.0,-0.02914661453705347,-0.022368898627485256,-0.0067777159095682125,2008-09-09,32913.0,-0.02618470469758904,0.005511567570474218,-0.031696272268063264,2008-09-24,33013.0,-0.22027865647769684,-0.2944454153167807,0.07416675883908386,2008-10-23,26460.0,-0.3373333333333334,-0.36234523921547535,0.02501190588214197,2008-11-20,22508.0,-0.07407736508500684,0.02372489781411047,v6
853,39515,12184000175.0,0.12744685950583567,0.33070247809320485,0.622599614803198,0.04577329061014446,True,True,mixed,0.01209960402227317,-0.12222049447986316,2009-06-09,086280,현대글로비스,0.8203883495145631,0.6990291262135923,0.7427184466019418,2009-06-10,39914.0,0.010097431355181596,-0.022765345492809504,0.014163422996354091,-0.0369287684891636,2009-06-16,39165.0,0.07374214561306802,-0.0138227470082124,0.08756489262128042,2009-06-23,43017.0,-0.0027222528436137115,0.03956915360138025,-0.04229140644499396,2009-07-07,39965.0,0.004793906899834614,0.13537159052195902,-0.1305776836221244,2009-08-04,40265.0,0.33690795209700863,0.176462913432057,0.16044503866495163,2009-09-01,53521.0,-0.03758079871724207,0.12158641078318388,v6
874,41966,9098918410.0,0.03473501294036363,0.2730826345422137,0.6726424732065732,0.05432955282530649,True,True,bull,0.01801651008046412,-0.06777439633916071,2009-07-08,086280,현대글로비스,0.695906432748538,0.8654970760233918,0.8070175438596491,2009-07-09,42516.0,0.013105847590906938,-0.05221714178191739,-0.005515349188795815,-0.04670179259312157,2009-07-15,40466.0,-0.05459271803556309,0.045704606856390884,-0.10029732489195398,2009-07-22,40365.0,-0.04516097469188074,0.09150020297604877,-0.1366611776679295,2009-08-05,40766.0,0.20777909492896796,0.12907876870529278,0.07870032622367518,2009-09-02,51520.0,0.30778850315175466,0.17105981494183697,0.13672868820991768,2009-09-30,55772.0,-0.13060965283657922,0.008232194938376125,v6
1681,119047,20013511272.2,0.016948330202281925,0.08119382983576928,0.1942175713686879,0.03561217480490697,True,True,bull,0.023548660841334224,-0.028568397689068825,2012-09-26,086280,현대글로비스,0.5462962962962963,0.6111111111111112,0.7222222222222222,2012-09-27,117796.0,-0.010508454643964105,-0.010366939454650389,0.012956616657781916,-0.023323556112432305,2012-10-05,117046.0,-0.03372087337430818,-0.018475363643286946,-0.015245509731021234,2012-10-12,114295.0,-0.05707480729396586,-0.03971263930139879,-0.017362167992567068,2012-10-26,111544.0,-0.08892648307243034,-0.029609321453050064,-0.059317161619380276,2012-11-23,107792.0,-0.06557254915277255,0.006178762724341702,-0.07175131187711425,2012-12-24,110543.0,-0.09129342252708073,0.033973988930014576,v6
2166,156812,21938990075.0,0.03727820269787774,0.12929484962622562,0.3538772811719444,0.024411874636858677,True,True,mixed,0.013335521832704478,-0.055719146117484075,2014-09-18,086280,현대글로비스,0.5627705627705628,0.6536796536796536,0.8181818181818182,2014-09-19,156311.0,-0.0031949085529168197,0.04400046062017382,-0.011396994498337865,0.055397455118511685,2014-09-25,163814.0,0.0024038999174722554,-0.039561422267151314,0.041965322184623566,2014-10-02,157312.0,-0.04239780949517313,-0.0619666012169755,0.01956879172180237,2014-10-20,150309.0,-0.08079561899034615,-0.05537141079725494,-0.025424208193091213,2014-11-17,144307.0,-0.12079920159169866,-0.06668092303505124,-0.054118278556647414,2014-12-15,138054.0,-0.07520264088899697,0.07839499459411048,v6
3315,79531,20117209675.0,0.16333965223351554,0.20499205875736426,0.3513064860227556,0.0349173548346311,True,True,bear,0.029291670387497026,-0.0245305466632324,2019-05-27,086280,현대글로비스,0.9038461538461539,0.8423076923076923,0.85,2019-05-28,79031.0,-0.006286856697388488,0.02131917855018917,0.011287333049682768,0.010031845500506401,2019-06-03,81032.0,0.052964988422264714,0.032786083520395914,0.0201789049018688,2019-06-11,83533.0,0.049789019498677645,0.037593470170239174,0.01219554932843847,2019-06-25,83282.0,-0.013502600245473336,0.027719499014559057,-0.0412220992600324,2019-07-23,78280.0,-0.013502600245473336,-0.03918289098529415,0.025680290739820814,2019-08-21,78280.0,-0.015829231567359603,0.06960559780339359,v6
4592,124700,48282260370.0,0.050429792654769545,0.34249640831562633,0.31790237103786345,0.04625454706023291,True,True,mixed,0.019962890363804497,-0.037065637065637036,2024-07-29,086280,현대글로비스,0.6721854304635762,0.9238410596026491,0.8311258278145696,2024-07-30,122800.0,-0.015236567762630271,-0.12940716612377845,-0.11035198950590286,-0.01905517661787559,2024-08-05,107400.0,-0.13347882736156347,-0.04594811252004083,-0.08753071484152264,2024-08-12,106900.0,-0.09520521172638441,-0.020095467133070977,-0.07510974459331343,2024-08-27,111600.0,0.004957654723126929,-0.03447748141670304,0.03943513613982996,2024-09-27,123900.0,-0.014586319218241047,-0.05487902638099407,0.040292707162753016,2024-10-30,121500.0,-0.16938110749185664,0.023615635179152994,v6
4684,118700,16661718768.8,0.02113091057356975,0.0815545774138432,0.21718162247553074,0.01000948171077165,True,True,bear,-0.009430025869982428,-0.06828885400313967,2024-12-13,086280,현대글로비스,0.6199261992619927,0.6273062730627307,0.7121771217712177,2024-12-16,118300.0,-0.0033698399326032025,-0.017524936601859716,-0.04258327094317982,0.025058334341320102,2024-12-20,116700.0,-0.005690617075232437,-0.044439046147474404,0.03874842907224196,2024-12-30,118100.0,0.09067455621301779,-0.005682813769374073,0.09635736998239186,2025-01-15,129500.0,0.07884023668639051,0.04608773914013087,0.03275249754625964,2025-02-18,128100.0,0.01290617075232459,0.046808544530640095,-0.03390237377831551,2025-03-19,120300.0,-0.04311073541842769,0.1513102282333052,v6
1281,47000,61069820355.0,0.045995175387280485,0.35529107222492473,0.2023276303746755,0.044921471731053764,True,True,bull,0.025864891411109925,-0.04276985743380857,2011-02-07,086790,하나금융지주,0.5922330097087378,0.9611650485436893,0.7330097087378641,2011-02-08,47450.0,0.009574468085106425,-0.07143940990516329,-0.0362980573746573,-0.03514135253050599,2011-02-14,44250.0,-0.07670811380400422,-0.04074203408802801,-0.03596607971597621,2011-02-21,44000.0,0.012859852476290849,-0.045037718790511216,0.05789757126680206,2011-03-08,48250.0,0.034988408851422514,0.019115318564724593,0.015873090286697922,2011-04-05,49300.0,-0.04088092729188619,0.05274411974340709,-0.09362504703529329,2011-05-03,45700.0,-0.1127502634351949,0.021074815595363505,v6
1988,40650,31650788694.5,0.04065924282997224,0.061663610898258114,0.10950326772251917,0.012964975746744933,True,True,mixed,0.02110022607385087,-0.05684454756380508,2013-12-10,086790,하나금융지주,0.7068965517241379,0.735632183908046,0.764367816091954,2013-12-11,40800.0,0.0036900369003689537,-0.032186274509803936,-0.010809069957025352,-0.021377204552778584,2013-12-17,39650.0,0.02418627450980382,0.007231207415384189,0.016955067094419633,2013-12-24,41950.0,0.000901960784313708,-0.02449653284487885,0.025398493629192557,2014-01-10,41000.0,-0.06772549019607843,-0.02775736959169095,-0.03996812060438748,2014-02-11,38200.0,-0.005225490196078427,-0.01175008303056535,0.006524592834486923,2014-03-11,40750.0,-0.04289215686274506,0.09681372549019618,v6
2724,33300,38234150226.65,0.013848670713713318,0.1752217141870196,0.41136438314203794,0.031396683692341165,True,True,bear,0.008785216601030044,-0.057991513437057995,2016-12-07,086790,하나금융지주,0.6771300448430493,0.8609865470852018,0.9192825112107623,2016-12-08,33750.0,0.013513513513513598,-0.011407407407407418,0.014220912110182171,-0.02562831951758959,2016-12-14,33500.0,-0.005481481481481528,0.014763657005143704,-0.020245138486625232,2016-12-21,33700.0,-0.06770370370370371,0.016750402079360294,-0.084454105783064,2017-01-05,31600.0,0.07451851851851843,0.034531521528050835,0.039986996990467594,2017-02-06,36400.0,0.06266666666666665,0.042692612196324475,0.019974054470342173,2017-03-07,36000.0,-0.08740740740740738,0.032592592592592506,v6
4597,63600,53579959014.9,0.06221088877305525,0.050606266822212476,0.33974519923590285,0.06196474539566954,True,True,bull,0.018822587104525335,-0.06194690265486724,2024-07-22,086790,하나금융지주,0.756578947368421,0.6151315789473685,0.8519736842105263,2024-07-23,64000.0,0.0062893081761006275,-0.019625,-0.008354758088517267,-0.011270241911482733,2024-07-29,63000.0,-0.11806249999999996,-0.12452533858284653,0.006462838582846575,2024-08-05,56700.0,0.0038125,-0.03306045904554955,0.03687295904554955,2024-08-20,64500.0,-0.04149999999999998,-0.07008673888333106,0.028586738883331075,2024-09-20,61600.0,0.0022500000000000887,-0.06784565570508061,0.0700956557050807,2024-10-23,64400.0,-0.12656250000000002,0.03750000000000009,v6
5093,134700,122895123044.9,0.2403779861667653,0.2753592228373438,-0.04749848791041389,0.13194545318315565,True,True,bear,0.034443036516530245,-0.054736842105263195,2026-08-07,086790,하나금융지주,0.6909090909090909,0.8618181818181818,0.7236363636363636,2026-08-10,133700.0,-0.007423904974016349,-0.009235602094240788,0.10649775701557007,-0.11573335910981086,2026-08-14,133000.0,-0.04139715781600595,0.061942524415943945,-0.10333968223194989,2026-08-24,128700.0,0.034893044128646133,0.1092648180478979,-0.07437177391925176,2026-09-07,138900.0,,,,,,,,,,,-0.08676140613313388,0.05534779356768893,v6
3352,2990,8687993525.5,0.09061214358907954,0.27353653840238956,0.25420651213288825,0.0437890063418922,True,True,bear,0.012701100762066098,-0.050793650793650835,2023-10-18,088350,한화생명,0.8293515358361775,0.8907849829351536,0.8327645051194539,2023-10-19,2970.0,-0.006688963210702337,-0.05787205387205385,-0.028269844402776356,-0.029602209469277496,2023-10-25,2810.0,-0.04945454545454542,-0.053603736965031845,0.004149191510486427,2023-11-01,2835.0,-0.0797575757575758,0.022513076088029216,-0.10227065184560502,2023-11-15,2745.0,-0.105010101010101,0.032377709793085296,-0.1373878108031863,2023-12-13,2670.0,-0.12857912457912457,0.0386813710977334,-0.16726049567685797,2024-01-15,2600.0,-0.11616161616161613,0.015151515151515138,v6
3867,13644,14335065260.0,0.056519207973644736,0.20863563020335285,0.18404735949993278,0.01368589398983322,True,True,mixed,0.03022958172407164,-0.028343540806152978,2021-11-08,088980,맥쿼리인프라,0.7249357326478149,0.8586118251928021,0.7197943444730077,2021-11-09,13693.0,0.0035913221929053663,0.010606003067260564,0.013985092033872437,-0.0033790889666118727,2021-11-15,13893.0,0.02521200613452135,0.018626506431384415,0.006585499703136936,2021-11-22,14093.0,-0.0075784707514788795,0.0051045416899075935,-0.012683012441386473,2021-12-06,13644.0,0.00695450230044559,0.010509947095312944,-0.003555444794867354,2022-01-04,13843.0,0.00695450230044559,-0.07027703125264095,0.07723153355308654,2022-02-04,13843.0,-0.010881472285109162,0.04367194917110928,v6
1667,7140,4617248352.0,0.07361767157543764,0.5478355378612378,0.4884123652568577,0.09356602637325895,True,True,mixed,0.01978147539812891,-0.06299212598425197,2013-06-10,089470,HDC현대EP,0.7880184331797235,0.9723502304147466,0.8525345622119815,2013-06-11,7230.0,0.012605042016806678,-0.053792531120332,-0.02586519062645487,-0.02792734049387713,2013-06-17,6870.0,-0.1312475795297372,-0.06936526822202671,-0.06188231130771049,2013-06-24,6310.0,-0.10911756569847852,-0.0601365682065077,-0.048980997491970824,2013-07-08,6470.0,0.09558506224066399,-0.008732088355491108,0.1043171505961551,2013-08-05,7950.0,0.04026002766251735,0.0003310744400186749,0.039928953222498675,2013-09-03,7550.0,-0.16735822959889346,0.008298755186721962,v6
1742,7740,3120217665.0,0.02334832820791033,0.06597261993131598,0.432318064448574,0.07917059975515084,True,True,bull,0.0382990140183781,-0.03850931677018632,2013-09-27,089470,HDC현대EP,0.5873015873015873,0.6137566137566137,0.9470899470899471,2013-09-30,7760.0,0.0025839793281654533,-0.07358762886597936,-0.003796165872468782,-0.06979146299351058,2013-10-07,7220.0,-0.1470412371134021,0.01945035514130722,-0.16649159225470933,2013-10-15,6650.0,-0.11224742268041232,0.02484490664428929,-0.1370923293247016,2013-10-29,6920.0,-0.07745360824742265,0.010299597406619343,-0.08775320565404199,2013-11-26,7190.0,-0.20760824742268047,-0.00021478306910027722,-0.2073934643535802,2013-12-24,6180.0,-0.17654639175257736,0.0,v6
623,37550,4944565600.0,0.04795451884447133,0.12280165734289672,0.4022712680352486,0.0015708400408938061,True,True,mixed,0.014509786439611094,-0.05572599708293513,2018-05-24,089590,제주항공,0.6091954022988506,0.603448275862069,0.7586206896551724,2018-05-25,37549.0,-2.6631158455359127e-05,0.03474936749314228,-0.012145303326810186,0.046894670819952466,2018-05-31,39004.0,0.024549362166768732,-0.000497390737116854,0.025046752903885586,2018-06-08,38621.0,-0.11191232789155503,-0.03869863013698638,-0.07321369775456865,2018-06-25,33497.0,-0.14347109110761935,-0.07480838225701247,-0.06866270885060688,2018-07-23,32312.0,-0.1995045407334416,-0.07450260926288332,-0.12500193147055827,2018-08-21,30208.0,-0.16394577751737727,0.059069482542810636,v6
2835,25150,2982149468.5,0.10297554397565079,0.5588466950156009,0.683073001017221,0.08589487854484612,True,True,bear,0.005396761942834338,-0.10017889087656529,2018-06-14,090370,메타랩스,0.8100890207715133,0.9020771513353115,0.8516320474777448,2018-06-15,25000.0,-0.005964214711729587,-0.08399999999999996,-0.03879235911815737,-0.04520764088184259,2018-06-21,23000.0,-0.031000000000000024,-0.04849147678214605,0.017491476782146024,2018-06-28,24325.0,-0.134,-0.06048894407486283,-0.07351105592513718,2018-07-12,21750.0,0.21599999999999997,-0.052820926082773445,0.2688209260827734,2018-08-09,30500.0,0.29200000000000004,-0.06191975922834658,0.3539197592283466,2018-09-07,32400.0,-0.19399999999999995,0.05600000000000005,v6
2892,29500,2537603040.0,0.05412841867253704,0.2731675807041092,0.9896147101633878,0.07078424695142993,True,True,mixed,0.027874564459930307,-0.04684975767366717,2018-09-04,090370,메타랩스,0.6693227091633466,0.9163346613545816,0.9402390438247012,2018-09-05,29500.0,0.0,0.07227118644067798,-0.011986671859448794,0.08425785830012678,2018-09-11,31750.0,0.13159322033898313,-0.0008308451252758697,0.132424065464259,2018-09-18,33500.0,-0.07179661016949157,-0.024696005885153083,-0.04710060428433849,2018-10-08,27500.0,-0.44128813559322033,-0.09575490068804371,-0.3455332349051766,2018-11-06,16600.0,-0.5565423728813559,-0.08505344238175605,-0.47148893049959983,2018-12-04,13200.0,-0.09325423728813564,0.18305084745762712,v6
536,67717,11177539397.15,0.2182966135263239,0.30705777746256835,0.3054287042219186,0.12380239298622842,True,True,bear,0.035954031710287104,-0.02589294704892331,2008-09-02,090430,아모레퍼시픽,0.9847328244274809,0.9236641221374046,0.8473282442748091,2008-09-03,70018.0,0.03397965060472252,-0.12542591904938727,0.03604983296412101,-0.16147575201350828,2008-09-09,61516.0,-0.045432203147761974,0.015221990326877322,-0.060654193474639295,2008-09-17,67117.0,-0.07542449084521119,0.02548632727635347,-0.10091081812156466,2008-10-01,65017.0,-0.23971081721842957,-0.22734687190591862,-0.012363945312510949,2008-10-30,53514.0,-0.08972081464766202,-0.24247626238522968,0.15275544773756766,2008-11-27,64016.0,-0.13286583449970013,0.004284612528206999,v6
839,84222,15277953038.2,0.06353110238513482,0.13604109663526787,0.25570056479315184,0.006272915578310556,True,True,mixed,0.028965384114945314,-0.03770480564886547,2009-11-13,090430,아모레퍼시픽,0.7857142857142857,0.7727272727272727,0.8441558441558441,2009-11-16,84321.0,0.001175464842915197,0.03990365389404782,0.02723705811882371,0.01266659577522411,2009-11-20,88023.0,0.014986966473357736,-0.033677097925369104,0.048664064398726836,2009-11-27,85922.0,0.028032352557488597,0.05024625545913808,-0.02221390290164948,2009-12-11,87022.0,-0.008731917315971113,0.059443595773406965,-0.06817551308937808,2010-01-13,83922.0,-0.0941436178413444,-0.004760305014483879,-0.08938331282686052,2010-02-10,76720.0,-0.007115665136798621,0.07829603538857466,v6
1978,148538,20017328366.15,0.07877044240677689,0.22325552741575105,0.5124336083495424,0.037100689316619695,True,True,mixed,0.017260932928633288,-0.05353638333120936,2014-06-18,090430,아모레퍼시픽,0.7004830917874396,0.8454106280193237,0.8260869565217391,2014-06-19,149538.0,0.006732283994667965,0.006706308764327543,-0.006248025553722503,0.012954334318050046,2014-06-25,151139.0,0.014731024889994563,0.010555452480405902,0.0041755724095886605,2014-07-02,152339.0,0.09901060599981282,0.009652848467829767,0.08935775753198305,2014-07-16,164942.0,0.3792805039521727,0.03416356187601233,0.3451169420761604,2014-08-13,206853.0,0.4475106528106567,0.02441543854018846,0.42309521427046826,2014-09-16,217056.0,-0.014049940483355394,0.16990330217068572,v6
2039,218956,39662567600.0,0.06446482808350784,0.4238960482785332,0.7711448974013753,0.023040870579086103,True,True,mixed,0.015775283911734217,-0.06453046227463044,2014-09-17,090430,아모레퍼시픽,0.6565217391304348,0.9391304347826087,0.9434782608695652,2014-09-18,216055.0,-0.013249237289683746,0.044612621786119355,-0.010965839248667453,0.05557846103478681,2014-09-24,226558.0,0.09553946911666,-0.03239222431141631,0.1279316934280763,2014-10-01,237561.0,0.05017139154381978,-0.07654709674911697,0.12671848829293675,2014-10-17,227759.0,0.025631343870773596,-0.05493608523911553,0.08056742910988912,2014-11-14,222457.0,0.04924570132605122,-0.06631976328946021,0.11556546461551143,2014-12-12,227559.0,-0.022684038786420113,0.1666658952581519,v6
4309,24450,27835260140.0,0.11840906422846609,0.3732101441599074,0.15334873430878182,0.01769306711392149,True,True,bull,0.03535888206648319,-0.08938547486033521,2024-07-09,090460,비에이치,0.904320987654321,0.9290123456790124,0.7438271604938271,2024-07-10,24800.0,0.014314928425357865,0.090758064516129,0.0010618047187440638,0.08969625979738494,2024-07-16,27150.0,-0.046338709677419376,-0.031001903564380706,-0.01533680611303867,2024-07-23,23750.0,-0.22940322580645167,-0.11906882520389095,-0.11033440060256072,2024-08-06,19210.0,-0.18948387096774189,-0.09858367824522796,-0.09090019272251393,2024-09-04,20200.0,-0.3241612903225807,-0.0921709365886032,-0.23199035373397747,2024-10-10,16860.0,-0.29032258064516125,0.10483870967741926,v6
1125,15430,6972650697.5,0.07428052424564102,0.7824322163796196,0.6205376256043675,0.04715532359802399,True,True,bull,0.02217585001904565,-0.06086427267194161,2023-02-23,091810,트리니티항공,0.6935483870967742,0.9870967741935484,0.964516129032258,2023-02-24,15335.0,-0.006156837329876819,0.01621519400065208,-0.00426613824416866,0.02048133224482074,2023-03-03,15645.0,0.011650472774698443,-0.019611134538933483,0.03126160731363192,2023-03-10,15575.0,0.019475709162047664,-0.011271284631666711,0.030746993793714376,2023-03-24,15695.0,0.12805086403651766,0.04172381463178976,0.0863270494047279,2023-04-21,17360.0,-0.059754809259863095,0.051201847295178515,-0.11095665655504161,2023-05-23,14480.0,-0.12259537006847077,0.08705575480925987,v6
2618,30450,4341886345.0,0.0480960192183566,0.3005159253892513,0.23726788325946568,0.007695897041354538,True,True,bull,0.007860984691766548,-0.05434782608695654,2017-06-28,093050,LF,0.7601476014760148,0.9077490774907749,0.8339483394833949,2017-06-29,30250.0,-0.006568144499178974,0.0026115702479339066,-0.0035296915483497004,0.006141261796283607,2017-07-05,30450.0,0.007570247933884392,-0.0021027949649742306,0.009673042898858623,2017-07-12,30600.0,0.045586776859504186,0.01572924011498622,0.029857536744517965,2017-07-26,31750.0,-0.015570247933884281,-0.00874912905069647,-0.006821118883187812,2017-08-24,29900.0,-0.1428429752066116,0.004042873652897017,-0.14688584885950862,2017-09-21,26050.0,-0.03305785123966942,0.05785123966942152,v6
2247,5146,12052033207.75,0.3008052333773493,0.27100394995715094,0.24356962736061938,0.02440639965311453,True,True,bear,0.0254264307348957,-0.0835262689225289,2016-01-15,093370,후성,0.9274193548387096,0.8588709677419355,0.7943548387096774,2016-01-18,5058.0,-0.017100660707345505,-0.09474733096085408,0.012607554834781709,-0.10735488579563579,2016-01-22,4599.0,-0.18628548833531045,0.03018808963217179,-0.21647357796748223,2016-01-29,4136.0,-0.22207038355081055,0.015037472454647816,-0.23710785600545836,2016-02-17,3955.0,-0.1467441676551997,0.07109798871785489,-0.2178421563730546,2016-03-17,4336.0,-0.05401977066034003,0.08549430774287048,-0.1395140784032105,2016-04-15,4805.0,-0.2645314353499407,0.02491103202846978,v6
2886,11524,17125169985.0,0.07098539030808881,0.33830119314805973,0.3092375115557868,0.014284876049471151,True,True,bear,0.020346726638451607,-0.04062604062604058,2018-08-24,093370,후성,0.6138211382113821,0.959349593495935,0.7723577235772358,2018-08-27,11670.0,0.01266921207913918,-0.03330591259640103,0.011126007695923867,-0.0444319202923249,2018-08-31,11328.0,-0.06672493573264782,-0.006851461703202055,-0.05987347402944576,2018-09-07,10938.0,-0.10854155955441303,0.01821687879790357,-0.1267584383523166,2018-09-21,10450.0,-0.24418851756640958,-0.11760224957776888,-0.1265862679886407,2018-10-26,8867.0,-0.32447986289631536,-0.10439990945971833,-0.22007995343659703,2018-11-23,7930.0,-0.11713796058269066,0.020908311910882604,v6
678,37574,6402168965.0,0.11737556732285614,0.05608824747174235,0.1714012668104521,0.008903770275650702,True,True,bear,0.008833400456437213,-0.07496491789556614,2010-02-22,095720,웅진씽크빅,0.8742138364779874,0.6352201257861635,0.7484276729559748,2010-02-23,37962.0,0.010326289455474535,-0.008109372530425204,-0.007149223912709446,-0.000960148617715758,2010-03-02,37806.0,-0.01627543332806491,0.02094974642692482,-0.037225179754989735,2010-03-09,37496.0,-0.028656235182551,0.03385277393576147,-0.06250900911831248,2010-03-23,37026.0,-0.0389560086402192,0.056111879514369134,-0.09506788815458833,2010-04-20,36635.0,-0.0615312154259523,0.0020470262793914618,-0.06357824170534376,2010-05-19,35778.0,-0.0575312154259523,0.02473526157736683,v6
3470,8817,21694159211.5,0.052949021158053444,0.34541943385742124,0.3129661067028078,0.026335054053198137,True,True,bull,0.03822852331804505,-0.1512321909896034,2021-06-16,095720,웅진씽크빅,0.6860706860706861,0.8357588357588358,0.7068607068607069,2021-06-17,8787.0,-0.003402517863218768,-0.07000660066006603,-3.0523167082741054e-06,-0.07000354834335776,2021-06-23,8207.0,-0.06545442130419943,0.006251144618765636,-0.07170556592296506,2021-06-30,8247.0,-0.09970957095709576,-0.0034765887308466636,-0.0962329822262491,2021-07-14,7946.0,-0.11791828838056218,-0.016964776265185222,-0.10095351211537695,2021-08-11,7786.0,-0.1793727096847616,-0.04929491484036386,-0.13007779484439774,2021-09-09,7246.0,-0.11050415386366219,0.02389894161829975,v6
1008,2726,4832428200.5,0.27596976543943386,0.6343592860350132,0.8110502033632503,0.03945208813678347,True,True,bear,0.017088276994254192,-0.14625743814594427,2011-08-17,096760,JW홀딩스,0.9414414414414415,0.9504504504504504,0.9459459459459459,2011-08-18,2749.0,0.00843727072633893,-0.0632942888323027,-0.07243818122231505,0.009143892390012343,2011-08-24,2586.0,-0.03237395416515099,-0.006189806641223816,-0.02618414752392717,2011-08-31,2671.0,-0.13568424881775187,-0.02733875315833434,-0.10834549565941753,2011-09-16,2387.0,-0.32120625682066206,-0.014081677960905314,-0.30712457885975675,2011-10-17,1877.0,-0.2433597671880684,0.005809220750388588,-0.249168987938457,2011-11-14,2091.0,-0.1800654783557657,0.056747908330301966,v6
2266,11762,4298286520.0,0.01837943328769298,0.19224601276413344,0.7343142828716704,0.04269254642570108,True,True,mixed,0.03991406253453644,-0.03755830128467397,2016-09-22,096760,JW홀딩스,0.5725190839694656,0.8206106870229007,0.9351145038167938,2016-09-23,11844.0,0.006971603468797882,0.241694022289767,0.007549117970797159,0.23414490431896984,2016-09-29,14754.0,0.08161296859169198,0.0002824831240686443,0.08133048546762334,2016-10-07,12858.0,-0.01809996622762577,-0.00984794615287199,-0.008252020074753782,2016-10-21,11677.0,-0.3725410334346505,-0.03830081530474083,-0.33424021812990967,2016-11-18,7479.0,-0.3803931104356636,-0.005347697762538739,-0.37504541267312486,2016-12-16,7386.0,-0.057075312394461286,0.3878757176629517,v6
2100,129881,43509542675.0,0.09586756315116363,0.23303528397031437,0.2787180147356496,0.061178181211314575,True,True,bear,0.01714480379507677,-0.04692682497284917,2016-01-12,096770,SK이노베이션,0.6857142857142857,0.8081632653061225,0.7795918367346939,2016-01-13,130373.0,0.003788082937458137,-0.019095150069416197,-0.007713999149307038,-0.011381150920109159,2016-01-19,128405.0,0.0412854502082487,-0.017139886469256793,0.05842533667750549,2016-01-26,136277.0,-0.02664272510412435,-0.03625947183523859,0.009616746731114238,2016-02-12,127421.0,0.18090791805051665,0.03567658966670706,0.1452313283838096,2016-03-14,154480.0,0.2790187232018899,0.03467886343228321,0.2443398597696067,2016-04-11,167271.0,-0.0603806002776649,0.10188459266872751,v6
2540,205645,49123341931.55,0.0732404818185548,0.17368506996192812,0.06533474067149037,0.014667239084674488,True,True,bull,0.027908404211502758,-0.02790383269990737,2017-10-30,096770,SK이노베이션,0.7444933920704846,0.8942731277533039,0.7180616740088106,2017-10-31,205645.0,0.0,0.01035483478810573,0.019678347018850406,-0.009323512230744676,2017-11-06,208597.0,-0.03270480682729948,0.012054987381060034,-0.044759794208359516,2017-11-13,199742.0,-0.018349972039193748,0.003039744661448296,-0.021389716700642044,2017-11-27,202694.0,-0.011172554645140883,-0.02914555177365097,0.017972997128510085,2017-12-26,204170.0,-0.04705964161540521,0.02480591630303053,-0.07186555791843574,2018-01-25,196790.0,-0.07894672858566953,0.043054778866493226,v6
2436,52892,7215371179.75,0.13152244291869608,0.17537443668208663,0.24139319318872476,0.04160299302736159,True,True,bull,0.030603218150712985,-0.09201400810272609,2017-07-03,097230,HJ중공업,0.8816793893129771,0.8473282442748091,0.8244274809160306,2017-07-04,53559.0,0.01261060273765402,-0.07073014806101685,-0.005485880329319737,-0.06524426773169711,2017-07-10,49985.0,-0.11247850034541351,0.012466391676825728,-0.12494489202223924,2017-07-17,47749.0,-0.07803050841128478,0.0031186853926956637,-0.08114919380398045,2017-07-31,49594.0,-0.00599779682219603,-0.012733588283428854,0.006735791461232824,2017-08-29,53452.0,-0.1991306036333763,-0.008733989078338555,-0.19039661455503776,2017-09-26,43108.0,-0.1326014301984727,0.00733770234694453,v6
2469,50209,2945608926.25,0.07595019048329155,0.13358645993712326,0.3013926522913013,0.043465281985098914,True,True,mixed,0.009844216208714673,-0.13807251253175856,2017-08-18,097230,HJ중공업,0.7959183673469388,0.8367346938775511,0.889795918367347,2017-08-21,50093.0,-0.0023103427672329646,0.06862491765316503,0.0064018482004586375,0.06222306945270639,2017-08-25,53731.0,0.020634180424410568,-0.002407568820925965,0.023041749245336533,2017-09-01,51327.0,-0.12000423212824152,0.00960065668660981,-0.12960488881485133,2017-09-15,44282.0,-0.18362589583374922,0.05359696705565753,-0.23722286288940675,2017-10-23,41095.0,-0.16911289002455432,0.06951484737960034,-0.23862773740415466,2017-11-20,41822.0,-0.16519274150080854,0.1071806440021561,v6
2332,56300,22465243547.5,0.06113080891473788,0.35623079652740275,0.2729493635139192,0.09071400356706594,True,True,bear,0.036927893912883425,-0.03430531732418529,2022-01-14,097520,엠씨넥스,0.6022408963585434,0.9411764705882353,0.8431372549019608,2022-01-17,56200.0,-0.001776198934280604,-0.07873309608540924,-0.02887050076236497,-0.04986259532304427,2022-01-21,52000.0,-0.0894092526690391,-0.08744410751914478,-0.0019651451498943207,2022-01-28,51400.0,-0.19972953736654808,-0.06471364204827756,-0.13501589531827052,2022-02-16,45200.0,-0.26378647686832746,-0.07247777149611967,-0.1913087053722078,2022-03-18,41600.0,-0.19083274021352314,-0.07623306093779458,-0.11459967927572856,2022-04-15,45700.0,-0.23131672597864772,0.017793594306049876,v6
529,213000,14831233146.3,0.11139007159376191,0.2391003052061984,0.1054857834215579,0.0394646819323865,True,True,mixed,0.029234114520415577,-0.0273972602739726,2009-11-11,097950,CJ제일제당,0.9367088607594937,0.8860759493670886,0.7088607594936709,2009-11-12,216000.0,0.014084507042253502,0.01914814814814814,0.003390572706515327,0.015757575441632813,2009-11-18,221000.0,0.03766666666666674,0.008338807043883678,0.02932785962278306,2009-11-25,225000.0,0.02840740740740744,0.022282693691157762,0.006124713716249678,2009-12-09,223000.0,-0.004,0.059785430546432705,-0.06378543054643271,2010-01-11,216000.0,-0.07807407407407407,-0.02862594226017323,-0.04944813181390084,2010-02-08,200000.0,-0.04861111111111116,0.07870370370370372,v6
3074,261500,17017025100.0,0.15155935003599297,0.1050588782698757,0.1417474255234379,0.04377026159666819,True,True,bear,-0.00200362560824352,-0.08084358523725832,2020-03-06,097950,CJ제일제당,0.9365671641791045,0.7723880597014925,0.7723880597014925,2020-03-09,256500.0,-0.019120458891013437,-0.13850292397660824,-0.10579398491686098,-0.032708939059747255,2020-03-13,222000.0,-0.271056530214425,-0.20942241875397516,-0.061634111460449836,2020-03-20,188000.0,-0.105364522417154,-0.12901434614491525,0.023649823727761254,2020-04-03,230500.0,0.10516179337231968,-0.02645606808613754,0.13161786145845722,2020-05-07,284500.0,0.15584405458089678,0.08589514492534134,0.06994890965555545,2020-06-04,297500.0,-0.4230019493177388,0.015594541910331383,v6
3175,386000,30164109650.0,0.03618531332418118,0.23750073609607747,0.5600233403619568,0.02331554370905886,True,True,bull,0.022990790432650954,-0.06763285024154586,2020-07-31,097950,CJ제일제당,0.6016483516483516,0.7967032967032966,0.8873626373626373,2020-08-03,393000.0,0.0181347150259068,0.07488040712468202,0.04442075811071877,0.030459649013963253,2020-08-07,424000.0,0.016356234096692072,0.06921146714631488,-0.05285523304962281,2020-08-14,401000.0,0.03162340966921118,0.03309572979814801,-0.0014723201289368326,2020-08-31,407000.0,-0.0014554707379135189,0.02506162147758295,-0.02651709221549647,2020-09-28,394000.0,-0.0854249363867684,0.0068838407390137135,-0.09230877712578212,2020-10-30,361000.0,-0.01526717557251911,0.1475826972010179,v6
3717,404500,15340288450.0,0.12098099129485596,0.06841701962372715,0.21157895266297277,0.017729334840340227,True,True,bear,0.0033486295423539314,-0.07437070938215107,2022-10-14,097950,CJ제일제당,0.9114754098360656,0.6950819672131148,0.8655737704918033,2022-10-17,404000.0,-0.0012360939431397266,-0.017613861386138626,0.011864647009605989,-0.029478508395744615,2022-10-21,398500.0,0.021990099009900902,0.037139317016967155,-0.015149218007066253,2022-10-28,414500.0,0.02446534653465338,0.13533012980243875,-0.11086478326778537,2022-11-11,415500.0,-0.06711881188118807,0.09229735228628777,-0.15941616416747584,2022-12-09,378500.0,-0.15375247524752478,0.07453467265918978,-0.22828714790671456,2023-01-09,343500.0,-0.02103960396039606,0.061881188118811936,v6
1177,14700,2516423680.0,0.025681466020082144,0.11292586758497802,0.5016420465911695,0.08610086715212883,True,True,bull,0.021187912469607495,-0.04854368932038833,2013-03-14,100220,비상교육,0.5641025641025641,0.6564102564102564,0.9179487179487179,2013-03-15,14800.0,0.006802721088435382,0.03316216216216206,-0.029302735220504528,0.062464897382666584,2013-03-21,15350.0,0.03316216216216206,-0.008055888660553068,0.041218050822715124,2013-03-28,15350.0,-0.014135135135135087,-0.029810271133646205,0.015675135998511117,2013-04-11,14650.0,0.2426216216216217,-0.032323071487926125,0.27494469310954783,2013-05-10,18450.0,0.05005405405405394,-0.04429992386961301,0.09435397792366695,2013-06-11,15600.0,-0.08783783783783783,0.09459459459459452,v6
1202,15300,2530399400.0,0.022762498569464884,0.22523714339874468,0.24612882648798262,0.07170820795707589,True,True,bear,0.018981018981018893,-0.05555555555555558,2013-04-18,100220,비상교육,0.5144230769230769,0.7836538461538461,0.7836538461538461,2013-04-19,15200.0,-0.006535947712418277,0.10784210526315796,0.027509411114328586,0.08033269414882938,2013-04-25,16900.0,0.1538947368421053,0.03493826835496372,0.11895646848714159,2013-05-03,17600.0,0.11113157894736836,0.04374127991154886,0.0673902990358195,2013-05-20,16950.0,-0.004,0.0006686498012478115,-0.0046686498012478116,2013-06-18,15200.0,-0.04676315789473684,-0.017369099955247824,-0.029394057939489016,2013-07-16,14550.0,-0.013157894736842146,0.23026315789473695,v6
1658,5012,4938930813.25,0.31530969793733377,0.6088654413782116,0.6468559526990136,0.04440476664025983,True,True,bear,0.03208269840616129,-0.07799852832965415,2014-10-16,100250,진양홀딩스,0.9342105263157895,0.9605263157894737,0.8728070175438597,2014-10-17,5070.0,0.011572226656025641,0.032094674556212954,0.004231846988058452,0.027862827568154502,2014-10-23,5253.0,-0.061199211045364854,0.01841425311019962,-0.07961346415556447,2014-10-30,4780.0,-0.10202761341222877,0.01923566812753763,-0.1212632815397664,2014-11-13,4573.0,-0.18664299802761342,-0.0035975898227719183,-0.1830454082048415,2014-12-11,4144.0,-0.17895069033530575,-0.0033116542154706385,-0.1756390361198351,2015-01-13,4183.0,-0.1502958579881657,0.09112426035502952,v6
3307,8656,4444943937.5,0.032945757607264925,0.2587597820818044,0.4714426471011237,0.0288634788569877,True,True,bull,0.033829984174853056,-0.15723882776750076,2021-07-06,100840,SNT에너지,0.6590909090909091,0.8533057851239669,0.7747933884297521,2021-07-07,8655.0,-0.0001155268022181577,-0.037391103408434434,-0.009749999243247487,-0.027641104165186947,2021-07-13,8366.0,-0.039586366262276185,-0.021458473963173463,-0.01812789229910272,2021-07-20,8347.0,-0.1297076834199884,-0.02011448151859041,-0.10959320190139799,2021-08-03,7567.0,-0.12762796071634896,-0.029231835669680573,-0.09839612504666839,2021-09-01,7585.0,-0.06465857885615256,-0.10334817577241728,0.038689596916264724,2021-10-05,8130.0,-0.13414211438474866,0.0,v6
227,20800,10634444407.5,0.11625579014547449,0.3550387327532687,1.3452155320611663,0.07464044038732287,True,True,mixed,0.025135534746180355,-0.08167770419426046,2009-06-26,103140,풍산,0.8817204301075269,0.8118279569892473,0.9193548387096774,2009-06-29,20650.0,-0.007211538461538436,-0.13232929782082326,0.014575176473950346,-0.1469044742947736,2009-07-03,18000.0,-0.13717191283292973,0.020705324226229394,-0.15787723705915913,2009-07-10,17900.0,0.003263922518159882,0.07355462833299975,-0.07029070581483987,2009-07-24,20800.0,-0.03547699757869249,0.12956188734245933,-0.16503888492115182,2009-08-21,20000.0,0.17759806295399505,0.21439084335972103,-0.03679278040572598,2009-09-18,24400.0,-0.2009685230024213,0.01937046004842613,v6
300,24400,10258151742.5,0.10179294127158012,0.30256871726322054,0.3067041788067315,0.052966750440535115,True,True,bull,0.014975041597337757,-0.06333973128598847,2009-10-08,103140,풍산,0.841025641025641,0.9384615384615385,0.841025641025641,2009-10-09,24700.0,0.012295081967213184,-0.026267206477732837,0.022729514462555223,-0.04899672094028806,2009-10-15,24150.0,-0.02829149797570851,0.005061277833945832,-0.033352775809654345,2009-10-22,24100.0,-0.054607287449392694,-0.04307942692279232,-0.011527860526600375,2009-11-05,23450.0,-0.10521457489878538,-0.004389317683031968,-0.10082525721575342,2009-12-03,22200.0,-0.10116599190283404,0.04222868838310356,-0.1433946802859376,2010-01-05,22300.0,-0.06477732793522262,0.044534412955465674,v6
2073,40250,10248014395.0,0.15897469981230483,0.2922082198028271,0.3451423614546628,0.03981521603990257,True,True,bear,0.026065897648333447,-0.03477218225419665,2016-12-05,103140,풍산,0.948051948051948,0.948051948051948,0.922077922077922,2016-12-06,41050.0,0.019875776397515477,0.06299147381242376,0.02566645248442967,0.03732502132799409,2016-12-12,43800.0,0.026450669914738215,0.031307709042706744,-0.004857039127968529,2016-12-19,42300.0,0.004526187576126665,0.034130867033306256,-0.02960467945717959,2017-01-03,41400.0,0.0447210718635811,0.04781154661499332,-0.00309047475141222,2017-02-02,43050.0,-0.03201461632155911,0.05172753995679247,-0.08374215627835158,2017-03-03,39900.0,-0.03410475030450666,0.1023142509135202,v6
3668,7308,11383740468.0,0.004635291029476241,0.4138057225441465,0.4150846832188124,0.0314587497306007,True,True,bull,0.019502804051226175,-0.14013413342746206,2023-06-02,103590,일진전기,0.6483180428134556,0.9204892966360856,0.8837920489296636,2023-06-05,7383.0,0.01026272577996723,0.0767259921441148,0.004554085496078164,0.07217190664803663,2023-06-12,7979.0,0.16896491940945424,-0.003029689428179494,0.17199460883763373,2023-06-19,8660.0,0.35588080725992133,-0.005715530119239087,0.3615963373791604,2023-07-03,10040.0,0.28666775023703095,0.005788120408186659,0.2808796298288443,2023-07-31,9529.0,0.5390041988351619,-0.024936674524247082,0.563940873359409,2023-08-29,11392.0,-0.002573479615332497,0.40200460517404846,v6
3887,20750,66990775091.0,0.10463165366758542,0.537943252497632,0.5702449100768985,0.05196271656363427,True,True,mixed,0.03413904809369539,-0.15306122448979587,2024-04-24,103590,일진전기,0.7959183673469388,0.95578231292517,0.9455782312925171,2024-04-25,20350.0,-0.01927710843373498,0.062339066339066385,0.013922472419525489,0.048416593919540896,2024-05-02,21700.0,0.20730221130221138,0.030538763790237233,0.17676344751197415,2024-05-10,24650.0,0.22204422604422613,0.028785703491007952,0.19325852255321818,2024-05-27,24950.0,0.199931203931204,0.048205380081607796,0.1517258238495962,2024-06-25,24500.0,0.2957542997542997,0.048167598609641704,0.24758670114465797,2024-07-23,26450.0,-0.03194103194103193,0.3955773955773956,v6
3921,26300,61092872675.0,0.06413347485845322,0.5073782295989511,1.1452442536503742,0.023262859461470553,True,True,bull,0.02955568604423564,-0.13057851239669427,2024-06-17,103590,일진전기,0.7207977207977208,0.905982905982906,0.9658119658119658,2024-06-18,26250.0,-0.0019011406844106071,-0.051619047619047675,-0.0003507249520916522,-0.05126832266695602,2024-06-24,25000.0,-0.0687619047619048,0.013960299381711838,-0.08272220414361664,2024-07-01,24550.0,0.1160000000000001,0.03442889684347561,0.0815711031565245,2024-07-15,29400.0,-0.1011428571428572,-0.0532957298333151,-0.0478471273095421,2024-08-12,23700.0,-0.30952380952380953,-0.0875980764363452,-0.22192573308746433,2024-09-10,18230.0,-0.08190476190476192,0.15047619047619043,v6
3074,8340,2273351347.0,0.09041717816864792,0.20623140868403222,0.5884911582742074,0.061629871205570286,True,True,mixed,0.03371343579573627,-0.04685714285714282,2021-03-08,104700,한국철강,0.6651982378854625,0.788546255506608,0.9030837004405287,2021-03-09,8380.0,0.004796163069544335,0.03537947494033422,0.018645734391095514,0.016733740549238707,2021-03-15,8710.0,0.07237231503579955,0.015217594884212593,0.05715472015158696,2021-03-22,9020.0,0.37428162291169453,0.043769816318612875,0.33051180659308166,2021-04-05,11550.0,0.30864916467780423,0.045900279602402616,0.2627488850754016,2021-05-03,11000.0,0.26688305489260133,0.07835221875877929,0.18853083613382204,2021-06-02,10650.0,-0.009546539379474916,0.3902147971360381,v6
252,61600,121805372537.0,0.08898256238779867,0.11694352242699035,0.4576887330918875,0.01516836324661397,True,True,mixed,0.026923397516045666,-0.022222222222222254,2009-10-09,105560,KB금융,0.8238341968911918,0.7616580310880829,0.8911917098445595,2009-10-12,61700.0,0.0016233766233766378,-0.012103727714748765,-0.011944416000578384,-0.00015931171417038134,2009-10-16,61200.0,0.0008622366288493256,-0.012058860732807708,0.012921097361657034,2009-10-23,62000.0,-0.049380875202593155,-0.05284334925520573,0.003462474052612574,2009-11-06,58900.0,-0.02020745542949753,-0.02134093085731159,0.0011334754278140603,2009-12-04,60700.0,-0.055863857374392256,0.027183635607972434,-0.08304749298236469,2010-01-06,58500.0,-0.08265802269043765,0.03889789303079416,v6
2007,41950,54368942331.4,0.08339264014032466,0.13675961259737834,0.2516338164641876,0.013565413742622434,True,True,bear,0.009566211419288928,-0.04550625711035272,2016-11-10,105560,KB금융,0.8874458874458875,0.8701298701298701,0.9004329004329005,2016-11-11,42500.0,0.013110846245530494,-0.05105882352941182,-0.0041832799529381015,-0.04687554357647372,2016-11-17,40500.0,-0.020470588235294126,-0.008854274035004717,-0.01161631420028941,2016-11-24,41800.0,0.04070588235294115,0.021218078607450508,0.01948780374549064,2016-12-08,44400.0,-0.0004705882352942191,0.03029358379381253,-0.030764172029106748,2017-01-06,42650.0,0.124235294117647,0.043411585473158265,0.08082370864448873,2017-02-07,47950.0,-0.05411764705882349,0.04470588235294115,v6
3293,60900,95372902037.95,0.15973397635832565,0.1721867065088828,0.32570114605119926,0.05496633637809323,True,True,bear,0.02378750945616548,-0.039432176656151396,2022-02-04,105560,KB금융,0.9096045197740112,0.8615819209039548,0.903954802259887,2022-02-07,61300.0,0.006568144499178974,0.06940946166394779,-0.0010869960373722787,0.07049645770132007,2022-02-11,65800.0,0.03515171288743879,-0.0022467008397861754,0.037398413727224966,2022-02-18,63700.0,-0.1067732463295269,-0.03613262078743584,-0.07064062554209105,2022-03-07,55000.0,-0.0333637846655791,0.003090122514268989,-0.03645390717984809,2022-04-05,59500.0,-0.0480456769983687,-0.025535318282618902,-0.0225103587157498,2022-05-03,58600.0,-0.10603588907014683,0.0831973898858076,v6
3706,56600,55317296359.1,0.11964639735526583,0.257555186372345,0.26255820761171367,0.04169960739243028,True,True,bear,0.014700609537468656,-0.024137931034482807,2023-10-10,105560,KB금융,0.8610169491525423,0.8677966101694915,0.8101694915254237,2023-10-11,56500.0,-0.0017667844522968323,-0.005769911504424737,0.009706466599904928,-0.015476378104329665,2023-10-17,56400.0,-0.019929203539822967,-0.02175643951209094,0.0018272359722679744,2023-10-24,55600.0,-0.07833628318584074,0.003053535370117988,-0.08138981855595873,2023-11-07,52300.0,-0.09249557522123897,0.023705941260486307,-0.11620151648172528,2023-12-05,51500.0,-0.09603539823008855,0.05809925631638557,-0.15413465454647413,2024-01-05,51300.0,-0.10796460176991152,0.024778761061946986,v6
3899,86500,111454793735.9,0.08169127274634413,0.17863333234927792,0.5412983169171439,0.0449125825713832,True,True,bull,0.03351454686659894,-0.03888888888888886,2024-07-22,105560,KB금융,0.7993421052631579,0.8026315789473685,0.9078947368421053,2024-07-23,87200.0,0.008092485549132888,0.03728440366972485,-0.008354758088517267,0.04563916175824212,2024-07-29,90800.0,-0.12326605504587151,-0.12452533858284653,0.00125928353697502,2024-08-05,76800.0,0.02696330275229353,-0.03306045904554955,0.06002376179784308,2024-08-20,89900.0,-0.04528440366972475,-0.07008673888333106,0.024802335213606308,2024-09-20,83600.0,0.07742201834862383,-0.06784565570508061,0.14526767405370444,2024-10-23,94300.0,-0.1513761467889908,0.059633027522935755,v6
3969,94000,133366029292.4,0.06334531802992516,0.1740064584997234,0.28195579027022877,0.012889471728162238,True,True,bear,0.0015982951518380695,-0.095283926852743,2024-11-06,105560,KB금융,0.725925925925926,0.7518518518518519,0.8444444444444444,2024-11-07,94900.0,0.009574468085106425,-0.04509589041095896,-0.0548053948999504,0.009709504488991438,2024-11-13,91000.0,0.003376185458377149,-0.029305146584390207,0.03268133204276735,2024-11-20,95600.0,0.0012687038988408207,-0.03645741681428738,0.0377261207131282,2024-12-04,95400.0,-0.10305163329820866,-0.02682199098243021,-0.07622964231577845,2025-01-06,85500.0,-0.09778292939936772,-0.013807909339402347,-0.08397502005996538,2025-02-07,86000.0,-0.07481559536354054,0.07376185458377238,v6
4368,159000,261603287977.5,0.08085493632790608,-0.4750189038968189,-0.7363632201595094,0.0012093504004917488,True,True,bull,0.0035344609946983407,-0.12972085385878485,2026-06-30,105560,KB금융,0.8858024691358025,0.7716049382716049,0.7253086419753086,2026-07-01,159600.0,0.0037735849056603765,0.08121303258145374,-0.10885060815922709,0.19006364074068083,2026-07-07,173200.0,0.1238195488721805,-0.20190537158819766,0.32572492046037815,2026-07-14,180000.0,-0.0008671679197995684,-0.3408322178897748,0.33996504996997523,2026-07-29,160100.0,0.049258145363408445,-0.1954408426933597,0.24469898805676815,2026-08-27,168100.0,0.08497243107769425,-0.19807484141302456,0.2830472724907188,2026-09-28,173800.0,-0.03132832080200498,0.21867167919799502,v6
685,6960,2013567253.5,0.07402199888156646,0.3075855502236291,0.3822076414877007,0.051459131679791215,True,True,mixed,0.033868092691622165,-0.05306122448979589,2011-12-12,105630,한세실업,0.7040816326530612,0.8673469387755102,0.8163265306122449,2011-12-13,6880.0,-0.011494252873563204,-0.030162790697674465,-0.05351550015979545,0.023352709462120983,2011-12-19,6700.0,-0.02144186046511631,-0.011025886864813095,-0.010415973600303215,2011-12-26,6760.0,0.003267441860465018,-0.012879514221796118,0.016146956082261136,2012-01-10,6930.0,0.18204651162790708,0.07309044423138378,0.1089560673965233,2012-02-09,8160.0,0.16896511627906974,0.07505060189623936,0.09391451438283038,2012-03-09,8070.0,-0.08575581395348841,0.05087209302325579,v6
832,10350,2759817879.0,0.03426806454721676,0.33267995296043673,0.6309002030486437,0.059212051990517045,True,True,bear,0.01595092024539868,-0.05909090909090908,2012-07-16,105630,한세실업,0.5580110497237569,0.9281767955801105,0.9171270718232044,2012-07-17,10400.0,0.004830917874396157,-0.04726923076923073,-0.010610240900571166,-0.036658989868659564,2012-07-23,9950.0,-0.08573076923076928,0.01944012871621048,-0.10517089794697976,2012-07-30,9550.0,-0.06842307692307692,0.06845512902030815,-0.13687820594338507,2012-08-13,9730.0,0.20273076923076916,0.06157699474187628,0.14115377448889288,2012-09-11,12550.0,0.39023076923076916,0.06881451706540309,0.32141625216536607,2012-10-11,14500.0,-0.11250000000000004,0.009615384615384581,v6
2846,17550,5668922292.5,0.1066939675648495,0.5285516014598826,0.5563255349379888,0.02194431396938179,True,True,bull,0.03984594874833358,-0.0539083557951483,2020-09-21,105630,한세실업,0.7010050251256281,0.8969849246231156,0.7537688442211056,2020-09-22,17550.0,0.0,-0.026792022792022748,-0.03352399775557546,0.006731974963552715,2020-09-28,17150.0,0.06152706552706544,0.0015995712144178942,0.059927494312647545,2020-10-08,18700.0,0.14414814814814814,-0.011444052693728168,0.1555922008418763,2020-10-23,20150.0,-0.021094017094017144,0.06924217173197555,-0.0903361888259927,2020-11-20,17250.0,-0.009698005698005715,0.1608113427186011,-0.1705093484166068,2020-12-18,17450.0,-0.09971509971509973,0.24786324786324787,v6
3451,17780,4478542508.5,0.058833004521899435,0.11329634528818056,0.13273858802478644,0.01711475450038913,True,True,mixed,0.029709851161174416,-0.056763925729443,2023-03-07,105630,한세실업,0.6819672131147541,0.7213114754098361,0.7081967213114754,2023-03-08,17660.0,-0.006749156355455588,-0.07081766704416759,-0.03556031828147721,-0.03525734876269038,2023-03-14,16480.0,-0.11611778029445075,-0.01939168493746868,-0.09672609535698207,2023-03-21,15680.0,-0.11781653454133634,0.01844735134957598,-0.13626388589091232,2023-04-04,15650.0,-0.044203850509626275,0.027024363806567697,-0.07122821431619397,2023-05-03,16950.0,-0.11611778029445075,0.0680659226960314,-0.18418370299048215,2023-06-02,15680.0,-0.1591166477916195,0.02491506228765572,v6
1939,64400,17687530425.0,0.096133531649087,0.39551004128636225,0.17841701942783317,0.011988854232603208,True,True,bear,0.020198019801980216,-0.09295774647887323,2022-10-18,112610,씨에스윈드,0.8664495114006515,0.9218241042345277,0.8110749185667753,2022-10-19,64700.0,0.004658385093167627,-0.10755486862442043,-0.006348500677973545,-0.10120636794644688,2022-10-25,58000.0,-0.07200618238021639,0.03817547291439749,-0.11018165529461388,2022-11-01,60300.0,0.1165564142194746,0.10268744303910027,0.013868971180374334,2022-11-15,72500.0,0.09800927357032463,0.05470469246671272,0.043304581103611905,2022-12-13,71300.0,0.03154868624420404,0.04898303954475747,-0.01743435330055343,2023-01-11,67000.0,-0.1236476043276662,0.1282843894899537,v6
1059,42200,12546662856.0,0.019262682523624175,0.15240151261356594,0.31501143127533093,0.03501191680398863,True,True,bear,0.02433400084956605,-0.03981797497155859,2014-02-25,114090,GKL,0.5767195767195767,0.7354497354497355,0.8888888888888888,2014-02-26,41000.0,-0.028436018957345932,0.03624390243902442,-0.004756932949655068,0.04100083538867949,2014-03-04,42650.0,0.1057560975609757,0.00021390919045560786,0.1055421883705201,2014-03-11,45500.0,0.09234146341463423,-0.011306628638366178,0.1036480920530004,2014-03-25,44950.0,0.07892682926829275,0.02076447070208043,0.058162358566212324,2014-04-22,44400.0,-0.006439024390243905,0.02736000407446082,-0.03379902846470473,2014-05-23,40900.0,-0.018292682926829285,0.20975609756097557,v6
1085,46300,14004810252.5,0.07365971972742691,0.16466863364082407,0.26261514891762283,0.038458130785017586,True,True,bull,0.025925105251495717,-0.06653225806451613,2014-04-02,114090,GKL,0.8078817733990148,0.7733990147783252,0.7881773399014779,2014-04-03,46750.0,0.009719222462202914,-0.07137967914438503,-0.00023506816976925915,-0.07114461097461577,2014-04-09,43600.0,-0.06068449197860959,-0.0036060457532685053,-0.057078446225341084,2014-04-16,44100.0,-0.08314438502673793,-0.018820457932800516,-0.06432392709393742,2014-04-30,43050.0,-0.1376898395721925,0.0012903742085204062,-0.1389802137807129,2014-06-02,40500.0,-0.06389304812834229,0.007932300367106349,-0.07182534849544864,2014-07-02,43950.0,-0.09946524064171125,0.002139037433155133,v6
3276,20600,10269701320.5,0.014847054166314932,0.23877854548490796,0.29010831473603527,0.021589767721254427,True,True,mixed,0.013255945500602495,-0.030588235294117694,2023-02-28,114090,GKL,0.5228758169934641,0.8562091503267973,0.8758169934640523,2023-03-02,20700.0,0.004854368932038833,-0.07646376811594202,0.007164718111827506,-0.08362848622776953,2023-03-08,19200.0,-0.11028019323671501,-0.014449538434778475,-0.09583065480193653,2023-03-15,18500.0,-0.03298550724637683,0.012138606234547211,-0.045124113480924044,2023-03-29,20100.0,-0.14119806763285025,0.02908130091401917,-0.17027936854686943,2023-04-26,17860.0,-0.03298550724637683,0.05971978911708309,-0.09270529636345992,2023-05-26,20100.0,-0.13188405797101455,0.019323671497584627,v6
3891,16890,3986546537.75,0.026301550130897078,0.015749115787680568,0.33019515944314426,0.00414450702142144,True,True,bull,0.019096750837179766,-0.06010016694490816,2025-09-05,114090,GKL,0.6433823529411765,0.6066176470588235,0.7977941176470589,2025-09-08,17050.0,0.009473060982830184,-0.031565982404692106,0.057863238010972706,-0.08942922041566481,2025-09-12,16580.0,0.0036246334310849927,0.07334702054015652,-0.06972238710907153,2025-09-19,17180.0,-0.10546627565982403,0.12486408852860453,-0.23033036418842856,2025-10-10,15320.0,-0.14710850439882694,0.2317738433115979,-0.37888234771042484,2025-11-07,14610.0,-0.16822287390029322,0.2773497496736568,-0.44557262357395,2025-12-05,14250.0,-0.12727272727272732,0.038123167155425186,v6
917,32700,4001638170.0,0.02560348395798706,0.22480738363737185,0.37719406011609424,0.02420659561003058,True,True,bull,0.008170186526899936,-0.05217391304347829,2014-04-09,122900,아이마켓코리아,0.665,0.885,0.865,2014-04-10,32700.0,0.0,-0.0361100917431193,-0.00772023848065706,-0.02838985326246224,2014-04-16,31650.0,-0.008587155963302725,-0.0036559064805177233,-0.004931249482785002,2014-04-23,32550.0,0.041871559633027466,-0.021302877407593734,0.0631744370406212,2014-05-12,34200.0,0.08009785932721702,0.0034666361177659866,0.07663122320945104,2014-06-11,35450.0,0.16419571865443428,-0.00359115609326055,0.16778687474769483,2014-07-09,38200.0,-0.059633027522935755,0.05351681957186538,v6
2201,11800,2107406120.0,0.13840043455869466,0.27312905309887536,0.6756206883130835,0.01378594046456505,True,True,mixed,0.01855848079413036,-0.07450980392156858,2019-07-05,122900,아이마켓코리아,0.897887323943662,0.8767605633802817,0.971830985915493,2019-07-08,11800.0,0.0,-0.046372881355932205,-0.002509668197962611,-0.043863213157969594,2019-07-12,11300.0,-0.050610169491525414,0.0011711784923826851,-0.0517813479839081,2019-07-19,11250.0,-0.03789830508474579,-0.044829844496177995,0.006931539411432208,2019-08-02,11400.0,-0.042135593220338996,-0.05866409166742348,0.016528498447084483,2019-09-02,11350.0,-0.10145762711864403,-0.028681922262429937,-0.0727757048562141,2019-10-02,10650.0,-0.09745762711864403,0.05508474576271194,v6
1559,14450,5135847747.5,0.004204467851268157,0.49015120863785255,0.3627647468522788,0.03670479715649688,True,True,mixed,-0.022327469553450663,-0.12158054711246202,2016-09-20,123690,한국화장품,0.5227272727272727,0.9583333333333334,0.8522727272727273,2016-09-21,14350.0,-0.00692041522491349,0.1771846689895471,0.01977941576322051,0.1574052532263266,2016-09-27,16950.0,0.14582578397212553,0.014924782851577723,0.1309010011205478,2016-10-05,16500.0,0.05523344947735187,0.00896277949980484,0.04627066997754703,2016-10-19,15200.0,-0.010968641114982632,-0.021336655444653685,0.010368014329671053,2016-11-16,14250.0,-0.16427874564459932,0.006950726959032316,-0.17122947260363164,2016-12-14,12050.0,-0.010452961672473893,0.2299651567944252,v6
1580,16100,3101668037.5,0.04659568011739501,0.5339730974514945,0.5204024058309136,0.03931318419098839,True,True,bull,0.0035842293906809264,-0.08781869688385269,2016-10-20,123690,한국화장품,0.7370517928286853,0.9800796812749004,0.9482071713147411,2016-10-21,16150.0,0.0031055900621117516,-0.09378328173374617,-0.007492399725409493,-0.08629088200833668,2016-10-27,14700.0,-0.10616718266253866,-0.027262920466804008,-0.07890426219573465,2016-11-03,14500.0,-0.12474303405572751,-0.028856526429342,-0.09588650762638551,2016-11-17,14200.0,-0.23000619195046434,-0.0013484358144552067,-0.22865775613600914,2016-12-15,12500.0,-0.29192569659442724,0.018333823673629457,-0.3102595202680567,2017-01-13,11500.0,-0.17337461300309598,0.02786377708978338,v6
3278,10950,17980256715.5,0.14097107528688324,0.6557078162327202,0.3166790284968668,0.04815326909429385,True,True,mixed,0.023173238646981842,-0.15444015444015446,2023-09-11,123690,한국화장품,0.9245283018867925,0.9591194968553459,0.8238993710691824,2023-09-12,10570.0,-0.034703196347032006,0.0716859035004731,0.0032340770411700692,0.06845182645930303,2023-09-18,11370.0,-0.21781267738883636,-0.027532516111937966,-0.1902801612768984,2023-09-25,8310.0,-0.37013055818353835,-0.05072435532765496,-0.3194062028558834,2023-10-16,6700.0,-0.3909441816461684,-0.06338011705020996,-0.32756406459595844,2023-11-13,6480.0,-0.4070274361400189,-0.015998940157885277,-0.39102849598213363,2023-12-11,6310.0,-0.37275307473982966,0.10501419110690624,v6
1036,3650,2066374142.5,0.003769195295499128,0.21448970435257664,0.4657080123189934,0.040503366845428435,True,True,mixed,0.009402654867256555,-0.09541511771995048,2020-09-29,123890,한국자산신탁,0.5303030303030303,0.7550505050505051,0.7878787878787878,2020-10-05,3670.0,0.005479452054794498,0.009623978201634967,0.031400313230782295,-0.021776335029147328,2020-10-12,3720.0,0.05049591280653942,0.0069468580378020395,0.04354905476873738,2020-10-19,3870.0,0.010986376021798309,-0.013039840381026124,0.024026216402824433,2020-11-02,3725.0,0.07501907356948223,0.11190062431614844,-0.036881550746666214,2020-11-30,3960.0,0.0791062670299727,0.21023363583703425,-0.13112736880706155,2020-12-29,3975.0,-0.010899182561307952,0.13487738419618522,v6
565,6110,2482736666.5,0.13150006022248728,0.2881806107589543,0.37712037046668945,0.03392024744169242,True,True,mixed,0.02827330865028599,-0.04381846635367759,2013-04-03,126560,현대퓨처넷,0.8308457711442786,0.8905472636815921,0.9203980099502488,2013-04-04,6120.0,0.0016366612111293755,-0.09223529411764708,-0.014164277092172273,-0.07807101702547481,2013-04-10,5580.0,-0.03831372549019607,-0.020143730995879627,-0.018169994494316444,2013-04-17,5910.0,-0.056287581699346445,-0.0031476171315938384,-0.05313996456775261,2013-05-02,5800.0,-0.06445751633986929,0.019181110222625142,-0.08363862656249443,2013-05-31,5750.0,-0.06445751633986929,-0.05483373145427051,-0.009623784885598785,2013-07-01,5750.0,-0.13398692810457513,0.02450980392156854,v6
2907,5447,9427821290.25,0.11423214937324866,0.28727780220510735,0.31537501326230843,0.045001166895314304,True,True,bear,0.028337329381336263,-0.10617000328191661,2022-05-16,128820,대성산업,0.8492462311557789,0.8341708542713567,0.8140703517587939,2022-05-17,5467.0,0.0036717459151827114,0.18970770074995436,0.016822989883160888,0.17288471086679347,2022-05-23,6526.0,0.15769745747210528,0.025380437705006198,0.1323170197670991,2022-05-30,6351.0,0.054350100603621776,-0.059994315519400154,0.11434441612302193,2022-06-15,5786.0,-0.07734918602524232,-0.10561227233271109,0.028263086307468765,2022-07-13,5066.0,-0.048997256264861955,-0.047127416864471194,-0.0018698394003907604,2022-08-10,5221.0,-0.007499542710810325,0.4097311139564661,v6
662,129227,6301587650.0,0.06117219595489365,0.3337300891831324,0.7747944965689921,0.016600763256396922,True,True,mixed,0.016311857613943603,-0.035993495061617864,2013-03-28,128940,한미약품,0.6923076923076923,0.9076923076923077,0.9743589743589743,2013-03-29,129221.0,-4.642992563475001e-05,0.005394757818001809,-0.02375044840368279,0.029145206221684598,2013-04-04,130435.0,0.01472760619403957,-0.028558332336880654,0.04328593853092022,2013-04-11,131641.0,-0.01019094419637678,-0.027661524971102858,0.017470580774726078,2013-04-25,128421.0,0.03654294580602224,-0.013526844433815577,0.05006979023983782,2013-05-27,134460.0,-0.04756876978200142,-0.11284327793056703,0.06527450814856561,2013-06-25,123591.0,-0.08413493162876007,0.056074477058682515,v6
703,139291,9576378525.0,0.06321960764572654,0.1580282413318892,0.40320491895221444,0.03635172714407364,True,True,bull,0.021703994035151775,-0.04681383954233154,2013-05-28,128940,한미약품,0.7102803738317757,0.6869158878504673,0.8271028037383178,2013-05-29,140092.0,0.005750551004731097,-0.0959253062273363,-0.002096614819756315,-0.09382869140757999,2013-06-04,127214.0,-0.03558638608914144,-0.0420225812438243,0.0064361951546828555,2013-06-12,135667.0,-0.15053227878822484,-0.1054527032788447,-0.04507957550938013,2013-06-26,119564.0,-0.11891734003369214,-0.04093414723452504,-0.0779831927991671,2013-07-24,123993.0,-0.20225543214459074,-0.07251378097898875,-0.129741651165602,2013-08-22,112318.0,-0.1781829083744968,0.005739085743654115,v6
3145,316905,27218788600.0,0.2517600048289843,0.1742770193227663,0.24015205423011898,0.05299664891895284,True,True,bull,0.03170128079998058,-0.04859903990777348,2023-04-28,128940,한미약품,0.9264705882352942,0.7794117647058824,0.75,2023-05-02,316905.0,0.0,-0.01174049005222388,0.0024161245362437356,-0.014156614588467616,2023-05-09,314452.0,-0.07211189473185975,-0.009492773591159964,-0.06261912114069978,2023-05-16,295320.0,-0.09842577428566923,0.029197167742940122,-0.12762294202860935,2023-05-31,286981.0,-0.05508470992884307,0.018374527258277595,-0.07345923718712066,2023-06-29,300716.0,-0.14176999416228842,0.03985607086233678,-0.1816260650246252,2023-07-27,273245.0,-0.10062005963932408,0.027863239772171422,v6
2131,2840,2577915128.0,0.05977561181728386,0.46566421326317453,0.32940594726117456,0.07035583996432249,True,True,bull,0.037727231204896405,-0.05960264900662249,2020-08-13,129260,인터지스,0.7124352331606217,0.8963730569948186,0.7694300518134715,2020-08-14,2810.0,-0.010563380281690127,0.11699644128113884,-0.05076919908561062,0.16776564036674946,2020-08-21,3150.0,0.03514590747330959,-0.030500236835059757,0.06564614430836935,2020-08-28,2920.0,0.017352313167259718,-0.012834400807298585,0.030186713974558303,2020-09-11,2870.0,-0.0431459074733096,-0.027448153716250978,-0.01569775375705862,2020-10-15,2700.0,0.13479003558718872,0.01967584488333296,0.11511419070385576,2020-11-12,3200.0,-0.06405693950177938,0.33807829181494653,v6
979,6850,2648085564.5,0.0494857473858743,0.28952018694694426,0.5514914273079938,0.0454708466883984,True,True,mixed,0.0020479812755997973,-0.11038961038961037,2014-12-02,130660,한전산업,0.7511961722488039,0.9138755980861244,0.9186602870813397,2014-12-03,6850.0,0.0,-0.04925547445255474,0.0007006605502724028,-0.04995613500282714,2014-12-09,6540.0,-0.059474452554744484,-0.03322552638393139,-0.02624892617081309,2014-12-16,6470.0,-0.07991240875912409,-0.021898180821194435,-0.05801422793792965,2015-01-02,6330.0,-0.10181021897810216,-0.010311895489878431,-0.09149832348822373,2015-01-30,6180.0,-0.15874452554744523,0.014581863046248644,-0.17332638859369387,2015-03-04,5790.0,-0.0948905109489051,0.013138686131386912,v6
478,2965,2401744083.0,0.06543347415754908,0.2933736311715942,0.30316747738308103,0.06384414223212209,True,True,mixed,0.012723080864144753,-0.12278106508875741,2016-07-01,133820,화인베스틸,0.8345323741007195,0.8669064748201439,0.8201438848920863,2016-07-04,2980.0,0.005059021922428242,0.011100671140939603,-0.013239906707415261,0.024340577848354864,2016-07-08,3025.0,0.006067114093959661,0.013983834646935867,-0.007916720552976205,2016-07-15,3010.0,0.06646979865771807,0.01344599485282294,0.05302380380489513,2016-07-29,3190.0,-0.002322147651006686,0.021568883705967545,-0.02389103135697423,2016-08-29,2985.0,0.07989261744966436,0.0398504101656747,0.04004220728398966,2016-09-29,3230.0,-0.015100671140939603,0.1459731543624161,v6
1773,3135,2116431596.5,0.06920523310651361,0.20295532542315375,0.2193928187964097,0.05659789505221302,True,True,bear,-0.0038131553860819567,-0.10810810810810811,2021-10-08,133820,화인베스틸,0.680952380952381,0.8095238095238095,0.7119047619047619,2021-10-12,3155.0,0.006379585326953707,0.08791759112519815,0.01913755584329313,0.06878003528190502,2021-10-18,3445.0,0.09584152139461177,0.023835510572092877,0.0720060108225189,2021-10-25,3470.0,-0.013508716323296307,0.0033827985709540265,-0.016891514894250333,2021-11-08,3125.0,-0.06739144215530901,0.00780619750391498,-0.07519763965922399,2021-12-06,2955.0,-0.032526148969889035,0.013226132288439496,-0.04575228125832853,2022-01-04,3065.0,-0.04912836767036455,0.16323296354992078,v6
1863,3480,2454403863.5,0.18465531619457254,0.24918277607234707,0.48464724894034017,0.02021811429090503,True,True,bear,-0.009886905185290562,-0.12121212121212122,2022-02-18,133820,화인베스틸,0.9046920821114369,0.9208211143695014,0.9413489736070382,2022-02-21,3475.0,-0.001436781609195359,0.01902158273381294,-0.011043171448099964,0.030064754181912904,2022-02-25,3555.0,-0.024143884892086295,-0.02044593870651923,-0.0036979461855670658,2022-03-07,3405.0,-0.04284892086330938,0.0012376923503223392,-0.04408661321363172,2022-03-22,3340.0,0.04635971223021573,0.004522195333715118,0.041837516896500615,2022-04-19,3650.0,-0.15651798561151076,-0.029804370716568496,-0.12671361489494226,2022-05-18,2945.0,-0.11798561151079134,0.07338129496402868,v6
3562,13410,2320659165.25,0.009700318076749204,0.7117198208556441,1.1583982602723601,0.042023743459875806,True,True,bull,-0.0030851577890941284,-0.11485148514851484,2025-08-07,136490,선진,0.7101910828025477,0.9681528662420382,0.9745222929936306,2025-08-08,13510.0,0.007457121551081247,-0.12243079200592155,0.001577355631594335,-0.12400814763751589,2025-08-14,11910.0,-0.16758253145817914,-0.016099584546882872,-0.15148294691129627,2025-08-22,11300.0,-0.1742442635085122,-0.004800377571741787,-0.1694438859367704,2025-09-05,11210.0,-0.20829311621021462,0.12110241012488432,-0.32939552633509894,2025-10-10,10750.0,-0.24234196891191706,0.2276546460575426,-0.46999661496945966,2025-11-07,10290.0,-0.2235381199111769,0.02812731310140637,v6
1389,9560,12122617870.4,0.11272236362923416,0.09442947226733367,0.08458646951024962,0.05274419125771734,True,True,bear,0.03106125970664375,-0.025484199796126372,2016-11-11,138930,BNK금융지주,0.9181034482758621,0.7844827586206896,0.7025862068965517,2016-11-14,9540.0,-0.0020920502092049986,-0.03125366876310276,-0.004210940376110139,-0.02704272838699262,2016-11-18,9280.0,-0.054314465408805024,-0.00427145688450925,-0.05004300852429577,2016-11-25,9060.0,-0.07003773584905659,0.021059744922917067,-0.09109748077197366,2016-12-09,8910.0,-0.09833962264150942,0.03320843398405393,-0.13154805662556335,2017-01-09,8640.0,-0.10567714884696022,0.04142859304161006,-0.14710574188857028,2017-02-08,8570.0,-0.09433962264150941,0.017819706498951815,v6
1348,9690,5658797489.5,0.025649438584345985,0.13673705888079735,0.09721217974571594,0.017590138052769877,True,True,bear,0.014341044698000571,-0.035820895522388096,2016-11-18,139130,iM금융지주,0.6652360515021459,0.8111587982832618,0.703862660944206,2016-11-21,9760.0,0.007223942208462342,9.836065573765387e-05,0.001740206896901686,-0.001641846241164032,2016-11-25,9800.0,0.002147540983606481,-0.0002130865588043651,0.002360627542410846,2016-12-02,9820.0,0.03595901639344268,0.036128318696316164,-0.00016930230287348635,2016-12-16,10150.0,-0.016295081967213073,0.04725448115959674,-0.06354956312680982,2017-01-16,9640.0,0.08206557377049184,0.05724418197592129,0.024821391794570546,2017-02-15,10600.0,-0.03790983606557374,0.050204918032786816,v6
314,89300,3916289430.5,0.10902109573260099,0.13137246083501986,0.41905482052478604,0.019071434156790357,True,True,bear,0.024552547039926598,-0.022975929978118148,2018-06-29,145720,덴티움,0.8557993730407524,0.7053291536050157,0.8056426332288401,2018-07-02,89300.0,0.0,0.02623516237402024,-0.021255431201905095,0.04749059357592533,2018-07-06,92000.0,0.0654288913773795,-0.004878931027503697,0.0703078224048832,2018-07-13,95500.0,0.054230683090705556,-0.011730104253239393,0.06596078734394495,2018-07-27,94500.0,0.041912653975364034,-0.00987412960817824,0.05178678358354227,2018-08-27,93400.0,0.104622620380739,0.01429660283434453,0.09032601754639447,2018-09-27,99000.0,0.0,0.08622620380739088,v6
1104,90400,10665410455.0,0.1558694439105529,0.4343938156413786,0.43195974123494696,0.03334974137537605,True,True,bear,0.03782790884564613,-0.02164502164502169,2021-09-09,145720,덴티움,0.8354114713216958,0.9326683291770573,0.8104738154613467,2021-09-10,90600.0,0.0022123893805310324,-0.0945077262693157,0.0028836079702925232,-0.09739133423960822,2021-09-16,82400.0,-0.13645033112582783,-0.007423688519075045,-0.12902664260675278,2021-09-28,78600.0,-0.21592052980132448,-0.04243709729613698,-0.1734834325051875,2021-10-14,71400.0,-0.373757174392936,-0.0628530417258073,-0.3109041326671287,2021-11-11,57100.0,-0.2777306843267108,-0.029323089049018147,-0.24840759527769263,2021-12-09,65800.0,-0.24172185430463577,0.009933774834437026,v6
687,78000,2312095830.0,0.048682751139699665,0.47036031248618415,0.750016725672646,0.027862422050134228,True,True,mixed,0.010297260540120368,-0.11161731207289294,2014-09-17,145990,삼양사,0.6043478260869565,0.9565217391304348,0.9391304347826087,2014-09-18,78100.0,0.0012820512820512775,-0.010402048655569814,-0.010965839248667453,0.0005637905930976385,2014-09-24,77600.0,-0.03857106274007682,-0.03239222431141631,-0.006178838428660516,2014-10-01,75400.0,-0.12307810499359795,-0.07654709674911697,-0.046531008244480976,2014-10-17,68800.0,-0.07954417413572346,-0.05493608523911553,-0.024608088896607927,2014-11-14,72200.0,-0.20374391805377723,-0.06631976328946021,-0.13742415476431702,2014-12-12,62500.0,-0.13956466069142126,0.03713188220230479,v6
1212,106500,2682787150.0,0.088722663175402,0.08714223389992615,0.1006158795543608,0.03490069563464049,True,True,bear,0.006854171590640501,-0.04484304932735428,2016-11-03,145990,삼양사,0.8969957081545065,0.7939914163090128,0.776824034334764,2016-11-04,107000.0,0.0046948356807512415,-0.008672897196261627,0.009441142816817738,-0.018114040013079365,2016-11-10,106500.0,0.0988037383177569,-0.0016734967512992416,0.10047723506905615,2016-11-17,118000.0,0.03338317757009346,-6.048783438428185e-05,0.03344366540447774,2016-12-01,111000.0,-0.02269158878504673,0.021468140553564607,-0.04415972933861134,2016-12-29,105000.0,-0.10867289719626172,0.04219026448305607,-0.1508631616793178,2017-01-31,95800.0,-0.05607476635514019,0.11682242990654212,v6
1039,12450,7289134482.5,0.09885385803255664,0.3679057332305493,0.4909585553972302,0.01460945930292823,True,True,bear,0.030202730657840293,-0.0945454545454546,2016-12-06,161000,애경케미칼,0.8831168831168831,0.948051948051948,0.948051948051948,2016-12-07,12300.0,-0.012048192771084376,0.03665040650406515,0.020188506230927716,0.01646190027313743,2016-12-13,12800.0,0.06104065040650397,0.023174942000010024,0.03786570840649395,2016-12-20,13100.0,0.05291056910569103,0.025028937360010772,0.027881631745680258,2017-01-04,13000.0,-0.06904065040650409,0.03881865419980057,-0.10785930460630466,2017-02-03,11500.0,-0.12595121951219512,0.04292750878142404,-0.16887872829361916,2017-03-06,10800.0,-0.028455284552845517,0.1260162601626016,v6
1064,13350,3481612900.0,0.02372003439375625,0.27909068186607744,0.2799275559080039,0.01230979778857777,True,True,bull,0.03308183401044684,-0.03610108303249093,2017-01-11,161000,애경케미칼,0.6260869565217392,0.9130434782608695,0.8782608695652174,2017-01-12,13400.0,0.0037453183520599342,-0.07116417910447759,-0.0034413218526344602,-0.06772285725184313,2017-01-18,12500.0,-0.10474626865671643,-0.0051740153728419,-0.09957225328387453,2017-01-25,12050.0,-0.16817910447761197,-0.0012562028021505522,-0.16692290167546142,2017-02-10,11200.0,-0.19056716417910446,0.019204019848966913,-0.20977118402807138,2017-03-13,10900.0,-0.10847761194029848,0.02677492792476266,-0.13525253986506114,2017-04-10,12000.0,-0.17164179104477617,0.0,v6
2088,10800,6704088658.0,0.07015371953996685,0.06776503082217933,0.2195475956288515,0.04588555370088887,True,True,mixed,0.014513174580808696,-0.08860759493670889,2021-03-18,161000,애경케미칼,0.6799065420560748,0.6074766355140186,0.7289719626168224,2021-03-19,10550.0,-0.02314814814814814,0.019696682464454888,-0.01785172101952015,0.037548403483975035,2021-03-25,10800.0,0.05287203791469186,0.00796275559008941,0.04490928232460245,2021-04-01,11150.0,0.13344075829383883,0.04287286035631599,0.09056789793752285,2021-04-15,12000.0,0.2614028436018958,0.029484069591676043,0.23191877401021976,2021-05-14,13350.0,0.14291943127962092,0.06174318725697914,0.08117624402264179,2021-06-14,12100.0,-0.004739336492891044,0.1800947867298579,v6
2227,15150,26005313120.0,0.2425012408961924,0.44617439422361804,0.33882359722300415,0.08459486287029327,True,True,bear,0.03749357986646129,-0.13180515759312317,2021-10-08,161000,애경케미칼,0.9357142857142857,0.9333333333333333,0.8071428571428572,2021-10-12,15400.0,0.01650165016501659,-0.0007532467532467245,0.01913755584329313,-0.019890802596539855,2021-10-18,15450.0,-0.07218181818181824,0.023835510572092877,-0.09601732875391111,2021-10-25,14350.0,-0.15659740259740262,0.0033827985709540265,-0.15998020116835665,2021-11-08,13050.0,-0.2767272727272727,0.00780619750391498,-0.2845334702311877,2021-12-06,11200.0,-0.27023376623376627,0.013226132288439496,-0.28345989852220577,2022-01-04,11300.0,-0.18831168831168832,0.07792207792207795,v6
988,61000,15885331920.9,0.04493098400357809,0.10919000186186789,0.1430066127071461,0.040276139825659696,True,True,bull,0.01615858737298015,-0.034810126582278444,2016-10-11,161390,한국타이어앤테크놀로지,0.61003861003861,0.7760617760617761,0.722007722007722,2016-10-12,61100.0,0.0016393442622950616,-0.07110310965630118,0.0086308744074306,-0.07973398406373178,2016-10-18,57000.0,-0.0743764320785597,0.007019382393213869,-0.08139581447177358,2016-10-25,56800.0,-0.0743764320785597,-0.009683781766412713,-0.064692650312147,2016-11-08,56800.0,-0.08583306055646478,-0.016367024721078427,-0.06946603583538635,2016-12-06,56100.0,-0.059646481178396105,0.011206295693954926,-0.07085277687235103,2017-01-04,57700.0,-0.1063829787234043,0.0,v6
2437,38250,13918844222.0,0.10284375667467649,0.11326941062381068,0.21923282254658094,0.021685415529562713,True,True,mixed,0.0018334206390779872,-0.0496894409937888,2022-08-30,161390,한국타이어앤테크놀로지,0.8071216617210683,0.798219584569733,0.7670623145400594,2022-08-31,37950.0,-0.007843137254901933,0.06451119894598145,-0.009636445076372402,0.07414764402235385,2022-09-06,40550.0,0.04079578392621874,-0.013002009476180021,0.053797793402398764,2022-09-15,39650.0,-0.06328853754940711,-0.10788709127295593,0.04459855372354882,2022-09-29,35700.0,-0.040890645586297736,-0.05747348436594646,0.016582838779648723,2022-10-31,36550.0,-0.1120368906455863,-0.010355582768638905,-0.1016813078769474,2022-11-28,33850.0,-0.08695652173913049,0.11067193675889331,v6
2584,58550,5639931515.0,0.1329197109981639,0.22538297610516067,0.14324682701363656,0.069852506469539,True,True,bear,0.0033055103834838118,-0.1343239447031862,2023-10-11,170900,동아에스티,0.9023569023569024,0.8518518518518519,0.7171717171717171,2023-10-12,59651.0,0.018804440649017984,-0.10093047895257412,-0.0010506289576057704,-0.09987984999496835,2023-10-18,53869.0,-0.13321828636569377,-0.041384234075263926,-0.09183405229042985,2023-10-25,51943.0,-0.10093047895257412,-0.01767409408605425,-0.08325638486651987,2023-11-08,53869.0,-0.09323572111112977,0.01224652055216846,-0.10548224166329823,2023-12-06,54328.0,0.018531055640307773,0.04163167950543367,-0.0231006238651259,2024-01-08,60995.0,-0.18462389565975423,0.03537241622101894,v6
2697,72220,7483230190.0,0.051921300746643695,0.09116735499462303,0.2090740439089347,0.02162094447971441,True,True,bull,0.002529923547029078,-0.12273456100286673,2024-03-26,170900,동아에스티,0.7737704918032787,0.6852459016393443,0.7836065573770492,2024-03-27,72220.0,0.0,-0.0687604541678205,0.00297267759562847,-0.07173313176344898,2024-04-02,67543.0,-0.1244652450844641,-0.01451366120218589,-0.10995158388227821,2024-04-09,63520.0,-0.11021711437274995,-0.025227686703096497,-0.08498942766965345,2024-04-24,64549.0,-0.21513265023539185,-0.00801821493624777,-0.20711443529914408,2024-05-27,56972.0,-0.18145776793132096,0.010706739526411546,-0.1921645074577325,2024-06-25,59404.0,-0.15155081694821382,0.0,v6
2842,71846,3958045590.0,0.09296937082866741,0.13314260113387044,0.1752666826128163,0.03259988615276721,True,True,bear,0.023452396130180242,-0.04832172093146481,2024-10-31,170900,동아에스티,0.8122605363984674,0.7203065134099617,0.7241379310344828,2024-11-01,71753.0,-0.0012944353199899616,-0.022257076359176616,0.00852156541982585,-0.030778641779002466,2024-11-07,70443.0,-0.1369839867322621,-0.048801396797432894,-0.08818258993482919,2024-11-14,62211.0,-0.19044516605577466,-0.015057256110988737,-0.17538790994478592,2024-11-28,58375.0,-0.254330996613382,-0.05434218391166201,-0.19998881270171998,2024-12-27,53791.0,-0.36125335526040725,-0.03500251675213151,-0.32625083850827574,2025-02-03,46119.0,-0.21773305645756968,0.009128538179588253,v6
152,6779,2631884507.0,0.021424860591338746,0.16453086939904216,0.17460586901385566,0.03480989957352687,True,True,mixed,0.009478284825064964,-0.026145668725757742,2014-03-04,175330,JB금융지주,0.5968586387434555,0.7120418848167539,0.7958115183246073,2014-03-05,6855.0,0.011211093081575418,0.011609044493070767,-0.004768709965134232,0.016377754458205,2014-03-11,6962.0,-0.01654558716265497,-0.016758898889159157,0.00021331172650418742,2014-03-18,6769.0,0.0031480671043033794,0.00947660747587764,-0.0063285403715742615,2014-04-01,6904.0,0.04093070751276451,-0.004312616557204274,0.04524332406996878,2014-04-29,7163.0,0.042389496717724295,0.010986783426579105,0.03140271329114519,2014-05-30,7173.0,-0.042013129102844604,0.01969365426695835,v6
2704,14810,6983922727.4,0.034803759294122605,0.1465269841150425,0.24583414757601285,0.04488813604179187,True,True,bull,0.011992210188253694,-0.08297213622291022,2024-07-18,175330,JB금융지주,0.6852459016393443,0.7770491803278688,0.7836065573770492,2024-07-19,14550.0,-0.017555705604321403,-0.0198075601374571,-0.03198331553704903,0.012175755399591929,2024-07-25,14320.0,-0.008810996563573866,-0.00804582513454355,-0.0007651714290303167,2024-08-01,14480.0,-0.016371134020618513,-0.03677581324257828,0.02040467922195977,2024-08-16,14370.0,0.05716838487972509,-0.0802796933087162,0.1374480781884413,2024-09-13,15440.0,0.15751202749140902,-0.06974119798157996,0.22725322547298898,2024-10-21,16900.0,-0.10790378006872847,0.04123711340206193,v6
2741,15200,5101310094.0,0.11501270998982516,0.19478566705790856,0.22880103031532262,0.12398633619166555,True,True,bear,0.03274901481179504,-0.05882352941176472,2024-09-10,175330,JB금융지주,0.8623188405797102,0.7862318840579711,0.7898550724637681,2024-09-11,15200.0,0.0,0.013763157894736814,0.027134177736587217,-0.013371019841850403,2024-09-20,15470.0,0.016394736842105354,0.049476010551080085,-0.033081273708974734,2024-09-27,15510.0,0.061789473684210616,0.033863263705710356,0.02792620997850026,2024-10-16,16200.0,0.17692105263157898,-0.042687515347385685,0.21960856797896466,2024-11-13,17950.0,0.18876315789473685,-0.03261566977971053,0.2213788276744474,2024-12-11,18130.0,-0.06710526315789478,0.10526315789473695,v6
314,30029,25942368835.0,0.007653489544183656,0.25372790188865557,0.20968696739803483,0.04149359984602774,True,True,bear,0.0048134274045805725,-0.07945801784126794,2014-12-30,180640,한진칼,0.5329949238578681,0.868020304568528,0.766497461928934,2015-01-02,30127.0,0.003263511938459418,0.013857735586019219,-0.0050098211300567685,0.018867556716075987,2015-01-08,30665.0,-0.004,-5.2240053493801675e-05,-0.003947759946506198,2015-01-15,30127.0,0.051199654794702454,0.019213891675025074,0.03198576311967738,2015-01-29,31790.0,-0.026737079695953844,0.04552198261451035,-0.0722590623104642,2015-03-03,29442.0,0.15671962027417274,0.06623516382480776,0.09048445644936498,2015-03-31,34969.0,-0.043847711355262775,0.08278288578351645,v6
334,31790,13788451945.0,0.04014770436803117,0.23907146284331604,0.3113006885115751,0.027171642921427264,True,True,mixed,0.038581726646204295,-0.02547438766438792,2015-01-29,180640,한진칼,0.5475113122171946,0.8280542986425339,0.7873303167420814,2015-01-30,32083.0,0.009216734822271144,-0.023792413427672018,-0.005748092030568364,-0.018044321397103654,2015-02-05,31448.0,-0.07715400679487583,-0.011455453559591322,-0.06569855323528451,2015-02-12,29736.0,-0.0863177383661129,0.01896513978198988,-0.10528287814810278,2015-03-03,29442.0,0.08595418134214383,0.039152194610336366,0.046801986731807466,2015-03-31,34969.0,0.04328360814138321,0.09344595317010573,-0.05016234502872252,2015-04-28,33600.0,-0.1234921921266714,0.006109154380824711,v6
1287,31400,47063135690.0,0.1989352524861293,0.49625854859509955,0.9522883023519106,0.07371424109343705,True,True,bear,0.034596375617792496,-0.058470764617691184,2018-12-17,180640,한진칼,0.9,0.968,0.98,2018-12-18,31100.0,-0.009554140127388533,0.008861736334405238,-0.001156805467120825,0.010018541801526063,2018-12-24,31500.0,-0.06348553054662376,-0.03095669756341768,-0.03252883298320608,2019-01-03,29250.0,-0.037762057877813504,0.024142238467184107,-0.06190429634499761,2019-01-17,30050.0,-0.17441800643086813,0.07205245480924871,-0.24647046124011684,2019-02-19,25800.0,-0.15834083601286175,0.05818537078531549,-0.21652620679817725,2019-03-20,26300.0,-0.09163987138263663,0.07395498392282951,v6
2329,29200,2957880157.5,0.10698587934126613,0.21932497336998247,0.12344111041668626,0.03812162633996974,True,True,bull,0.030164050097018835,-0.026666666666666616,2023-02-20,181710,NHN,0.7993527508090615,0.8414239482200647,0.7637540453074434,2023-02-21,29400.0,0.006849315068493178,-0.019306122448979553,-0.022327477812908336,0.003021355363928783,2023-02-27,28950.0,-0.024408163265306145,0.002376389109301602,-0.026784552374607747,2023-03-07,28800.0,-0.051619047619047675,-0.028142306643716752,-0.023476740975330923,2023-03-21,28000.0,-0.08563265306122447,0.046217512848370834,-0.1318501659095953,2023-04-18,27000.0,-0.0754285714285714,0.02355636396189631,-0.09898493539046771,2023-05-18,27300.0,-0.12244897959183676,0.015306122448979664,v6
2909,29600,11397873555.0,0.10601689691232319,0.13325545824629792,0.3398580105246447,0.0015770073568590615,True,True,bull,-0.009370816599732268,-0.15428571428571425,2025-07-09,181710,NHN,0.7884057971014493,0.6115942028985507,0.7478260869565218,2025-07-10,29100.0,-0.016891891891891886,-0.016027491408934665,0.013434516274720698,-0.029462007683655363,2025-07-16,28750.0,-0.017745704467353903,0.012604400567404861,-0.030350105034758764,2025-07-23,28700.0,-0.022900343642611728,0.017174807737568853,-0.040075151380180585,2025-08-06,28550.0,-0.14489347079037806,0.018030367604495945,-0.162923838394874,2025-09-04,25000.0,-0.034927835051546396,0.1288333216714268,-0.1637611567229732,2025-10-02,28200.0,-0.07560137457044669,0.24398625429553267,v6
1013,101456,7476416500.0,0.09948252447707429,0.25449678427799016,0.2429968109716627,0.0009293313937306369,True,True,mixed,0.0385526431623362,-0.042190228935567564,2018-01-23,185750,종근당,0.6308243727598566,0.7706093189964157,0.7741935483870968,2018-01-24,102484.0,0.010132471219050698,0.012822138089848115,0.013370904469860001,-0.0005487663800118857,2018-01-30,104208.0,-0.0799825924046681,-0.03178944377353132,-0.04819314863113677,2018-02-06,94697.0,-0.08702759455134457,-0.04719282043996109,-0.039834774111383475,2018-02-22,93975.0,-0.15377947777214007,-0.046214076547244076,-0.107565401224896,2018-03-23,87134.0,-0.12565801490964446,-0.022704490382262743,-0.10295352452738171,2018-04-20,90016.0,-0.12167753015104799,0.05370594434253162,v6
2433,86515,4758473290.0,0.09115884646869499,0.3639658993263145,0.21238950926168176,0.07347003743557678,True,True,bear,-0.003781519378559528,-0.06867969212551805,2023-10-31,185750,종근당,0.7713310580204779,0.9215017064846417,0.8020477815699659,2023-11-01,87425.0,0.010518407212622094,0.3464032027452102,0.0658862832495235,0.2805169194956867,2023-11-07,118059.0,0.24628309979982843,0.0612153221480316,0.18506777765179683,2023-11-14,109306.0,0.32553960537603666,0.09981726118566536,0.2257223441903713,2023-11-28,116235.0,0.44925707749499577,0.13982790277771717,0.3094291747172786,2023-12-27,127051.0,0.28207377752359175,0.08097640968384878,0.20109736783974297,2024-01-26,112435.0,-0.028161281098084023,0.4577981126680011,v6
2013,42299,2464978270.0,0.06598783796175223,0.2299086161221604,0.17519736197688474,0.03708626032839013,True,True,bull,0.031864132237856335,-0.03942318610196438,2024-01-11,192080,더블유게임즈,0.7236024844720497,0.8354037267080745,0.7763975155279503,2024-01-12,42680.0,0.009007305137237243,-0.07616494845360822,-0.03804774201178773,-0.038117206441820484,2024-01-18,39600.0,-0.043362699156513584,-0.026102383158226772,-0.017260315998286813,2024-01-25,41000.0,-0.008217432052483594,0.03302517198557098,-0.041242604038054576,2024-02-08,42500.0,0.08784629803186506,0.05726675996924957,0.030579538062615486,2024-03-12,46600.0,-0.0621068416119962,0.0664721767755414,-0.1285790183875376,2024-04-09,40200.0,-0.07919400187441428,0.03795688847235246,v6
2207,52100,2643888847.5,0.08766025055300375,0.21859299804944143,0.22736078690668116,0.027895746633851415,True,True,bear,0.029796906656125,-0.020676691729323293,2024-10-30,192080,더블유게임즈,0.8098859315589354,0.8517110266159695,0.7946768060836502,2024-10-31,51900.0,-0.0038387715930902067,0.011414258188824581,-0.004554915270032933,0.015969173458857514,2024-11-06,52700.0,-0.06854720616570331,-0.061415635047607164,-0.007131571118096147,2024-11-13,48550.0,-0.05313294797687862,-0.028028455600254687,-0.025104492376623933,2024-11-27,49350.0,0.04224277456647396,-0.05652677032043607,0.09876954488691003,2024-12-26,54300.0,-0.05987668593448936,-0.022471691958807716,-0.037404993975681644,2025-01-31,49000.0,-0.11753371868978801,0.03660886319845846,v6
329,208372,19792522025.0,0.1950960786353747,0.4493640123841629,0.8121349031863048,0.08187597734617946,True,True,bear,0.03637060400324588,-0.1028772920819574,2015-08-07,192820,코스맥스,0.8253968253968254,0.8380952380952381,0.8253968253968254,2015-08-10,209805.0,0.0068771236058586815,-0.008556612092180834,-0.019876122761944615,0.01131951066976378,2015-08-17,208849.0,-0.11789147065131911,-0.08893967457330076,-0.028951796078018344,2015-08-24,185910.0,-0.1110613188436882,-0.062346896098464444,-0.04871442274522375,2015-09-07,187343.0,-0.12928300088177114,-0.001294537053633693,-0.12798846382813744,2015-10-07,183520.0,-0.13611791902004244,0.020398916572065717,-0.15651683559210816,2015-11-05,182086.0,-0.21640571006410714,0.036443364076165885,v6
2502,170100,25957085936.75,0.07827830262036417,0.6466667892108369,0.33905486028730625,0.018910800446100717,True,True,mixed,0.031721962758537,-0.04330708661417326,2024-06-12,192820,코스맥스,0.7551020408163265,0.9416909620991254,0.8425655976676385,2024-06-13,170500.0,0.0023515579071133885,0.09336070381231676,0.011992706697827149,0.08136799711448961,2024-06-19,187100.0,0.14086803519061575,0.010082556128761633,0.13078547906185412,2024-06-26,195200.0,0.06638123167155419,0.037555441396725175,0.02882579027482901,2024-07-10,182500.0,-0.2585454545454545,-0.07082389714128601,-0.18772155740416852,2024-08-07,127100.0,-0.29842815249266863,-0.06825894116880948,-0.23016921132385915,2024-09-05,120300.0,-0.002346041055718451,0.21994134897360706,v6
1302,10700,4633392202.5,0.09633015879478246,0.651737319888605,1.6664165811201304,0.09913439712712058,True,True,mixed,0.025886864813039256,-0.11752577319587632,2021-05-27,194370,제이에스코퍼레이션,0.7540322580645161,0.9556451612903226,0.9838709677419355,2021-05-28,10600.0,-0.009345794392523366,-0.093622641509434,0.023750902401886265,-0.11737354391132027,2021-06-03,9650.0,-0.1596603773584906,0.016566364762664376,-0.17622674212115497,2021-06-10,8950.0,-0.05116981132075471,0.035941603170149605,-0.08711141449090432,2021-06-24,10100.0,-0.14315094339622647,0.02462729619903592,-0.1677782395952624,2021-07-22,9125.0,-0.1172075471698113,-0.03517554672156209,-0.08203200044824921,2021-08-20,9400.0,-0.1674528301886793,0.028301886792452935,v6
1342,49050,15436859617.5,0.053576297395939276,0.3006428026468463,0.5005544608036799,0.01896758718962155,True,True,mixed,0.015160138666114653,-0.07800751879699253,2021-12-08,195870,해성디에스,0.8243626062322946,0.9490084985835694,0.9291784702549575,2021-12-09,48800.0,-0.0050968399592252744,-0.061377049180327825,-0.005856335217825137,-0.05552071396250269,2021-12-15,46000.0,0.0011229508196721784,-0.007489191885600266,0.008612142705272444,2021-12-22,49050.0,-0.038836065573770506,-0.02875623545061512,-0.010079830123155387,2022-01-06,47100.0,0.022639344262294973,-0.08664117060192889,0.10928051486422385,2022-02-08,50100.0,-0.008098360655737654,-0.10863984037246421,0.10054147971672656,2022-03-10,48600.0,-0.06659836065573765,0.05942622950819665,v6
1450,70900,25483952060.0,0.06170826532417506,0.4583611841508711,0.543692020257171,0.029262481502704052,True,True,bear,0.016414593935918598,-0.05087014725568939,2022-05-18,195870,해성디에스,0.7493670886075949,0.9316455696202531,0.9012658227848102,2022-05-19,68800.0,-0.02961918194640334,0.04687209302325579,0.015906903083563684,0.030965189939692106,2022-05-25,72300.0,0.029430232558139483,0.03212045461602964,-0.0026902220578901535,2022-06-02,71100.0,-0.10138372093023251,-0.05252228053286956,-0.048861440397362954,2022-06-17,62100.0,-0.13190697674418606,-0.09520075769338254,-0.03670621905080351,2022-07-15,60000.0,-0.1624302325581395,-0.018748253268328963,-0.14368197928981052,2022-08-12,57900.0,-0.10465116279069764,0.08139534883720922,v6
445,45000,16941779997.6,0.029628309352515814,0.26203243428958367,0.3459455534362206,0.02719464010784467,True,True,bull,0.02121865426075109,-0.07975460122699385,2016-07-25,204320,HL만도,0.5836298932384342,0.8861209964412812,0.8256227758007118,2016-07-26,44399.0,-0.013355555555555565,0.16719754949435806,0.010057728675226363,0.1571398208191317,2016-08-01,52000.0,0.11314227797923371,0.010809196775156682,0.10233308120407703,2016-08-08,49600.0,0.16269294353476438,0.020170200059719257,0.14252274347504512,2016-08-23,51800.0,0.2347666388882632,0.02223051657211106,0.21253612231615215,2016-09-23,55000.0,0.09287155116106227,0.019080322484323675,0.0737912286767386,2016-10-24,48700.0,-0.05403274848532624,0.22975742696907586,v6
472,53100,11366355975.0,0.0472505273828685,0.15156549879844294,0.703105505276354,0.016503825978421593,True,True,bull,0.03528953012283087,-0.027472527472527486,2016-09-01,204320,HL만도,0.7116104868913857,0.7902621722846442,0.9588014981273408,2016-09-02,53200.0,0.0018832391713747842,-0.00024060150375948205,0.014656426998111982,-0.014897028501871464,2016-09-08,53400.0,-0.009639097744360888,-0.0040365402769036995,-0.005602557467457189,2016-09-20,52900.0,-0.011518796992481258,0.009380899937067255,-0.020899696929548513,2016-10-05,52800.0,-0.03031578947368418,-0.02703154499685334,-0.003284244476830841,2016-11-02,51800.0,-0.062270676691729365,-0.024799402139710547,-0.03747127455201882,2016-11-30,50100.0,-0.07706766917293228,0.08646616541353391,v6
1493,37600,34421514515.0,0.06661053210626477,0.34297026361777494,0.3095404678691456,0.10101056438252765,True,True,mixed,0.032399780340472306,-0.04930467762326174,2020-11-02,204320,HL만도,0.7052023121387283,0.869942196531792,0.7716763005780347,2020-11-03,38000.0,0.010638297872340496,0.005210526315789558,0.05673608802103791,-0.05152556170524836,2020-11-09,38350.0,0.16705263157894734,0.09811685760058042,0.06893577397836692,2020-11-16,44500.0,0.2723157894736843,0.11897780906032884,0.15333798041335545,2020-11-30,48500.0,0.546,0.21793670465193626,0.3280632953480638,2020-12-29,58900.0,0.9091578947368422,0.3252598442877439,0.5838980504490983,2021-01-28,72700.0,-0.023684210526315752,0.33684210526315783,v6
193,412788,52970695500.0,0.08278052125028346,0.33531860546221304,0.598590628056217,0.041468138751205474,True,True,mixed,0.03604216372451918,-0.07293442302639119,2017-08-22,207940,삼성바이오로직스,0.8163265306122449,0.9591836734693877,0.963265306122449,2017-08-23,414955.0,0.005249668110506978,-0.024872142762468182,-0.004961014588496848,-0.019911128173971334,2017-08-29,406294.0,-0.04574187562506782,-0.021001207643076336,-0.024740667981991482,2017-09-05,397634.0,0.17165037172705477,0.016629287238115964,0.1550210844889388,2017-09-19,487842.0,0.26556416960875273,0.0487980374748056,0.21676613213394713,2017-10-25,526812.0,0.3299109060018557,0.06899976015451093,0.26091114584734476,2017-11-22,553513.0,-0.0573941752720174,0.19478015688448136,v6
309,618463,116910239932.1,0.08520922535793984,0.1412607192304468,0.546743636959159,0.056313566014070116,True,True,mixed,0.031785137618091985,-0.06338612607864691,2018-02-13,207940,삼성바이오로직스,0.7652733118971061,0.662379421221865,0.8971061093247589,2018-02-14,621348.0,0.004664789971267513,0.025036868228432322,0.000750268397120113,0.02428659983131221,2018-02-22,639390.0,0.07730387480123868,-0.004273628273097629,0.08157750307433631,2018-03-02,671866.0,0.03665193740061934,0.03378280351672758,0.0028691338838917613,2018-03-16,646607.0,0.3200438530420955,0.017658250672547338,0.30238560236954815,2018-04-13,822692.0,-0.10155885590683478,0.01909661052779943,-0.1206554664346342,2018-05-15,560730.0,-0.018580569986545337,0.08943297475810663,v6
1945,1512990,119142575159.5,0.04252156190592471,0.36387802021905635,0.33321701753642896,0.01585627920255317,True,True,bear,0.021746978051912613,-0.06582489503581135,2024-10-14,207940,삼성바이오로직스,0.5684210526315789,0.9122807017543859,0.8350877192982457,2024-10-15,1511529.0,-0.0009656375785696003,0.05010680178812321,-0.01042786538366558,0.06053466717178879,2024-10-21,1593313.0,0.018221869378622472,-0.007574922978152765,0.025796792356775237,2024-10-28,1545118.0,-0.031053400894061608,-0.038258299555153696,0.007204898661092089,2024-11-11,1470637.0,-0.08322706081060971,-0.10324916330151157,0.02002210249090186,2024-12-09,1391775.0,-0.03201997182984917,-0.04196598502490145,0.009946013195052283,2025-01-09,1469176.0,-0.06376788007375311,0.07536210023095813,v6
2034,1720368,98522907100.0,0.12905885792782112,0.20964748706507397,0.2620864778319294,0.0012266238080913539,True,True,bull,0.038205358292968894,-0.025641664618308857,2025-02-25,207940,삼성바이오로직스,0.8080808080808081,0.7710437710437711,0.734006734006734,2025-02-26,1724750.0,0.0025471294513732534,-0.03617683722278586,-0.027275216171202987,-0.008901621051582875,2025-03-05,1669253.0,-0.09036787940281199,-0.020928870738366245,-0.06943900866444574,2025-03-12,1575787.0,-0.09629453543991884,0.005353897165628618,-0.10164843260554746,2025-03-26,1565565.0,-0.10137527177851868,-0.03965990585050161,-0.061715365928017074,2025-04-23,1556802.0,-0.1208505580518916,0.005528811419619251,-0.12637936947151085,2025-05-26,1523212.0,-0.12616437164806493,0.005080156544426728,v6
1545,20200,3249931982.5,0.032404208258483,0.6649386718220553,0.42992853728613145,0.06831372405223912,True,True,bull,0.03549916698705635,-0.03579952267303099,2021-04-28,210540,디와이파워,0.5677799607072691,0.9273084479371316,0.8015717092337917,2021-04-29,20250.0,0.0024752475247524774,-0.02375308641975304,-0.0018871182981395895,-0.02186596812161345,2021-05-06,19850.0,-0.05832098765432103,-0.019668733809561134,-0.0386522538447599,2021-05-13,19150.0,-0.10523456790123453,0.0012497056283853336,-0.10648427352961987,2021-05-28,18200.0,-0.16202469135802466,0.0370798335819138,-0.19910452493993847,2021-06-25,17050.0,-0.18918518518518523,0.021876128424523245,-0.21106131360970848,2021-07-23,16500.0,-0.1283950617283951,0.032098765432098775,v6
2095,12089,11563187227.5,0.040106229987236564,0.047669875711588094,0.39403449281309744,0.07173344444132157,True,True,bull,0.023754075454122114,-0.09655481653090203,2023-12-26,210980,SK디앤디,0.7788461538461539,0.6474358974358975,0.9134615384615384,2023-12-27,11993.0,-0.007941103482504763,-0.06995514049862417,-0.004743493565699142,-0.06521164693292503,2024-01-04,11202.0,0.029769698991078068,-0.0227287591128551,0.052498458103933165,2024-01-11,12398.0,-0.16159192862503124,-0.049631638678900414,-0.11196028994613083,2024-01-25,10103.0,-0.23229984157425165,0.018362282878412017,-0.25066212445266367,2024-02-26,9255.0,,0.06068440186969837,,2024-03-26,9525.0,-0.1929458850996415,0.041774368381555904,v6
941,36850,4103141390.0,0.15070921834296847,0.1241189262305602,0.2307923299274538,0.01627937945225466,True,True,bear,0.037735849056603765,-0.02384105960264904,2019-05-22,214320,이노션,0.8560606060606061,0.7272727272727273,0.7803030303030303,2019-05-23,36850.0,0.0,-0.0365644504748982,-0.019352962559069486,-0.017211487915828716,2019-05-29,35650.0,-0.066415196743555,0.002840179328728931,-0.06925537607228394,2019-06-05,34550.0,-0.013497964721845276,0.03297709923664116,-0.04647506395848644,2019-06-20,36500.0,-0.07184260515603802,0.0015994183933116801,-0.0734420235493497,2019-07-18,34350.0,-0.08676797829036631,-0.06595419847328243,-0.020813779817083877,2019-08-16,33800.0,-0.08683853459972868,0.020352781546811416,v6
249,32304,11525470520.0,0.10901771142545114,0.6722139420914343,0.4959674524503639,0.008165815529030063,True,True,mixed,0.03365192321845112,-0.039171946105112876,2016-07-14,214420,토니모리,0.8613138686131386,0.9708029197080292,0.8941605839416058,2016-07-15,32617.0,0.009689202575532407,-0.04339663365729529,-0.0015629884338854705,-0.04183364522340982,2016-07-21,31332.0,0.015253763374927235,0.002843150389258531,0.012410612985668704,2016-07-28,33245.0,0.007589048655608947,0.016587524871363613,-0.008998476215754666,2016-08-11,32995.0,-0.1097424042677132,0.011164203099182757,-0.12090660736689596,2016-09-09,29168.0,-0.11455584511144501,3.473307630863509e-05,-0.11459057818775364,2016-10-13,29011.0,-0.053836956188490714,0.09617684029800411,v6
2474,11700,4946331462.0,0.03630549575981146,0.03433104431368261,0.6358824926192042,0.07732400450389854,True,True,bull,0.03622354087326185,-0.14033798677443055,2025-08-07,214420,토니모리,0.7643312101910829,0.6496815286624203,0.9171974522292994,2025-08-08,11610.0,-0.007692307692307665,-0.08840999138673555,0.001577355631594335,-0.08998734701832989,2025-08-14,10630.0,-0.10908182601205862,-0.016099584546882872,-0.09298224146517575,2025-08-22,10390.0,-0.13319896640826878,-0.004800377571741787,-0.128398588836527,2025-09-05,10110.0,-0.12458570198105079,0.12110241012488432,-0.2456881121059351,2025-10-10,10210.0,-0.2529233419465977,0.2276546460575426,-0.4805779880041403,2025-11-07,8720.0,-0.17312661498708015,0.00602928509905265,v6
1804,20800,59950779532.5,0.19833402257456156,0.7441262098770673,1.6080680033890746,0.06601318806176071,True,True,mixed,0.0038610038610038533,-0.10344827586206895,2024-01-22,229640,LS에코에너지,0.9096573208722741,0.9937694704049844,1.0,2024-01-23,21300.0,0.024038461538461453,-0.05329577464788737,0.009010135898511962,-0.062305910546399335,2024-01-29,20250.0,-0.07395305164319255,0.045591368346298955,-0.1195444199894915,2024-02-05,19810.0,-0.06268544600938963,0.07060831531037137,-0.133293761319761,2024-02-21,20050.0,-0.14249765258215963,0.11158365344265464,-0.25408130602481427,2024-03-21,18350.0,-0.1232488262910798,0.045813292875819034,-0.16906211916689884,2024-04-19,18760.0,-0.1591549295774648,0.09859154929577474,v6
278,20850,2537635260.0,0.06534854754248642,0.058919769943043265,0.2630139062506516,0.034729087825671634,True,True,mixed,0.005606800506420706,-0.08048511576626238,2017-12-13,234080,JW생명과학,0.6568265682656826,0.6346863468634686,0.8782287822878229,2017-12-14,20725.0,-0.005995203836930418,-0.0196815440289505,-0.005710677760931815,-0.013970866268018686,2017-12-20,20400.0,0.011681544028950611,-0.0076732205407450405,0.019354764569695652,2017-12-28,21050.0,0.23604825090470438,0.006901072561801946,0.22914717834290244,2018-01-15,25700.0,0.22639806996381173,-0.04069461145272402,0.26709268141653575,2018-02-12,25500.0,0.32289987937273823,0.002336551957113686,0.32056332741562454,2018-03-15,27500.0,-0.03136308805790111,0.34378769601930026,v6
1107,49850,22263505353.9,0.12992106726573227,0.4218187737427319,0.3798763835270498,0.02649042827592285,True,True,mixed,0.023666512654653804,-0.11298932384341642,2021-05-25,241560,두산밥캣,0.8363273453093812,0.8842315369261478,0.7884231536926147,2021-05-26,49850.0,0.0,0.023081243731193583,0.015750762159077558,0.0073304815721160245,2021-06-01,51200.0,0.02107522567703102,0.0239351053466208,-0.0028598796695897787,2021-06-08,51100.0,-0.06016850551654962,0.028995148033834628,-0.08916365355038425,2021-06-22,47050.0,-0.08925576730190576,0.01916510871998267,-0.10842087602188843,2021-07-20,45600.0,-0.1404092276830492,-0.004092171593771621,-0.13631705608927758,2021-08-18,43050.0,-0.11133400200601806,0.19157472417251764,v6
1556,39800,28230528102.5,0.09925626144441846,0.08399101074075088,0.22243276009897328,0.005859052222623173,True,True,mixed,0.017512463249392818,-0.0512514898688915,2023-03-17,241560,두산밥캣,0.7960526315789473,0.6842105263157895,0.8421052631578947,2023-03-20,39800.0,0.0,0.023638190954773822,0.009653534682068976,0.013984656272704846,2023-03-24,40900.0,0.09398994974874375,0.035532867588957684,0.05845708215978607,2023-03-31,43700.0,0.1693668341708543,0.07509605455145962,0.09427077961939467,2023-04-14,46700.0,0.2849447236180904,0.036945987867233576,0.24799873575085685,2023-05-16,51300.0,0.5211256281407035,0.090586026832562,0.4305396013081415,2023-06-15,60700.0,-0.017587939698492483,0.19095477386934667,v6
2036,50000,20911455373.75,0.021363242758667855,0.1430618606630618,0.23729008847815214,0.04826380763644389,True,True,bull,0.032737787875658286,-0.06367041198501877,2025-03-10,241560,두산밥캣,0.5445544554455446,0.66996699669967,0.7293729372937293,2025-03-11,48300.0,-0.03400000000000003,0.04154865424430643,0.03735064708009328,0.004198007164213147,2025-03-17,50500.0,0.04568944099378891,0.04584593255426772,-0.00015649156047881085,2025-03-24,50700.0,-0.1137308488612836,-0.07489599434177441,-0.03883485451950919,2025-04-07,43000.0,-0.013316770186335366,0.024949437554883547,-0.038266207741218916,2025-05-08,47850.0,-0.010211180124223614,0.13473252565870242,-0.14494370578292604,2025-06-09,48000.0,-0.14182194616977228,0.09109730848861286,v6
784,16600,2555801722.5,0.013073942835369445,0.14511833029679844,0.13026245365314737,0.00031241958500016764,True,True,mixed,-0.0013535870055647603,-0.0674157303370787,2019-12-12,241590,화승엔터프라이즈,0.6218487394957983,0.8571428571428571,0.8235294117647058,2019-12-13,16600.0,0.0,0.005036144578313143,0.014750788818412408,-0.009714644240099265,2019-12-19,16750.0,-0.004,0.018284880094981526,-0.022284880094981526,2019-12-27,16600.0,0.032144578313253014,0.03430147415493634,-0.002156895841683326,2020-01-14,17200.0,0.005036144578313143,0.03156659567685938,-0.026530451098546234,2020-02-13,16750.0,-0.23291566265060237,-0.1525895880589293,-0.08032607459167307,2020-03-12,12800.0,-0.051204819277108404,0.07530120481927716,v6
574,25300,27481112567.5,0.006667739015853602,0.09035944689092013,0.34424581285001166,0.03515604831600405,True,True,bull,0.004366812227074135,-0.10442477876106193,2023-05-31,248070,솔루엠,0.6253776435045317,0.7220543806646526,0.8761329305135952,2023-06-01,25300.0,0.0,-0.02376284584980237,0.014884006592654764,-0.038646852442457136,2023-06-08,24800.0,0.059241106719367664,0.01398606835214733,0.045255038367220335,2023-06-15,26900.0,0.15607905138339917,-0.008761700407376338,0.1648407517907755,2023-06-29,29350.0,0.08295652173913037,0.012147432907298583,0.07080908883183179,2023-07-27,27500.0,0.21339130434782616,-0.020765307709052494,0.23415661205687865,2023-08-25,30800.0,-0.03952569169960474,0.191699604743083,v6
671,30700,17522157402.5,0.07192197255111887,0.1799412633105033,0.49050338520745373,0.042348466514112504,True,True,bear,0.019087136929460513,-0.05392912172573194,2023-10-24,248070,솔루엠,0.815068493150685,0.7808219178082192,0.9143835616438356,2023-10-25,30600.0,-0.0032573289902280145,-0.059555555555555584,-0.046558933212792475,-0.012996622342763109,2023-10-31,28900.0,-0.053019607843137306,0.02290696165710293,-0.07592656950024024,2023-11-07,29100.0,-0.09386928104575165,0.050723454836913984,-0.14459273588266564,2023-11-21,27850.0,-0.08896732026143794,0.07505346910929478,-0.16402078937073272,2023-12-19,28000.0,-0.010535947712418278,0.034952683500541815,-0.045488631212960096,2024-01-19,30400.0,-0.1470588235294118,0.011437908496731986,v6
315,21733,4391480510.0,0.09761493018866019,0.2140156309794925,0.17237908087960818,0.012935930013215025,True,True,mixed,-0.0036287115208726295,-0.08542692420990616,2017-12-13,249420,일동제약,0.7527675276752768,0.8560885608856088,0.8081180811808119,2017-12-14,21732.0,-4.6012975659093236e-05,-0.06883526596723721,-0.005710677760931815,-0.0631245882063054,2017-12-20,20323.0,-0.02341836922510587,-0.0076732205407450405,-0.01574514868436083,2017-12-28,21310.0,-0.042238542241855304,0.006901072561801946,-0.04913961480365725,2018-01-15,20901.0,0.07298325050616605,-0.04069461145272402,0.11367786195889007,2018-02-12,23405.0,0.016384686177066014,0.002336551957113686,0.014048134219952328,2018-03-15,22175.0,-0.08443769556414504,0.009525124240751026,v6
2193,20900,18555018982.5,0.12139604426421235,0.5938734007105608,0.6003704251954787,0.08901415480878483,True,True,bull,0.013185960829939836,-0.12184873949579833,2025-08-08,249420,일동제약,0.865814696485623,0.9616613418530351,0.9009584664536742,2025-08-11,20800.0,-0.004784688995215336,0.03686538461538458,-0.013487667353883515,0.05035305196926809,2025-08-18,21650.0,0.14023076923076916,-0.003371916838470823,0.14360268606923998,2025-08-25,23800.0,0.039269230769230834,-0.0003508532253656549,0.03962008399459649,2025-09-08,21700.0,0.1786923076923077,0.11296542388037478,0.06572688381193292,2025-10-13,24600.0,0.29648076923076916,0.26469857671576547,0.03178219251500369,2025-11-10,27050.0,-0.06442307692307692,0.22836538461538458,v6
2274,29700,63859114350.0,0.12022825558796857,0.10081636699702079,1.0382591363328877,0.015415833426830838,True,True,bull,0.017733230531996824,-0.14409221902017288,2025-12-09,249420,일동제약,0.8241042345276873,0.8306188925081434,0.9739413680781759,2025-12-10,30900.0,0.04040404040404044,0.2646084142394822,-0.038451088589942395,0.3030595028294246,2025-12-16,39200.0,0.2031197411003236,-0.010033541313521188,0.2131532824138448,2025-12-23,37300.0,0.3455145631067962,0.10273259518399613,0.24278196792280005,2026-01-09,41700.0,0.15457605177993528,0.2236303963645545,-0.06905434458461923,2026-02-06,35800.0,0.04292556634304212,0.3424339692958729,-0.29950840295283077,2026-03-12,32350.0,-0.009708737864077666,0.4579288025889967,v6
634,232500,24560843752.9,0.07743830894785764,0.06679505432660093,0.46964750773252506,0.0747648030682686,True,True,bull,0.03012848914488253,-0.045174537987679675,2024-03-11,259960,크래프톤,0.7974683544303798,0.6835443037974683,0.9335443037974683,2024-03-12,234500.0,0.008602150537634357,0.010925373134328401,0.004626945505279867,0.006298427629048534,2024-03-18,238000.0,0.019454157782516027,0.02397633038710012,-0.0045221726045840925,2024-03-25,240000.0,0.034379530916844425,0.016525339727021526,0.0178541911898229,2024-04-08,243500.0,0.11966737739872069,0.014464347832592095,0.10520302956612859,2024-05-09,263500.0,0.08128784648187626,0.010361066329526825,0.07092678015234943,2024-06-10,254500.0,-0.08955223880597019,0.13006396588486147,v6
659,254000,27001367125.0,0.09560162640697423,0.2942707360817378,0.4946839543023178,0.08629889793514045,True,True,mixed,0.03199593702387005,-0.04150943396226414,2024-04-16,259960,크래프톤,0.8071895424836601,0.8888888888888888,0.9215686274509803,2024-04-17,254500.0,0.0019685039370078705,-0.06883300589390962,0.001477578603745533,-0.07031058449765515,2024-04-23,238000.0,-0.06293909626719052,0.027837275451959576,-0.0907763717191501,2024-04-30,239500.0,0.009752455795677854,0.04026878949277424,-0.030516333697096384,2024-05-17,258000.0,0.07458546168958735,0.047706316934883475,0.026879144754703876,2024-06-17,274500.0,0.07655009823182701,0.09230857339213094,-0.01575847516030393,2024-07-15,275000.0,-0.11591355599214148,0.06483300589390972,v6
684,260000,40587877151.8,0.0678164991549608,0.15066956654519092,0.1887157026357662,0.021633087241895277,True,True,bull,0.03647598166234811,-0.040590405904059046,2024-05-24,259960,크래프톤,0.6797385620915033,0.7222222222222222,0.7483660130718954,2024-05-27,262000.0,0.007692307692307665,-0.04980152671755722,-0.02248290794761898,-0.02731861876993824,2024-05-31,250000.0,-0.03262595419847325,0.0014867490249004245,-0.034112703223373675,2024-06-10,254500.0,0.04943511450381677,0.025052277210102503,0.024382837293714266,2024-06-24,276000.0,0.0685190839694656,0.02459994957659184,0.04391913439287376,2024-07-22,281000.0,0.26890076335877855,-0.0001965029883284064,0.26909726634710696,2024-08-20,333500.0,-0.08206106870229013,0.14122137404580148,v6
715,289500,46114726300.0,0.07316821826142772,0.13631411362111878,0.3115287310215995,0.036031954701875035,True,True,bull,0.037727394927860924,-0.0317725752508361,2024-07-09,259960,크래프톤,0.8487654320987654,0.7561728395061729,0.845679012345679,2024-07-10,287500.0,-0.006908462867012077,-0.04747826086956519,0.0010618047187440638,-0.048540065588309256,2024-07-16,275000.0,0.011652173913043521,-0.031001903564380706,0.042654077477424224,2024-07-23,292000.0,-0.010956521739130417,-0.11906882520389095,0.10811230346476053,2024-08-06,285500.0,0.07600000000000007,-0.09858367824522796,0.17458367824522802,2024-09-04,310500.0,0.1246956521739131,-0.0921709365886032,0.2168665887625163,2024-10-10,324500.0,-0.09565217391304348,0.050434782608695716,v6
762,338000,42252910335.2,0.08676731964477846,0.24223005419763133,0.4705448317283403,0.03379089851971395,True,True,bear,0.02346707040121121,-0.04788732394366202,2024-09-13,259960,크래프톤,0.6897810218978102,0.843065693430657,0.9051094890510949,2024-09-19,341500.0,0.010355029585798814,-0.011320644216691097,0.0006359190186036034,-0.0119565632352947,2024-09-25,339000.0,-0.021569546120058566,-0.009619720426875089,-0.011949825693183477,2024-10-04,335500.0,0.00039238653001461357,0.003950406024658237,-0.0035580194946436237,2024-10-21,343000.0,-0.14016398243045392,-0.04840692650703171,-0.0917570559234222,2024-11-18,295000.0,0.0033206442166910967,-0.04073735773720755,0.04405800195389864,2024-12-16,344000.0,-0.08199121522693997,0.03660322108345526,v6
785,347000,34042481301.4,0.027152571607623188,0.2580172308185773,0.4812327540564949,0.048731504028064254,True,True,mixed,0.030285035629453727,-0.022535211267605604,2024-10-24,259960,크래프톤,0.6181818181818182,0.88,0.9236363636363636,2024-10-25,346000.0,-0.0028818443804035088,-0.04735260115606932,-0.015896421091536217,-0.0314561800645331,2024-10-31,331000.0,0.010450867052023142,-0.01263166810397931,0.023082535156002452,2024-11-07,351000.0,-0.11671676300578038,-0.04497120241468522,-0.07174556059109516,2024-11-21,307000.0,-0.07769942196531787,-0.06218045460145383,-0.015518967363864045,2024-12-19,320500.0,-0.0011098265895954605,-0.030572409757299468,0.029462583167704007,2025-01-21,347000.0,-0.18786127167630062,0.01878612716762995,v6
1262,61700,17325032430.0,0.12233567303868254,0.26852346601616583,0.3187975655213666,0.0026922206249950786,True,True,bear,0.0006487187804087302,-0.06515151515151518,2022-06-28,267250,HD현대,0.8652694610778443,0.8682634730538922,0.8263473053892215,2022-06-29,59900.0,-0.02917341977309562,-0.08914190317195325,-0.018985379749486664,-0.07015652342246659,2022-07-05,54800.0,-0.14590317195325542,-0.029047798584055817,-0.1168553733691996,2022-07-12,51400.0,-0.09248080133555925,0.010833228603745138,-0.10331402993930439,2022-07-26,54600.0,0.03439732888146918,0.025281722592266798,0.009115606289202383,2022-08-24,62200.0,-0.01568614357262099,-0.0406769720581458,0.02499082848552481,2022-09-23,59200.0,-0.167779632721202,0.015025041736226985,v6
2062,156700,26637768465.0,0.06359638803005718,0.0573572286806463,0.7971152144788745,0.01836710987356427,True,True,bull,0.020813654278362348,-0.04857316332726169,2025-10-01,267250,HD현대,0.8827586206896552,0.7620689655172413,0.9310344827586207,2025-10-02,159500.0,0.01786853860880666,-0.020300940438871425,0.03738498020127756,-0.05768592064014899,2025-10-15,156900.0,0.12891536050156738,0.1016031859491473,0.027312174552420077,2025-10-22,180700.0,0.2687272727272727,0.13585100468588673,0.13287626804138597,2025-11-05,203000.0,0.25305329153605016,0.14489374496522456,0.1081595465708256,2025-12-03,200500.0,0.19349216300940442,0.2643725109772288,-0.07088034796782439,2026-01-05,191000.0,-0.06520376175548592,0.48589341692789967,v6
1277,24300,14851270435.0,0.15393133575752305,0.20616423819397556,0.4084068396059125,0.0305705993621308,True,True,bear,0.01663005961719488,-0.0864661654135338,2022-07-19,267260,HD현대일렉트릭,0.9003322259136213,0.9136212624584718,0.893687707641196,2022-07-20,24400.0,0.004115226337448652,-0.020393442622950838,0.002771901973577684,-0.023165344596528522,2022-07-26,24000.0,0.11075409836065564,0.013851198317742286,0.09690290004291335,2022-08-02,27200.0,0.20091803278688514,0.045788329752440404,0.15512970303444473,2022-08-17,29400.0,0.30747540983606547,-0.009770227196223114,0.3172456370322886,2022-09-16,32000.0,0.3730491803278688,-0.06497138748862363,0.43802056781649246,2022-10-18,33600.0,-0.06352459016393441,0.2561475409836065,v6
1343,33100,11565559770.0,0.1304641690172328,0.44787622523145376,0.6801734869720686,0.01610081664255225,True,True,bear,0.028828968839847757,-0.07412587412587412,2022-10-26,267260,HD현대일렉트릭,0.9180327868852459,0.9508196721311475,0.9672131147540983,2022-10-27,33150.0,0.0015105740181269312,0.10610558069381604,0.03124351851443241,0.07486206217938363,2022-11-02,36800.0,0.14833785822021106,0.06987427572846361,0.07846358249174745,2022-11-09,38200.0,0.3097254901960784,0.06705000286840224,0.2426754873276762,2022-11-23,43550.0,0.29464253393665163,0.02774848085010606,0.26689405308654557,2022-12-21,43050.0,0.11515535444947211,0.050426509331132685,0.06472884511833943,2023-01-19,37100.0,-0.02413273001508298,0.3227752639517345,v6
1376,41100,13591318672.5,0.11839477730133763,0.26123514204411025,1.0472345519584576,0.10413444578201791,True,True,mixed,0.00568911726922372,-0.07432432432432434,2022-12-12,267260,HD현대일렉트릭,0.7763975155279503,0.9285714285714286,0.9782608695652174,2022-12-13,41150.0,0.0012165450121655041,0.02516160388821387,-0.013785874509968377,0.038947478398182245,2022-12-19,42350.0,-0.0076452004860266785,-0.028473197626884272,0.020827997140857594,2022-12-26,41000.0,-0.09756014580801942,-0.014146453952747384,-0.08341369185527203,2023-01-10,37300.0,-0.05381773997569872,0.04044778935452076,-0.09426552933021948,2023-02-09,39100.0,-0.023441069258809285,0.003999916144315607,-0.027440985403124892,2023-03-10,40350.0,-0.1251518833535844,0.07776427703523692,v6
1862,368500,119137426275.0,0.10983400642441754,0.4237283704427549,0.4496831659047068,0.08928004874652418,True,True,bear,0.013128050037803263,-0.1088270858524788,2024-12-05,267260,HD현대일렉트릭,0.8637992831541219,0.956989247311828,0.931899641577061,2024-12-06,364000.0,-0.012211668928086894,0.027593406593406703,0.012449012889541589,0.015144393703865115,2024-12-12,375500.0,0.012483516483516425,-0.006391744167074553,0.01887526065059098,2024-12-19,370000.0,0.09078021978021988,0.016519823788546217,0.07426039599167367,2025-01-07,398500.0,0.03583516483516491,0.028418175885136288,0.007416988950028625,2025-02-10,378500.0,-0.09740659340659341,0.035079131995431556,-0.13248572540202497,2025-03-11,330000.0,-0.05906593406593408,0.13049450549450547,v6
1528,83300,20295377785.0,0.1231538255050646,0.38512629823124334,0.38873989730147707,0.014645323573114322,True,True,bull,6.002761270185175e-05,-0.08461538461538465,2023-07-24,267270,HD건설기계,0.8452380952380952,0.8928571428571429,0.8125,2023-07-25,84500.0,0.014405762304922076,-0.03713609467455625,-0.004074375319197188,-0.033061719355359065,2023-07-31,81700.0,-0.10577514792899412,-0.023697202413603957,-0.08207794551539016,2023-08-07,75900.0,-0.1732307692307692,-0.048275862068965614,-0.12495490716180357,2023-08-22,70200.0,-0.06908875739644971,-0.03183082073883514,-0.037257936657614565,2023-09-19,79000.0,-0.30932544378698223,-0.09829950630828299,-0.21102593747869924,2023-10-24,58700.0,-0.20946745562130176,0.10059171597633143,v6
1907,120800,17593527062.5,0.09006241800021286,0.24741951217558478,0.2656472041356114,0.01901179441438594,True,True,bear,0.03040900754894027,-0.021862348178137703,2025-04-16,271560,오리온,0.7659574468085106,0.8333333333333334,0.7801418439716312,2025-04-17,121800.0,0.008278145695364225,-0.012210180623973717,0.030126034996125206,-0.04233621562009893,2025-04-23,120800.0,0.007494252873563315,0.042790716645592974,-0.03529646377202966,2025-04-30,123200.0,-0.0007159277504105131,0.06188359097768914,-0.06259951872809966,2025-05-19,122200.0,-0.12633169129720856,0.21229758942774413,-0.3386292807249527,2025-06-18,106900.0,-0.06803940886699511,0.2996614593955216,-0.3677008682625167,2025-07-16,114000.0,-0.02791461412151064,0.0451559934318555,v6
887,14770,7383370889.5,0.027903901196745684,0.104041935944168,0.2052711596690271,0.03313323001206481,True,True,bull,0.03034530868503671,-0.059235668789808904,2023-06-16,272210,한화시스템,0.6715976331360947,0.650887573964497,0.742603550295858,2023-06-19,14800.0,0.0020311442112390665,-0.049945945945945924,-0.01831890789363122,-0.031627038052314704,2023-06-23,14120.0,-0.017513513513513487,-0.02054192799248289,0.0030284144789694024,2023-06-30,14600.0,0.16491891891891886,0.003911293094887247,0.1610076258240316,2023-07-14,17300.0,-0.028324324324324298,-0.010236587396774577,-0.01808773692754972,2023-08-11,14440.0,-0.08845945945945943,-0.02336844839308494,-0.0650910110663745,2023-09-11,13550.0,-0.07567567567567568,0.19729729729729728,v6
316,20066,4830567732.5,0.10953718537198354,0.1766973093098123,0.156761931296298,0.03284033006071363,True,True,mixed,0.031069273200471814,-0.027291676765718198,2019-03-29,272450,진에어,0.8475836431226765,0.8252788104089219,0.7434944237918215,2019-04-01,20542.0,0.023721718329512642,-0.008186544640249257,0.026145794149472268,-0.03433233878972153,2019-04-05,20456.0,0.10596981793398896,0.03721712154775658,0.06875269638623238,2019-04-12,22801.0,0.04044552623892517,0.012074434243095622,0.028371091995829545,2019-04-26,21455.0,-0.13928380878200763,-0.04852064960456226,-0.09076315917744537,2019-05-28,17763.0,-0.11810768182260734,-0.014610065434145558,-0.10349761638846178,2019-06-26,18198.0,-0.03173985006328495,0.32134164151494504,v6
776,16561,7508103132.5,0.0653874830236767,0.43418303537230085,0.6773400210992508,0.015924072043017823,True,True,bull,0.02910015100014296,-0.07794666221257174,2021-02-05,272450,진에어,0.6652542372881356,0.9110169491525424,0.9110169491525424,2021-02-08,16368.0,-0.01165388563492542,0.08745894428152501,0.01593638293567312,0.07152256134585189,2021-02-16,17865.0,0.2260830889540566,-0.01398367821481683,0.24006676716887343,2021-02-23,20134.0,0.17592424242424243,-0.049944919595456216,0.22586916201969864,2021-03-10,19313.0,0.13761779081133918,0.0076373878720334964,0.12998040293930568,2021-04-07,18686.0,0.2231505376344085,0.020911283614302167,0.20223925402010634,2021-05-06,20086.0,-0.005926197458455573,0.3451246334310851,v6
1504,132100,2880302285.0,0.022130692466216795,0.21553118664367477,0.24306465711678538,0.062048337301856105,True,True,mixed,0.036810297464877184,-0.021481481481481435,2023-12-06,280360,롯데웰푸드,0.5339805825242718,0.883495145631068,0.8284789644012945,2023-12-07,132100.0,0.0,-0.007028009084027228,0.007027282864179307,-0.014055291948206535,2023-12-13,131700.0,-0.03579409538228617,0.048597351131504984,-0.08439144651379116,2023-12-20,127900.0,-0.038065102195306566,0.029954194309184556,-0.06801929650449112,2024-01-08,127600.0,-0.018383043149129415,0.03937604787536997,-0.05775909102449939,2024-02-05,130200.0,-0.056233156699470155,0.061962023793288745,-0.1181951804927589,2024-03-07,125200.0,-0.08554125662376988,0.012112036336108911,v6
467,19850,2419187970.0,0.09651048311019617,0.17020594953098378,0.11411478288466137,0.01607193712132604,True,True,bull,0.035337071326118075,-0.03170731707317076,2019-11-04,281820,케이씨텍,0.8340425531914893,0.7872340425531915,0.7872340425531915,2019-11-05,19950.0,0.005037783375314797,-0.08921303258145363,-0.004485250695987042,-0.08472778188546659,2019-11-11,18250.0,-0.06415037593984962,0.012668372655437299,-0.07681874859528692,2019-11-18,18750.0,-0.1067568922305765,-0.01956262947236198,-0.08719426275821451,2019-12-02,17900.0,0.15138847117794496,0.019454833478623756,0.1319336376993212,2020-01-02,23050.0,0.046125313283208014,-0.006927064293279939,0.05305237757648795,2020-02-03,20950.0,-0.15538847117794485,0.0025062656641603454,v6
1492,27100,2993296635.0,0.003927747625550149,0.2141768486588047,0.2164824393956717,0.02438087739694783,True,True,bull,0.032282639748595354,-0.04240282685512364,2023-12-27,281820,케이씨텍,0.6357827476038339,0.9105431309904153,0.8594249201277955,2023-12-28,27100.0,0.0,0.1288413284132841,-0.014597117270006565,0.14343844568329067,2024-01-05,30700.0,0.09194095940959413,-0.0348664319814086,0.12680739139100272,2024-01-12,29700.0,0.1565166051660516,-0.05263600469370522,0.2091526098597568,2024-01-26,31450.0,0.4424944649446494,0.003355922744976647,0.43913854219967274,2024-02-27,39200.0,0.514450184501845,0.053067917302113354,0.46138226719973163,2024-03-27,41150.0,-0.027675276752767486,0.25276752767527677,v6
1959,40650,8121893853.75,0.11372154446325378,0.05761438451638745,0.18450838218257326,0.07782393539936816,True,True,mixed,0.007559796753005221,-0.11917659804983749,2025-12-01,281820,케이씨텍,0.6491803278688525,0.8065573770491803,0.8590163934426229,2025-12-02,41500.0,0.02091020910209096,-0.07387951807228921,0.05477407218418473,-0.12865359025647394,2025-12-08,38600.0,-0.12809638554216873,0.03846065969551349,-0.16655704523768222,2025-12-15,36350.0,-0.048578313253012095,0.06983338791446747,-0.11841170116747957,2025-12-30,39650.0,0.04901204819277116,0.3254964979221089,-0.2764844497293377,2026-01-29,43700.0,-0.05339759036144576,0.29307530419462346,-0.3464728945560692,2026-03-04,39450.0,-0.1542168674698795,0.004819277108433662,v6
1096,194000,9440794925.0,0.09097015511152573,0.1980008848327265,0.4156557056725003,0.040905509119424366,True,True,bear,0.03191489361702127,-0.0490196078431373,2022-05-25,282330,BGF리테일,0.8465608465608465,0.7804232804232805,0.8412698412698413,2022-05-26,192000.0,-0.010309278350515427,-0.048270833333333374,0.01604897229259561,-0.06431980562592898,2022-06-02,183500.0,-0.0743125,-0.008070340352848038,-0.06624215964715197,2022-06-10,178500.0,-0.09514583333333337,-0.0956786231510246,0.000532789817691226,2022-06-24,174500.0,-0.050875000000000004,-0.08553720113565577,0.03466220113565577,2022-07-22,183000.0,-0.1211875,-0.05903346974959778,-0.062154030250402226,2022-08-22,169500.0,-0.12239583333333337,0.01822916666666674,v6
1382,15300,4563964738.5,0.07529305995413116,0.40324158026735835,0.5233837014474063,0.053517630416028306,True,True,mixed,0.03721781574130567,-0.051456912585244874,2024-01-19,294870,IPARK현대산업개발,0.7258566978193146,0.9252336448598131,0.9376947040498442,2024-01-22,15300.0,0.0,0.14175163398692803,-0.004422450463333116,0.14617408445026114,2024-01-26,17530.0,0.15743790849673212,0.05050671401085327,0.10693119448587884,2024-02-02,17770.0,0.24240522875816994,0.06756990162959853,0.17483532712857142,2024-02-20,19070.0,0.17312418300653598,0.08056411348144454,0.09256006952509144,2024-03-20,18010.0,0.03521568627450988,0.058295207606132715,-0.023079521331622832,2024-04-18,15900.0,-0.0209150326797386,0.26078431372549016,v6
1706,25650,5823747255.0,0.1078175942641062,0.3866461627503929,0.3438063606809314,0.04604286250121126,True,True,bull,0.03699211643420264,-0.020992366412213692,2025-05-23,294870,IPARK현대산업개발,0.7083333333333334,0.8923611111111112,0.7569444444444444,2025-05-26,25750.0,0.003898635477582957,-0.09526213592233013,0.03818430218014601,-0.13344643810247614,2025-05-30,23400.0,0.044543689320388324,0.1052165714175759,-0.060672882097187575,2025-06-10,27000.0,-0.0467184466019418,0.19441975023571745,-0.24113819683765925,2025-06-24,24650.0,-0.09332038834951462,0.21993496122688527,-0.3132553495763999,2025-07-22,23450.0,-0.20594174757281558,0.20459889549539167,-0.41054064306820726,2025-08-20,20550.0,-0.11844660194174761,0.08155339805825235,v6
257,327000,3421047700.0,0.03716544174313885,0.2337243566523557,0.12590678452430737,0.03804823568474758,True,True,bear,0.0067733990147782475,-0.05217391304347829,2019-07-31,298000,효성화학,0.8042553191489362,0.9106382978723404,0.7659574468085106,2019-08-01,325000.0,-0.006116207951070374,-0.050153846153846104,-0.052295430973306356,0.0021415848194602516,2019-08-07,310000.0,-0.050153846153846104,-0.03807274116788828,-0.012081104985957825,2019-08-14,310000.0,-0.0778461538461539,-0.040534169689691146,-0.03731198415646275,2019-08-29,301000.0,0.03600000000000003,0.02380042578743402,0.012199574212566011,2019-09-30,338000.0,0.014461538461538529,0.03234594980869354,-0.017884411347155012,2019-10-30,331000.0,-0.08307692307692305,0.036923076923076836,v6
650,447500,51329051600.0,0.053977919729559676,1.2460383458568072,2.985064576048816,0.09492756223619425,True,True,mixed,0.03882537287447052,-0.11033797216699803,2021-03-08,298020,효성티앤씨,0.5837004405286343,0.9933920704845814,0.9955947136563876,2021-03-09,457500.0,0.022346368715083775,0.11949726775956293,0.018645734391095514,0.10085153336846742,2021-03-15,514000.0,0.18725683060109288,0.015217594884212593,0.1720392357168803,2021-03-22,545000.0,0.2003715846994536,0.043769816318612875,0.15660176838084072,2021-04-05,551000.0,0.6134863387978142,0.045900279602402616,0.5675860591954116,2021-05-03,740000.0,0.5719562841530055,0.07835221875877929,0.4936040653942262,2021-06-02,721000.0,-0.07322404371584701,0.3704918032786886,v6
751,916000,46121646000.0,0.03891353207595283,0.2384251664299024,0.9898550825520658,0.05654267736983698,True,True,mixed,0.034619077201106796,-0.04880581516095539,2021-07-29,298020,효성티앤씨,0.6859122401847575,0.8175519630484989,0.9330254041570438,2021-07-30,915000.0,-0.0010917030567685337,-0.04880874316939887,0.012911324307361305,-0.061720067476760176,2021-08-05,874000.0,-0.11984699453551917,-0.008035567977689562,-0.11181142655782961,2021-08-12,809000.0,-0.1591912568306011,-0.03106323642625919,-0.1281280204043419,2021-08-27,773000.0,-0.2684808743169399,-0.05382810253619719,-0.2146527717807427,2021-09-29,673000.0,-0.3515409836065574,-0.08152746902797148,-0.2700135145785859,2021-10-29,597000.0,-0.2174863387978142,0.008743169398907069,v6
1427,312000,52786749075.0,0.12014159425996729,0.7321598081845706,0.565454585045003,0.1020449614470782,True,True,mixed,0.032599702134701314,-0.12605042016806722,2024-04-29,298040,효성중공업,0.7931034482758621,0.9724137931034482,0.9310344827586207,2024-04-30,316500.0,0.014423076923076872,-0.040334913112164306,0.019244621679625373,-0.05957953479178968,2024-05-08,305000.0,-0.010319115323854652,0.0221964785646922,-0.032515593888546857,2024-05-16,314500.0,0.359349131121643,-0.021453873059014805,0.3808030041806578,2024-05-30,431500.0,0.08920695102685627,0.0388382679469188,0.05036868307993747,2024-06-28,346000.0,0.057611374407583016,0.014361990479797582,0.043249383927785434,2024-07-26,336000.0,-0.09320695102685628,0.4818325434439179,v6
1747,1244000,92981293830.0,0.10145681909440296,0.8921488729589397,1.5067451301632455,0.04619662754198095,True,True,mixed,0.02500720965682035,-0.08259587020648973,2025-08-25,298040,효성중공업,0.8741496598639455,0.9965986394557823,0.9863945578231292,2025-08-26,1234000.0,-0.008038585209003246,-0.018586709886547866,-0.017809820245506258,-0.000776889641041608,2025-09-01,1216000.0,-0.028311183144246407,0.006147028675716815,-0.034458211819963225,2025-09-08,1204000.0,0.1370048622366289,0.08398022450561271,0.05302463773101618,2025-09-22,1408000.0,0.5519157212317667,0.26341596039900983,0.28849976083275686,2025-10-27,1920000.0,0.5381393841166937,0.20192379809495242,0.3362155860217413,2025-11-24,1903000.0,-0.03970826580226905,0.17423014586709895,v6
1775,1412000,83706806950.0,0.05906684196549117,0.3647692851614577,2.1441300282302107,0.020642339709908253,True,True,bull,0.03693912021737544,-0.057409879839786404,2025-10-02,298040,효성중공업,0.8907849829351536,0.9522184300341296,0.9897610921501706,2025-10-10,1436000.0,0.016997167138810276,0.11995543175487455,0.04176081331587955,0.078194618438995,2025-10-16,1614000.0,0.28499721448467974,0.0687722165247866,0.21622499795989314,2025-10-23,1851000.0,0.5663342618384402,0.11904583239534072,0.44728842944309943,2025-11-06,2255000.0,0.2829080779944291,0.11961835519203134,0.16328972280239773,2025-12-04,1848000.0,0.2808189415041782,0.257738090275172,0.02308085122900616,2026-01-06,1845000.0,-0.005571030640668551,0.7291086350974931,v6
1927,4007000,266668940410.0,0.07650764500652585,0.13826083380503373,0.06516831391137856,0.02162318340384317,True,True,bull,0.004676119197161821,-0.15499789118515395,2026-05-22,298040,효성중공업,0.9007633587786259,0.8753180661577609,0.8498727735368957,2026-05-26,4080000.0,0.01821811829298725,-0.0699313725490196,0.08889579985404361,-0.1588271724030632,2026-06-01,3811000.0,-0.1542450980392157,0.0032239239441402834,-0.157469021983356,2026-06-09,3467000.0,-0.11772549019607847,0.01647026171769972,-0.1341957519137782,2026-06-23,3616000.0,-0.3473823529411765,-0.15775296713753473,-0.18962938580364175,2026-07-22,2679000.0,-0.30375490196078436,-0.15095323823459805,-0.1528016637261863,2026-08-20,2857000.0,-0.2683823529411765,0.021813725490196,v6
1154,423500,12108207375.0,0.06482965067030566,0.20431235960773564,0.11815186007110978,0.020426234659958187,True,True,mixed,0.008573469873779382,-0.06512141280353201,2023-03-20,298050,HS효성첨단소재,0.7541528239202658,0.8338870431893688,0.7308970099667774,2023-03-21,425500.0,0.0047225501770955525,-0.022801410105757976,0.005290961135637096,-0.028092371241395072,2023-03-27,417500.0,-0.0016498237367803502,0.0316289317098819,-0.033278755446662256,2023-04-03,426500.0,0.030077555816686145,0.07484540212139157,-0.04476784630470543,2023-04-17,440000.0,-0.020451233842538215,0.040942358566933956,-0.061393592409472175,2023-05-17,418500.0,0.09940775558166859,0.09565874135211594,0.0037490142295526496,2023-06-16,469500.0,-0.05757931844888364,0.034077555816686145,v6
666,15400,3175409025.0,0.10375629972441303,0.3234531500580031,0.5570713174602466,0.013249244358050971,True,True,bull,0.006700441248570055,-0.11747851002865328,2021-04-21,300720,한일시멘트,0.7278350515463917,0.8092783505154639,0.8474226804123711,2021-04-22,15450.0,0.0032467532467532756,-0.016944983818770184,0.002189307359852677,-0.01913429117862286,2021-04-28,15250.0,-0.042834951456310666,0.0013293348285723372,-0.044164286284883,2021-05-06,14850.0,0.06719741100323628,-0.005701649383213825,0.07289906038645011,2021-05-21,16550.0,0.021889967637540367,0.029424920932928478,-0.00753495329538811,2021-06-18,15850.0,0.10603236245954695,0.032253695046810194,0.07377866741273675,2021-07-16,17150.0,-0.09061488673139162,0.15857605177993528,v6
698,17050,2117781375.0,0.05945861631353755,0.39393316270041234,0.4259392090181542,0.021976969926273737,True,True,bull,0.035529911934406355,-0.04748603351955305,2021-06-08,300720,한일시멘트,0.6817248459958932,0.8542094455852156,0.7761806981519507,2021-06-09,17200.0,0.008797653958944274,-0.03888372093023251,0.004175551912433573,-0.043059272842666085,2021-06-15,16600.0,-0.07667441860465118,0.005793385679243812,-0.082467804283895,2021-06-22,15950.0,-0.05632558139534882,0.01852958940919791,-0.07485517080454673,2021-07-06,16300.0,-0.009813953488372103,-0.002446780973042295,-0.007367172515329808,2021-08-03,17100.0,0.3419302325581395,-0.01172852441234118,0.35365875697048066,2021-09-01,23150.0,-0.10180232558139535,0.008720930232558155,v6
841,22150,9596388232.5,0.039433367336739966,0.3732326937387951,0.48190122425332504,0.07895127059603957,True,True,mixed,0.02109023856171488,-0.057446808510638325,2022-01-04,300720,한일시멘트,0.6328358208955224,0.9283582089552239,0.8925373134328358,2022-01-05,22400.0,0.011286681715575675,-0.012928571428571397,-0.01899096864998917,0.006062397221417774,2022-01-11,22200.0,-0.1423928571428571,-0.04015013153264868,-0.10224272561020842,2022-01-18,19300.0,-0.144625,-0.07834654245069617,-0.06627845754930384,2022-02-04,19250.0,-0.1557857142857143,-0.11150617449439526,-0.044279539791319045,2022-03-07,19000.0,-0.0441785714285714,-0.07535061409828936,0.03117204266971796,2022-04-05,21500.0,-0.2120535714285714,0.1964285714285714,v6
1481,14540,2772176746.0,0.18477689338330383,0.08734026099378911,0.17197635877066209,0.06465826206199199,True,True,bear,0.03542816450062314,-0.13862559241706163,2024-08-09,300720,한일시멘트,0.8501628664495114,0.6807817589576547,0.7068403908794788,2024-08-12,14540.0,0.0,-0.013628610729023435,0.02774618009653529,-0.04137479082555873,2024-08-19,14400.0,0.05170839064649235,0.03683478341070501,0.014873607235787345,2024-08-26,15350.0,-0.02807152682255842,-0.025451932240907582,-0.002619594581650838,2024-09-09,14190.0,-0.059020632737276535,0.012024625695576052,-0.07104525843285259,2024-10-15,13740.0,-0.0748390646492435,-0.04595797337596441,-0.02888109127327909,2024-11-12,13510.0,-0.050894085281980694,0.079779917469051,v6
1581,15300,2476952620.0,0.059420879680547545,0.15821994841143916,0.2672199183852665,0.0061525795520140925,True,True,mixed,0.006578947368421018,-0.07997594708358391,2025-01-10,300720,한일시멘트,0.6823104693140795,0.7689530685920578,0.779783393501805,2025-01-13,15300.0,0.0,0.01037908496732021,0.006139983653290271,0.0042391013140299395,2025-01-17,15520.0,0.009071895424836555,0.011422761796543224,-0.002350866371706669,2025-01-24,15500.0,0.027372549019607954,0.029910491796742544,-0.0025379427771345907,2025-02-13,15780.0,0.06658823529411761,0.023208340808962724,0.04337989448515489,2025-03-14,16380.0,0.03652287581699354,-0.03007395889400566,0.0665968347109992,2025-04-11,15920.0,-0.04052287581699343,0.05882352941176472,v6
393,67500,16794722540.0,0.16946503982167638,0.6465458514874964,0.39312871281630013,0.08449752527984522,True,True,mixed,0.021489104116222846,-0.08783783783783783,2020-10-29,307950,현대오토에버,0.8771428571428571,0.9657142857142857,0.8085714285714286,2020-10-30,67600.0,0.001481481481481417,-0.038023668639053265,0.04062408387797678,-0.07864775251703005,2020-11-05,65300.0,0.11730177514792905,0.06728000137957202,0.050021773768357036,2020-11-12,75800.0,0.16020118343195255,0.13207246201865863,0.028128721413293922,2020-11-26,78700.0,0.7119763313609468,0.2100829467657661,0.5018933845951807,2020-12-24,116000.0,1.0152307692307692,0.35383865905602785,0.6613921101747413,2021-01-26,136500.0,-0.0650887573964497,0.319526627218935,v6
695,137000,26334314050.0,0.07625564361166393,0.15242853103145815,0.22461705601361637,0.0276733728295957,True,True,bear,0.013126271029765268,-0.07118644067796609,2022-01-17,307950,현대오토에버,0.6974789915966386,0.84593837535014,0.8291316526610645,2022-01-18,137500.0,0.0036496350364962904,-0.04036363636363638,-0.036902634719798044,-0.003461001643838335,2022-01-24,132500.0,-0.04763636363636359,-0.06594043422169171,0.018304070585328125,2022-02-03,131500.0,-0.17854545454545456,-0.05342913714478881,-0.12511631740066576,2022-02-17,113500.0,-0.13854545454545453,-0.07344997205913795,-0.06509548248631658,2022-03-21,119000.0,-0.022181818181818188,-0.07098013784158563,0.04879831965976744,2022-04-18,135000.0,-0.21818181818181814,0.050909090909091015,v6
1074,153000,23382931230.0,0.06817616418953865,0.22575285659579514,0.22908377486305898,0.07128066295642865,True,True,bull,0.039578732801087035,-0.04672897196261683,2023-07-31,307950,현대오토에버,0.7713414634146342,0.823170731707317,0.7317073170731707,2023-08-01,154000.0,0.006535947712418277,0.06418181818181812,-0.02406271508202429,0.0882445332638424,2023-08-07,164500.0,-0.00010389610389615819,-0.027783870455387882,0.027679974351491724,2023-08-14,154600.0,0.006389610389610393,-0.034859359991529226,0.041248970381139616,2023-08-29,155600.0,0.1537922077922078,-0.06858800305558299,0.2223802108477908,2023-09-26,178300.0,-0.1598441558441559,-0.13854118608045873,-0.021302969763697166,2023-10-31,130000.0,-0.056493506493506485,0.11363636363636354,v6
780,15450,34108684961.25,0.06627542530091612,0.18735002845124127,0.3996709738868204,0.03410130900973507,True,True,mixed,0.027260638297872397,-0.04037267080745344,2022-04-11,316140,우리금융지주,0.658974358974359,0.7333333333333333,0.9384615384615385,2022-04-12,15450.0,0.0,-0.016944983818770184,0.0071199661951184545,-0.02406495001388864,2022-04-18,15250.0,0.01865372168284796,-0.006372070586387557,0.025025792269235517,2022-04-25,15800.0,-0.03636245954692552,-0.029022089096803927,-0.007340370450121592,2022-05-10,14950.0,-0.03959870550161815,-0.018222476506729146,-0.021376228994889,2022-06-09,14900.0,-0.26289967637540457,-0.12710485870382215,-0.1357948176715824,2022-07-07,11450.0,-0.07119741100323629,0.058252427184465994,v6
989,12950,41705728881.75,0.011544392932517189,0.07146552063547618,0.08354434785564258,0.04407045535100762,True,True,bull,0.010928961748633892,-0.041450777202072575,2023-02-13,316140,우리금융지주,0.5928338762214984,0.6514657980456026,0.7231270358306189,2023-02-14,12900.0,-0.0038610038610038533,-0.043534883720930284,-0.0065592211481266816,-0.0369756625728036,2023-02-20,12390.0,-0.062139534883720926,-0.027794750195239026,-0.0343447846884819,2023-02-27,12150.0,-0.1505116279069767,-0.049511801337741246,-0.10099982656923545,2023-03-14,11010.0,-0.1272558139534884,0.03096713105898452,-0.15822294501247292,2023-04-11,11310.0,-0.08772093023255811,0.007959276988504183,-0.0956802072210623,2023-05-11,11820.0,-0.1472868217054264,0.0023255813953488857,v6
1412,16140,40494174169.6,0.03018770929591852,0.1045545629346305,0.18032475582514107,0.02708456263865222,True,True,bear,-0.006157635467980316,-0.056140350877192935,2024-11-06,316140,우리금융지주,0.6185185185185185,0.6185185185185185,0.7333333333333333,2024-11-07,16190.0,0.0030978934324659146,-0.008941321803582421,-0.0548053948999504,0.045864073096367974,2024-11-13,16110.0,0.02194193946880785,-0.029305146584390207,0.051247086053198054,2024-11-20,16610.0,0.028736256948733722,-0.03645741681428738,0.0651936737630211,2024-12-04,16720.0,-0.050942557134033395,-0.02682199098243021,-0.024120566151603184,2025-01-06,15430.0,-0.05341321803582455,-0.013807909339402347,-0.0396053086964222,2025-02-07,15390.0,-0.02285361334156888,0.06856084002470664,v6
224,7545,2050452211.0,0.025517277955463324,0.26390836813922336,0.7110831214025408,0.05003240595560787,True,True,mixed,-0.0010195029592066085,-0.1048760232530549,2020-09-29,317400,자이에스앤디,0.6212121212121212,0.7954545454545454,0.8661616161616161,2020-10-05,7554.0,0.0011928429423460063,0.013209425469949746,0.031400313230782295,-0.01819088776083255,2020-10-12,7684.0,-0.022533227429176624,0.0069468580378020395,-0.029480085466978664,2020-10-19,7414.0,0.020622716441620396,-0.013039840381026124,0.03366255682264652,2020-11-02,7740.0,0.15260577177654233,0.11190062431614844,0.04070514746039389,2020-11-30,8737.0,0.524991262907069,0.21023363583703425,0.31475762707003474,2020-12-29,11550.0,-0.07400052952078373,0.03574265289912626,v6
1039,108800,48737386330.0,0.06470733317105304,0.48793093250512776,0.18956055456347143,0.017940363311058416,True,True,bear,0.01209302325581385,-0.08953974895397487,2024-09-20,326030,SK바이오팜,0.6798561151079137,0.9568345323741008,0.7122302158273381,2024-09-23,111400.0,0.023897058823529438,-0.07581328545780974,0.02053172191475361,-0.09634500737256335,2024-09-27,103400.0,-0.02464631956912033,-0.0008126417790306206,-0.02383367779008971,2024-10-08,109100.0,0.0776876122082586,0.0012131855942876246,0.07647442661397097,2024-10-23,120500.0,-0.1251849192100538,-0.043975089255797184,-0.08120982995425663,2024-11-20,97900.0,-0.04978096947935373,-0.04315089332824951,-0.006630076151104225,2024-12-18,106300.0,-0.08527827648114905,0.16696588868940765,v6
1067,122500,54441590465.0,0.12362225768688084,0.4743673829213164,0.43267599618811614,0.03266529688803299,True,True,bear,0.027598355842630706,-0.05769230769230771,2024-11-04,326030,SK바이오팜,0.8863636363636364,0.9583333333333334,0.9166666666666666,2024-11-05,122200.0,-0.002448979591836764,-0.0743764320785597,-0.015010271414342635,-0.05936616066421707,2024-11-11,113600.0,-0.1758494271685761,-0.039362082918326546,-0.13648734425024955,2024-11-18,101200.0,-0.16357446808510634,-0.045038595617529764,-0.11853587246757658,2024-12-02,102700.0,-0.1152929623567921,-0.06664747260956161,-0.048645489747230486,2025-01-02,108600.0,-0.11692962356792147,-0.023721520169322607,-0.09320810339859886,2025-02-05,108400.0,-0.22831423895253677,0.014729950900163713,v6
507,41008,34925439015.0,0.15138476118992283,0.457461992939169,0.654508647861078,0.03450599437187263,True,True,mixed,0.028589201418674604,-0.07295128292076414,2021-11-05,336370,솔루스첨단소재,0.8871794871794871,0.9692307692307692,0.9333333333333333,2021-11-08,41392.0,0.009364026531408554,0.14622226517201398,0.001160061510238286,0.1450622036617757,2021-11-12,47610.0,0.3056975260919985,0.0019087058569615678,0.30378882023503695,2021-11-19,54211.0,0.10546559721685345,0.0010015647341299339,0.10446403248272351,2021-12-03,45923.0,0.01001236954000784,0.007894488358917595,0.0021178811810902455,2022-01-03,41972.0,-0.21817182064166984,-0.08684948876359022,-0.13132233187807962,2022-02-03,32527.0,-0.012804406648627809,0.44358813297255506,v6
397,69800,14293442830.0,0.11563816248946779,0.09047177890789615,0.6059208941321257,0.06659040910350611,True,True,bear,0.020393246107740737,-0.06809078771695598,2021-08-26,344820,KCC글라스,0.895,0.7225,0.8825,2021-08-27,69900.0,0.0014326647564470996,0.10186552217453504,0.019112470277156568,0.08275305189737847,2021-09-02,77300.0,0.10043490701001434,-0.0005102220910121469,0.10094512910102649,2021-09-09,77200.0,0.011736766809728131,-0.005894830070372059,0.01763159688010019,2021-09-28,71000.0,-0.12846351931330469,-0.03425226792114977,-0.09421125139215492,2021-10-28,61200.0,-0.18568812589413453,-0.04364805586129661,-0.14204007003283792,2021-11-25,57200.0,-0.01716738197424894,0.1716738197424892,v6
205,313500,74277730775.0,0.02318026530414674,0.22690063148565853,0.26053736474047273,0.07346546234731499,True,True,bull,0.03218371882459459,-0.06973293768545996,2021-08-10,352820,하이브,0.6822660098522167,0.8300492610837439,0.7241379310344828,2021-08-11,312500.0,-0.0031897926634768536,-0.06640000000000001,-0.023623337124771382,-0.04277666287522863,2021-08-18,293000.0,-0.09040000000000004,-0.02736944265862229,-0.06303055734137775,2021-08-25,285500.0,-0.10799999999999998,-0.02236845358785433,-0.08563154641214565,2021-09-08,280000.0,-0.12560000000000004,-0.08992816873547316,-0.03567183126452689,2021-10-13,274500.0,0.22799999999999998,-0.0943295336531329,0.3223295336531329,2021-11-10,385000.0,-0.14400000000000002,0.0016000000000000458,v6
529,96800,61069238425.0,0.07033600951393393,0.23817487698387696,0.652620099819647,0.0169780024807189,True,True,mixed,0.019430256437259708,-0.06833493743984598,2023-06-30,361610,SK아이이테크놀로지,0.6775147928994083,0.8106508875739645,0.9142011834319527,2023-07-03,97700.0,0.009297520661156966,-0.056200614124872095,-0.02099275831205505,-0.035207855812817046,2023-07-07,92600.0,-0.07667144319344932,0.018369632181146844,-0.09504107537459616,2023-07-14,90600.0,0.04205936540429889,0.01062811665743224,0.03143124874686665,2023-07-28,102200.0,-0.10533060388945747,-0.014522122213655009,-0.09080848167580247,2023-08-28,87800.0,-0.23736745138178095,-0.03298474557226372,-0.20438270580951723,2023-09-25,74900.0,-0.09825997952917098,0.22824974411463672,v6
162,181600,39243581350.0,0.05281045881309032,0.08517449023596912,0.6573670570323973,0.025498493163651492,True,True,bear,0.003980539584254705,-0.09018036072144286,2022-01-13,383220,F&F,0.5971830985915493,0.7915492957746478,0.9605633802816902,2022-01-14,180000.0,-0.008810572687224627,-0.005111111111111063,-0.02550712994577231,0.020396018834661248,2022-01-20,179800.0,-0.12955555555555553,-0.10999417894138441,-0.019561376614171122,2022-01-27,157400.0,-0.026222222222222254,-0.08887156566052001,0.06264934343829776,2022-02-15,176000.0,-0.21511111111111114,-0.08275434792229053,-0.13235676318882061,2022-03-17,142000.0,-0.19011111111111112,-0.07519718410544629,-0.11491392700566483,2022-04-14,146500.0,-0.1444444444444445,0.03333333333333344,v6
1268,77800,4977679312.5,0.2553193172632503,0.1468953999418714,-0.16218680535539765,0.008630652741452138,True,True,mixed,-0.0016681637366867674,-0.12584269662921344,2026-07-27,383220,F&F,0.6164874551971327,0.9139784946236559,0.7311827956989247,2026-07-28,76100.0,-0.02185089974293064,-0.19191064388961898,-0.02231468359928579,-0.1695959602903332,2026-08-03,61800.0,-0.11175295663600526,-0.015719649327294083,-0.09603330730871118,2026-08-10,67900.0,-0.17877003942181335,0.05350868010255816,-0.2322787195243715,2026-08-25,62800.0,-0.10781077529566363,0.09650217881433121,-0.20431295410999484,2026-09-22,68200.0,,,,,,-0.2128777923784494,0.08409986859395535,v6
602,80400,40278139918.9,0.07671389504646164,0.19217582098341568,0.5247079755648041,0.05471519230980748,True,True,mixed,0.02114688512097551,-0.07052023121387285,2024-05-10,402340,SK스퀘어,0.717687074829932,0.8231292517006803,0.9081632653061225,2024-05-13,80400.0,0.0,0.000975124378109541,0.0025372916057326833,-0.0015621672276231423,2024-05-20,80800.0,0.05072636815920406,-0.004464024568587299,0.05519039272779136,2024-05-27,84800.0,0.09177114427860689,-0.01092424685580562,0.1026953911344125,2024-06-11,88100.0,0.27958208955223873,0.048325533781807595,0.23125655577043114,2024-07-09,103200.0,-0.07862686567164179,-0.07789192746417073,-0.0007349382074710586,2024-08-06,74400.0,-0.07711442786069655,0.29104477611940305,v6
628,59200,32963415355.0,0.0635950512550818,0.01178060995117769,-0.03880719221662088,0.027223038246670495,True,True,bull,0.021658469238070577,-0.1482014388489209,2025-12-29,457190,이수스페셜티케미컬,0.8511326860841424,0.7669902912621359,0.7443365695792881,2025-12-30,58100.0,-0.01858108108108103,-0.005721170395869165,0.08520059612518649,-0.09092176652105566,2026-01-07,58000.0,0.02698106712564541,0.1262235469448585,-0.09924247981921308,2026-01-14,59900.0,0.8256041308089501,0.23298002980625943,0.5926241010026907,2026-01-28,106300.0,0.806671256454389,0.3810813710879284,0.4255898853664606,2026-03-03,105200.0,0.5330051635111877,0.20475946348733243,0.3282457000238552,2026-03-31,89300.0,-0.03958691910499135,0.9259896729776247,v6
153,56300,7732131740.0,0.10691051854568756,0.25916544769722205,1.514174527618601,0.022295882017016266,True,True,bull,-0.0227060280637863,-0.14523426350469137,2025-08-05,484870,엠앤씨솔루션,0.8473520249221184,0.881619937694704,0.9844236760124611,2025-08-06,55366.0,-0.016589698046181156,-0.08045486399595425,0.0024669553685348067,-0.08292181936448906,2025-08-12,51133.0,-0.13884810172307915,-0.016332187325191816,-0.12251591439788734,2025-08-20,47900.0,0.28438998663439663,0.0007416579197123685,0.28364832871468426,2025-09-03,71333.0,0.32352953075894963,0.08603546130494077,0.23749406945400886,2025-10-01,73500.0,0.04958884513961648,0.25843635883672844,-0.20884751369711196,2025-11-05,58333.0,-0.17940613372828085,0.3365603438933642,v6
